strategy,date,symbol,horizon_s,pnl_all,pnl_kept,pnl_filtered,score,all_clipped_turnover,kept_clipped_turnover,filtered_clipped_turnover,kept_trade_count,filtered_trade_count
task3_final_horizon_specific,2025-12-01,btcusdt,30,0.0258237172732453,0.1359083257927209,-1.4313468400922202,0.1100846085194756,23084398443.0136,21462941375.3817,1621457067.6318998,6321624,446243
task3_final_horizon_specific,2025-12-01,ethusdt,30,0.6900913885137601,0.9982113904182268,-3.5152071660952187,0.3081200019044667,17668497026.029182,16462312120.03309,1206184905.99609,9861206,613982
task3_final_horizon_specific,2025-12-02,btcusdt,30,0.0510315669818101,0.0856863713984785,-0.7283398212914705,0.0346548044166684,18647536756.4074,17853671958.2607,793864798.1466999,5115898,204466
task3_final_horizon_specific,2025-12-02,ethusdt,30,0.1882547218675244,0.2077951835052873,-0.3605236711400805,0.0195404616377628,13899909242.75878,13421989777.116558,477919465.64222,7908393,249617
task3_final_horizon_specific,2025-12-03,btcusdt,30,-0.0861875433727873,-0.056115343938435,-0.8333270488428162,0.0300721994343523,17083045254.2078,16422060942.4831,660984311.7247,5258823,176076
task3_final_horizon_specific,2025-12-03,ethusdt,30,-0.1777366175938894,-0.3591649274903369,4.320725227455688,-0.1814283098964475,15623047708.6988,15017378975.59293,605668733.10587,8442799,280434
task3_final_horizon_specific,2025-12-04,btcusdt,30,-0.277944484374133,-0.3191821474601619,1.1936350436988774,-0.0412376630860288,12734406440.3688,12387281113.2259,347125327.14290005,4065627,98275
task3_final_horizon_specific,2025-12-04,ethusdt,30,-0.0688506708782295,-0.0396966762110999,-0.8546371203441537,0.0291539946671296,14691893578.95238,14166300095.23901,525593483.71337,7519726,234176
task3_final_horizon_specific,2025-12-05,btcusdt,30,0.1090073701384897,0.0915887037635474,0.3948744221374735,-0.0174186663749423,14779615610.8184,13930775135.0617,848840475.7567,4318699,196567
task3_final_horizon_specific,2025-12-05,ethusdt,30,0.3413098518131935,0.3081635364702341,1.156978193007619,-0.0331463153429594,15472618635.1133,14868410999.78222,604207635.33108,8070996,298443
task3_final_horizon_specific,2025-12-06,btcusdt,30,-0.2934914452791037,-0.280711706961439,-1.7484489920677,0.0127797383176646,4779649451.4916,4738032555.9749,41616895.5167,1580467,11231
task3_final_horizon_specific,2025-12-06,ethusdt,30,-0.1640318197776641,-0.0640618821920286,-5.565030183202484,0.0999699375856355,4654730132.84645,4570139010.81196,84591122.03449,2836439,42837
task3_final_horizon_specific,2025-12-07,btcusdt,30,-0.0167270128561642,0.141989361658379,-2.2155402816419394,0.1587163745145432,10767751009.3826,10042831852.272,724919157.1106,3149253,189605
task3_final_horizon_specific,2025-12-07,ethusdt,30,-0.5155704052233445,-1.0674735862747362,7.175137547542441,-0.5519031810513917,11987217123.807867,11184585147.70499,802631976.10288,6129484,363854
task3_final_horizon_specific,2025-12-08,btcusdt,30,-0.1113216378413432,-0.0962315713303923,-0.7726934484274771,0.0150900665109509,12956057419.4553,12667042214.3143,289015205.141,3980570,73143
task3_final_horizon_specific,2025-12-08,ethusdt,30,-0.0776379805329861,0.0167004080063995,-3.824488180404083,0.0943383885393857,12595702562.06043,12286356052.54216,309346509.51827,7410346,157072
task3_final_horizon_specific,2025-12-09,btcusdt,30,-0.2822137362408394,-0.3723613806189968,1.1133126079350446,-0.0901476443781574,15254386612.9971,14328781783.0076,925604829.9895,4251420,228136
task3_final_horizon_specific,2025-12-09,ethusdt,30,-0.2860533408343006,-0.2624419069324667,-0.6256982461349492,0.0236114339018339,16713570877.23268,15627199267.31722,1086371609.91546,8414373,490219
task3_final_horizon_specific,2025-12-10,btcusdt,30,-0.1824572519165939,-0.1312074495019874,-1.6819076819653491,0.0512498024146065,13470706686.3873,13025507129.6904,445199556.6969,4114852,117033
task3_final_horizon_specific,2025-12-10,ethusdt,30,0.0069412134723234,0.4855245476700457,-8.611818589131289,0.4785833341977222,15128259323.7465,14332407976.94196,795851346.8045399,8984557,414133
task3_final_horizon_specific,2025-12-11,btcusdt,30,-0.282985807446621,-0.2315847672843421,-1.375829576482001,0.0514010401622788,15703317180.4207,14997902717.900398,705414462.5202999,4622202,183119
task3_final_horizon_specific,2025-12-11,ethusdt,30,-0.0553013759410477,0.1889950593079289,-4.893553011060317,0.2442964352489767,15498484303.572948,14753538183.10256,744946120.47039,8737974,361814
task3_final_horizon_specific,2025-12-12,btcusdt,30,-0.0930593607436245,-0.1630087523308722,1.0844196730458666,-0.0699493915872477,12201885610.1803,11517666413.8833,684219196.2969999,3584283,172047
task3_final_horizon_specific,2025-12-12,ethusdt,30,0.2745113520519178,0.3306503191724724,-0.5304204733456164,0.0561389671205545,13684952227.52412,12792738614.168749,892213613.35537,7592781,425124
task3_final_horizon_specific,2025-12-13,btcusdt,30,-0.0554000165621605,-0.0377579880368905,-4.125393340679383,0.01764202852527,2973507541.5984,2960674032.6517,12833508.9467,929333,3390
task3_final_horizon_specific,2025-12-13,ethusdt,30,0.0561709198197932,0.1193346203056646,-3.813745262900513,0.0631637004858713,4234057177.31861,4166059901.05424,67997276.26437,2421849,33933
task3_final_horizon_specific,2025-12-14,btcusdt,30,0.1742773462886321,0.4435870296388127,-5.296376868986961,0.2693096833501806,7442384029.8624,7093199588.6619005,349184441.2005,2235860,92965
task3_final_horizon_specific,2025-12-14,ethusdt,30,-0.3800341749717481,-0.1359911484329126,-8.839082014475066,0.2440430265388354,7670937482.59599,7455837028.23359,215100454.3624,4349475,102597
task3_final_horizon_specific,2025-12-15,btcusdt,30,0.0145915429291433,0.0976367813944681,-1.2291762695202673,0.0830452384653247,15548287461.9883,14575120037.1442,973167424.8441,4657496,276709
task3_final_horizon_specific,2025-12-15,ethusdt,30,0.1841088851768592,0.4253779094532603,-3.0580566736268326,0.2412690242764011,17235111128.16028,16041375937.786827,1193735190.3734498,9554807,573411
task3_final_horizon_specific,2025-12-16,btcusdt,30,-0.0339756813495719,0.0563224344176167,-3.072517690942515,0.0902981157671886,11776866870.928,11436987284.4108,339879586.5172,4121762,105670
task3_final_horizon_specific,2025-12-16,ethusdt,30,0.1164376713414285,0.3947332188678969,-7.358663950957114,0.2782955475264683,12641484717.50637,12187739238.7248,453745478.78157,8720437,258757
task3_final_horizon_specific,2025-12-17,btcusdt,30,-0.3648504154551116,-0.4571046121623854,0.7996555805121166,-0.0922541967072738,16966673510.7515,15721211691.8201,1245461818.9314,5425968,355963
task3_final_horizon_specific,2025-12-17,ethusdt,30,-0.1111034990904864,-0.1493056156465433,0.3397849173898089,-0.0382021165560568,16118590395.227629,14859591851.18495,1258998544.0426798,9782212,602433
task3_final_horizon_specific,2025-12-18,btcusdt,30,-0.0681220484228598,-0.038013803471257,-0.5421932927198482,0.0301082449516028,18342032717.479897,17246695787.389297,1095336930.0906,5768318,318483
task3_final_horizon_specific,2025-12-18,ethusdt,30,0.0824762195315126,0.0533527255475413,0.544025323005617,-0.0291234939839713,17090076952.006647,16075708601.55093,1014368350.45572,10955583,542589
task3_final_horizon_specific,2025-12-19,btcusdt,30,-0.3084824438076968,-0.3604231042269964,0.7457222594999181,-0.0519406604192996,14596045821.62,13910667313.2014,685378508.4186001,4829050,204734
task3_final_horizon_specific,2025-12-19,ethusdt,30,-0.3414354868533807,-0.3006795664315239,-1.6069932848065995,0.0407559204218568,13853683735.62835,13421460125.06934,432223610.55901,9545258,272234
task3_final_horizon_specific,2025-12-20,btcusdt,30,0.1974863870756255,0.392085221354331,-17.01388210387143,0.1945988342787055,2942997809.3007,2910095073.5737,32902735.727,916243,7624
task3_final_horizon_specific,2025-12-20,ethusdt,30,-0.1645439169382508,-0.1623041553721754,-1.96707553484212,0.0022397615660754,2854873447.02256,2851330485.35141,3542961.67115,1791785,2341
task3_final_horizon_specific,2025-12-21,btcusdt,30,0.2777100501481615,0.4225257447014753,-6.347986103276895,0.1448156945533137,5628290708.8631,5507906187.5074005,120384521.3557,1841831,33002
task3_final_horizon_specific,2025-12-21,ethusdt,30,0.0342186167223773,0.1045348709004068,-3.724241617842429,0.0703162541780294,5286766455.66963,5189673921.025801,97092534.64383,3310525,51171
task3_final_horizon_specific,2025-12-22,btcusdt,30,-0.190856230676697,-0.22133590532875,0.6389595246825197,-0.030479674652053,12779680336.4176,12326905062.6885,452775273.7291,4046643,130767
task3_final_horizon_specific,2025-12-22,ethusdt,30,-0.2581090509171903,-0.1836715881750981,-2.6184460730509937,0.0744374627420921,11498721524.86319,11147175350.70804,351546174.15515006,7412968,206074
task3_final_horizon_specific,2025-12-23,btcusdt,30,-0.1234514143708457,-0.1468248118145832,0.7286165894943744,-0.0233733974437374,10802373840.5243,10513961415.9658,288412424.55850005,3392104,83617
task3_final_horizon_specific,2025-12-23,ethusdt,30,-0.1513960974507896,-0.2072114078270026,1.654697023982986,-0.0558153103762129,11139674435.23058,10805735141.831532,333939293.39904994,6676198,170084
task3_final_horizon_specific,2025-12-24,btcusdt,30,-0.2663001184032859,-0.261899999054033,-0.428395757099253,0.0044001193492529,6644074082.4541,6468485711.487101,175588370.967,2214370,51116
task3_final_horizon_specific,2025-12-24,ethusdt,30,-0.0304976984433285,-0.017028287013727,-0.54805560702554,0.0134694114296015,7111685714.8468,6931299099.61736,180386615.22944,4370049,96881
task3_final_horizon_specific,2025-12-25,btcusdt,30,-0.1378484472592764,-0.1627027932278023,0.915509213118395,-0.0248543459685259,4820501259.8751,4709381734.8193,111119525.0558,1513532,31095
task3_final_horizon_specific,2025-12-25,ethusdt,30,0.0820960466645157,0.0845403289755615,-0.0163046960999813,0.0024442823110458,5111681956.52001,4987784979.186179,123896977.33383,2892486,66458
task3_final_horizon_specific,2025-12-26,btcusdt,30,-0.0949292027908492,-0.2601824202634361,2.9744591347051994,-0.1652532174725868,12087820359.9366,11470270881.0332,617549478.9034,3447812,159150
task3_final_horizon_specific,2025-12-26,ethusdt,30,0.1123307795996819,0.1157747417439782,0.0134128881706653,0.0034439621442962,9878474588.76572,9546113544.69049,332361044.07523,5402239,151483
task3_final_horizon_specific,2025-12-27,btcusdt,30,-0.1409882299761708,-0.1182407639077212,-1.73710656838093,0.0227474660684495,2257770615.0788,2226045588.6344004,31725026.4444,695355,7510
task3_final_horizon_specific,2025-12-27,ethusdt,30,-0.1678836281467627,-0.0574831318295919,-7.174556902535877,0.1104004963171707,2514802790.9086,2475793011.72114,39009779.18746,1333059,19345
task3_final_horizon_specific,2025-12-28,btcusdt,30,0.0396993070851516,0.078641943727104,-2.854604483612926,0.0389426366419523,3026182793.2062,2986006306.2157,40176486.9905,875925,10220
task3_final_horizon_specific,2025-12-28,ethusdt,30,-0.0479350704548433,0.012829144732666,-3.294660487323409,0.0607642151875093,3263751844.58501,3203791167.01224,59960677.57277,1855372,27021
task3_final_horizon_specific,2025-12-29,btcusdt,30,0.0490996159298983,0.0100569143942451,0.8117207517690255,-0.0390427015356531,15197169143.2177,14457035297.3547,740133845.8629999,3732495,171089
task3_final_horizon_specific,2025-12-29,ethusdt,30,0.1069538305199847,0.2272194732808776,-2.262752567700045,0.1202656427608929,13916224763.83084,13244071145.8457,672153617.9851401,6808565,294337
task3_final_horizon_specific,2025-12-30,btcusdt,30,0.011594522759027,-0.0177514642737795,0.8505339907694083,-0.0293459870328065,10115935315.4307,9774040717.4421,341894597.9886,2674230,77428
task3_final_horizon_specific,2025-12-30,ethusdt,30,-0.065589053348936,-0.0434562581533599,-0.9121371356572,0.022132795195576,8984404807.91572,8755494517.93772,228910289.978,4797457,99814
task3_final_horizon_specific,2025-12-31,btcusdt,30,0.0212684976117159,0.0029434797870508,0.7007394235828656,-0.018325017824665,7627351957.1762,7427047897.210001,200304059.9662,2065575,43945
task3_final_horizon_specific,2025-12-31,ethusdt,30,-0.2546179298165885,-0.3398368839100571,1.4557958339239891,-0.0852189540934685,6835255508.60377,6510861037.71918,324394470.88459,3459533,123342
task3_final_horizon_specific,2026-02-01,btcusdt,30,-0.3296051671913012,-0.3415618394402673,0.0329163295584459,-0.0119566722489661,13595179919.170898,13161100915.5967,434079003.5742,6562045,197470
task3_final_horizon_specific,2026-02-01,ethusdt,30,-0.2086894815485886,-0.1320226632261395,-1.7479643124001638,0.076666818322449,16428200726.07704,15648780329.87978,779420396.19726,14725707,617024
task3_final_horizon_specific,2026-02-02,btcusdt,30,-0.1449057603906293,-0.0998985241189359,-1.0303726367375667,0.0450072362716934,18795658671.019,17886508551.5085,909150119.5105,9976726,379270
task3_final_horizon_specific,2026-02-02,ethusdt,30,-0.003978070709771,0.1836952328851862,-5.1079006006812735,0.1876733035949573,20740413421.44527,20004827782.0363,735585639.4089701,20614233,607197
task3_final_horizon_specific,2026-02-03,btcusdt,30,-0.1110438179521694,-0.2285409970309909,1.97995730781277,-0.1174971790788215,21647930470.5929,20496210880.1316,1151719590.4613,8497748,406166
task3_final_horizon_specific,2026-02-03,ethusdt,30,-0.0832710861990156,0.1080890066656694,-3.9922587015836166,0.1913600928646851,22430362144.52658,21383554291.05364,1046807853.47294,17646351,651509
task3_final_horizon_specific,2026-02-04,btcusdt,30,-0.4157036612914518,-0.3474858470262401,-2.101528701307305,0.0682178142652117,20261582369.3745,19473573764.3283,788008605.0462,8845639,299813
task3_final_horizon_specific,2026-02-04,ethusdt,30,-0.2418901912890708,0.0423272570119351,-6.748806921844669,0.284217448301006,21471362473.96348,20572759134.20097,898603339.76251,18119280,640702
task3_final_horizon_specific,2026-02-05,btcusdt,30,-0.4839526016325294,-0.0032121078076914,-4.77377530411234,0.4807404938248379,41345673267.9503,37179175819.6508,4166497448.2995,17976454,1604538
task3_final_horizon_specific,2026-02-05,ethusdt,30,0.1333196861176145,0.4139322372227639,-4.066821992726179,0.2806125511051494,31813171056.23014,29820833465.12442,1992337591.10572,29441267,1423689
task3_final_horizon_specific,2026-02-06,btcusdt,30,-0.1273781379956412,-0.1601699215787436,0.3222961983526499,-0.0327917835831024,33209526120.3311,30952373652.1119,2257152468.2192,15348070,984825
task3_final_horizon_specific,2026-02-06,ethusdt,30,-0.1238816511091938,0.0202085548956175,-3.959969874845555,0.1440902060048114,23687209972.03989,22829686867.284912,857523104.7549801,23744285,729081
task3_final_horizon_specific,2026-02-07,btcusdt,30,-0.0287584167894765,0.2179687396585024,-4.811458120996676,0.246727156447979,16670369478.078102,15852575925.8069,817793552.2712001,8407025,377220
task3_final_horizon_specific,2026-02-07,ethusdt,30,4.020022610078704,2.4255296583833097,21.75325493267132,-1.5944929516953943,15930448628.87148,14616223199.04956,1314225429.82192,14096649,749511
task3_final_horizon_specific,2026-02-08,btcusdt,30,-0.2436227037310542,-0.1144759224030471,-4.449230742471621,0.1291467813280071,10523863339.0093,10210322404.4502,313540934.55910003,5613476,145261
task3_final_horizon_specific,2026-02-08,ethusdt,30,-0.1312915150963821,-0.1171209113641235,-0.6715628121023901,0.0141706037322585,8964650689.08348,8735529274.659409,229121414.42407,8235408,160600
task3_final_horizon_specific,2026-02-09,btcusdt,30,0.0167305520156153,0.0634192112884013,-1.600587408795189,0.0466886592727859,14444540571.67,14039255986.2825,405284585.3875,7805739,193021
task3_final_horizon_specific,2026-02-09,ethusdt,30,-0.1006931505639232,-0.2204880395546554,5.3361951736417,-0.1197948889907321,12016587057.782372,11757525013.50102,259062044.28135,11307786,212214
task3_final_horizon_specific,2026-02-10,btcusdt,30,-0.0277122083059332,-0.0517328454390907,0.9252851795195344,-0.0240206371331575,11978672848.0884,11684169219.2194,294503628.869,6109435,122717
task3_final_horizon_specific,2026-02-10,ethusdt,30,0.147776256536125,0.3151681032126077,-7.656321771951606,0.1673918466764827,10787941025.24146,10561407039.95995,226533985.28151,9631050,171419
task3_final_horizon_specific,2026-02-11,btcusdt,30,-0.0785772676609899,0.0349867162387882,-3.0799582934757472,0.1135639838997782,16151977409.7226,15563112149.8908,588865259.8318,8109987,251318
task3_final_horizon_specific,2026-02-11,ethusdt,30,0.1996129799992861,0.4017202596990775,-4.8446622277272375,0.2021072796997914,12930356053.61596,12432237760.904892,498118292.71106994,12292907,347011
task3_final_horizon_specific,2026-02-12,btcusdt,30,0.0219221448172425,0.0185994005065033,0.1920656820790491,-0.0033227443107392,12515544981.579498,12275809884.324,239735097.2555,6366918,113913
task3_final_horizon_specific,2026-02-12,ethusdt,30,0.2404951294828657,0.2598942631950957,-1.3647794396139972,0.0193991337122299,9751222703.30857,9634789924.98998,116432778.31859,10242564,102605
task3_final_horizon_specific,2026-02-13,btcusdt,30,0.0068697256171,0.0705325248118285,-1.5821520276939889,0.0636627991947284,11417508577.6459,10977696542.8685,439812034.7774,5329564,176851
task3_final_horizon_specific,2026-02-13,ethusdt,30,-0.00527802893445,-0.0225859939791696,0.6220365328659054,-0.0173079650447196,9007682487.84652,8765828306.30463,241854181.54189,8406119,173709
task3_final_horizon_specific,2026-02-14,btcusdt,30,0.0642772456633878,0.1516704896480666,-2.8135882939690897,0.0873932439846788,7247593690.386999,7033989829.8453,213603860.5417,3015623,85098
task3_final_horizon_specific,2026-02-14,ethusdt,30,0.0232252880602892,0.1597079837863876,-9.734559446001494,0.1364826957260984,5021980307.27981,4952706516.664711,69273790.6151,4260006,38598
task3_final_horizon_specific,2026-02-15,btcusdt,30,-0.2043581882723604,-0.1661686637344029,-1.1488035468650246,0.0381895245379575,9511380700.2625,9141726505.3236,369654194.9389,3998396,132674
task3_final_horizon_specific,2026-02-15,ethusdt,30,0.4431147925556904,0.6561609092950718,-6.428070521787995,0.2130461167393813,9995075265.984669,9694490510.58089,300584755.40378,8136153,203431
task3_final_horizon_specific,2026-02-16,btcusdt,30,-0.4259973832231328,-0.5825268666911235,5.806956062846162,-0.1565294834679907,9430790097.4375,9199754703.9751,231035393.4624,4203096,77982
task3_final_horizon_specific,2026-02-16,ethusdt,30,-0.0813135192846207,-0.157544700295842,3.662130704212988,-0.0762311810112212,7932571896.14237,7774257573.57309,158314322.56928,7305867,114419
task3_final_horizon_specific,2026-02-17,btcusdt,30,-0.1779782203891171,-0.2489980112943642,1.8214096325669888,-0.071019790905247,9532691575.8291,9205698114.1855,326993461.6436,4611354,124297
task3_final_horizon_specific,2026-02-17,ethusdt,30,-0.2973102426202342,-0.3872090092232195,5.725111343695962,-0.0898987666029853,8378675925.97901,8255444061.8062,123231864.17281,7833949,90006
task3_final_horizon_specific,2026-02-18,btcusdt,30,-0.2330937248144238,-0.2593439359669673,0.546580766619685,-0.0262502111525434,10392995082.2044,10054479195.3733,338515886.8311,4307518,107416
task3_final_horizon_specific,2026-02-18,ethusdt,30,-0.2385473253050399,-0.1876977648974594,-2.3723649815297336,0.0508495604075804,9242107841.84967,9026991728.320051,215116113.52962,7256684,146853
task3_final_horizon_specific,2026-02-19,btcusdt,30,-0.1487804281131374,-0.1596403877083547,0.7151149229185331,-0.0108599595952173,9225344261.709,9110812958.2496,114531303.4594,4194530,49071
task3_final_horizon_specific,2026-02-19,ethusdt,30,-0.208592809692821,-0.1344130742107272,-4.123392395713075,0.0741797354820938,7766193325.204,7621771877.97788,144421447.22612,6957308,101950
task3_final_horizon_specific,2026-02-20,btcusdt,30,-0.2460750954306874,-0.1600860164908714,-2.709201678863052,0.085989078939816,14131968246.2703,13655255890.2791,476712355.9912,5021877,142274
task3_final_horizon_specific,2026-02-20,ethusdt,30,-0.2378377073289172,-0.2597330883734051,2.126782418914284,-0.0218953810444878,8622461383.98692,8543353547.91074,79107836.07618001,7053535,50171
task3_final_horizon_specific,2026-02-21,btcusdt,30,0.0856181295961827,0.1264495453017575,-2.892246681017469,0.0408314157055747,5310957584.347099,5239120638.6384,71836945.7087,1825790,20838
task3_final_horizon_specific,2026-02-21,ethusdt,30,0.0630846144801256,0.1001634895364396,-5.133601936824456,0.0370788750563139,3621331786.57508,3595676278.9408298,25655507.63425,2733000,19416
task3_final_horizon_specific,2026-02-22,btcusdt,30,0.0763758724220189,0.0929859583716083,-1.4275191484109693,0.0166100859495893,5158888616.0429,5102532617.6746,56355998.368300006,1846906,16274
task3_final_horizon_specific,2026-02-22,ethusdt,30,0.0599138205114364,0.0232536819958502,9.842235983577742,-0.0366601385155861,3977471192.80571,3962620911.95262,14850280.85309,2892984,7240
task3_final_horizon_specific,2026-02-23,btcusdt,30,-0.0036369275611038,0.1294146155636364,-2.076752898072506,0.1330515431247402,16832583977.339298,15817429298.866802,1015154678.4725,6290915,335699
task3_final_horizon_specific,2026-02-23,ethusdt,30,-0.0820040297476508,0.0614777191350994,-3.251573391818569,0.1434817488827503,11789127333.5059,11278563339.48229,510563994.02361,8998631,338586
task3_final_horizon_specific,2026-02-24,btcusdt,30,-0.1461305700196986,0.0094720013153308,-5.819901017736808,0.1556025713350294,13298851195.783,12943866974.4778,354984221.3052,5632849,125594
task3_final_horizon_specific,2026-02-24,ethusdt,30,-0.1419755157617139,-0.1101067884621088,-1.453156968468163,0.0318687272996051,9550086888.23087,9323476505.938831,226610382.29204,8521627,128296
task3_final_horizon_specific,2026-02-25,btcusdt,30,-0.2940050246195755,-0.5529822646339058,4.178573311781898,-0.2589772400143302,18487630910.734497,17475727837.7725,1011903072.962,6651660,345166
task3_final_horizon_specific,2026-02-25,ethusdt,30,-0.3593289581936978,-0.7636372651854599,4.868475372187628,-0.4043083069917621,16054964920.23231,14902439020.33503,1152525899.89728,10572429,678624
task3_final_horizon_specific,2026-02-26,btcusdt,30,0.0002742223622223,0.0028132038723401,-0.1007101408969512,0.0025389815101178,11426027357.5474,11145796147.2869,280231210.26049995,5246613,90905
task3_final_horizon_specific,2026-02-26,ethusdt,30,-0.000936673289593,0.0747227361227545,-3.3455323830328374,0.0756594094123475,10308955542.65344,10080911300.091831,228044242.56161,8370406,159118
task3_final_horizon_specific,2026-02-27,btcusdt,30,-0.0309303801509636,0.0185319715416504,-1.412440746430515,0.049462351692614,12655338207.9051,12217899547.2188,437438660.6863,5248413,153817
task3_final_horizon_specific,2026-02-27,ethusdt,30,-0.1814438668743039,-0.1094681921727729,-2.3450944891951258,0.0719756747015309,10795183797.20362,10447634370.733889,347549426.46973,8552716,224065
task3_final_horizon_specific,2026-02-28,btcusdt,30,-0.6120420147402507,-0.7177821705154034,0.8980986973883863,-0.1057401557751527,15112081555.0137,14123175819.7865,988905735.2272,6035952,373244
task3_final_horizon_specific,2026-02-28,ethusdt,30,-0.2708559306595784,-0.3683192524501846,1.79258558146217,-0.0974633217906061,11403769335.27199,10889424962.99477,514344372.27722,9689971,373304
task3_final_horizon_specific,2026-01-01,btcusdt,30,-0.0310867736800933,-0.085418506103721,3.861747717012801,-0.0543317324236277,3965372747.4532,3910790406.883701,54582340.5695,1045436,11547
task3_final_horizon_specific,2026-01-01,ethusdt,30,0.0118240605787111,0.0523845547369304,-4.678019750762526,0.0405604941582193,3088549091.82189,3062066561.08967,26482530.73222,1622062,8628
task3_final_horizon_specific,2026-01-02,btcusdt,30,-0.162724668200275,-0.1532675130943517,-0.3723837940588603,0.0094571551059233,14073548406.5286,13466127864.4064,607420542.1222,3610454,151355
task3_final_horizon_specific,2026-01-02,ethusdt,30,0.1412977622023042,0.2659298824864998,-3.054386426744712,0.1246321202841955,13583512766.75853,13073639056.1359,509873710.62263,6548280,210546
task3_final_horizon_specific,2026-01-03,btcusdt,30,-0.1303368031110338,-0.1541728345009594,2.500697272402038,-0.0238360313899255,4717389042.4997,4675035244.0961,42353798.4036,1270956,10367
task3_final_horizon_specific,2026-01-03,ethusdt,30,0.0118363139058201,-0.012351126225163,3.484468446849444,-0.0241874401309831,4434897414.4128,4404221306.178869,30676108.23393,2150394,10984
task3_final_horizon_specific,2026-01-04,btcusdt,30,-0.0232821129890227,0.0971734434250009,-4.464155968765429,0.1204555564140237,6238277636.3538,6073537242.5239,164740393.8299,1713566,40744
task3_final_horizon_specific,2026-01-04,ethusdt,30,0.3688570412451249,0.5874802806792156,-10.047236616439394,0.2186232394340907,5674446939.007441,5557794471.07585,116652467.93159,2931050,48077
task3_final_horizon_specific,2026-01-05,btcusdt,30,-0.0227417394575021,0.1166269491337036,-2.7716250692314746,0.1393686885912058,15726737986.6588,14967865549.2533,758872437.4054999,3886693,179058
task3_final_horizon_specific,2026-01-05,ethusdt,30,0.2723696062860439,0.4438723761812533,-3.440926435332448,0.1715027698952093,13609215617.38143,13008407625.06931,600807992.31212,6414696,254942
task3_final_horizon_specific,2026-01-06,btcusdt,30,-0.3007695131936717,-0.4025712603466695,1.9087058306723663,-0.1018017471529978,15275628113.858,14602802844.7058,672825269.1522,3474524,125603
task3_final_horizon_specific,2026-01-06,ethusdt,30,0.0001845543273325,0.1671965672025977,-2.7522156796963686,0.1670120128752652,13848981096.85716,13056716759.50143,792264337.35573,6104719,288830
task3_final_horizon_specific,2026-01-07,btcusdt,30,-0.052177892772684,-0.0332950382782803,-0.6219382947694482,0.0188828544944037,12304093507.0582,11909395351.9069,394698155.1513,3044431,84040
task3_final_horizon_specific,2026-01-07,ethusdt,30,0.0533844058287535,0.324912939523755,-5.376281141353001,0.2715285336950014,13236108413.85168,12605717471.45308,630390942.3986,5778688,244534
task3_final_horizon_specific,2026-01-08,btcusdt,30,0.0196749179665145,0.1081099336249123,-2.0269063967487804,0.0884350156583978,13520210729.7752,12960186887.9982,560023841.7770001,3551844,131368
task3_final_horizon_specific,2026-01-08,ethusdt,30,0.3030458746671001,0.5141729179108145,-6.807763123129577,0.2111270432437144,12312899623.21822,11957858814.79874,355040808.41948,5939579,149295
task3_final_horizon_specific,2026-01-09,btcusdt,30,-0.1833513921083317,-0.1803034448576624,-0.2610185975244974,0.0030479472506692,11701757189.2934,11259878093.7991,441879095.4943,3217793,108711
task3_final_horizon_specific,2026-01-09,ethusdt,30,-0.3357915605778436,-0.2524457129732643,-3.648686843179816,0.0833458476045793,10822158878.93017,10556576439.375591,265582439.55458,5687287,113592
task3_final_horizon_specific,2026-01-10,btcusdt,30,0.0161159759023699,0.0160196848878965,0.9462307302840876,-9.629101447334448e-05,2141846818.2898,2141625104.5142,221713.7756,599672,104
task3_final_horizon_specific,2026-01-10,ethusdt,30,-0.0250050099118358,-0.0248527340007994,-0.230422956206231,0.0001522759110364,2049696398.15312,2048178087.85006,1518310.30306,1070341,1068
task3_final_horizon_specific,2026-01-11,btcusdt,30,0.0701555538278954,0.0826610435011552,-0.6614371301353095,0.0125054896732597,3632073527.9824,3571032042.321,61041485.661400005,1021150,17203
task3_final_horizon_specific,2026-01-11,ethusdt,30,-0.2249118452096558,-0.2931355754324566,4.750520481091785,-0.0682237302228007,4446707518.174561,4386558497.16683,60149021.00772999,2105350,27355
task3_final_horizon_specific,2026-01-12,btcusdt,30,-0.1775611737819322,-0.1000827850032124,-3.040970957031954,0.0774783887787198,13992793576.8332,13624150147.5598,368643429.27340007,3690684,90575
task3_final_horizon_specific,2026-01-12,ethusdt,30,0.1273581813950594,0.2838443296995073,-4.983105851484848,0.1564861483044479,11561359608.38831,11217860510.800018,343499097.58829,5568117,129822
task3_final_horizon_specific,2026-01-13,btcusdt,30,-0.8408175015140437,-1.0436105252244356,2.2360965740937733,-0.2027930237103919,16988625303.8118,15938173361.0883,1050451942.7235,4089733,225815
task3_final_horizon_specific,2026-01-13,ethusdt,30,-0.7509770040012531,-1.895120443040128,17.679646951634364,-1.1441434390388745,13882426573.66765,13070999956.84246,811426616.8251901,6358664,356115
task3_final_horizon_specific,2026-01-14,btcusdt,30,0.0311647168828137,0.0278650628028618,0.1238256664279805,-0.0032996540799519,15733426017.5577,15192424175.2468,541001842.3109,4218072,130765
task3_final_horizon_specific,2026-01-14,ethusdt,30,0.0577406398991709,0.1469109544361083,-3.538088349018051,0.0891703145369373,15061498577.86014,14697037568.51164,364461009.3485,7535600,163063
task3_final_horizon_specific,2026-01-15,btcusdt,30,-0.1279513781246305,-0.1619674598289694,1.0372288690218032,-0.0340160817043389,12994148917.7207,12625560371.6841,368588546.0366,3705722,92861
task3_final_horizon_specific,2026-01-15,ethusdt,30,-0.1311189672923929,-0.2431139746207682,3.590361747307953,-0.1119950073283752,13010362217.70432,12630264437.61886,380097780.08546,6590452,156732
task3_final_horizon_specific,2026-01-16,btcusdt,30,0.0558584750786153,0.0695839051939065,-0.9614936171368366,0.0137254301152912,8690245815.4679,8574563571.3673,115682244.1006,2372032,28830
task3_final_horizon_specific,2026-01-16,ethusdt,30,0.0019899432750521,0.0052120367870911,-0.1667920966057351,0.0032220935120389,7840453207.00027,7693580728.34869,146872478.65158,4116779,58040
task3_final_horizon_specific,2026-01-17,btcusdt,30,-0.1302003007138434,-0.1275228333934684,-1.130344402317676,0.002677467320375,3179483118.2510004,3170994108.4325,8489009.818500001,816101,2521
task3_final_horizon_specific,2026-01-17,ethusdt,30,0.1408301458272181,0.1424171380216466,-0.2092577514553118,0.0015869921944285,3504692636.68885,3488877120.64058,15815516.04827,1572548,4208
task3_final_horizon_specific,2026-01-18,btcusdt,30,0.0950767995189432,0.2353649211777949,-1.848394493508124,0.1402881216588517,5198807449.2672,4848800185.0967,350007264.17050004,1231587,98069
task3_final_horizon_specific,2026-01-18,ethusdt,30,-0.6355287847572082,-0.6736086038374715,1.225399783447902,-0.0380798190802632,5620398466.25384,5507695563.94603,112702902.30781,2613500,44987
task3_final_horizon_specific,2026-01-19,btcusdt,30,-0.4158252365436874,-0.8621872012076043,4.516222627010111,-0.4463619646639168,9203663768.932,8439838479.819,763825289.113,2648543,176874
task3_final_horizon_specific,2026-01-19,ethusdt,30,-0.4923184667841633,-0.7742130294290047,2.7666038801090256,-0.2818945626448414,10393640977.42283,9566173488.28898,827467489.13385,5047047,274558
task3_final_horizon_specific,2026-01-20,btcusdt,30,-0.5947282400466387,-0.5365702617222327,-1.3707692242467269,0.058157978324406,15333244816.5256,14264254611.8583,1068990204.6673,4361006,270070
task3_final_horizon_specific,2026-01-20,ethusdt,30,0.1753312892215743,0.5975772239877019,-4.456752975723767,0.4222459347661276,16479428640.91059,15102713729.94371,1376714910.9668798,7594478,531417
task3_final_horizon_specific,2026-01-21,btcusdt,30,-0.2483930740001603,-0.4016998394106837,2.631509314088598,-0.1533067654105234,16474562600.3757,15641892719.7303,832669880.6454,5286663,229449
task3_final_horizon_specific,2026-01-21,ethusdt,30,-0.3011973995368585,-0.0931683696129761,-4.007440629882638,0.2080290299238824,17846882831.24551,16898387306.23228,948495525.01323,9238441,431304
task3_final_horizon_specific,2026-01-22,btcusdt,30,-0.0164353311152397,-0.015075365130495,-0.1222865931786257,0.0013599659847447,8690556672.4113,8580317645.416201,110239026.9951,3160315,27905
task3_final_horizon_specific,2026-01-22,ethusdt,30,-0.0728895352572663,-0.1123874847446263,1.5572455072784197,-0.03949794948736,9952748859.68369,9717300007.391998,235448852.29169,6344967,117650
task3_final_horizon_specific,2026-01-23,btcusdt,30,-0.2460659058975877,-0.1740227778503019,-2.1836994082400345,0.0720431280472858,10260028769.2721,9892226031.6495,367802737.6226,3218903,97301
task3_final_horizon_specific,2026-01-23,ethusdt,30,-0.1079483836498818,-0.014064796461058,-3.002096992912719,0.0938835871888237,9596959507.5243,9295424274.48959,301535233.03471005,6314483,170122
task3_final_horizon_specific,2026-01-24,btcusdt,30,-0.2487249320217548,-0.2487249320217548,,0.0,2457569544.7313995,2457569544.7313995,0.0,704903,0
task3_final_horizon_specific,2026-01-24,ethusdt,30,-0.155096666692638,-0.1561329005700823,1.2696877969584732,-0.0010362338774443,2233520686.41148,2231897445.98213,1623240.4293500003,1449072,1132
task3_final_horizon_specific,2026-01-25,btcusdt,30,0.3865175186062501,0.8118442513430482,-5.849995602768835,0.425326732736798,9638205865.3693,9022852344.4299,615353520.9394001,2729945,160866
task3_final_horizon_specific,2026-01-25,ethusdt,30,0.5401578824970519,1.2567598742436774,-9.394699861012736,0.7166019917466255,9616520425.135998,8969546408.27758,646974016.85842,5461345,349320
task3_final_horizon_specific,2026-01-26,btcusdt,30,-0.1516416777612345,-0.148524440318069,-0.2789693801284942,0.0031172374431654,10662750389.6195,10407943075.4381,254807314.1814,3585953,69902
task3_final_horizon_specific,2026-01-26,ethusdt,30,-0.3329150149172735,-0.2307694373316655,-3.914852206275703,0.1021455775856079,13525800239.78038,13150781336.98957,375018902.79081,7853118,191648
task3_final_horizon_specific,2026-01-27,btcusdt,30,0.0131413099096243,0.0750917502382003,-3.007808556048356,0.0619504403285759,9431793152.5379,9242262619.3266,189530533.2113,3074067,58607
task3_final_horizon_specific,2026-01-27,ethusdt,30,-0.1673377907500295,-0.1977790263939507,1.1652016793010542,-0.0304412356439211,10952908877.24689,10708283198.59603,244625678.65086,6507520,139611
task3_final_horizon_specific,2026-01-28,btcusdt,30,-0.1163112805533254,-0.0646485933805149,-2.572582688142097,0.0516626871728105,10129705775.081202,9921036886.3318,208668888.7494,3436567,55059
task3_final_horizon_specific,2026-01-28,ethusdt,30,-0.0588887687088697,0.1271344452128921,-10.408459451408188,0.1860232139217618,8568024341.45563,8416741799.569819,151282541.88581002,5603755,80174
task3_final_horizon_specific,2026-01-29,btcusdt,30,0.134376843174822,0.2370840914798443,-0.9704762374016432,0.1027072483050223,17337945894.413902,15863292685.388702,1474653209.0252,4837305,408730
task3_final_horizon_specific,2026-01-29,ethusdt,30,-0.0284090294768756,0.1921020572121221,-2.7372802896471127,0.2205110866889978,15233587098.39992,14086869310.31697,1146717788.08295,8165856,541269
task3_final_horizon_specific,2026-01-30,btcusdt,30,0.175979837358549,0.484286653911036,-7.120344614068414,0.308306816552487,19363486756.1627,18578452643.5574,785034112.6053,7025944,230181
task3_final_horizon_specific,2026-01-30,ethusdt,30,-0.2872048197085159,-0.4810699940264072,4.480758464283775,-0.1938651743178913,18026448907.53639,17322131801.62373,704317105.91266,13000669,376329
task3_final_horizon_specific,2026-01-31,btcusdt,30,0.0691775640015479,0.7399524422891395,-5.32307234290825,0.6707748782875915,19094474308.4742,16981981924.8866,2112492383.5876,6777612,658769
task3_final_horizon_specific,2026-01-31,ethusdt,30,0.050787754618549,0.0213838546947636,0.2562559338925345,-0.0294038999237854,21794117072.29702,19065687028.54766,2728430043.74936,13937271,1304745
task3_final_horizon_specific,2025-12-01,btcusdt,120,-0.1696298313137473,-0.3472729934707377,1.3458428959774371,-0.1776431621569903,23084398443.0136,20662363683.6296,2422034759.3840003,6118466,649401
task3_final_horizon_specific,2025-12-01,ethusdt,120,0.8551952485310531,1.0476994555035426,-1.06805131890437,0.1925042069724895,17668497026.029182,16060906921.59291,1607590104.4362702,9649175,826013
task3_final_horizon_specific,2025-12-02,btcusdt,120,0.250936291124896,0.3912081824662868,-1.6668925905100276,0.1402718913413908,18647536756.4074,17376595467.222298,1270941289.1851,4986111,334253
task3_final_horizon_specific,2025-12-02,ethusdt,120,0.0321671102297127,0.0726029672045211,-0.5052012683812452,0.0404358569748083,13899909242.75878,12927166733.29411,972742509.46467,7673890,484120
task3_final_horizon_specific,2025-12-03,btcusdt,120,0.0722233416811517,-0.0154841827588173,1.3327191523397888,-0.0877075244399691,17083045254.2078,15971705762.5035,1111339491.7043,5133761,301138
task3_final_horizon_specific,2025-12-03,ethusdt,120,-0.2107088740122401,-0.3604038131338181,1.8033849844950065,-0.149694939121578,15623047708.6988,14542216169.95989,1080831538.73891,8190060,533173
task3_final_horizon_specific,2025-12-04,btcusdt,120,-0.3903172811647167,-0.4025487393559572,-0.1646609752081762,-0.0122314581912404,12734406440.3688,12079642373.2734,654764067.0954,3979602,184300
task3_final_horizon_specific,2025-12-04,ethusdt,120,0.0565337631268303,-0.1268076342349608,2.547986172231113,-0.1833413973617911,14691893578.95238,13684850609.08149,1007042969.87089,7312120,441782
task3_final_horizon_specific,2025-12-05,btcusdt,120,0.1775151561726784,-0.0109786942431523,2.255745150184223,-0.1884938504158307,14779615610.8184,13550587795.6313,1229027815.1871,4214882,300384
task3_final_horizon_specific,2025-12-05,ethusdt,120,0.1862633883487474,-0.0632167171035345,3.166521181778559,-0.2494801054522819,15472618635.1133,14277440992.355627,1195177642.75767,7782711,586728
task3_final_horizon_specific,2025-12-06,btcusdt,120,0.0163390053439972,0.0563464547419086,-1.222375941524676,0.0400074493979113,4779649451.4916,4630108328.1574,149541123.3342,1554450,37248
task3_final_horizon_specific,2025-12-06,ethusdt,120,-0.1190768199263453,-0.0685159725227889,-1.9254686501093736,0.0505608474035564,4654730132.84645,4527991792.773371,126738340.07308,2816013,63263
task3_final_horizon_specific,2025-12-07,btcusdt,120,-0.337482124029935,-0.4575225634700695,0.7941298009365965,-0.1200404394401344,10767751009.3826,9735063659.6799,1032687349.7027,3064726,274132
task3_final_horizon_specific,2025-12-07,ethusdt,120,-1.115505517642375,-2.5742651717306924,10.684724462668552,-1.4587596540883174,11987217123.807867,10668378419.866167,1318838703.9417,5879541,613797
task3_final_horizon_specific,2025-12-08,btcusdt,120,-0.0448697800540986,-0.0099716147455521,-0.6883321729609239,0.0348981653085464,12956057419.4553,12289534833.3535,666522586.1018,3887813,165900
task3_final_horizon_specific,2025-12-08,ethusdt,120,0.0307336017792833,0.2969053708008963,-4.7567209085117055,0.2661717690216129,12595702562.06043,11932293705.1891,663408856.87133,7228851,338567
task3_final_horizon_specific,2025-12-09,btcusdt,120,-0.0342663526554677,-0.020444399945009,-0.2007276069531729,0.0138219527104586,15254386612.9971,14084863317.4505,1169523295.5466,4196675,282881
task3_final_horizon_specific,2025-12-09,ethusdt,120,0.181463549894589,0.4416350105240371,-2.302113421904643,0.2601714606294481,16713570877.23268,15128733836.02684,1584837041.20584,8189199,715393
task3_final_horizon_specific,2025-12-10,btcusdt,120,-0.1660297585524035,0.1859140487220487,-5.222402409866654,0.3519438072744523,13470706686.3873,12594106392.3428,876600294.0445001,4010425,221460
task3_final_horizon_specific,2025-12-10,ethusdt,120,0.4962018149260046,1.463514084396524,-9.60552698860475,0.9673122694705194,15128259323.7465,13806216089.551151,1322043234.19535,8716846,681844
task3_final_horizon_specific,2025-12-11,btcusdt,120,-0.0627122394855855,-0.004663418573699,-0.8488964840304293,0.0580488209118864,15703317180.4207,14623569082.3814,1079748098.0393,4527341,277980
task3_final_horizon_specific,2025-12-11,ethusdt,120,0.2777894091453214,0.9959247290596264,-8.46538574141273,0.7181353199143049,15498484303.572948,14322113544.12386,1176370759.44909,8504464,595324
task3_final_horizon_specific,2025-12-12,btcusdt,120,0.1170478686783266,-0.1456319673365337,3.69465177211011,-0.2626798360148603,12201885610.1803,11367262564.4321,834623045.7481999,3549989,206341
task3_final_horizon_specific,2025-12-12,ethusdt,120,0.110267319208669,-0.1568424069827047,2.66588058410096,-0.2671097261913737,13684952227.52412,12389967259.46933,1294984968.05479,7404874,613031
task3_final_horizon_specific,2025-12-13,btcusdt,120,0.187960945927496,0.278342337938232,-10.603103084022624,0.090381392010736,2973507541.5984,2948809558.9001,24697982.6983,926626,6097
task3_final_horizon_specific,2025-12-13,ethusdt,120,-0.0527715402119866,0.0417898295048479,-3.056144388509049,0.0945613697168346,4234057177.31861,4104816780.98659,129240396.33202,2396724,59058
task3_final_horizon_specific,2025-12-14,btcusdt,120,0.9980723788742252,2.033715016491179,-13.468275916236609,1.0356426376169536,7442384029.8624,6945180137.7757,497203892.0867,2194156,134669
task3_final_horizon_specific,2025-12-14,ethusdt,120,0.5962441294932043,1.7050038346764425,-15.595739036408531,1.108759705183238,7670937482.59599,7179327009.85166,491610472.74433,4232677,219395
task3_final_horizon_specific,2025-12-15,btcusdt,120,0.1352699586369278,0.3151891228748822,-1.5492322359718516,0.1799191642379543,15548287461.9883,14047856847.3,1500430614.6883,4491150,443055
task3_final_horizon_specific,2025-12-15,ethusdt,120,0.6677111782179538,0.936734253903278,-1.699687301679548,0.2690230756853242,17235111128.16028,15476423259.88004,1758687868.28024,9272580,855638
task3_final_horizon_specific,2025-12-16,btcusdt,120,0.2182513324488603,0.5225880419688396,-4.6487650584493325,0.3043367095199792,11776866870.928,11083792381.069,693074489.859,4010810,216622
task3_final_horizon_specific,2025-12-16,ethusdt,120,0.5754586225812132,0.9915929742286324,-6.043565270735617,0.4161343516474193,12641484717.50637,11893732376.5344,747752340.9719701,8542214,436980
task3_final_horizon_specific,2025-12-17,btcusdt,120,-0.5015981903929391,-1.263518554735461,6.332127356498642,-0.761920364342522,16966673510.7515,15264743982.4315,1701929528.32,5283580,498351
task3_final_horizon_specific,2025-12-17,ethusdt,120,-0.0572227957970338,0.1442944900471356,-1.6398578294276227,0.2015172858441694,16118590395.227629,14298020171.135769,1820570224.09186,9455364,929281
task3_final_horizon_specific,2025-12-18,btcusdt,120,-0.109075489912991,-0.1860723263578576,0.6029772433661185,-0.0769968364448666,18342032717.479897,16552185099.0239,1789847618.456,5557200,529601
task3_final_horizon_specific,2025-12-18,ethusdt,120,0.0967366678865616,-0.2972794514895183,3.3787204751434468,-0.39401611937608,17090076952.006647,15258258144.916512,1831818807.09014,10495580,1002592
task3_final_horizon_specific,2025-12-19,btcusdt,120,-0.4063150487213547,-0.2712221269514362,-2.282455801876953,0.1350929217699185,14596045821.62,13615641355.9861,980404465.6339,4725636,308148
task3_final_horizon_specific,2025-12-19,ethusdt,120,-0.8416006541656672,-0.7963942234355265,-1.5415449433325972,0.0452064307301407,13853683735.62835,13013215388.17984,840468347.44851,9299606,517886
task3_final_horizon_specific,2025-12-20,btcusdt,120,0.4327834879557285,0.5760758321906314,-10.79994319755186,0.1432923442349029,2942997809.3007,2905927806.6864,37070002.6143,915359,8508
task3_final_horizon_specific,2025-12-20,ethusdt,120,-0.0329593111265706,0.0580943053691538,-6.550015857260839,0.0910536164957245,2854873447.02256,2815535944.2280297,39337502.79453,1775297,18829
task3_final_horizon_specific,2025-12-21,btcusdt,120,0.1930848051055146,0.1317979879501007,1.8992077883802487,-0.0612868171554139,5628290708.8631,5433123734.2952,195166974.5679,1820249,54584
task3_final_horizon_specific,2025-12-21,ethusdt,120,0.1773502335296069,0.3671320117909747,-3.9843371632042297,0.1897817782613677,5286766455.66963,5056193309.253941,230573146.41569,3234227,127469
task3_final_horizon_specific,2025-12-22,btcusdt,120,0.115055911961872,0.3309134824911298,-3.335643203743393,0.2158575705292577,12779680336.4176,12027314837.7697,752365498.6479,3960610,216800
task3_final_horizon_specific,2025-12-22,ethusdt,120,-0.3327824402638852,-0.3781565922158684,0.2927510806223723,-0.0453741519519831,11498721524.86319,10721051572.87789,777669951.9853,7186190,432852
task3_final_horizon_specific,2025-12-23,btcusdt,120,-0.1723611142427748,-0.1336679669501888,-0.9492233947118216,0.038693147292586,10802373840.5243,10289866869.3327,512506971.1916,3333940,141781
task3_final_horizon_specific,2025-12-23,ethusdt,120,-0.0668733162409398,0.1258493953164473,-3.1267119438681528,0.1927227115573871,11139674435.23058,10479619777.02624,660054658.20434,6519484,326798
task3_final_horizon_specific,2025-12-24,btcusdt,120,-0.2790811351262561,-0.209176321148524,-2.2086307494487447,0.069904813977732,6644074082.4541,6411784335.704,232289746.7501,2198255,67231
task3_final_horizon_specific,2025-12-24,ethusdt,120,-0.1154256317704625,-0.184868506262152,1.4942372529247057,-0.0694428744916894,7111685714.8468,6817567315.324659,294118399.52214,4311622,155308
task3_final_horizon_specific,2025-12-25,btcusdt,120,-0.1186974565163608,-0.06165258573466,-1.5083596162043549,0.0570448707817007,4820501259.8751,4630424854.8525,190076405.0226,1487408,57219
task3_final_horizon_specific,2025-12-25,ethusdt,120,0.1668512759838957,0.1910391046699091,-0.2938617373606473,0.0241878286860134,5111681956.52001,4856700985.68082,254980970.83919,2825217,133727
task3_final_horizon_specific,2025-12-26,btcusdt,120,-0.2582303208291458,-0.6048669920231404,4.393072349916248,-0.3466366711939946,12087820359.9366,11249458482.1925,838361877.7441001,3392588,214374
task3_final_horizon_specific,2025-12-26,ethusdt,120,-0.0157024114357481,-0.0957468679867362,1.2976656701095444,-0.0800444565509881,9878474588.76572,9311006514.24215,567468074.5235701,5299928,253794
task3_final_horizon_specific,2025-12-27,btcusdt,120,0.0633279195031781,0.0953443639646141,-1.5553100977101189,0.0320164444614359,2257770615.0788,2213978416.7825,43792198.2963,692648,10217
task3_final_horizon_specific,2025-12-27,ethusdt,120,0.0834817719259349,0.3357013151614772,-8.518356585012446,0.2522195432355422,2514802790.9086,2443165309.1571,71637481.75150001,1318730,33674
task3_final_horizon_specific,2025-12-28,btcusdt,120,0.2218047148419065,0.3878350211712163,-7.216963784996401,0.1660303063293098,3026182793.2062,2960114239.7874,66068553.4188,871016,15129
task3_final_horizon_specific,2025-12-28,ethusdt,120,0.3290545212086853,0.4721491125431356,-6.584102801270395,0.1430945913344502,3263751844.58501,3197565823.7169504,66186020.86806001,1849830,32563
task3_final_horizon_specific,2025-12-29,btcusdt,120,0.025610444148362,-0.1683708620994184,2.2797789552832914,-0.1939813062477804,15197169143.2177,13993008065.8448,1204161077.3729,3634425,269159
task3_final_horizon_specific,2025-12-29,ethusdt,120,0.1763309903654011,0.2000152169057317,-0.1449949322032091,0.0236842265403305,13916224763.83084,12960904983.40127,955319780.42957,6683239,419663
task3_final_horizon_specific,2025-12-30,btcusdt,120,-0.1006061445115596,-0.2613117649047966,3.2409224233384224,-0.160705620393237,10115935315.4307,9651749434.8344,464185880.5963,2645751,105907
task3_final_horizon_specific,2025-12-30,ethusdt,120,-0.0614985410179598,-0.0080471449167165,-1.1927861104967967,0.0534513961012432,8984404807.91572,8579058994.13413,405345813.78159,4723088,174183
task3_final_horizon_specific,2025-12-31,btcusdt,120,0.1862915627662697,0.3014750174798818,-2.599978475209575,0.115183454713612,7627351957.1762,7324557254.1221,302794703.0541,2039601,69919
task3_final_horizon_specific,2025-12-31,ethusdt,120,0.2671019273063897,0.580106555774344,-5.740141841485814,0.3130046284679542,6835255508.60377,6496745615.24554,338509893.35823,3452062,130813
task3_final_horizon_specific,2026-02-01,btcusdt,120,-0.570508366859986,-0.8805870063669402,3.7570749494284863,-0.3100786395069542,13595179919.170898,12686192818.91,908987100.2609,6344883,414632
task3_final_horizon_specific,2026-02-01,ethusdt,120,-1.060709646213899,-1.6521183350399025,5.591652568091718,-0.5914086888260035,16428200726.07704,15086940658.481678,1341260067.59536,14249624,1093107
task3_final_horizon_specific,2026-02-02,btcusdt,120,-0.1550310515488774,0.1812234746837276,-4.157516557761332,0.336254526232605,18795658671.019,17338985707.3495,1456672963.6695,9679527,676469
task3_final_horizon_specific,2026-02-02,ethusdt,120,0.3461038379852442,0.5892500783660075,-2.7101779809083326,0.2431462403807633,20740413421.44527,19211980778.94775,1528432642.49752,19897576,1323854
task3_final_horizon_specific,2026-02-03,btcusdt,120,-0.4221635322050365,-1.0592163183086625,6.134565929180995,-0.6370527861036257,21647930470.5929,19730875721.7532,1917054748.8397,8225713,678201
task3_final_horizon_specific,2026-02-03,ethusdt,120,-0.1769298627614181,0.1838000784188994,-3.695150488132856,0.3607299411803175,22430362144.52658,20344410524.82312,2085951619.70346,16960881,1336979
task3_final_horizon_specific,2026-02-04,btcusdt,120,-0.14843177544064,0.5628506236847697,-7.633418446332725,0.7112823991254098,20261582369.3745,18503257112.5226,1758325256.8519,8451770,693682
task3_final_horizon_specific,2026-02-04,ethusdt,120,-0.1160730617438005,1.1217833922439329,-13.650463858337435,1.2378564539877337,21471362473.96348,19672146405.92348,1799216068.04,17509220,1250762
task3_final_horizon_specific,2026-02-05,btcusdt,120,-0.0180675447404804,0.5442761677248094,-3.1659651225556016,0.5623437124652898,41345673267.9503,35079105252.3378,6266568015.612499,16993430,2587562
task3_final_horizon_specific,2026-02-05,ethusdt,120,0.2599614047433262,0.7409245310890287,-3.548044434976556,0.4809631263457025,31813171056.23014,28245655802.275963,3567515253.95418,28231026,2633930
task3_final_horizon_specific,2026-02-06,btcusdt,120,-0.2054832701567556,-0.1914088903784238,-0.3042993309090393,0.0140743797783318,33209526120.3311,29069197845.5981,4140328274.733,14489846,1843049
task3_final_horizon_specific,2026-02-06,ethusdt,120,0.2777335134351029,1.2856304849206683,-11.676795436352585,1.0078969714855657,23687209972.03989,21845404484.48987,1841805487.55002,22858524,1614842
task3_final_horizon_specific,2026-02-07,btcusdt,120,-0.1861561558730445,-0.1528588346889229,-0.5486686550204708,0.0332973211841216,16670369478.078102,15267982224.7639,1402387253.3142,8123885,660360
task3_final_horizon_specific,2026-02-07,ethusdt,120,3.488810015765237,1.7758310910493815,12.065410618007,-1.7129789247158556,15930448628.87148,13278394413.14455,2652054215.7269297,13233940,1612220
task3_final_horizon_specific,2026-02-08,btcusdt,120,-0.5894574990393271,-0.3723949226278082,-3.787968340110077,0.2170625764115188,10523863339.0093,9855062932.4726,668800406.5367,5437172,321565
task3_final_horizon_specific,2026-02-08,ethusdt,120,0.0225067702319257,-0.1133659061085914,2.222951463144254,-0.1358726763405171,8964650689.08348,8443295543.75356,521355145.32992,8010608,385400
task3_final_horizon_specific,2026-02-09,btcusdt,120,0.0371868420150047,0.0325478928828132,0.1134216277985232,-0.0046389491321915,14444540571.67,13615996063.126,828544508.544,7592875,405885
task3_final_horizon_specific,2026-02-09,ethusdt,120,-0.3617880842902412,-0.5988368840299573,3.6167936395753446,-0.2370487997397161,12016587057.782372,11340883263.755611,675703794.02676,10988298,531702
task3_final_horizon_specific,2026-02-10,btcusdt,120,0.088472489311759,-0.0192167648758022,2.154872606083625,-0.1076892541875612,11978672848.0884,11385332775.5052,593340072.5832,5975768,256384
task3_final_horizon_specific,2026-02-10,ethusdt,120,0.3303110697719358,0.2987053034776797,0.926141444779613,-0.0316057662942561,10787941025.24146,10244521352.0736,543419673.16786,9400036,402433
task3_final_horizon_specific,2026-02-11,btcusdt,120,-0.079143753321418,0.2719885965853169,-3.9820290673838303,0.351132349906735,16151977409.7226,14818771430.9245,1333205978.7981,7792370,568935
task3_final_horizon_specific,2026-02-11,ethusdt,120,0.1046194489704578,0.6347727761512404,-6.285426386558398,0.5301533271807826,12930356053.61596,11939767325.997238,990588727.61872,11901172,738746
task3_final_horizon_specific,2026-02-12,btcusdt,120,0.1882426380010205,0.3103091407115546,-1.9138363258217057,0.1220665027105341,12515544981.579498,11828661489.287498,686883492.292,6180751,300080
task3_final_horizon_specific,2026-02-12,ethusdt,120,0.6695880826473617,1.0509029581865743,-8.386071155455674,0.3813148755392128,9751222703.30857,9357210149.4231,394012553.88547,10013556,331613
task3_final_horizon_specific,2026-02-13,btcusdt,120,0.1153891326983463,0.0748394731225204,0.7317060115966386,-0.0405496595758259,11417508577.6459,10712683382.7089,704825194.937,5231396,275019
task3_final_horizon_specific,2026-02-13,ethusdt,120,0.0491017479150525,-0.2196134601842016,5.474261990017252,-0.2687152080992542,9007682487.84652,8582576372.445271,425106115.40125,8264564,315264
task3_final_horizon_specific,2026-02-14,btcusdt,120,0.1059133976117866,0.2091310202990007,-2.6614853755222683,0.103217622687214,7247593690.386999,6986994819.700701,260598870.6863,2996388,104333
task3_final_horizon_specific,2026-02-14,ethusdt,120,0.378708796945208,0.6937150307281592,-9.598111978985932,0.3150062337829512,5021980307.27981,4868270465.36008,153709841.91973,4192072,106532
task3_final_horizon_specific,2026-02-15,btcusdt,120,-0.5348574627041964,-0.5933573391049684,0.4781376965837382,-0.0584998764007719,9511380700.2625,8992092624.412102,519288075.8504,3945924,185146
task3_final_horizon_specific,2026-02-15,ethusdt,120,0.0761086807860221,0.0994480296296187,-0.2595622493927196,0.0233393488435965,9995075265.984669,9345292900.45996,649782365.5247099,7894895,444689
task3_final_horizon_specific,2026-02-16,btcusdt,120,-0.8882859208816226,-1.5210663559845248,9.067941769036386,-0.6327804351029022,9430790097.4375,8867222727.3153,563567370.1222,4072251,208827
task3_final_horizon_specific,2026-02-16,ethusdt,120,-0.3962786464450834,-0.6393125295224502,3.970957553459024,-0.2430338830773667,7932571896.14237,7514400353.90962,418171542.23275006,7094861,325425
task3_final_horizon_specific,2026-02-17,btcusdt,120,-0.2712324449824706,-0.5065341572770747,4.034151082478489,-0.2353017122946041,9532691575.8291,9038700353.7708,493991222.0583,4546462,189189
task3_final_horizon_specific,2026-02-17,ethusdt,120,-0.2089613726749514,-0.3723545340233172,2.5809897738066523,-0.1633931613483658,8378675925.97901,7915127417.99449,463548507.98452,7601779,322176
task3_final_horizon_specific,2026-02-18,btcusdt,120,-0.3378032775382905,-0.6233256222562774,4.186254203768087,-0.2855223447179869,10392995082.2044,9776011388.8562,616983693.3482,4209188,205746
task3_final_horizon_specific,2026-02-18,ethusdt,120,-0.0198799771873974,0.0429911451195458,-1.3080438077444758,0.0628711223069432,9242107841.84967,8812021491.18412,430086350.66555,7128961,274576
task3_final_horizon_specific,2026-02-19,btcusdt,120,-0.1256246893565337,-0.0823467955746225,-1.1117963013591925,0.0432778937819111,9225344261.709,8837512253.615,387832008.094,4098115,145486
task3_final_horizon_specific,2026-02-19,ethusdt,120,-0.2197771003883337,-0.1701947044443024,-1.4927289074143977,0.0495823959440313,7766193325.204,7475035280.623079,291158044.58092,6835595,223663
task3_final_horizon_specific,2026-02-20,btcusdt,120,-0.2934317676002468,0.2579157373863518,-9.382377116928629,0.5513475049865987,14131968246.2703,13323732900.0128,808235346.2574999,4924658,239493
task3_final_horizon_specific,2026-02-20,ethusdt,120,0.0543268817657185,0.5862403069247575,-10.16382508226198,0.5319134251590389,8622461383.98692,8195821842.55014,426639541.43678,6829780,273926
task3_final_horizon_specific,2026-02-21,btcusdt,120,0.1589515046217602,0.1851628738721529,-0.7688549888216412,0.0262113692503926,5310957584.347099,5165040536.2916,145917048.05550003,1805109,41519
task3_final_horizon_specific,2026-02-21,ethusdt,120,0.1771883847979841,0.2902105954844096,-5.035175283098961,0.1130222106864255,3621331786.57508,3544475210.64248,76856575.93259999,2704454,47962
task3_final_horizon_specific,2026-02-22,btcusdt,120,0.1711911148653207,0.2405001268545557,-3.098075521789242,0.069309011989235,5158888616.0429,5051789807.8773,107098808.1656,1825455,37725
task3_final_horizon_specific,2026-02-22,ethusdt,120,-0.1891113370056651,-0.3344464006773965,6.16841591066266,-0.1453350636717313,3977471192.80571,3888577102.5755,88894090.23020999,2857183,43041
task3_final_horizon_specific,2026-02-23,btcusdt,120,-0.1522331662966569,-0.2698737254574215,1.03195830216555,-0.1176405591607645,16832583977.339298,15311500958.0266,1521083019.3126998,6112127,514487
task3_final_horizon_specific,2026-02-23,ethusdt,120,-0.1777012388034896,-0.0677688875403503,-1.3910274676976897,0.1099323512631392,11789127333.5059,10809722018.062,979405315.4439,8726897,610320
task3_final_horizon_specific,2026-02-24,btcusdt,120,-0.1132966523563341,0.1165451334627421,-3.3491359714708007,0.2298417858190763,13298851195.783,12416879769.205502,881971426.5775,5453968,304475
task3_final_horizon_specific,2026-02-24,ethusdt,120,-0.4647115785925337,-0.0878530115914288,-7.167063727777824,0.3768585670011048,9550086888.23087,9041692350.51699,508394537.71388,8317409,332514
task3_final_horizon_specific,2026-02-25,btcusdt,120,-0.4637439149387564,-0.8703263794922522,3.632908780155077,-0.4065824645534958,18487630910.734497,16818442810.8551,1669188099.8794,6435525,561301
task3_final_horizon_specific,2026-02-25,ethusdt,120,-0.8761705678611137,-1.7821384836789445,7.287506184072546,-0.9059679158178308,16054964920.23231,14451232509.520647,1603732410.71166,10311234,939819
task3_final_horizon_specific,2026-02-26,btcusdt,120,-0.0477577997167043,0.0543264997592277,-1.9952131025274515,0.1020842994759321,11426027357.5474,10856915154.354698,569112203.1926999,5123413,214105
task3_final_horizon_specific,2026-02-26,ethusdt,120,0.2006244350786317,0.1733667277238601,0.6411966534267799,-0.0272577073547716,10308955542.65344,9708313134.21239,600642408.44105,8142238,387286
task3_final_horizon_specific,2026-02-27,btcusdt,120,0.2667171233025677,0.4465624715745146,-2.605833932774266,0.1798453482719469,12655338207.9051,11909693342.036,745644865.8691,5134751,267479
task3_final_horizon_specific,2026-02-27,ethusdt,120,0.414999157843433,1.0660087737418134,-9.669688284662849,0.6510096158983804,10795183797.20362,10140566922.38522,654616874.8183999,8362535,414246
task3_final_horizon_specific,2026-02-28,btcusdt,120,-0.2389789537990551,0.0222917423118869,-2.48768621220241,0.261270696110942,15112081555.0137,13539022293.4921,1573059261.5216002,5798747,610449
task3_final_horizon_specific,2026-02-28,ethusdt,120,0.2678865400434208,1.0826403367552369,-8.01472182531526,0.8147537967118161,11403769335.27199,10382455222.76182,1021314112.51017,9268795,794480
task3_final_horizon_specific,2026-01-01,btcusdt,120,-0.0527689850191264,-0.0701357748162876,1.2858067055160682,-0.0173667897971612,3965372747.4532,3914584608.5968,50788138.8564,1045073,11910
task3_final_horizon_specific,2026-01-01,ethusdt,120,0.1247313301219007,0.1845037922495639,-3.012271185243652,0.0597724621276631,3088549091.82189,3030800208.9883804,57748882.83351,1607414,23276
task3_final_horizon_specific,2026-01-02,btcusdt,120,-0.0843973539817499,-0.1702121527886903,1.1899616949356684,-0.0858147988069404,14073548406.5286,13185633433.7282,887914972.8004,3540694,221115
task3_final_horizon_specific,2026-01-02,ethusdt,120,0.1049307115057214,0.2420752413576094,-1.7611753924870277,0.137144529851888,13583512766.75853,12653571979.19021,929940787.56832,6361806,397020
task3_final_horizon_specific,2026-01-03,btcusdt,120,0.0391876752234203,0.06273159255788,-1.4208981650925308,0.0235439173344596,4717389042.4997,4642528170.318901,74860872.18079999,1261828,19495
task3_final_horizon_specific,2026-01-03,ethusdt,120,0.0839606027253923,0.1920636064003949,-4.145882983579317,0.1081030036750025,4434897414.4128,4324378365.47016,110519048.94264,2119674,41704
task3_final_horizon_specific,2026-01-04,btcusdt,120,-0.3806553914425042,-0.4729181545859831,1.729105147380314,-0.0922627631434788,6238277636.3538,5976899506.7617,261378129.5921,1691141,63169
task3_final_horizon_specific,2026-01-04,ethusdt,120,0.4093591024159552,0.7126144989436737,-6.736041251357531,0.3032553965277184,5674446939.007441,5443424494.92488,231022444.08256,2885585,93542
task3_final_horizon_specific,2026-01-05,btcusdt,120,0.130880871447316,0.3525195321763296,-2.783770442913866,0.2216386607290135,15726737986.6588,14615344214.8189,1111393771.8399,3798589,267162
task3_final_horizon_specific,2026-01-05,ethusdt,120,0.3830450136639732,0.856135837834373,-6.680408635271154,0.4730908241703997,13609215617.38143,12754925557.0341,854290060.34733,6312136,357502
task3_final_horizon_specific,2026-01-06,btcusdt,120,-0.1928027224774679,-0.2179424141770858,0.1026736871443112,-0.0251396916996179,15275628113.858,14077857385.1963,1197770728.6617,3373750,226377
task3_final_horizon_specific,2026-01-06,ethusdt,120,0.0942319729467232,0.1634334073862385,-0.7161047601123669,0.0692014344395153,13848981096.85716,12759353161.60355,1089627935.25361,5970393,423156
task3_final_horizon_specific,2026-01-07,btcusdt,120,-0.1508604475921499,-0.1624287991729153,0.0508675711580701,-0.0115683515807653,12304093507.0582,11636768135.551,667325371.5072,2986016,142455
task3_final_horizon_specific,2026-01-07,ethusdt,120,0.2110032837428339,0.8022899232874001,-8.431108165065723,0.5912866395445662,13236108413.85168,12388496950.57621,847611463.27547,5692786,330436
task3_final_horizon_specific,2026-01-08,btcusdt,120,0.3281901817206915,0.5307578395891341,-3.0233938751887868,0.2025676578684426,13520210729.7752,12749630956.821,770579772.9541999,3496188,187024
task3_final_horizon_specific,2026-01-08,ethusdt,120,0.6992080891580137,1.2063470322865395,-8.62010970757461,0.507138943128526,12312899623.21822,11677436498.8108,635463124.4074199,5818703,270171
task3_final_horizon_specific,2026-01-09,btcusdt,120,-0.2345736543657966,-0.5958169417018688,4.599494298970279,-0.3612432873360722,11701757189.2934,10888104062.6865,813653126.6069,3135512,190992
task3_final_horizon_specific,2026-01-09,ethusdt,120,-0.0617126188040066,0.0725322635867741,-2.2247562439799773,0.1342448823907807,10822158878.93017,10189752700.45887,632406178.4712999,5518038,282841
task3_final_horizon_specific,2026-01-10,btcusdt,120,0.112050317683105,0.1125519116244983,-0.9629471032717238,0.0005015939413932,2141846818.2898,2140847898.3721,998919.9177000002,599474,302
task3_final_horizon_specific,2026-01-10,ethusdt,120,0.2165563050613732,0.2197724873399205,-1.6587835569530756,0.0032161822785472,2049696398.15312,2046187214.99504,3509183.15808,1069561,1848
task3_final_horizon_specific,2026-01-11,btcusdt,120,0.0045612142974222,0.1109796485539116,-3.0883042210796257,0.1064184342564894,3632073527.9824,3511259122.7272005,120814405.2552,1008173,30180
task3_final_horizon_specific,2026-01-11,ethusdt,120,-0.3691140804479061,-0.3496426249135632,-1.1034560328742342,0.0194714555343429,4446707518.174561,4331846377.73849,114861140.43607,2081802,50903
task3_final_horizon_specific,2026-01-12,btcusdt,120,-0.4243920266112664,-0.5249691670300382,1.404694475773581,-0.1005771404187717,13992793576.8332,13263466903.9301,729326672.9031,3612417,168842
task3_final_horizon_specific,2026-01-12,ethusdt,120,0.1236978053532981,0.2686111268492724,-2.123615686445107,0.1449133214959743,11561359608.38831,10861010037.62427,700349570.76404,5428826,269113
task3_final_horizon_specific,2026-01-13,btcusdt,120,-0.3333077605030597,0.1011626039207513,-5.233759537395059,0.434470364423811,16988625303.8118,15605089793.5848,1383535510.2269998,4007449,308099
task3_final_horizon_specific,2026-01-13,ethusdt,120,-2.541449032847779,-4.326539950599426,15.645962346309917,-1.7850909177516474,13882426573.66765,12641650970.05973,1240775603.6079202,6171747,543032
task3_final_horizon_specific,2026-01-14,btcusdt,120,0.0585162659806371,0.0665702094380769,-0.0596597513013689,0.0080539434574398,15733426017.5577,14729574611.7985,1003851405.7592,4104296,244541
task3_final_horizon_specific,2026-01-14,ethusdt,120,-0.0079804944348061,0.3741595000562849,-7.20098348834294,0.3821399944910911,15061498577.86014,14301697608.77146,759800969.08868,7354726,343937
task3_final_horizon_specific,2026-01-15,btcusdt,120,-0.5320675046926714,-0.7711461502457895,3.300600122658037,-0.239078645553118,12994148917.7207,12231178114.7417,762970802.9790001,3600948,197635
task3_final_horizon_specific,2026-01-15,ethusdt,120,-0.1104308388573404,-0.1482523610758772,0.547042735914706,-0.0378215222185367,13010362217.70432,12302645874.21516,707716343.48916,6437814,309370
task3_final_horizon_specific,2026-01-16,btcusdt,120,0.090791530043172,0.1586918128419888,-1.5380721435034677,0.0679002827988167,8690245815.4679,8342483743.875799,347762071.5921,2321910,78952
task3_final_horizon_specific,2026-01-16,ethusdt,120,0.2099131134885727,0.2378431444706151,-0.7370516374694295,0.0279300309820424,7840453207.00027,7615829888.626369,224623318.3739,4080282,94537
task3_final_horizon_specific,2026-01-17,btcusdt,120,-0.0585330818240863,-0.0525577471637138,-1.314137397641573,0.0059753346603724,3179483118.2510004,3164423842.6267,15059275.6243,814888,3734
task3_final_horizon_specific,2026-01-17,ethusdt,120,0.3064469069388927,0.3515579289324507,-2.9589865683366816,0.0451110219935579,3504692636.68885,3456936061.67687,47756575.01198,1559271,17485
task3_final_horizon_specific,2026-01-18,btcusdt,120,-0.5888123561900542,-1.0631335424937738,4.571161641294841,-0.4743211863037195,5198807449.2672,4761147646.8848,437659802.3824,1206678,122978
task3_final_horizon_specific,2026-01-18,ethusdt,120,-0.3059110309680167,-0.1657151320815275,-2.316290143083134,0.1401958988864892,5620398466.25384,5254004915.2055,366393551.0483401,2516031,142456
task3_final_horizon_specific,2026-01-19,btcusdt,120,-0.3029943147734737,0.556160870958618,-7.746092937841891,0.8591551857320917,9203663768.932,8251226558.878201,952437210.0538,2604101,221316
task3_final_horizon_specific,2026-01-19,ethusdt,120,0.4873176685748953,0.5654148431103115,-0.2359629601733042,0.0780971745354162,10393640977.42283,9380742953.36192,1012898024.06091,4963918,357687
task3_final_horizon_specific,2026-01-20,btcusdt,120,-0.2581107444140404,0.2341680767466557,-6.118914077282945,0.4922788211606962,15333244816.5256,14145123602.3115,1188121214.2141,4319703,311373
task3_final_horizon_specific,2026-01-20,ethusdt,120,0.5080775656975477,1.5555038047597325,-9.174644859106962,1.047426239062185,16479428640.91059,14870784948.82753,1608643692.08306,7483874,642021
task3_final_horizon_specific,2026-01-21,btcusdt,120,-0.3899741179813513,-0.8001101482524217,4.407696284352106,-0.4101360302710704,16474562600.3757,15177123497.5957,1297439102.78,5138497,377615
task3_final_horizon_specific,2026-01-21,ethusdt,120,-0.3683198971765424,-0.5478584285421941,1.4604723561397333,-0.1795385313656516,17846882831.24551,16251426964.40525,1595455866.84026,8932919,736826
task3_final_horizon_specific,2026-01-22,btcusdt,120,0.1727680375432468,0.2114326828293636,-0.9074293230569512,0.0386646452861167,8690556672.4113,8390236088.3626,300320584.04870003,3104780,83440
task3_final_horizon_specific,2026-01-22,ethusdt,120,-0.2891540171301117,-0.6123218094287587,5.539163127266536,-0.323167792298647,9952748859.68369,9429881956.91358,522866902.77011,6192986,269631
task3_final_horizon_specific,2026-01-23,btcusdt,120,-0.0448736638186898,0.1035093862329749,-2.3866817513389065,0.1483830500516647,10260028769.2721,9648664308.3549,611364460.9172,3152835,163369
task3_final_horizon_specific,2026-01-23,ethusdt,120,-0.2131974100074129,0.162433813316593,-6.009553280985345,0.3756312233240059,9596959507.5243,9012882194.18539,584077313.33891,6183798,300807
task3_final_horizon_specific,2026-01-24,btcusdt,120,-0.179571735638628,-0.1667951034791112,-1.398662971107412,0.0127766321595168,2457569544.7313995,2432080234.632,25489310.0994,698533,6370
task3_final_horizon_specific,2026-01-24,ethusdt,120,0.0371626463822302,0.1492656086327504,-8.97826877193005,0.1121029622505201,2233520686.41148,2206088931.59632,27431754.81516,1436652,13552
task3_final_horizon_specific,2026-01-25,btcusdt,120,0.905276371550544,1.420516130613599,-4.241979712054476,0.5152397590630549,9638205865.3693,8761209748.1354,876996117.2339001,2659166,231645
task3_final_horizon_specific,2026-01-25,ethusdt,120,1.2531455638937363,2.991830179119862,-15.219043749961196,1.7386846152261253,9616520425.135998,8698382384.078491,918138041.05751,5333723,476942
task3_final_horizon_specific,2026-01-26,btcusdt,120,-0.1108458045127249,0.0522304914856602,-3.3829405511233186,0.1630762959983852,10662750389.6195,10156562541.2922,506187848.3273,3514567,141288
task3_final_horizon_specific,2026-01-26,ethusdt,120,-0.3790593846446362,-0.2063321836314136,-3.313313863401685,0.1727272010132225,13525800239.78038,12773857081.54007,751943158.24031,7667632,377134
task3_final_horizon_specific,2026-01-27,btcusdt,120,0.1484751277649784,0.0302835657768993,2.944336155825086,-0.118191561988079,9431793152.5379,9049247426.0627,382545726.4752,3026970,105704
task3_final_horizon_specific,2026-01-27,ethusdt,120,-0.244924195985288,-0.3832080663737212,2.067354423665552,-0.1382838703884332,10952908877.24689,10334842356.71786,618066520.52903,6314624,332507
task3_final_horizon_specific,2026-01-28,btcusdt,120,-0.1041460499809892,0.0535590478312349,-4.092293403900624,0.1577050978122242,10129705775.081202,9744379413.6954,385326361.3858,3389933,101693
task3_final_horizon_specific,2026-01-28,ethusdt,120,0.3213326307530569,0.7163760770027756,-10.565461901159583,0.3950434462497187,8568024341.45563,8268007458.572559,300016882.88307,5524525,159404
task3_final_horizon_specific,2026-01-29,btcusdt,120,0.1491516989296606,0.1401466110939566,0.217547477672909,-0.009005087835704,17337945894.413902,15320788560.5148,2017157333.8991,4710938,535097
task3_final_horizon_specific,2026-01-29,ethusdt,120,0.5375112796193257,0.6688356965872433,-0.578960623767117,0.1313244169679176,15233587098.39992,13630327086.01326,1603260012.38666,7945861,761264
task3_final_horizon_specific,2026-01-30,btcusdt,120,-0.0021517658003508,-0.7405350993990856,7.786271731192517,-0.7383833335987348,19363486756.1627,17686695410.331497,1676791345.8312,6760362,495763
task3_final_horizon_specific,2026-01-30,ethusdt,120,-0.8435096028889011,-1.3262374419456475,5.098877437534217,-0.4827278390567464,18026448907.53639,16672096667.89109,1354352239.6453,12556942,820056
task3_final_horizon_specific,2026-01-31,btcusdt,120,2.1914200577311096,3.538902641650823,-5.4715238492030975,1.347482583919713,19094474308.4742,16238952252.3442,2855522056.13,6516077,920304
task3_final_horizon_specific,2026-01-31,ethusdt,120,2.4097190438372125,6.349582346026561,-18.556448638427074,3.939863302189349,21794117072.29702,18346524715.63614,3447592356.66088,13416775,1825241
task3_final_horizon_specific,2025-12-01,btcusdt,300,-0.4101264276152537,-1.0781816138631737,5.289048270645524,-0.66805518624792,23084398443.0136,20662363683.6296,2422034759.3840003,6118466,649401
task3_final_horizon_specific,2025-12-01,ethusdt,300,0.1843434470864685,-0.6757667856383069,8.777423456711443,-0.8601102327247755,17668497026.029182,16060906921.59291,1607590104.4362702,9649175,826013
task3_final_horizon_specific,2025-12-02,btcusdt,300,-0.0255852898748402,-0.0397655633189635,0.168290601442779,-0.0141802734441233,18647536756.4074,17376595467.222298,1270941289.1851,4986111,334253
task3_final_horizon_specific,2025-12-02,ethusdt,300,-0.1329075629702041,-0.0149266567194908,-1.7008033129847189,0.1179809062507133,13899909242.75878,12927166733.29411,972742509.46467,7673890,484120
task3_final_horizon_specific,2025-12-03,btcusdt,300,0.7210239016955634,1.1612365515106549,-5.605527947007562,0.4402126498150914,17083045254.2078,15971705762.5035,1111339491.7043,5133761,301138
task3_final_horizon_specific,2025-12-03,ethusdt,300,0.1210353368929358,0.6994171747546775,-7.660893126054992,0.5783818378617416,15623047708.6988,14542216169.95989,1080831538.73891,8190060,533173
task3_final_horizon_specific,2025-12-04,btcusdt,300,-0.264996755493728,-0.1816501115583454,-1.802646272850773,0.0833466439353825,12734406440.3688,12079642373.2734,654764067.0954,3979602,184300
task3_final_horizon_specific,2025-12-04,ethusdt,300,-0.2072815661397804,-0.465319100418218,3.2992273056602865,-0.2580375342784375,14691893578.95238,13684850609.08149,1007042969.87089,7312120,441782
task3_final_horizon_specific,2025-12-05,btcusdt,300,0.2901203365832086,0.2749820623252385,0.4570266603231203,-0.0151382742579701,14779615610.8184,13550587795.6313,1229027815.1871,4214882,300384
task3_final_horizon_specific,2025-12-05,ethusdt,300,0.1515721760056285,-0.0388957357664776,2.426877765716044,-0.1904679117721061,15472618635.1133,14277440992.355627,1195177642.75767,7782711,586728
task3_final_horizon_specific,2025-12-06,btcusdt,300,0.335425662947527,0.5015046588349614,-4.806730052119024,0.1660789958874343,4779649451.4916,4630108328.1574,149541123.3342,1554450,37248
task3_final_horizon_specific,2025-12-06,ethusdt,300,0.0360007195014735,0.1874706263100056,-5.375577927383929,0.1514699068085321,4654730132.84645,4527991792.773371,126738340.07308,2816013,63263
task3_final_horizon_specific,2025-12-07,btcusdt,300,-0.374167426328043,-0.5502320206797002,1.28557986768359,-0.1760645943516571,10767751009.3826,9735063659.6799,1032687349.7027,3064726,274132
task3_final_horizon_specific,2025-12-07,ethusdt,300,-1.6925487129048955,-4.149723577682465,18.1840830714694,-2.4571748647775697,11987217123.807867,10668378419.866167,1318838703.9417,5879541,613797
task3_final_horizon_specific,2025-12-08,btcusdt,300,0.4457127573758345,0.820996307688472,-6.473873105311369,0.3752835503126374,12956057419.4553,12289534833.3535,666522586.1018,3887813,165900
task3_final_horizon_specific,2025-12-08,ethusdt,300,0.6561531492413784,1.156398659506531,-8.341430002325907,0.5002455102651526,12595702562.06043,11932293705.1891,663408856.87133,7228851,338567
task3_final_horizon_specific,2025-12-09,btcusdt,300,-0.2779053631939199,-0.5283238147181255,2.7379470574605804,-0.2504184515242055,15254386612.9971,14084863317.4505,1169523295.5466,4196675,282881
task3_final_horizon_specific,2025-12-09,ethusdt,300,0.0949863176907914,-0.7362876390896114,8.030264273702544,-0.8312739567804028,16713570877.23268,15128733836.02684,1584837041.20584,8189199,715393
task3_final_horizon_specific,2025-12-10,btcusdt,300,-0.1318345547788081,0.7242167043316976,-12.430713197396992,0.8560512591105057,13470706686.3873,12594106392.3428,876600294.0445001,4010425,221460
task3_final_horizon_specific,2025-12-10,ethusdt,300,1.3826842313772572,3.813309709151121,-24.000555674040136,2.430625477773864,15128259323.7465,13806216089.551151,1322043234.19535,8716846,681844
task3_final_horizon_specific,2025-12-11,btcusdt,300,-0.2918849884242064,-0.4580684981561688,1.9588214859200568,-0.1661835097319624,15703317180.4207,14623569082.3814,1079748098.0393,4527341,277980
task3_final_horizon_specific,2025-12-11,ethusdt,300,0.1415796747581972,0.7582176685131701,-7.365882824832832,0.6166379937549729,15498484303.572948,14322113544.12386,1176370759.44909,8504464,595324
task3_final_horizon_specific,2025-12-12,btcusdt,300,-0.2459846400568446,-1.0133021315785111,10.204600735990445,-0.7673174915216667,12201885610.1803,11367262564.4321,834623045.7481999,3549989,206341
task3_final_horizon_specific,2025-12-12,ethusdt,300,-0.1437628825229178,-1.6000694591665998,13.789673604750398,-1.456306576643682,13684952227.52412,12389967259.46933,1294984968.05479,7404874,613031
task3_final_horizon_specific,2025-12-13,btcusdt,300,0.250872196312242,0.3830067399372434,-15.525299083017616,0.1321345436250013,2973507541.5984,2948809558.9001,24697982.6983,926626,6097
task3_final_horizon_specific,2025-12-13,ethusdt,300,0.1384634851319427,0.3939946494961597,-7.977486645913951,0.2555311643642171,4234057177.31861,4104816780.98659,129240396.33202,2396724,59058
task3_final_horizon_specific,2025-12-14,btcusdt,300,1.270323144705671,2.2424240030911267,-12.30844339559344,0.9721008583854556,7442384029.8624,6945180137.7757,497203892.0867,2194156,134669
task3_final_horizon_specific,2025-12-14,ethusdt,300,0.935342244561114,2.30712652736335,-19.09777035012103,1.371784282802236,7670937482.59599,7179327009.85166,491610472.74433,4232677,219395
task3_final_horizon_specific,2025-12-15,btcusdt,300,-0.1870282146223997,-0.5890136581027533,3.5765806516786456,-0.4019854434803536,15548287461.9883,14047856847.3,1500430614.6883,4491150,443055
task3_final_horizon_specific,2025-12-15,ethusdt,300,-0.3309094199469924,-1.268081821469628,7.916191737136435,-0.9371724015226356,17235111128.16028,15476423259.88004,1758687868.28024,9272580,855638
task3_final_horizon_specific,2025-12-16,btcusdt,300,0.4232036274984491,1.173019856918516,-11.568014535124712,0.7498162294200669,11776866870.928,11083792381.069,693074489.859,4010810,216622
task3_final_horizon_specific,2025-12-16,ethusdt,300,1.2537230242724255,2.684330595176389,-21.501489700382272,1.4306075709039636,12641484717.50637,11893732376.5344,747752340.9719701,8542214,436980
task3_final_horizon_specific,2025-12-17,btcusdt,300,-1.1471616757660594,-2.8970990176710867,14.548168280607106,-1.7499373419050273,16966673510.7515,15264743982.4315,1701929528.32,5283580,498351
task3_final_horizon_specific,2025-12-17,ethusdt,300,-0.3059158156435479,-1.2030655210249768,6.739934113309782,-0.8971497053814288,16118590395.227629,14298020171.135769,1820570224.09186,9455364,929281
task3_final_horizon_specific,2025-12-18,btcusdt,300,-0.166369899478835,-0.2673621031373964,0.7675876236520182,-0.1009922036585614,18342032717.479897,16552185099.0239,1789847618.456,5557200,529601
task3_final_horizon_specific,2025-12-18,ethusdt,300,-0.5362175311965509,-1.623385915998219,8.519424761638309,-1.087168384801668,17090076952.006647,15258258144.916512,1831818807.09014,10495580,1002592
task3_final_horizon_specific,2025-12-19,btcusdt,300,-0.150144921439645,0.2943029759368469,-6.322539462898356,0.4444478973764919,14596045821.62,13615641355.9861,980404465.6339,4725636,308148
task3_final_horizon_specific,2025-12-19,ethusdt,300,0.8072605257121479,2.474246287886288,-25.00316390973062,1.6669857621741402,13853683735.62835,13013215388.17984,840468347.44851,9299606,517886
task3_final_horizon_specific,2025-12-20,btcusdt,300,0.4667664736380008,0.6042988755075603,-10.314436729162695,0.1375324018695595,2942997809.3007,2905927806.6864,37070002.6143,915359,8508
task3_final_horizon_specific,2025-12-20,ethusdt,300,-0.0954431155144979,0.0333775983554988,-9.31563566704893,0.1288207138699967,2854873447.02256,2815535944.2280297,39337502.79453,1775297,18829
task3_final_horizon_specific,2025-12-21,btcusdt,300,0.5308618332661165,0.6949798156882562,-4.037909637914064,0.1641179824221397,5628290708.8631,5433123734.2952,195166974.5679,1820249,54584
task3_final_horizon_specific,2025-12-21,ethusdt,300,0.6693230197988183,1.1777352071839529,-10.479548130900591,0.5084121873851346,5286766455.66963,5056193309.253941,230573146.41569,3234227,127469
task3_final_horizon_specific,2025-12-22,btcusdt,300,0.7550500212031427,1.6735002826905638,-13.927295830105988,0.9184502614874211,12779680336.4176,12027314837.7697,752365498.6479,3960610,216800
task3_final_horizon_specific,2025-12-22,ethusdt,300,0.4097396600712085,0.9423310789585634,-6.932629753311342,0.5325914188873548,11498721524.86319,10721051572.87789,777669951.9853,7186190,432852
task3_final_horizon_specific,2025-12-23,btcusdt,300,-0.0341270803912715,0.1630631935054422,-3.993217942329759,0.1971902738967137,10802373840.5243,10289866869.3327,512506971.1916,3333940,141781
task3_final_horizon_specific,2025-12-23,ethusdt,300,0.1195613529282467,0.7374158989086093,-9.690051591848334,0.6178545459803625,11139674435.23058,10479619777.02624,660054658.20434,6519484,326798
task3_final_horizon_specific,2025-12-24,btcusdt,300,0.7195519274615332,1.480014898819672,-20.271148849713143,0.7604629713581388,6644074082.4541,6411784335.704,232289746.7501,2198255,67231
task3_final_horizon_specific,2025-12-24,ethusdt,300,0.5945017520753224,1.422685019003206,-18.602512718559023,0.8281832669278835,7111685714.8468,6817567315.324659,294118399.52214,4311622,155308
task3_final_horizon_specific,2025-12-25,btcusdt,300,-0.3719190916058736,-0.2112520187929659,-4.285907296616528,0.1606670728129076,4820501259.8751,4630424854.8525,190076405.0226,1487408,57219
task3_final_horizon_specific,2025-12-25,ethusdt,300,-0.0182033536127163,0.0429191063676085,-1.1824216505965277,0.0611224599803248,5111681956.52001,4856700985.68082,254980970.83919,2825217,133727
task3_final_horizon_specific,2025-12-26,btcusdt,300,-0.2868594411813662,-1.9023963921135705,21.39102971196434,-1.6155369509322042,12087820359.9366,11249458482.1925,838361877.7441001,3392588,214374
task3_final_horizon_specific,2025-12-26,ethusdt,300,0.2766127215833679,-0.6557817384081507,15.575325161244557,-0.9323944599915186,9878474588.76572,9311006514.24215,567468074.5235701,5299928,253794
task3_final_horizon_specific,2025-12-27,btcusdt,300,0.3298226179014301,0.4954523250341183,-8.043828649583823,0.1656297071326882,2257770615.0788,2213978416.7825,43792198.2963,692648,10217
task3_final_horizon_specific,2025-12-27,ethusdt,300,0.3880325927972942,0.8365525328905081,-14.908545836664544,0.4485199400932139,2514802790.9086,2443165309.1571,71637481.75150001,1318730,33674
task3_final_horizon_specific,2025-12-28,btcusdt,300,0.3011586734770006,0.5526623695525301,-10.967132118258323,0.2515036960755294,3026182793.2062,2960114239.7874,66068553.4188,871016,15129
task3_final_horizon_specific,2025-12-28,ethusdt,300,0.3930421008576653,0.6569889216506656,-12.358703998653366,0.2639468207930002,3263751844.58501,3197565823.7169504,66186020.86806001,1849830,32563
task3_final_horizon_specific,2025-12-29,btcusdt,300,-0.4000457198145215,-1.5446330080703643,12.900682444867384,-1.144587288255843,15197169143.2177,13993008065.8448,1204161077.3729,3634425,269159
task3_final_horizon_specific,2025-12-29,ethusdt,300,-0.7182210770468405,-1.5491468834124578,10.55502024505601,-0.8309258063656173,13916224763.83084,12960904983.40127,955319780.42957,6683239,419663
task3_final_horizon_specific,2025-12-30,btcusdt,300,-0.3381758715069493,-0.4752202898733368,2.5113687674118497,-0.1370444183663875,10115935315.4307,9651749434.8344,464185880.5963,2645751,105907
task3_final_horizon_specific,2025-12-30,ethusdt,300,-0.1996320370932462,-0.2475000233964553,0.8134838369661109,-0.0478679863032091,8984404807.91572,8579058994.13413,405345813.78159,4723088,174183
task3_final_horizon_specific,2025-12-31,btcusdt,300,0.4116651620104923,0.619284870578199,-4.610623626894133,0.2076197085677066,7627351957.1762,7324557254.1221,302794703.0541,2039601,69919
task3_final_horizon_specific,2025-12-31,ethusdt,300,0.4808650699723292,0.7846790531645084,-5.349990104075079,0.3038139831921791,6835255508.60377,6496745615.24554,338509893.35823,3452062,130813
task3_final_horizon_specific,2026-02-01,btcusdt,300,0.1348020360178982,0.7808843961789019,-8.882185548895485,0.6460823601610037,13595179919.170898,12686192818.91,908987100.2609,6344883,414632
task3_final_horizon_specific,2026-02-01,ethusdt,300,-0.1490942176810457,0.2885280829610877,-5.071615837558233,0.4376223006421334,16428200726.07704,15086940658.481678,1341260067.59536,14249624,1093107
task3_final_horizon_specific,2026-02-02,btcusdt,300,-0.3783908822019626,-0.3007820072762323,-1.302180371443851,0.0776088749257303,18795658671.019,17338985707.3495,1456672963.6695,9679527,676469
task3_final_horizon_specific,2026-02-02,ethusdt,300,0.4105125879181363,0.2402617715126792,2.5505188410148323,-0.170250816405457,20740413421.44527,19211980778.94775,1528432642.49752,19897576,1323854
task3_final_horizon_specific,2026-02-03,btcusdt,300,-0.5932023038709833,-1.4435902916614984,8.159234063698527,-0.8503879877905152,21647930470.5929,19730875721.7532,1917054748.8397,8225713,678201
task3_final_horizon_specific,2026-02-03,ethusdt,300,-1.3825410534387863,-1.92638733290079,3.921624137768086,-0.5438462794620036,22430362144.52658,20344410524.82312,2085951619.70346,16960881,1336979
task3_final_horizon_specific,2026-02-04,btcusdt,300,0.0918852395807833,1.6427571093635365,-16.22829263612493,1.550871869782753,20261582369.3745,18503257112.5226,1758325256.8519,8451770,693682
task3_final_horizon_specific,2026-02-04,ethusdt,300,-0.1988807819928532,1.6824400560140729,-20.768738743579327,1.8813208380069264,21471362473.96348,19672146405.92348,1799216068.04,17509220,1250762
task3_final_horizon_specific,2026-02-05,btcusdt,300,0.1110368180781343,1.5319769016892557,-7.8431267090831165,1.4209400836111212,41345673267.9503,35079105252.3378,6266568015.612499,16993430,2587562
task3_final_horizon_specific,2026-02-05,ethusdt,300,0.4749701127162807,1.3439085965276665,-6.404814717883681,0.8689384838113858,31813171056.23014,28245655802.275963,3567515253.95418,28231026,2633930
task3_final_horizon_specific,2026-02-06,btcusdt,300,-0.755587683334424,-1.8654462513858463,7.036716731802692,-1.1098585680514224,33209526120.3311,29069197845.5981,4140328274.733,14489846,1843049
task3_final_horizon_specific,2026-02-06,ethusdt,300,0.3416422429480702,0.5069049668639897,-1.6185164570643742,0.1652627239159194,23687209972.03989,21845404484.48987,1841805487.55002,22858524,1614842
task3_final_horizon_specific,2026-02-07,btcusdt,300,-0.4057595670558733,-0.1252622194837728,-3.459572632386653,0.2804973475721005,16670369478.078102,15267982224.7639,1402387253.3142,8123885,660360
task3_final_horizon_specific,2026-02-07,ethusdt,300,4.273341112366012,2.530697009404751,12.99847032866959,-1.7426441029612607,15930448628.87148,13278394413.14455,2652054215.7269297,13233940,1612220
task3_final_horizon_specific,2026-02-08,btcusdt,300,0.1353249184866828,1.1462597963983092,-14.761237262212106,1.0109348779116265,10523863339.0093,9855062932.4726,668800406.5367,5437172,321565
task3_final_horizon_specific,2026-02-08,ethusdt,300,0.5885373267928711,1.5734023927773118,-15.361256009499664,0.9848650659844408,8964650689.08348,8443295543.75356,521355145.32992,8010608,385400
task3_final_horizon_specific,2026-02-09,btcusdt,300,0.0447741817801541,0.309788377499952,-4.310371749890268,0.2650141957197979,14444540571.67,13615996063.126,828544508.544,7592875,405885
task3_final_horizon_specific,2026-02-09,ethusdt,300,-0.921421271869803,-1.1079804419599106,2.209752163115004,-0.1865591700901075,12016587057.782372,11340883263.755611,675703794.02676,10988298,531702
task3_final_horizon_specific,2026-02-10,btcusdt,300,0.257333092371458,0.3158258534046242,-0.8650578940005578,0.0584927610331661,11978672848.0884,11385332775.5052,593340072.5832,5975768,256384
task3_final_horizon_specific,2026-02-10,ethusdt,300,0.1777320481930396,-0.3277720983476959,9.707471729146114,-0.5055041465407355,10787941025.24146,10244521352.0736,543419673.16786,9400036,402433
task3_final_horizon_specific,2026-02-11,btcusdt,300,-0.3519661239167695,-0.4771103003004767,1.0390289475374517,-0.1251441763837071,16151977409.7226,14818771430.9245,1333205978.7981,7792370,568935
task3_final_horizon_specific,2026-02-11,ethusdt,300,-0.3400726356070561,-0.4105263906860474,0.5091207979868403,-0.0704537550789912,12930356053.61596,11939767325.997238,990588727.61872,11901172,738746
task3_final_horizon_specific,2026-02-12,btcusdt,300,0.5097736238998715,0.5564509890486304,-0.2940464675019184,0.0466773651487589,12515544981.579498,11828661489.287498,686883492.292,6180751,300080
task3_final_horizon_specific,2026-02-12,ethusdt,300,0.9115934693514532,1.3274465857149549,-8.96429744512147,0.4158531163635017,9751222703.30857,9357210149.4231,394012553.88547,10013556,331613
task3_final_horizon_specific,2026-02-13,btcusdt,300,0.0806002188293316,0.7755227638436146,-10.481572152023134,0.694922545014283,11417508577.6459,10712683382.7089,704825194.937,5231396,275019
task3_final_horizon_specific,2026-02-13,ethusdt,300,0.643987149867773,0.7865028037318976,-2.233297930830997,0.1425156538641246,9007682487.84652,8582576372.445271,425106115.40125,8264564,315264
task3_final_horizon_specific,2026-02-14,btcusdt,300,0.0895328189865104,0.2450287998949566,-4.079516763731843,0.1554959809084462,7247593690.386999,6986994819.700701,260598870.6863,2996388,104333
task3_final_horizon_specific,2026-02-14,ethusdt,300,0.8823514464221057,1.4325901259002414,-16.54470903810438,0.5502386794781357,5021980307.27981,4868270465.36008,153709841.91973,4192072,106532
task3_final_horizon_specific,2026-02-15,btcusdt,300,-0.8719262033890705,-0.9266895180006016,0.076365930221515,-0.0547633146115312,9511380700.2625,8992092624.412102,519288075.8504,3945924,185146
task3_final_horizon_specific,2026-02-15,ethusdt,300,-0.6170962812992509,-1.6301687564215337,13.953103699068857,-1.0130724751222826,9995075265.984669,9345292900.45996,649782365.5247099,7894895,444689
task3_final_horizon_specific,2026-02-16,btcusdt,300,-1.267117039754583,-2.084268822602412,11.590027012008646,-0.8171517828478292,9430790097.4375,8867222727.3153,563567370.1222,4072251,208827
task3_final_horizon_specific,2026-02-16,ethusdt,300,0.1402390939658297,0.1602995558072572,-0.2202405808488474,0.0200604618414275,7932571896.14237,7514400353.90962,418171542.23275006,7094861,325425
task3_final_horizon_specific,2026-02-17,btcusdt,300,-0.2008916728671629,-0.7651393929354491,10.123312157608362,-0.5642477200682862,9532691575.8291,9038700353.7708,493991222.0583,4546462,189189
task3_final_horizon_specific,2026-02-17,ethusdt,300,0.1195787645654606,0.1070482940222598,0.3335375396418616,-0.0125304705432008,8378675925.97901,7915127417.99449,463548507.98452,7601779,322176
task3_final_horizon_specific,2026-02-18,btcusdt,300,-0.2076975272580049,0.1575763196883124,-5.995405251622828,0.3652738469463173,10392995082.2044,9776011388.8562,616983693.3482,4209188,205746
task3_final_horizon_specific,2026-02-18,ethusdt,300,-0.0704884831328027,0.1563448116439733,-4.718066499491277,0.226833294776776,9242107841.84967,8812021491.18412,430086350.66555,7128961,274576
task3_final_horizon_specific,2026-02-19,btcusdt,300,-0.2067727126807326,-0.0630599446940838,-3.481549733599308,0.1437127679866487,9225344261.709,8837512253.615,387832008.094,4098115,145486
task3_final_horizon_specific,2026-02-19,ethusdt,300,-0.4151057624063433,-0.0271644115169871,-10.37490367520133,0.3879413508893562,7766193325.204,7475035280.623079,291158044.58092,6835595,223663
task3_final_horizon_specific,2026-02-20,btcusdt,300,-0.4382917948131506,0.8676034265145582,-21.965931244066,1.3058952213277089,14131968246.2703,13323732900.0128,808235346.2574999,4924658,239493
task3_final_horizon_specific,2026-02-20,ethusdt,300,0.6596795972012997,2.0946557656303635,-26.90646906577386,1.4349761684290638,8622461383.98692,8195821842.55014,426639541.43678,6829780,273926
task3_final_horizon_specific,2026-02-21,btcusdt,300,0.1487439947194638,0.1952790185330772,-1.4984609587633393,0.0465350238136133,5310957584.347099,5165040536.2916,145917048.05550003,1805109,41519
task3_final_horizon_specific,2026-02-21,ethusdt,300,0.1585370309917901,0.3114420362305177,-6.893143245880181,0.1529050052387276,3621331786.57508,3544475210.64248,76856575.93259999,2704454,47962
task3_final_horizon_specific,2026-02-22,btcusdt,300,0.0525550966125727,0.0829724206909787,-1.3822127630315255,0.0304173240784059,5158888616.0429,5051789807.8773,107098808.1656,1825455,37725
task3_final_horizon_specific,2026-02-22,ethusdt,300,-0.3453326327737774,-0.4531002335218282,4.368846044156464,-0.1077676007480507,3977471192.80571,3888577102.5755,88894090.23020999,2857183,43041
task3_final_horizon_specific,2026-02-23,btcusdt,300,0.0363201370304262,-0.6389770275485648,6.833985386804828,-0.675297164578991,16832583977.339298,15311500958.0266,1521083019.3126998,6112127,514487
task3_final_horizon_specific,2026-02-23,ethusdt,300,0.1824335090486768,-0.0692118532908902,2.959849938315568,-0.251645362339567,11789127333.5059,10809722018.062,979405315.4439,8726897,610320
task3_final_horizon_specific,2026-02-24,btcusdt,300,0.1415505023952722,0.9410950583257748,-11.114878359066804,0.7995445559305026,13298851195.783,12416879769.205502,881971426.5775,5453968,304475
task3_final_horizon_specific,2026-02-24,ethusdt,300,-0.1393616472580935,1.295236236739746,-25.65339012628004,1.4345978839978395,9550086888.23087,9041692350.51699,508394537.71388,8317409,332514
task3_final_horizon_specific,2026-02-25,btcusdt,300,-0.1089231106424017,-0.3170618067712915,1.988245421665369,-0.2081386961288897,18487630910.734497,16818442810.8551,1669188099.8794,6435525,561301
task3_final_horizon_specific,2026-02-25,ethusdt,300,-0.3965715331133905,-0.9348352679815992,4.453722900090533,-0.5382637348682087,16054964920.23231,14451232509.520647,1603732410.71166,10311234,939819
task3_final_horizon_specific,2026-02-26,btcusdt,300,0.1687317260881315,0.4051270627653617,-4.340966183729456,0.2363953366772301,11426027357.5474,10856915154.354698,569112203.1926999,5123413,214105
task3_final_horizon_specific,2026-02-26,ethusdt,300,0.5136639039677027,0.6099609235851504,-1.0428056479642602,0.0962970196174477,10308955542.65344,9708313134.21239,600642408.44105,8142238,387286
task3_final_horizon_specific,2026-02-27,btcusdt,300,0.3597829635065184,0.5706513502504446,-3.0082786119229974,0.2108683867439261,12655338207.9051,11909693342.036,745644865.8691,5134751,267479
task3_final_horizon_specific,2026-02-27,ethusdt,300,0.6151083646585405,1.6972754174859184,-16.14857103703835,1.082167052827378,10795183797.20362,10140566922.38522,654616874.8183999,8362535,414246
task3_final_horizon_specific,2026-02-28,btcusdt,300,-0.2201487503356782,-0.0391631391251724,-1.7778575315103422,0.1809856112105057,15112081555.0137,13539022293.4921,1573059261.5216002,5798747,610449
task3_final_horizon_specific,2026-02-28,ethusdt,300,0.545769847837528,1.0465103539619878,-4.544648290302637,0.5007405061244597,11403769335.27199,10382455222.76182,1021314112.51017,9268795,794480
task3_final_horizon_specific,2026-01-01,btcusdt,300,0.432657795752758,0.5468496410518194,-8.368878352261506,0.1141918452990614,3965372747.4532,3914584608.5968,50788138.8564,1045073,11910
task3_final_horizon_specific,2026-01-01,ethusdt,300,0.5146628627581723,0.8284391083209329,-15.953068874475903,0.3137762455627606,3088549091.82189,3030800208.9883804,57748882.83351,1607414,23276
task3_final_horizon_specific,2026-01-02,btcusdt,300,0.273089786711308,0.6688252395769174,-5.603624513712298,0.3957354528656094,14073548406.5286,13185633433.7282,887914972.8004,3540694,221115
task3_final_horizon_specific,2026-01-02,ethusdt,300,0.5068805324633564,1.0468269294032326,-6.840093264060422,0.5399463969398762,13583512766.75853,12653571979.19021,929940787.56832,6361806,397020
task3_final_horizon_specific,2026-01-03,btcusdt,300,0.2575715597977407,0.3011539424836565,-2.445208055971632,0.0435823826859157,4717389042.4997,4642528170.318901,74860872.18079999,1261828,19495
task3_final_horizon_specific,2026-01-03,ethusdt,300,0.2603478349394773,0.3070096697704448,-1.565431801844264,0.0466618348309675,4434897414.4128,4324378365.47016,110519048.94264,2119674,41704
task3_final_horizon_specific,2026-01-04,btcusdt,300,-0.2465500299521015,-0.1879291061705858,-1.5870270277117742,0.0586209237815157,6238277636.3538,5976899506.7617,261378129.5921,1691141,63169
task3_final_horizon_specific,2026-01-04,ethusdt,300,0.6614602219286383,1.0125969087358528,-7.612134361591952,0.3511366868072145,5674446939.007441,5443424494.92488,231022444.08256,2885585,93542
task3_final_horizon_specific,2026-01-05,btcusdt,300,0.5842728192458735,1.2526052905802034,-8.204609542692461,0.6683324713343299,15726737986.6588,14615344214.8189,1111393771.8399,3798589,267162
task3_final_horizon_specific,2026-01-05,ethusdt,300,0.5012435877346004,1.3100961717554105,-11.5752805048032,0.8088525840208101,13609215617.38143,12754925557.0341,854290060.34733,6312136,357502
task3_final_horizon_specific,2026-01-06,btcusdt,300,-0.5284521585576463,-0.6282159125793643,0.6441093907622217,-0.099763754021718,15275628113.858,14077857385.1963,1197770728.6617,3373750,226377
task3_final_horizon_specific,2026-01-06,ethusdt,300,-0.5418387747195126,-1.2712406584200082,7.999330123182663,-0.7294018837004956,13848981096.85716,12759353161.60355,1089627935.25361,5970393,423156
task3_final_horizon_specific,2026-01-07,btcusdt,300,0.1682153157185827,0.5075562851327667,-5.74918622267528,0.339340969414184,12304093507.0582,11636768135.551,667325371.5072,2986016,142455
task3_final_horizon_specific,2026-01-07,ethusdt,300,0.9525496819949254,2.217044094675028,-17.529013928497427,1.2644944126801023,13236108413.85168,12388496950.57621,847611463.27547,5692786,330436
task3_final_horizon_specific,2026-01-08,btcusdt,300,0.4383933197731306,0.892221549892135,-7.07042361896119,0.4538282301190043,13520210729.7752,12749630956.821,770579772.9541999,3496188,187024
task3_final_horizon_specific,2026-01-08,ethusdt,300,1.0405685541629446,1.6898740033707291,-10.891238123881946,0.6493054492077848,12312899623.21822,11677436498.8108,635463124.4074199,5818703,270171
task3_final_horizon_specific,2026-01-09,btcusdt,300,-0.3701495703189716,-1.2148050146648957,10.932819808665949,-0.844655444345924,11701757189.2934,10888104062.6865,813653126.6069,3135512,190992
task3_final_horizon_specific,2026-01-09,ethusdt,300,0.0807736741313071,0.2179241423600264,-2.1290866997521443,0.1371504682287193,10822158878.93017,10189752700.45887,632406178.4712999,5518038,282841
task3_final_horizon_specific,2026-01-10,btcusdt,300,0.2604766396598387,0.260264366916995,0.7154116623240322,-0.0002122727428437,2141846818.2898,2140847898.3721,998919.9177000002,599474,302
task3_final_horizon_specific,2026-01-10,ethusdt,300,0.2351135640565848,0.2423017888545872,-3.956304500377074,0.0071882247980024,2049696398.15312,2046187214.99504,3509183.15808,1069561,1848
task3_final_horizon_specific,2026-01-11,btcusdt,300,-0.0578298160826565,0.1431328973749215,-5.898459163761891,0.2009627134575781,3632073527.9824,3511259122.7272005,120814405.2552,1008173,30180
task3_final_horizon_specific,2026-01-11,ethusdt,300,-0.5947457498038627,-0.5053913155076105,-3.964638135266729,0.0893544342962522,4446707518.174561,4331846377.73849,114861140.43607,2081802,50903
task3_final_horizon_specific,2026-01-12,btcusdt,300,-0.5105844350710328,-0.8386007729023095,5.454690115297062,-0.3280163378312767,13992793576.8332,13263466903.9301,729326672.9031,3612417,168842
task3_final_horizon_specific,2026-01-12,ethusdt,300,0.0991893641129514,0.0220809076600572,1.294986084038058,-0.0771084564528941,11561359608.38831,10861010037.62427,700349570.76404,5428826,269113
task3_final_horizon_specific,2026-01-13,btcusdt,300,-0.5100784890416682,-0.1451091334389692,-4.626618703576858,0.364969355602699,16988625303.8118,15605089793.5848,1383535510.2269998,4007449,308099
task3_final_horizon_specific,2026-01-13,ethusdt,300,-3.54711532489498,-5.241713325220068,13.718308328164175,-1.6945980003250876,13882426573.66765,12641650970.05973,1240775603.6079202,6171747,543032
task3_final_horizon_specific,2026-01-14,btcusdt,300,0.1808939863780576,0.2698469256715419,-1.124318068658357,0.0889529392934843,15733426017.5577,14729574611.7985,1003851405.7592,4104296,244541
task3_final_horizon_specific,2026-01-14,ethusdt,300,0.552464120718391,1.2778618739503218,-13.101663387500729,0.7253977532319308,15061498577.86014,14301697608.77146,759800969.08868,7354726,343937
task3_final_horizon_specific,2026-01-15,btcusdt,300,-0.0575942669345785,0.1863511375500746,-3.968280863164167,0.2439454044846531,12994148917.7207,12231178114.7417,762970802.9790001,3600948,197635
task3_final_horizon_specific,2026-01-15,ethusdt,300,0.202644463327975,0.3011404196958381,-1.5095681800338925,0.098495956367863,13010362217.70432,12302645874.21516,707716343.48916,6437814,309370
task3_final_horizon_specific,2026-01-16,btcusdt,300,0.2234714575047966,0.4695285821989057,-5.679206639125384,0.2460571246941091,8690245815.4679,8342483743.875799,347762071.5921,2321910,78952
task3_final_horizon_specific,2026-01-16,ethusdt,300,0.6292290847055473,0.8280684106129176,-6.112397262203708,0.1988393259073703,7840453207.00027,7615829888.626369,224623318.3739,4080282,94537
task3_final_horizon_specific,2026-01-17,btcusdt,300,0.377588962487512,0.4006465056078516,-4.467520525027262,0.0230575431203395,3179483118.2510004,3164423842.6267,15059275.6243,814888,3734
task3_final_horizon_specific,2026-01-17,ethusdt,300,0.5366641374975132,0.5950375588619199,-3.688789327443285,0.0583734213644067,3504692636.68885,3456936061.67687,47756575.01198,1559271,17485
task3_final_horizon_specific,2026-01-18,btcusdt,300,0.0006617385430982,-0.996568034536436,10.849175039640407,-0.9972297730795344,5198807449.2672,4761147646.8848,437659802.3824,1206678,122978
task3_final_horizon_specific,2026-01-18,ethusdt,300,-0.0455032150332394,-0.051890908216328,0.046094934783387,-0.0063876931830886,5620398466.25384,5254004915.2055,366393551.0483401,2516031,142456
task3_final_horizon_specific,2026-01-19,btcusdt,300,0.4207189325727157,1.1444608717030162,-5.8492573418618194,0.7237419391303006,9203663768.932,8251226558.878201,952437210.0538,2604101,221316
task3_final_horizon_specific,2026-01-19,ethusdt,300,1.095728039250408,1.7649301065649563,-5.101946779156271,0.6692020673145485,10393640977.42283,9380742953.36192,1012898024.06091,4963918,357687
task3_final_horizon_specific,2026-01-20,btcusdt,300,0.3200366390605967,1.4967802434677162,-13.689631342146564,1.1767436044071196,15333244816.5256,14145123602.3115,1188121214.2141,4319703,311373
task3_final_horizon_specific,2026-01-20,ethusdt,300,1.1043685522263147,2.8048220462360582,-14.615133752324809,1.7004534940097435,16479428640.91059,14870784948.82753,1608643692.08306,7483874,642021
task3_final_horizon_specific,2026-01-21,btcusdt,300,-0.2387170266331652,-0.640317547427956,4.4591070852972825,-0.4016005207947907,16474562600.3757,15177123497.5957,1297439102.78,5138497,377615
task3_final_horizon_specific,2026-01-21,ethusdt,300,-0.5522197740234037,-0.9915927790686766,3.923264913475898,-0.4393730050452729,17846882831.24551,16251426964.40525,1595455866.84026,8932919,736826
task3_final_horizon_specific,2026-01-22,btcusdt,300,0.534827299291555,0.7308998500799075,-4.942969025501735,0.1960725507883525,8690556672.4113,8390236088.3626,300320584.04870003,3104780,83440
task3_final_horizon_specific,2026-01-22,ethusdt,300,-0.0286539335714122,0.2853885730377953,-5.692396945586301,0.3140425066092076,9952748859.68369,9429881956.91358,522866902.77011,6192986,269631
task3_final_horizon_specific,2026-01-23,btcusdt,300,0.3734467919544949,0.8290478607604914,-6.816931537923806,0.4556010688059965,10260028769.2721,9648664308.3549,611364460.9172,3152835,163369
task3_final_horizon_specific,2026-01-23,ethusdt,300,0.3830485579113928,1.1982068000564303,-12.195637582239074,0.8151582421450375,9596959507.5243,9012882194.18539,584077313.33891,6183798,300807
task3_final_horizon_specific,2026-01-24,btcusdt,300,-0.1247738890682575,-0.079358468858481,-4.458117765735366,0.0454154202097764,2457569544.7313995,2432080234.632,25489310.0994,698533,6370
task3_final_horizon_specific,2026-01-24,ethusdt,300,0.1288715637598529,0.2608238075338324,-10.482858763029222,0.1319522437739794,2233520686.41148,2206088931.59632,27431754.81516,1436652,13552
task3_final_horizon_specific,2026-01-25,btcusdt,300,0.6285311914731798,0.8508977687328082,-1.5929156154879562,0.2223665772596283,9638205865.3693,8761209748.1354,876996117.2339001,2659166,231645
task3_final_horizon_specific,2026-01-25,ethusdt,300,1.4079404756814062,2.3979855640497574,-7.971684777823677,0.9900450883683511,9616520425.135998,8698382384.078491,918138041.05751,5333723,476942
task3_final_horizon_specific,2026-01-26,btcusdt,300,-0.1466500417477277,0.0849843129631686,-4.79434914813143,0.2316343547108964,10662750389.6195,10156562541.2922,506187848.3273,3514567,141288
task3_final_horizon_specific,2026-01-26,ethusdt,300,-0.4500989883588115,-0.2378129256843027,-4.056371344573814,0.2122860626745087,13525800239.78038,12773857081.54007,751943158.24031,7667632,377134
task3_final_horizon_specific,2026-01-27,btcusdt,300,0.1999187550293943,0.0456075784877887,3.850201376138109,-0.1543111765416055,9431793152.5379,9049247426.0627,382545726.4752,3026970,105704
task3_final_horizon_specific,2026-01-27,ethusdt,300,-0.2158116778672574,-0.658800130227018,7.191507225389064,-0.4429884523597606,10952908877.24689,10334842356.71786,618066520.52903,6314624,332507
task3_final_horizon_specific,2026-01-28,btcusdt,300,0.1385251761074499,0.5041369159292552,-9.10729828147302,0.3656117398218053,10129705775.081202,9744379413.6954,385326361.3858,3389933,101693
task3_final_horizon_specific,2026-01-28,ethusdt,300,0.387204332426968,0.913103487536552,-14.105773846396763,0.5258991551095842,8568024341.45563,8268007458.572559,300016882.88307,5524525,159404
task3_final_horizon_specific,2026-01-29,btcusdt,300,-0.3102964023277049,-1.209541891868561,6.519686454101891,-0.899245489540856,17337945894.413902,15320788560.5148,2017157333.8991,4710938,535097
task3_final_horizon_specific,2026-01-29,ethusdt,300,0.0988883044215052,-0.4223463487643535,4.530233661131193,-0.5212346531858588,15233587098.39992,13630327086.01326,1603260012.38666,7945861,761264
task3_final_horizon_specific,2026-01-30,btcusdt,300,-0.992776692087915,-2.68693063239226,16.87705833233038,-1.6941539403043442,19363486756.1627,17686695410.331497,1676791345.8312,6760362,495763
task3_final_horizon_specific,2026-01-30,ethusdt,300,-1.2355660686459404,-2.278145978856219,11.598608482266505,-1.0425799102102786,18026448907.53639,16672096667.89109,1354352239.6453,12556942,820056
task3_final_horizon_specific,2026-01-31,btcusdt,300,2.016448962335236,3.512965648655401,-6.494030920606059,1.4965166863201649,19094474308.4742,16238952252.3442,2855522056.13,6516077,920304
task3_final_horizon_specific,2026-01-31,ethusdt,300,3.0529152703336133,5.632516647172638,-10.674554662481723,2.5796013768390247,21794117072.29702,18346524715.63614,3447592356.66088,13416775,1825241
