strategy,date,symbol,horizon_s,pnl_all,pnl_kept,pnl_filtered,score,all_clipped_turnover,kept_clipped_turnover,filtered_clipped_turnover,kept_trade_count,filtered_trade_count
no_filter,2025-12-01,btcusdt,30,0.0258237172732453,0.0258237172732453,,0.0,23084398443.0136,23084398443.0136,0.0,6767867,0
no_filter,2025-12-01,btcusdt,120,-0.1696298313137473,-0.1696298313137473,,0.0,23084398443.0136,23084398443.0136,0.0,6767867,0
no_filter,2025-12-01,btcusdt,300,-0.4101264276152537,-0.4101264276152537,,0.0,23084398443.0136,23084398443.0136,0.0,6767867,0
task3_maker_q90_win30,2025-12-01,btcusdt,30,0.0258237172732453,0.1128520981018408,-0.5263066524919627,0.0870283808285955,23084398443.0136,19941207777.1091,3143190665.9045,5917358,850509
task3_maker_q90_win30,2025-12-01,btcusdt,120,-0.1696298313137473,-0.5218192936587056,2.064750450389004,-0.3521894623449582,23084398443.0136,19941207777.1091,3143190665.9045,5917358,850509
task3_maker_q90_win30,2025-12-01,btcusdt,300,-0.4101264276152537,-1.2020731211646762,4.614186521570439,-0.7919466935494226,23084398443.0136,19941207777.1091,3143190665.9045,5917358,850509
task3_maker_q90_win60,2025-12-01,btcusdt,30,0.0258237172732453,0.0924452866537626,-0.2605709613248412,0.0666215693805173,23084398443.0136,18727888335.377,4356510107.6366,5552184,1215683
task3_maker_q90_win60,2025-12-01,btcusdt,120,-0.1696298313137473,-0.6469906460114377,1.8824622819748067,-0.4773608146976903,23084398443.0136,18727888335.377,4356510107.6366,5552184,1215683
task3_maker_q90_win60,2025-12-01,btcusdt,300,-0.4101264276152537,-1.686263148293247,5.075766044810803,-1.2761367206779934,23084398443.0136,18727888335.377,4356510107.6366,5552184,1215683
task3_maker_q95_win30,2025-12-01,btcusdt,30,0.0258237172732453,0.1334995881544649,-0.8927584770901207,0.1076758708812196,23084398443.0136,20662363683.6296,2422034759.3840003,6118466,649401
task3_maker_q95_win30,2025-12-01,btcusdt,120,-0.1696298313137473,-0.3472729934707377,1.3458428959774371,-0.1776431621569903,23084398443.0136,20662363683.6296,2422034759.3840003,6118466,649401
task3_maker_q95_win30,2025-12-01,btcusdt,300,-0.4101264276152537,-1.0781816138631737,5.289048270645524,-0.66805518624792,23084398443.0136,20662363683.6296,2422034759.3840003,6118466,649401
task3_maker_q95_win60,2025-12-01,btcusdt,30,0.0258237172732453,0.1086485174293112,-0.4359299284259388,0.0828248001560658,23084398443.0136,19573498034.9688,3510900408.0448003,5794170,973697
task3_maker_q95_win60,2025-12-01,btcusdt,120,-0.1696298313137473,-0.4273590752038601,1.2672274595618025,-0.2577292438901127,23084398443.0136,19573498034.9688,3510900408.0448003,5794170,973697
task3_maker_q95_win60,2025-12-01,btcusdt,300,-0.4101264276152537,-1.4490742623492547,5.382075297903348,-1.038947834734001,23084398443.0136,19573498034.9688,3510900408.0448003,5794170,973697
task3_maker_q99_win30,2025-12-01,btcusdt,30,0.0258237172732453,0.1559471321605049,-2.8089882676209545,0.1301234148872595,23084398443.0136,22071283365.9551,1013115077.0585,6493645,274222
task3_maker_q99_win30,2025-12-01,btcusdt,120,-0.1696298313137473,-0.3045001552984919,2.7685962455977324,-0.1348703239847445,23084398443.0136,22071283365.9551,1013115077.0585,6493645,274222
task3_maker_q99_win30,2025-12-01,btcusdt,300,-0.4101264276152537,-0.8305066686871472,8.748094224953835,-0.4203802410718935,23084398443.0136,22071283365.9551,1013115077.0585,6493645,274222
task3_maker_q99_win60,2025-12-01,btcusdt,30,0.0258237172732453,0.1359083257927209,-1.4313468400922202,0.1100846085194756,23084398443.0136,21462941375.3817,1621457067.6318998,6321624,446243
task3_maker_q99_win60,2025-12-01,btcusdt,120,-0.1696298313137473,-0.3496196525773882,2.212863704323885,-0.1799898212636408,23084398443.0136,21462941375.3817,1621457067.6318998,6321624,446243
task3_maker_q99_win60,2025-12-01,btcusdt,300,-0.4101264276152537,-1.006360952449543,7.482124873978909,-0.5962345248342893,23084398443.0136,21462941375.3817,1621457067.6318998,6321624,446243
no_filter,2025-12-01,ethusdt,30,0.6900913885137601,0.6900913885137601,,0.0,17668497026.029182,17668497026.029182,0.0,10475188,0
no_filter,2025-12-01,ethusdt,120,0.8551952485310531,0.8551952485310531,,0.0,17668497026.029182,17668497026.029182,0.0,10475188,0
no_filter,2025-12-01,ethusdt,300,0.1843434470864685,0.1843434470864685,,0.0,17668497026.029182,17668497026.029182,0.0,10475188,0
task3_maker_q90_win30,2025-12-01,ethusdt,30,0.6900913885137601,1.1319249835505223,-2.4381512894861457,0.4418335950367622,17668497026.029182,15481839105.338127,2186657920.69105,9308020,1167168
task3_maker_q90_win30,2025-12-01,ethusdt,120,0.8551952485310531,1.073314452916038,-0.6891187459530469,0.218119204384985,17668497026.029182,15481839105.338127,2186657920.69105,9308020,1167168
task3_maker_q90_win30,2025-12-01,ethusdt,300,0.1843434470864685,-0.7365061992875244,6.7040857124263535,-0.9208496463739928,17668497026.029182,15481839105.338127,2186657920.69105,9308020,1167168
task3_maker_q90_win60,2025-12-01,ethusdt,30,0.6900913885137601,1.1717040046428076,-1.4690398469184132,0.4816126161290475,17668497026.029182,14446158338.865929,3222338687.16325,8704107,1771081
task3_maker_q90_win60,2025-12-01,ethusdt,120,0.8551952485310531,1.0489881347238157,-0.0136031586751832,0.1937928861927625,17668497026.029182,14446158338.865929,3222338687.16325,8704107,1771081
task3_maker_q90_win60,2025-12-01,ethusdt,300,0.1843434470864685,-1.2001104012739994,6.391027923160089,-1.384453848360468,17668497026.029182,14446158338.865929,3222338687.16325,8704107,1771081
task3_maker_q95_win30,2025-12-01,ethusdt,30,0.6900913885137601,1.0672692895173794,-3.0781696527702658,0.3771779010036193,17668497026.029182,16060906921.59291,1607590104.4362702,9649175,826013
task3_maker_q95_win30,2025-12-01,ethusdt,120,0.8551952485310531,1.0476994555035426,-1.06805131890437,0.1925042069724895,17668497026.029182,16060906921.59291,1607590104.4362702,9649175,826013
task3_maker_q95_win30,2025-12-01,ethusdt,300,0.1843434470864685,-0.6757667856383069,8.777423456711443,-0.8601102327247755,17668497026.029182,16060906921.59291,1607590104.4362702,9649175,826013
task3_maker_q95_win60,2025-12-01,ethusdt,30,0.6900913885137601,1.0976440219750134,-1.945596312556268,0.4075526334612533,17668497026.029182,15302320943.728542,2366176082.30064,9209691,1265497
task3_maker_q95_win60,2025-12-01,ethusdt,120,0.8551952485310531,1.0096782547900065,-0.1438633421669186,0.1544830062589534,17668497026.029182,15302320943.728542,2366176082.30064,9209691,1265497
task3_maker_q95_win60,2025-12-01,ethusdt,300,0.1843434470864685,-1.014408997838819,7.936807340851467,-1.198752444925288,17668497026.029182,15302320943.728542,2366176082.30064,9209691,1265497
task3_maker_q99_win30,2025-12-01,ethusdt,30,0.6900913885137601,0.9603380475280008,-5.108234224750422,0.2702466590142408,17668497026.029182,16881680609.110289,786816416.91889,10090294,384894
task3_maker_q99_win30,2025-12-01,ethusdt,120,0.8551952485310531,1.041081804182465,-3.133127052016757,0.1858865556514118,17668497026.029182,16881680609.110289,786816416.91889,10090294,384894
task3_maker_q99_win30,2025-12-01,ethusdt,300,0.1843434470864685,-0.2431679297777967,9.356890391703033,-0.4275113768642653,17668497026.029182,16881680609.110289,786816416.91889,10090294,384894
task3_maker_q99_win60,2025-12-01,ethusdt,30,0.6900913885137601,0.9982113904182268,-3.5152071660952187,0.3081200019044667,17668497026.029182,16462312120.03309,1206184905.99609,9861206,613982
task3_maker_q99_win60,2025-12-01,ethusdt,120,0.8551952485310531,1.007114807837402,-1.2182407478957649,0.151919559306349,17668497026.029182,16462312120.03309,1206184905.99609,9861206,613982
task3_maker_q99_win60,2025-12-01,ethusdt,300,0.1843434470864685,-0.6072141002278608,10.98771807072697,-0.7915575473143294,17668497026.029182,16462312120.03309,1206184905.99609,9861206,613982
no_filter,2025-12-02,btcusdt,30,0.0510315669818101,0.0510315669818101,,0.0,18647536756.4074,18647536756.4074,0.0,5320364,0
no_filter,2025-12-02,btcusdt,120,0.250936291124896,0.250936291124896,,0.0,18647536756.4074,18647536756.4074,0.0,5320364,0
no_filter,2025-12-02,btcusdt,300,-0.0255852898748402,-0.0255852898748402,,0.0,18647536756.4074,18647536756.4074,0.0,5320364,0
task3_maker_q90_win30,2025-12-02,btcusdt,30,0.0510315669818101,0.1272827580574604,-0.6650408161795512,0.0762511910756502,18647536756.4074,16852945588.6862,1794591167.7212,4852061,468303
task3_maker_q90_win30,2025-12-02,btcusdt,120,0.250936291124896,0.4722232071620535,-1.8271617306089096,0.2212869160371575,18647536756.4074,16852945588.6862,1794591167.7212,4852061,468303
task3_maker_q90_win30,2025-12-02,btcusdt,300,-0.0255852898748402,-0.0311727545433858,0.0268864038075032,-0.0055874646685456,18647536756.4074,16852945588.6862,1794591167.7212,4852061,468303
task3_maker_q90_win60,2025-12-02,btcusdt,30,0.0510315669818101,0.1541463870183596,-0.5875200904596433,0.1031148200365495,18647536756.4074,16054946346.631302,2592590409.7761,4624994,695370
task3_maker_q90_win60,2025-12-02,btcusdt,120,0.250936291124896,0.5258746343989856,-1.4516544201777888,0.2749383432740896,18647536756.4074,16054946346.631302,2592590409.7761,4624994,695370
task3_maker_q90_win60,2025-12-02,btcusdt,300,-0.0255852898748402,-0.1335892993375023,0.6432432958537689,-0.1080040094626621,18647536756.4074,16054946346.631302,2592590409.7761,4624994,695370
task3_maker_q95_win30,2025-12-02,btcusdt,30,0.0510315669818101,0.119818918254389,-0.8894445875789692,0.0687873512725789,18647536756.4074,17376595467.222298,1270941289.1851,4986111,334253
task3_maker_q95_win30,2025-12-02,btcusdt,120,0.250936291124896,0.3912081824662868,-1.6668925905100276,0.1402718913413908,18647536756.4074,17376595467.222298,1270941289.1851,4986111,334253
task3_maker_q95_win30,2025-12-02,btcusdt,300,-0.0255852898748402,-0.0397655633189635,0.168290601442779,-0.0141802734441233,18647536756.4074,17376595467.222298,1270941289.1851,4986111,334253
task3_maker_q95_win60,2025-12-02,btcusdt,30,0.0510315669818101,0.1220832429987141,-0.6017507253591106,0.0710516760169039,18647536756.4074,16817091104.436298,1830445651.9711,4824754,495610
task3_maker_q95_win60,2025-12-02,btcusdt,120,0.250936291124896,0.4333791829305001,-1.425244987214474,0.1824428918056041,18647536756.4074,16817091104.436298,1830445651.9711,4824754,495610
task3_maker_q95_win60,2025-12-02,btcusdt,300,-0.0255852898748402,-0.1409902375362361,1.0346895763220838,-0.1154049476613959,18647536756.4074,16817091104.436298,1830445651.9711,4824754,495610
task3_maker_q99_win30,2025-12-02,btcusdt,30,0.0510315669818101,0.0482717762596549,0.148803040227296,-0.0027597907221551,18647536756.4074,18135623378.4164,511913377.991,5196393,123971
task3_maker_q99_win30,2025-12-02,btcusdt,120,0.250936291124896,0.3160984523465738,-2.057572267642982,0.0651621612216778,18647536756.4074,18135623378.4164,511913377.991,5196393,123971
task3_maker_q99_win30,2025-12-02,btcusdt,300,-0.0255852898748402,0.1792402955559995,-7.28196856748215,0.2048255854308397,18647536756.4074,18135623378.4164,511913377.991,5196393,123971
task3_maker_q99_win60,2025-12-02,btcusdt,30,0.0510315669818101,0.0856863713984785,-0.7283398212914705,0.0346548044166684,18647536756.4074,17853671958.2607,793864798.1466999,5115898,204466
task3_maker_q99_win60,2025-12-02,btcusdt,120,0.250936291124896,0.4444994623876948,-4.102214737859308,0.1935631712627987,18647536756.4074,17853671958.2607,793864798.1466999,5115898,204466
task3_maker_q99_win60,2025-12-02,btcusdt,300,-0.0255852898748402,0.3011499459267817,-7.373717781484758,0.3267352358016219,18647536756.4074,17853671958.2607,793864798.1466999,5115898,204466
no_filter,2025-12-02,ethusdt,30,0.1882547218675244,0.1882547218675244,,0.0,13899909242.75878,13899909242.75878,0.0,8158010,0
no_filter,2025-12-02,ethusdt,120,0.0321671102297127,0.0321671102297127,,0.0,13899909242.75878,13899909242.75878,0.0,8158010,0
no_filter,2025-12-02,ethusdt,300,-0.1329075629702041,-0.1329075629702041,,0.0,13899909242.75878,13899909242.75878,0.0,8158010,0
task3_maker_q90_win30,2025-12-02,ethusdt,30,0.1882547218675244,0.3670270864917748,-1.3942744447353603,0.1787723646242503,13899909242.75878,12489066409.016869,1410842833.74191,7457525,700485
task3_maker_q90_win30,2025-12-02,ethusdt,120,0.0321671102297127,0.0563082896678435,-0.1815354978738101,0.0241411794381307,13899909242.75878,12489066409.016869,1410842833.74191,7457525,700485
task3_maker_q90_win30,2025-12-02,ethusdt,300,-0.1329075629702041,-0.0072288316921248,-1.24544113764905,0.1256787312780793,13899909242.75878,12489066409.016869,1410842833.74191,7457525,700485
task3_maker_q90_win60,2025-12-02,ethusdt,30,0.1882547218675244,0.3809470083915737,-0.9793744490061506,0.1926922865240492,13899909242.75878,11930958977.43862,1968950265.32016,7121026,1036984
task3_maker_q90_win60,2025-12-02,ethusdt,120,0.0321671102297127,0.0879739425521352,-0.305997361888812,0.0558068323224224,13899909242.75878,11930958977.43862,1968950265.32016,7121026,1036984
task3_maker_q90_win60,2025-12-02,ethusdt,300,-0.1329075629702041,0.2063301109291861,-2.1885363120474155,0.3392376738993903,13899909242.75878,11930958977.43862,1968950265.32016,7121026,1036984
task3_maker_q95_win30,2025-12-02,ethusdt,30,0.1882547218675244,0.3281347511901534,-1.6706672889602223,0.1398800293226289,13899909242.75878,12927166733.29411,972742509.46467,7673890,484120
task3_maker_q95_win30,2025-12-02,ethusdt,120,0.0321671102297127,0.0726029672045211,-0.5052012683812452,0.0404358569748083,13899909242.75878,12927166733.29411,972742509.46467,7673890,484120
task3_maker_q95_win30,2025-12-02,ethusdt,300,-0.1329075629702041,-0.0149266567194908,-1.7008033129847189,0.1179809062507133,13899909242.75878,12927166733.29411,972742509.46467,7673890,484120
task3_maker_q95_win60,2025-12-02,ethusdt,30,0.1882547218675244,0.3479755431259365,-1.2135514967187202,0.159720821258412,13899909242.75878,12478156776.72932,1421752466.02946,7406858,751152
task3_maker_q95_win60,2025-12-02,ethusdt,120,0.0321671102297127,0.0532721705398756,-0.153063622703712,0.0211050603101628,13899909242.75878,12478156776.72932,1421752466.02946,7406858,751152
task3_maker_q95_win60,2025-12-02,ethusdt,300,-0.1329075629702041,0.0055370345329024,-1.3479808150387924,0.1384445975031066,13899909242.75878,12478156776.72932,1421752466.02946,7406858,751152
task3_maker_q99_win30,2025-12-02,ethusdt,30,0.1882547218675244,0.2119795639967089,-0.7152323990971874,0.0237248421291844,13899909242.75878,13544248222.92674,355661019.83203995,7985921,172089
task3_maker_q99_win30,2025-12-02,ethusdt,120,0.0321671102297127,0.0418029716880334,-0.3347848247753177,0.0096358614583207,13899909242.75878,13544248222.92674,355661019.83203995,7985921,172089
task3_maker_q99_win30,2025-12-02,ethusdt,300,-0.1329075629702041,0.0914632837835621,-8.677376236698905,0.2243708467537662,13899909242.75878,13544248222.92674,355661019.83203995,7985921,172089
task3_maker_q99_win60,2025-12-02,ethusdt,30,0.1882547218675244,0.2077951835052873,-0.3605236711400805,0.0195404616377628,13899909242.75878,13421989777.116558,477919465.64222,7908393,249617
task3_maker_q99_win60,2025-12-02,ethusdt,120,0.0321671102297127,0.0117278889115916,0.6061864572244926,-0.020439221318121,13899909242.75878,13421989777.116558,477919465.64222,7908393,249617
task3_maker_q99_win60,2025-12-02,ethusdt,300,-0.1329075629702041,0.139654729572372,-7.787603734882585,0.2725622925425762,13899909242.75878,13421989777.116558,477919465.64222,7908393,249617
no_filter,2025-12-03,btcusdt,30,-0.0861875433727873,-0.0861875433727873,,0.0,17083045254.2078,17083045254.2078,0.0,5434899,0
no_filter,2025-12-03,btcusdt,120,0.0722233416811517,0.0722233416811517,,0.0,17083045254.2078,17083045254.2078,0.0,5434899,0
no_filter,2025-12-03,btcusdt,300,0.7210239016955634,0.7210239016955634,,0.0,17083045254.2078,17083045254.2078,0.0,5434899,0
task3_maker_q90_win30,2025-12-03,btcusdt,30,-0.0861875433727873,-0.0782773776801725,-0.1627573868092737,0.0079101656926148,17083045254.2078,15483498569.8707,1599546684.3371,4986864,448035
task3_maker_q90_win30,2025-12-03,btcusdt,120,0.0722233416811517,0.0941082513529165,-0.1396210333049737,0.0218849096717648,17083045254.2078,15483498569.8707,1599546684.3371,4986864,448035
task3_maker_q90_win30,2025-12-03,btcusdt,300,0.7210239016955634,1.2842709365514218,-4.731167487322167,0.5632470348558584,17083045254.2078,15483498569.8707,1599546684.3371,4986864,448035
task3_maker_q90_win60,2025-12-03,btcusdt,30,-0.0861875433727873,-0.1762426430461815,0.4904764984567287,-0.0900550996733941,17083045254.2078,14775603863.4823,2307441390.7255,4772253,662646
task3_maker_q90_win60,2025-12-03,btcusdt,120,0.0722233416811517,0.1325490902464255,-0.314070051143992,0.0603257485652738,17083045254.2078,14775603863.4823,2307441390.7255,4772253,662646
task3_maker_q90_win60,2025-12-03,btcusdt,300,0.7210239016955634,1.4117153188434453,-3.70178952823756,0.6906914171478818,17083045254.2078,14775603863.4823,2307441390.7255,4772253,662646
task3_maker_q95_win30,2025-12-03,btcusdt,30,-0.0861875433727873,-0.1237837372900172,0.4541292108848699,-0.0375961939172299,17083045254.2078,15971705762.5035,1111339491.7043,5133761,301138
task3_maker_q95_win30,2025-12-03,btcusdt,120,0.0722233416811517,-0.0154841827588173,1.3327191523397888,-0.0877075244399691,17083045254.2078,15971705762.5035,1111339491.7043,5133761,301138
task3_maker_q95_win30,2025-12-03,btcusdt,300,0.7210239016955634,1.1612365515106549,-5.605527947007562,0.4402126498150914,17083045254.2078,15971705762.5035,1111339491.7043,5133761,301138
task3_maker_q95_win60,2025-12-03,btcusdt,30,-0.0861875433727873,-0.1959726707513825,0.9896989032775434,-0.1097851273785952,17083045254.2078,15501271396.8194,1581773857.3884,4986384,448515
task3_maker_q95_win60,2025-12-03,btcusdt,120,0.0722233416811517,-0.0157546804473562,0.9344017065588274,-0.087978022128508,17083045254.2078,15501271396.8194,1581773857.3884,4986384,448515
task3_maker_q95_win60,2025-12-03,btcusdt,300,0.7210239016955634,1.460706678363355,-6.527814745575706,0.7396827766677919,17083045254.2078,15501271396.8194,1581773857.3884,4986384,448515
task3_maker_q99_win30,2025-12-03,btcusdt,30,-0.0861875433727873,-0.0224541887790682,-2.42830162437427,0.0637333545937191,17083045254.2078,16630497946.0874,452547308.1204,5317861,117038
task3_maker_q99_win30,2025-12-03,btcusdt,120,0.0722233416811517,0.0428617607318514,1.1512214992424006,-0.0293615809493002,17083045254.2078,16630497946.0874,452547308.1204,5317861,117038
task3_maker_q99_win30,2025-12-03,btcusdt,300,0.7210239016955634,0.8840673862599875,-5.270602358183088,0.163043484564424,17083045254.2078,16630497946.0874,452547308.1204,5317861,117038
task3_maker_q99_win60,2025-12-03,btcusdt,30,-0.0861875433727873,-0.056115343938435,-0.8333270488428162,0.0300721994343523,17083045254.2078,16422060942.4831,660984311.7247,5258823,176076
task3_maker_q99_win60,2025-12-03,btcusdt,120,0.0722233416811517,0.0076922691721607,1.6754886335022137,-0.0645310725089909,17083045254.2078,16422060942.4831,660984311.7247,5258823,176076
task3_maker_q99_win60,2025-12-03,btcusdt,300,0.7210239016955634,0.973175098977738,-5.543636628118358,0.2521511972821746,17083045254.2078,16422060942.4831,660984311.7247,5258823,176076
no_filter,2025-12-03,ethusdt,30,-0.1777366175938894,-0.1777366175938894,,0.0,15623047708.6988,15623047708.6988,0.0,8723233,0
no_filter,2025-12-03,ethusdt,120,-0.2107088740122401,-0.2107088740122401,,0.0,15623047708.6988,15623047708.6988,0.0,8723233,0
no_filter,2025-12-03,ethusdt,300,0.1210353368929358,0.1210353368929358,,0.0,15623047708.6988,15623047708.6988,0.0,8723233,0
task3_maker_q90_win30,2025-12-03,ethusdt,30,-0.1777366175938894,-0.3716074335983965,1.552713907307003,-0.1938708160045071,15623047708.6988,14049062666.08752,1573985042.61128,7957012,766221
task3_maker_q90_win30,2025-12-03,ethusdt,120,-0.2107088740122401,-0.2599291514552202,0.2286210710115241,-0.0492202774429801,15623047708.6988,14049062666.08752,1573985042.61128,7957012,766221
task3_maker_q90_win30,2025-12-03,ethusdt,300,0.1210353368929358,1.2070364539562028,-9.572384445388256,1.086001117063267,15623047708.6988,14049062666.08752,1573985042.61128,7957012,766221
task3_maker_q90_win60,2025-12-03,ethusdt,30,-0.1777366175938894,-0.4605073524231702,1.5105514542255674,-0.2827707348292808,15623047708.6988,13381744371.64978,2241303337.04902,7612497,1110736
task3_maker_q90_win60,2025-12-03,ethusdt,120,-0.2107088740122401,-0.1045498508647614,-0.8445333488260838,0.1061590231474786,15623047708.6988,13381744371.64978,2241303337.04902,7612497,1110736
task3_maker_q90_win60,2025-12-03,ethusdt,300,0.1210353368929358,1.6733269893128058,-9.146951614966143,1.55229165241987,15623047708.6988,13381744371.64978,2241303337.04902,7612497,1110736
task3_maker_q95_win30,2025-12-03,ethusdt,30,-0.1777366175938894,-0.3328146103255753,1.908784373585676,-0.1550779927316859,15623047708.6988,14542216169.95989,1080831538.73891,8190060,533173
task3_maker_q95_win30,2025-12-03,ethusdt,120,-0.2107088740122401,-0.3604038131338181,1.8033849844950065,-0.149694939121578,15623047708.6988,14542216169.95989,1080831538.73891,8190060,533173
task3_maker_q95_win30,2025-12-03,ethusdt,300,0.1210353368929358,0.6994171747546775,-7.660893126054992,0.5783818378617416,15623047708.6988,14542216169.95989,1080831538.73891,8190060,533173
task3_maker_q95_win60,2025-12-03,ethusdt,30,-0.1777366175938894,-0.444474725022666,2.128943530271139,-0.2667381074287765,15623047708.6988,14003698747.63688,1619348961.0619202,7927111,796122
task3_maker_q95_win60,2025-12-03,ethusdt,120,-0.2107088740122401,-0.3236475794518267,0.765954986559808,-0.1129387054395865,15623047708.6988,14003698747.63688,1619348961.0619202,7927111,796122
task3_maker_q95_win60,2025-12-03,ethusdt,300,0.1210353368929358,0.9669370600949924,-7.194097587921755,0.8459017232020564,15623047708.6988,14003698747.63688,1619348961.0619202,7927111,796122
task3_maker_q99_win30,2025-12-03,ethusdt,30,-0.1777366175938894,-0.2211413278726108,1.6488145380593469,-0.0434047102787214,15623047708.6988,15260411417.746153,362636290.95265,8556589,166644
task3_maker_q99_win30,2025-12-03,ethusdt,120,-0.2107088740122401,-0.4527313302935499,9.974047443354014,-0.2420224562813098,15623047708.6988,15260411417.746153,362636290.95265,8556589,166644
task3_maker_q99_win30,2025-12-03,ethusdt,300,0.1210353368929358,0.5086948224404811,-16.192398776130787,0.3876594855475452,15623047708.6988,15260411417.746153,362636290.95265,8556589,166644
task3_maker_q99_win60,2025-12-03,ethusdt,30,-0.1777366175938894,-0.3591649274903369,4.320725227455688,-0.1814283098964475,15623047708.6988,15017378975.59293,605668733.10587,8442799,280434
task3_maker_q99_win60,2025-12-03,ethusdt,120,-0.2107088740122401,-0.5475763542982445,8.141821708285011,-0.3368674802860043,15623047708.6988,15017378975.59293,605668733.10587,8442799,280434
task3_maker_q99_win60,2025-12-03,ethusdt,300,0.1210353368929358,0.8267599445155943,-17.377199763875492,0.7057246076226584,15623047708.6988,15017378975.59293,605668733.10587,8442799,280434
no_filter,2025-12-04,btcusdt,30,-0.277944484374133,-0.277944484374133,,0.0,12734406440.3688,12734406440.3688,0.0,4163902,0
no_filter,2025-12-04,btcusdt,120,-0.3903172811647167,-0.3903172811647167,,0.0,12734406440.3688,12734406440.3688,0.0,4163902,0
no_filter,2025-12-04,btcusdt,300,-0.264996755493728,-0.264996755493728,,0.0,12734406440.3688,12734406440.3688,0.0,4163902,0
task3_maker_q90_win30,2025-12-04,btcusdt,30,-0.277944484374133,-0.2906473724166785,-0.1121552078825506,-0.0127028880425454,12734406440.3688,11828127222.3287,906279218.0401,3902456,261446
task3_maker_q90_win30,2025-12-04,btcusdt,120,-0.3903172811647167,-0.4230352261526011,0.0366946242905872,-0.0327179449878843,12734406440.3688,11828127222.3287,906279218.0401,3902456,261446
task3_maker_q90_win30,2025-12-04,btcusdt,300,-0.264996755493728,-0.1674040764127771,-1.5387086548283857,0.0975926790809508,12734406440.3688,11828127222.3287,906279218.0401,3902456,261446
task3_maker_q90_win60,2025-12-04,btcusdt,30,-0.277944484374133,-0.1853880887631182,-1.0276724000500486,0.0925563956110148,12734406440.3688,11335056191.7985,1399350248.5703,3761032,402870
task3_maker_q90_win60,2025-12-04,btcusdt,120,-0.3903172811647167,-0.1749124490888907,-2.135145552756472,0.215404832075826,12734406440.3688,11335056191.7985,1399350248.5703,3761032,402870
task3_maker_q90_win60,2025-12-04,btcusdt,300,-0.264996755493728,0.0425074938228692,-2.755851313730038,0.3075042493165972,12734406440.3688,11335056191.7985,1399350248.5703,3761032,402870
task3_maker_q95_win30,2025-12-04,btcusdt,30,-0.277944484374133,-0.2895516011506351,-0.0638065579192641,-0.011607116776502,12734406440.3688,12079642373.2734,654764067.0954,3979602,184300
task3_maker_q95_win30,2025-12-04,btcusdt,120,-0.3903172811647167,-0.4025487393559572,-0.1646609752081762,-0.0122314581912404,12734406440.3688,12079642373.2734,654764067.0954,3979602,184300
task3_maker_q95_win30,2025-12-04,btcusdt,300,-0.264996755493728,-0.1816501115583454,-1.802646272850773,0.0833466439353825,12734406440.3688,12079642373.2734,654764067.0954,3979602,184300
task3_maker_q95_win60,2025-12-04,btcusdt,30,-0.277944484374133,-0.3085846202149166,0.095730908916739,-0.0306401358407836,12734406440.3688,11769358315.6464,965048124.7224,3883537,280365
task3_maker_q95_win60,2025-12-04,btcusdt,120,-0.3903172811647167,-0.3654924894416043,-0.6930709588475267,0.0248247917231124,12734406440.3688,11769358315.6464,965048124.7224,3883537,280365
task3_maker_q95_win60,2025-12-04,btcusdt,300,-0.264996755493728,-0.1368762784207233,-1.8275051564892788,0.1281204770730046,12734406440.3688,11769358315.6464,965048124.7224,3883537,280365
task3_maker_q99_win30,2025-12-04,btcusdt,30,-0.277944484374133,-0.314121794201247,1.6113095519292526,-0.0361773098271139,12734406440.3688,12495137162.7685,239269277.6003,4099824,64078
task3_maker_q99_win30,2025-12-04,btcusdt,120,-0.3903172811647167,-0.4975642725825824,5.210342701179822,-0.1072469914178657,12734406440.3688,12495137162.7685,239269277.6003,4099824,64078
task3_maker_q99_win30,2025-12-04,btcusdt,300,-0.264996755493728,-0.343519556189016,3.835626504343989,-0.078522800695288,12734406440.3688,12495137162.7685,239269277.6003,4099824,64078
task3_maker_q99_win60,2025-12-04,btcusdt,30,-0.277944484374133,-0.3191821474601619,1.1936350436988774,-0.0412376630860288,12734406440.3688,12387281113.2259,347125327.14290005,4065627,98275
task3_maker_q99_win60,2025-12-04,btcusdt,120,-0.3903172811647167,-0.4950248019556597,3.346204929363599,-0.1047075207909429,12734406440.3688,12387281113.2259,347125327.14290005,4065627,98275
task3_maker_q99_win60,2025-12-04,btcusdt,300,-0.264996755493728,-0.3141376851775196,1.48861343241343,-0.0491409296837916,12734406440.3688,12387281113.2259,347125327.14290005,4065627,98275
no_filter,2025-12-04,ethusdt,30,-0.0688506708782295,-0.0688506708782295,,0.0,14691893578.95238,14691893578.95238,0.0,7753902,0
no_filter,2025-12-04,ethusdt,120,0.0565337631268303,0.0565337631268303,,0.0,14691893578.95238,14691893578.95238,0.0,7753902,0
no_filter,2025-12-04,ethusdt,300,-0.2072815661397804,-0.2072815661397804,,0.0,14691893578.95238,14691893578.95238,0.0,7753902,0
task3_maker_q90_win30,2025-12-04,ethusdt,30,-0.0688506708782295,-0.0834940029923436,0.0748313283951914,-0.014643332114114,14691893578.95238,13333056839.585491,1358836739.36689,7135956,617946
task3_maker_q90_win30,2025-12-04,ethusdt,120,0.0565337631268303,-0.1042281292575628,1.633947286549163,-0.1607618923843931,14691893578.95238,13333056839.585491,1358836739.36689,7135956,617946
task3_maker_q90_win30,2025-12-04,ethusdt,300,-0.2072815661397804,-0.3645002554362225,1.3353656554913174,-0.1572186892964421,14691893578.95238,13333056839.585491,1358836739.36689,7135956,617946
task3_maker_q90_win60,2025-12-04,ethusdt,30,-0.0688506708782295,-0.0377503992312659,-0.265976321091775,0.0311002716469635,14691893578.95238,12689834051.3192,2002059527.63318,6816558,937344
task3_maker_q90_win60,2025-12-04,ethusdt,120,0.0565337631268303,0.000503085031208,0.4116780517968564,-0.0560306780956222,14691893578.95238,12689834051.3192,2002059527.63318,6816558,937344
task3_maker_q90_win60,2025-12-04,ethusdt,300,-0.2072815661397804,-0.421476052110772,1.1503666177245675,-0.2141944859709915,14691893578.95238,12689834051.3192,2002059527.63318,6816558,937344
task3_maker_q95_win30,2025-12-04,ethusdt,30,-0.0688506708782295,-0.0712236791169671,-0.0366035233256213,-0.0023730082387375,14691893578.95238,13684850609.08149,1007042969.87089,7312120,441782
task3_maker_q95_win30,2025-12-04,ethusdt,120,0.0565337631268303,-0.1268076342349608,2.547986172231113,-0.1833413973617911,14691893578.95238,13684850609.08149,1007042969.87089,7312120,441782
task3_maker_q95_win30,2025-12-04,ethusdt,300,-0.2072815661397804,-0.465319100418218,3.2992273056602865,-0.2580375342784375,14691893578.95238,13684850609.08149,1007042969.87089,7312120,441782
task3_maker_q95_win60,2025-12-04,ethusdt,30,-0.0688506708782295,-0.0065648495055186,-0.6238003878585008,0.0622858213727108,14691893578.95238,13209320716.20483,1482572862.74755,7078735,675167
task3_maker_q95_win60,2025-12-04,ethusdt,120,0.0565337631268303,-0.0697228357032205,1.1814456972307656,-0.1262565988300509,14691893578.95238,13209320716.20483,1482572862.74755,7078735,675167
task3_maker_q95_win60,2025-12-04,ethusdt,300,-0.2072815661397804,-0.4582447702834241,2.0287322816762496,-0.2509632041436437,14691893578.95238,13209320716.20483,1482572862.74755,7078735,675167
task3_maker_q99_win30,2025-12-04,ethusdt,30,-0.0688506708782295,-0.0382804892692697,-1.3308480787724308,0.0305701816089597,14691893578.95238,14344419405.42717,347474173.52521,7602615,151287
task3_maker_q99_win30,2025-12-04,ethusdt,120,0.0565337631268303,-0.0845703778199069,5.881591081913891,-0.1411041409467373,14691893578.95238,14344419405.42717,347474173.52521,7602615,151287
task3_maker_q99_win30,2025-12-04,ethusdt,300,-0.2072815661397804,-0.5447907287785853,13.725762530198782,-0.3375091626388048,14691893578.95238,14344419405.42717,347474173.52521,7602615,151287
task3_maker_q99_win60,2025-12-04,ethusdt,30,-0.0688506708782295,-0.0396966762110999,-0.8546371203441537,0.0291539946671296,14691893578.95238,14166300095.23901,525593483.71337,7519726,234176
task3_maker_q99_win60,2025-12-04,ethusdt,120,0.0565337631268303,-0.1509848029183769,5.649773354227381,-0.2075185660452073,14691893578.95238,14166300095.23901,525593483.71337,7519726,234176
task3_maker_q99_win60,2025-12-04,ethusdt,300,-0.2072815661397804,-0.6382907100863155,11.409690611293946,-0.4310091439465351,14691893578.95238,14166300095.23901,525593483.71337,7519726,234176
no_filter,2025-12-05,btcusdt,30,0.1090073701384897,0.1090073701384897,,0.0,14779615610.8184,14779615610.8184,0.0,4515266,0
no_filter,2025-12-05,btcusdt,120,0.1775151561726784,0.1775151561726784,,0.0,14779615610.8184,14779615610.8184,0.0,4515266,0
no_filter,2025-12-05,btcusdt,300,0.2901203365832086,0.2901203365832086,,0.0,14779615610.8184,14779615610.8184,0.0,4515266,0
task3_maker_q90_win30,2025-12-05,btcusdt,30,0.1090073701384897,0.1199305278653811,0.0177450454658068,0.0109231577268914,14779615610.8184,13199742729.967098,1579872880.8513,4115612,399654
task3_maker_q90_win30,2025-12-05,btcusdt,120,0.1775151561726784,-0.181295198470259,3.1753540503898963,-0.3588103546429375,14779615610.8184,13199742729.967098,1579872880.8513,4115612,399654
task3_maker_q90_win30,2025-12-05,btcusdt,300,0.2901203365832086,0.0478662701562552,2.3141384654348807,-0.2422540664269533,14779615610.8184,13199742729.967098,1579872880.8513,4115612,399654
task3_maker_q90_win60,2025-12-05,btcusdt,30,0.1090073701384897,0.0368333843088318,0.5258973787672853,-0.0721739858296579,14779615610.8184,12598502750.8456,2181112859.9728,3942588,572678
task3_maker_q90_win60,2025-12-05,btcusdt,120,0.1775151561726784,-0.2344588204998665,2.557151429763117,-0.4119739766725449,14779615610.8184,12598502750.8456,2181112859.9728,3942588,572678
task3_maker_q90_win60,2025-12-05,btcusdt,300,0.2901203365832086,-0.0821541106469411,2.4404449408574957,-0.3722744472301497,14779615610.8184,12598502750.8456,2181112859.9728,3942588,572678
task3_maker_q95_win30,2025-12-05,btcusdt,30,0.1090073701384897,0.1882798313035924,-0.7650073848733548,0.0792724611651026,14779615610.8184,13550587795.6313,1229027815.1871,4214882,300384
task3_maker_q95_win30,2025-12-05,btcusdt,120,0.1775151561726784,-0.0109786942431523,2.255745150184223,-0.1884938504158307,14779615610.8184,13550587795.6313,1229027815.1871,4214882,300384
task3_maker_q95_win30,2025-12-05,btcusdt,300,0.2901203365832086,0.2749820623252385,0.4570266603231203,-0.0151382742579701,14779615610.8184,13550587795.6313,1229027815.1871,4214882,300384
task3_maker_q95_win60,2025-12-05,btcusdt,30,0.1090073701384897,0.1054147113475518,0.1353624146731411,-0.0035926587909379,14779615610.8184,13006587630.2213,1773027980.5971,4070603,444663
task3_maker_q95_win60,2025-12-05,btcusdt,120,0.1775151561726784,-0.1111565798562615,2.295154737790605,-0.28867173602894,14779615610.8184,13006587630.2213,1773027980.5971,4070603,444663
task3_maker_q95_win60,2025-12-05,btcusdt,300,0.2901203365832086,0.1524989155499952,1.2996842532571375,-0.1376214210332133,14779615610.8184,13006587630.2213,1773027980.5971,4070603,444663
task3_maker_q99_win30,2025-12-05,btcusdt,30,0.1090073701384897,0.1297438400784767,-0.3828331659052909,0.0207364699399869,14779615610.8184,14181701441.317,597914169.5014,4386793,128473
task3_maker_q99_win30,2025-12-05,btcusdt,120,0.1775151561726784,0.0915101162713905,2.2174363698574515,-0.0860050399012879,14779615610.8184,14181701441.317,597914169.5014,4386793,128473
task3_maker_q99_win30,2025-12-05,btcusdt,300,0.2901203365832086,0.5320497166819519,-5.448111693114892,0.2419293800987432,14779615610.8184,14181701441.317,597914169.5014,4386793,128473
task3_maker_q99_win60,2025-12-05,btcusdt,30,0.1090073701384897,0.0915887037635474,0.3948744221374735,-0.0174186663749423,14779615610.8184,13930775135.0617,848840475.7567,4318699,196567
task3_maker_q99_win60,2025-12-05,btcusdt,120,0.1775151561726784,0.0482119479688416,2.299579276788449,-0.1293032082038367,14779615610.8184,13930775135.0617,848840475.7567,4318699,196567
task3_maker_q99_win60,2025-12-05,btcusdt,300,0.2901203365832086,0.6897764515980684,-6.268849963061365,0.3996561150148598,14779615610.8184,13930775135.0617,848840475.7567,4318699,196567
no_filter,2025-12-05,ethusdt,30,0.3413098518131935,0.3413098518131935,,0.0,15472618635.1133,15472618635.1133,0.0,8369439,0
no_filter,2025-12-05,ethusdt,120,0.1862633883487474,0.1862633883487474,,0.0,15472618635.1133,15472618635.1133,0.0,8369439,0
no_filter,2025-12-05,ethusdt,300,0.1515721760056285,0.1515721760056285,,0.0,15472618635.1133,15472618635.1133,0.0,8369439,0
task3_maker_q90_win30,2025-12-05,ethusdt,30,0.3413098518131935,0.4461369416390489,-0.5044067266948381,0.1048270898258553,15472618635.1133,13766279791.84145,1706338843.27185,7521131,848308
task3_maker_q90_win30,2025-12-05,ethusdt,120,0.1862633883487474,-0.0503153802372905,2.094916838984543,-0.236578768586038,15472618635.1133,13766279791.84145,1706338843.27185,7521131,848308
task3_maker_q90_win30,2025-12-05,ethusdt,300,0.1515721760056285,-0.2918075243823177,3.7286395525295504,-0.4433797003879462,15472618635.1133,13766279791.84145,1706338843.27185,7521131,848308
task3_maker_q90_win60,2025-12-05,ethusdt,30,0.3413098518131935,0.5132650468986912,-0.611747523203515,0.1719551950854976,15472618635.1133,13107669810.01466,2364948825.09864,7149091,1220348
task3_maker_q90_win60,2025-12-05,ethusdt,120,0.1862633883487474,-0.1542361210541824,2.073473416895319,-0.3404995094029298,15472618635.1133,13107669810.01466,2364948825.09864,7149091,1220348
task3_maker_q90_win60,2025-12-05,ethusdt,300,0.1515721760056285,-0.6329316094628015,4.499664817797934,-0.78450378546843,15472618635.1133,13107669810.01466,2364948825.09864,7149091,1220348
task3_maker_q95_win30,2025-12-05,ethusdt,30,0.3413098518131935,0.3664868320276205,0.0405488297547599,0.0251769802144269,15472618635.1133,14277440992.355627,1195177642.75767,7782711,586728
task3_maker_q95_win30,2025-12-05,ethusdt,120,0.1862633883487474,-0.0632167171035345,3.166521181778559,-0.2494801054522819,15472618635.1133,14277440992.355627,1195177642.75767,7782711,586728
task3_maker_q95_win30,2025-12-05,ethusdt,300,0.1515721760056285,-0.0388957357664776,2.426877765716044,-0.1904679117721061,15472618635.1133,14277440992.355627,1195177642.75767,7782711,586728
task3_maker_q95_win60,2025-12-05,ethusdt,30,0.3413098518131935,0.4076688182243774,-0.1732531057240108,0.0663589664111838,15472618635.1133,13705174615.57624,1767444019.5370605,7475726,893713
task3_maker_q95_win60,2025-12-05,ethusdt,120,0.1862633883487474,-0.2193437636751972,3.3314361815842384,-0.4056071520239447,15472618635.1133,13705174615.57624,1767444019.5370605,7475726,893713
task3_maker_q95_win60,2025-12-05,ethusdt,300,0.1515721760056285,-0.1753228690066852,2.6863928681109925,-0.3268950450123138,15472618635.1133,13705174615.57624,1767444019.5370605,7475726,893713
task3_maker_q99_win30,2025-12-05,ethusdt,30,0.3413098518131935,0.2236965986352135,5.487997359694831,-0.11761325317798,15472618635.1133,15126934546.10399,345684089.00931,8200177,169262
task3_maker_q99_win30,2025-12-05,ethusdt,120,0.1862633883487474,0.0308259065485098,6.988117126951387,-0.1554374818002375,15472618635.1133,15126934546.10399,345684089.00931,8200177,169262
task3_maker_q99_win30,2025-12-05,ethusdt,300,0.1515721760056285,0.0932952449238899,2.701736762833144,-0.0582769310817385,15472618635.1133,15126934546.10399,345684089.00931,8200177,169262
task3_maker_q99_win60,2025-12-05,ethusdt,30,0.3413098518131935,0.3081635364702341,1.156978193007619,-0.0331463153429594,15472618635.1133,14868410999.78222,604207635.33108,8070996,298443
task3_maker_q99_win60,2025-12-05,ethusdt,120,0.1862633883487474,0.0213429366758715,4.244644835975428,-0.1649204516728759,15472618635.1133,14868410999.78222,604207635.33108,8070996,298443
task3_maker_q99_win60,2025-12-05,ethusdt,300,0.1515721760056285,0.3505591574154342,-4.745122354486054,0.1989869814098057,15472618635.1133,14868410999.78222,604207635.33108,8070996,298443
no_filter,2025-12-06,btcusdt,30,-0.2934914452791037,-0.2934914452791037,,0.0,4779649451.4916,4779649451.4916,0.0,1591698,0
no_filter,2025-12-06,btcusdt,120,0.0163390053439972,0.0163390053439972,,0.0,4779649451.4916,4779649451.4916,0.0,1591698,0
no_filter,2025-12-06,btcusdt,300,0.335425662947527,0.335425662947527,,0.0,4779649451.4916,4779649451.4916,0.0,1591698,0
task3_maker_q90_win30,2025-12-06,btcusdt,30,-0.2934914452791037,-0.1982317789945752,-2.2872999597175,0.0952596662845284,4779649451.4916,4561701652.6081,217947798.8835,1537278,54420
task3_maker_q90_win30,2025-12-06,btcusdt,120,0.0163390053439972,0.143421605695533,-2.6435314361611755,0.1270826003515358,4779649451.4916,4561701652.6081,217947798.8835,1537278,54420
task3_maker_q90_win30,2025-12-06,btcusdt,300,0.335425662947527,0.6089217200685845,-5.388914854103587,0.2734960571210574,4779649451.4916,4561701652.6081,217947798.8835,1537278,54420
task3_maker_q90_win60,2025-12-06,btcusdt,30,-0.2934914452791037,-0.186486623352067,-1.789660622901823,0.1070048219270366,4779649451.4916,4460628847.0069,319020604.4847,1505916,85782
task3_maker_q90_win60,2025-12-06,btcusdt,120,0.0163390053439972,0.1742357551676635,-2.191414309680068,0.1578967498236662,4779649451.4916,4460628847.0069,319020604.4847,1505916,85782
task3_maker_q90_win60,2025-12-06,btcusdt,300,0.335425662947527,0.6478693314718077,-4.033242759379747,0.3124436685242806,4779649451.4916,4460628847.0069,319020604.4847,1505916,85782
task3_maker_q95_win30,2025-12-06,btcusdt,30,-0.2934914452791037,-0.2089401566382168,-2.911377528812882,0.0845512886408868,4779649451.4916,4630108328.1574,149541123.3342,1554450,37248
task3_maker_q95_win30,2025-12-06,btcusdt,120,0.0163390053439972,0.0563464547419086,-1.222375941524676,0.0400074493979113,4779649451.4916,4630108328.1574,149541123.3342,1554450,37248
task3_maker_q95_win30,2025-12-06,btcusdt,300,0.335425662947527,0.5015046588349614,-4.806730052119024,0.1660789958874343,4779649451.4916,4630108328.1574,149541123.3342,1554450,37248
task3_maker_q95_win60,2025-12-06,btcusdt,30,-0.2934914452791037,-0.1962816549995891,-2.2753332925880088,0.0972097902795145,4779649451.4916,4556168364.062699,223481087.4289,1532684,59014
task3_maker_q95_win60,2025-12-06,btcusdt,120,0.0163390053439972,0.0720402129718603,-1.1192563282651573,0.0557012076278631,4779649451.4916,4556168364.062699,223481087.4289,1532684,59014
task3_maker_q95_win60,2025-12-06,btcusdt,300,0.335425662947527,0.5421846721795889,-3.8798252456904194,0.2067590092320618,4779649451.4916,4556168364.062699,223481087.4289,1532684,59014
task3_maker_q99_win30,2025-12-06,btcusdt,30,-0.2934914452791037,-0.2932640970181608,-0.3352792823814454,0.0002273482609428,4779649451.4916,4753786302.6963005,25863148.7953,1585022,6676
task3_maker_q99_win30,2025-12-06,btcusdt,120,0.0163390053439972,0.0363508423411112,-3.6619446159434257,0.0200118369971139,4779649451.4916,4753786302.6963005,25863148.7953,1585022,6676
task3_maker_q99_win30,2025-12-06,btcusdt,300,0.335425662947527,0.3524085050774501,-2.7861123576956794,0.016982842129923,4779649451.4916,4753786302.6963005,25863148.7953,1585022,6676
task3_maker_q99_win60,2025-12-06,btcusdt,30,-0.2934914452791037,-0.280711706961439,-1.7484489920677,0.0127797383176646,4779649451.4916,4738032555.9749,41616895.5167,1580467,11231
task3_maker_q99_win60,2025-12-06,btcusdt,120,0.0163390053439972,0.0443160933803827,-3.168818183629356,0.0279770880363854,4779649451.4916,4738032555.9749,41616895.5167,1580467,11231
task3_maker_q99_win60,2025-12-06,btcusdt,300,0.335425662947527,0.3690373798787609,-3.491227120859799,0.0336117169312338,4779649451.4916,4738032555.9749,41616895.5167,1580467,11231
no_filter,2025-12-06,ethusdt,30,-0.1640318197776641,-0.1640318197776641,,0.0,4654730132.84645,4654730132.84645,0.0,2879276,0
no_filter,2025-12-06,ethusdt,120,-0.1190768199263453,-0.1190768199263453,,0.0,4654730132.84645,4654730132.84645,0.0,2879276,0
no_filter,2025-12-06,ethusdt,300,0.0360007195014735,0.0360007195014735,,0.0,4654730132.84645,4654730132.84645,0.0,2879276,0
task3_maker_q90_win30,2025-12-06,ethusdt,30,-0.1640318197776641,-0.0823177785136189,-2.246802602392828,0.0817140412640452,4654730132.84645,4479003878.750231,175726254.09622002,2786522,92754
task3_maker_q90_win30,2025-12-06,ethusdt,120,-0.1190768199263453,-0.063990502689423,-1.52314606296126,0.0550863172369222,4654730132.84645,4479003878.750231,175726254.09622002,2786522,92754
task3_maker_q90_win30,2025-12-06,ethusdt,300,0.0360007195014735,0.254260326957744,-5.527115807388443,0.2182596074562704,4654730132.84645,4479003878.750231,175726254.09622002,2786522,92754
task3_maker_q90_win60,2025-12-06,ethusdt,30,-0.1640318197776641,-0.0927222657816406,-1.3783916192484686,0.0713095539960235,4654730132.84645,4396555876.10611,258174256.74034,2738202,141074
task3_maker_q90_win60,2025-12-06,ethusdt,120,-0.1190768199263453,-0.1010694076722941,-0.4257324685514538,0.0180074122540511,4654730132.84645,4396555876.10611,258174256.74034,2738202,141074
task3_maker_q90_win60,2025-12-06,ethusdt,300,0.0360007195014735,0.2981879984069513,-4.428894565823215,0.2621872789054777,4654730132.84645,4396555876.10611,258174256.74034,2738202,141074
task3_maker_q95_win30,2025-12-06,ethusdt,30,-0.1640318197776641,-0.1056814183980327,-2.248721728132577,0.0583504013796314,4654730132.84645,4527991792.773371,126738340.07308,2816013,63263
task3_maker_q95_win30,2025-12-06,ethusdt,120,-0.1190768199263453,-0.0685159725227889,-1.9254686501093736,0.0505608474035564,4654730132.84645,4527991792.773371,126738340.07308,2816013,63263
task3_maker_q95_win30,2025-12-06,ethusdt,300,0.0360007195014735,0.1874706263100056,-5.375577927383929,0.1514699068085321,4654730132.84645,4527991792.773371,126738340.07308,2816013,63263
task3_maker_q95_win60,2025-12-06,ethusdt,30,-0.1640318197776641,-0.0949159832124402,-1.7829809279607147,0.0691158365652239,4654730132.84645,4464147674.44168,190582458.40477,2781154,98122
task3_maker_q95_win60,2025-12-06,ethusdt,120,-0.1190768199263453,-0.0614046197010354,-1.4699735429025516,0.0576722002253098,4654730132.84645,4464147674.44168,190582458.40477,2781154,98122
task3_maker_q95_win60,2025-12-06,ethusdt,300,0.0360007195014735,0.2635545933822436,-5.294154560254382,0.22755387388077,4654730132.84645,4464147674.44168,190582458.40477,2781154,98122
task3_maker_q99_win30,2025-12-06,ethusdt,30,-0.1640318197776641,-0.083437142665553,-6.970241022900187,0.0805946771121111,4654730132.84645,4600256899.888929,54473232.95751999,2853446,25830
task3_maker_q99_win30,2025-12-06,ethusdt,120,-0.1190768199263453,-0.0374486105241018,-7.01256768031065,0.0816282094022435,4654730132.84645,4600256899.888929,54473232.95751999,2853446,25830
task3_maker_q99_win30,2025-12-06,ethusdt,300,0.0360007195014735,0.2339421352104613,-16.680124135785807,0.1979414157089878,4654730132.84645,4600256899.888929,54473232.95751999,2853446,25830
task3_maker_q99_win60,2025-12-06,ethusdt,30,-0.1640318197776641,-0.0640618821920286,-5.565030183202484,0.0999699375856355,4654730132.84645,4570139010.81196,84591122.03449,2836439,42837
task3_maker_q99_win60,2025-12-06,ethusdt,120,-0.1190768199263453,-0.0285101920627007,-5.012049854479232,0.0905666278636446,4654730132.84645,4570139010.81196,84591122.03449,2836439,42837
task3_maker_q99_win60,2025-12-06,ethusdt,300,0.0360007195014735,0.3150471242881351,-15.039823192875318,0.2790464047866616,4654730132.84645,4570139010.81196,84591122.03449,2836439,42837
no_filter,2025-12-07,btcusdt,30,-0.0167270128561642,-0.0167270128561642,,0.0,10767751009.3826,10767751009.3826,0.0,3338858,0
no_filter,2025-12-07,btcusdt,120,-0.337482124029935,-0.337482124029935,,0.0,10767751009.3826,10767751009.3826,0.0,3338858,0
no_filter,2025-12-07,btcusdt,300,-0.374167426328043,-0.374167426328043,,0.0,10767751009.3826,10767751009.3826,0.0,3338858,0
task3_maker_q90_win30,2025-12-07,btcusdt,30,-0.0167270128561642,-0.0601421945173514,0.3082939802618886,-0.0434151816611872,10767751009.3826,9498918310.1101,1268832699.2725,2994660,344198
task3_maker_q90_win30,2025-12-07,btcusdt,120,-0.337482124029935,-0.457210298650195,0.5588442007790994,-0.1197281746202599,10767751009.3826,9498918310.1101,1268832699.2725,2994660,344198
task3_maker_q90_win30,2025-12-07,btcusdt,300,-0.374167426328043,-0.5156145391487506,0.6847543453564273,-0.1414471128207075,10767751009.3826,9498918310.1101,1268832699.2725,2994660,344198
task3_maker_q90_win60,2025-12-07,btcusdt,30,-0.0167270128561642,0.0064435201588136,-0.138033509418798,0.0231705330149779,10767751009.3826,9040870750.3589,1726880259.0237,2856814,482044
task3_maker_q90_win60,2025-12-07,btcusdt,120,-0.337482124029935,-0.5458644212660186,0.7534779504337145,-0.2083822972360836,10767751009.3826,9040870750.3589,1726880259.0237,2856814,482044
task3_maker_q90_win60,2025-12-07,btcusdt,300,-0.374167426328043,-0.6965859555049609,1.3138154170552672,-0.3224185291769179,10767751009.3826,9040870750.3589,1726880259.0237,2856814,482044
task3_maker_q95_win30,2025-12-07,btcusdt,30,-0.0167270128561642,-0.0409753261715692,0.2118599586345677,-0.0242483133154049,10767751009.3826,9735063659.6799,1032687349.7027,3064726,274132
task3_maker_q95_win30,2025-12-07,btcusdt,120,-0.337482124029935,-0.4575225634700695,0.7941298009365965,-0.1200404394401344,10767751009.3826,9735063659.6799,1032687349.7027,3064726,274132
task3_maker_q95_win30,2025-12-07,btcusdt,300,-0.374167426328043,-0.5502320206797002,1.28557986768359,-0.1760645943516571,10767751009.3826,9735063659.6799,1032687349.7027,3064726,274132
task3_maker_q95_win60,2025-12-07,btcusdt,30,-0.0167270128561642,0.0570309627322231,-0.5040903890889153,0.0737579755883874,10767751009.3826,9352357505.7951,1415393503.5875,2955441,383417
task3_maker_q95_win60,2025-12-07,btcusdt,120,-0.337482124029935,-0.4759481472464767,0.5774463027605766,-0.1384660232165416,10767751009.3826,9352357505.7951,1415393503.5875,2955441,383417
task3_maker_q95_win60,2025-12-07,btcusdt,300,-0.374167426328043,-0.6700569991600809,1.5809532241117252,-0.2958895728320378,10767751009.3826,9352357505.7951,1415393503.5875,2955441,383417
task3_maker_q99_win30,2025-12-07,btcusdt,30,-0.0167270128561642,0.0723122839463442,-1.8766325522329237,0.0890392968025085,10767751009.3826,10275816625.0829,491934384.2997,3210933,127925
task3_maker_q99_win30,2025-12-07,btcusdt,120,-0.337482124029935,-0.1819433007026725,-3.58646913856315,0.1555388233272625,10767751009.3826,10275816625.0829,491934384.2997,3210933,127925
task3_maker_q99_win30,2025-12-07,btcusdt,300,-0.374167426328043,-0.2090967595684531,-3.8222612289525815,0.1650706667595899,10767751009.3826,10275816625.0829,491934384.2997,3210933,127925
task3_maker_q99_win60,2025-12-07,btcusdt,30,-0.0167270128561642,0.141989361658379,-2.2155402816419394,0.1587163745145432,10767751009.3826,10042831852.272,724919157.1106,3149253,189605
task3_maker_q99_win60,2025-12-07,btcusdt,120,-0.337482124029935,-0.1757390822147782,-2.5782260142852635,0.1617430418151568,10767751009.3826,10042831852.272,724919157.1106,3149253,189605
task3_maker_q99_win60,2025-12-07,btcusdt,300,-0.374167426328043,-0.1687011658544674,-3.2206408365160706,0.2054662604735756,10767751009.3826,10042831852.272,724919157.1106,3149253,189605
no_filter,2025-12-07,ethusdt,30,-0.5155704052233445,-0.5155704052233445,,0.0,11987217123.807867,11987217123.807867,0.0,6493338,0
no_filter,2025-12-07,ethusdt,120,-1.115505517642375,-1.115505517642375,,0.0,11987217123.807867,11987217123.807867,0.0,6493338,0
no_filter,2025-12-07,ethusdt,300,-1.6925487129048955,-1.6925487129048955,,0.0,11987217123.807867,11987217123.807867,0.0,6493338,0
task3_maker_q90_win30,2025-12-07,ethusdt,30,-0.5155704052233445,-1.5863919368959032,6.125083116852358,-1.070821531672559,11987217123.807867,10322662662.8856,1664554460.9222698,5678530,814808
task3_maker_q90_win30,2025-12-07,ethusdt,120,-1.115505517642375,-2.83109616533242,9.523655855241492,-1.7155906476900444,11987217123.807867,10322662662.8856,1664554460.9222698,5678530,814808
task3_maker_q90_win30,2025-12-07,ethusdt,300,-1.6925487129048955,-4.4226941002205375,15.2383300991213,-2.730145387315642,11987217123.807867,10322662662.8856,1664554460.9222698,5678530,814808
task3_maker_q90_win60,2025-12-07,ethusdt,30,-0.5155704052233445,-1.7003686552206918,4.619920695745407,-1.1847982499973473,11987217123.807867,9740099455.30194,2247117668.50593,5353151,1140187
task3_maker_q90_win60,2025-12-07,ethusdt,120,-1.115505517642375,-3.181032457694519,7.837491517483858,-2.065526940052144,11987217123.807867,9740099455.30194,2247117668.50593,5353151,1140187
task3_maker_q90_win60,2025-12-07,ethusdt,300,-1.6925487129048955,-5.125963139757021,13.189537106411851,-3.433414426852125,11987217123.807867,9740099455.30194,2247117668.50593,5353151,1140187
task3_maker_q95_win30,2025-12-07,ethusdt,30,-0.5155704052233445,-1.6150526509863212,8.378385033501973,-1.0994822457629767,11987217123.807867,10668378419.866167,1318838703.9417,5879541,613797
task3_maker_q95_win30,2025-12-07,ethusdt,120,-1.115505517642375,-2.5742651717306924,10.684724462668552,-1.4587596540883174,11987217123.807867,10668378419.866167,1318838703.9417,5879541,613797
task3_maker_q95_win30,2025-12-07,ethusdt,300,-1.6925487129048955,-4.149723577682465,18.1840830714694,-2.4571748647775697,11987217123.807867,10668378419.866167,1318838703.9417,5879541,613797
task3_maker_q95_win60,2025-12-07,ethusdt,30,-0.5155704052233445,-1.5996470951308546,5.934480718769689,-1.08407668990751,11987217123.807867,10262390709.68675,1724826414.12112,5653595,839743
task3_maker_q95_win60,2025-12-07,ethusdt,120,-1.115505517642375,-2.7883954478037314,8.837872942394863,-1.6728899301613565,11987217123.807867,10262390709.68675,1724826414.12112,5653595,839743
task3_maker_q95_win60,2025-12-07,ethusdt,300,-1.6925487129048955,-4.600663135552658,15.610181689037304,-2.9081144226477624,11987217123.807867,10262390709.68675,1724826414.12112,5653595,839743
task3_maker_q99_win30,2025-12-07,ethusdt,30,-0.5155704052233445,-1.0286662308283785,9.496666159320554,-0.513095825605034,11987217123.807867,11402856379.7611,584360744.04677,6243351,249987
task3_maker_q99_win30,2025-12-07,ethusdt,120,-1.115505517642375,-1.409964219416301,4.630380598606126,-0.2944587017739257,11987217123.807867,11402856379.7611,584360744.04677,6243351,249987
task3_maker_q99_win30,2025-12-07,ethusdt,300,-1.6925487129048955,-2.888878443720763,21.65189432558876,-1.1963297308158674,11987217123.807867,11402856379.7611,584360744.04677,6243351,249987
task3_maker_q99_win60,2025-12-07,ethusdt,30,-0.5155704052233445,-1.0674735862747362,7.175137547542441,-0.5519031810513917,11987217123.807867,11184585147.70499,802631976.10288,6129484,363854
task3_maker_q99_win60,2025-12-07,ethusdt,120,-1.115505517642375,-1.7106144890766934,7.177270201919933,-0.5951089714343185,11987217123.807867,11184585147.70499,802631976.10288,6129484,363854
task3_maker_q99_win60,2025-12-07,ethusdt,300,-1.6925487129048955,-3.1071190378198894,18.01932761084689,-1.414570324914994,11987217123.807867,11184585147.70499,802631976.10288,6129484,363854
no_filter,2025-12-08,btcusdt,30,-0.1113216378413432,-0.1113216378413432,,0.0,12956057419.4553,12956057419.4553,0.0,4053713,0
no_filter,2025-12-08,btcusdt,120,-0.0448697800540986,-0.0448697800540986,,0.0,12956057419.4553,12956057419.4553,0.0,4053713,0
no_filter,2025-12-08,btcusdt,300,0.4457127573758345,0.4457127573758345,,0.0,12956057419.4553,12956057419.4553,0.0,4053713,0
task3_maker_q90_win30,2025-12-08,btcusdt,30,-0.1113216378413432,-0.0949513176708111,-0.3029308723205272,0.016370320170532,12956057419.4553,11936270602.1333,1019786817.322,3788378,265335
task3_maker_q90_win30,2025-12-08,btcusdt,120,-0.0448697800540986,0.0400585352623042,-1.0389278872788756,0.0849283153164028,12956057419.4553,11936270602.1333,1019786817.322,3788378,265335
task3_maker_q90_win30,2025-12-08,btcusdt,300,0.4457127573758345,1.0739660518659064,-6.90778623117543,0.6282532944900718,12956057419.4553,11936270602.1333,1019786817.322,3788378,265335
task3_maker_q90_win60,2025-12-08,btcusdt,30,-0.1113216378413432,-0.0697529752250928,-0.4302735858025455,0.0415686626162503,12956057419.4553,11462201135.2238,1493856284.2315,3657841,395872
task3_maker_q90_win60,2025-12-08,btcusdt,120,-0.0448697800540986,0.1451469149824029,-1.502847766657622,0.1900166950365015,12956057419.4553,11462201135.2238,1493856284.2315,3657841,395872
task3_maker_q90_win60,2025-12-08,btcusdt,300,0.4457127573758345,1.4775855442250347,-7.471737906169093,1.0318727868492,12956057419.4553,11462201135.2238,1493856284.2315,3657841,395872
task3_maker_q95_win30,2025-12-08,btcusdt,30,-0.1113216378413432,-0.113237051179056,-0.076004696712966,-0.0019154133377127,12956057419.4553,12289534833.3535,666522586.1018,3887813,165900
task3_maker_q95_win30,2025-12-08,btcusdt,120,-0.0448697800540986,-0.0099716147455521,-0.6883321729609239,0.0348981653085464,12956057419.4553,12289534833.3535,666522586.1018,3887813,165900
task3_maker_q95_win30,2025-12-08,btcusdt,300,0.4457127573758345,0.820996307688472,-6.473873105311369,0.3752835503126374,12956057419.4553,12289534833.3535,666522586.1018,3887813,165900
task3_maker_q95_win60,2025-12-08,btcusdt,30,-0.1113216378413432,-0.081797689884774,-0.4513881464211964,0.0295239479565692,12956057419.4553,11921090314.0841,1034967105.3712,3790644,263069
task3_maker_q95_win60,2025-12-08,btcusdt,120,-0.0448697800540986,0.1094088309304622,-1.8219013837964837,0.1542786109845609,12956057419.4553,11921090314.0841,1034967105.3712,3790644,263069
task3_maker_q95_win60,2025-12-08,btcusdt,300,0.4457127573758345,1.2022649213256291,-8.268503015237098,0.7565521639497945,12956057419.4553,11921090314.0841,1034967105.3712,3790644,263069
task3_maker_q99_win30,2025-12-08,btcusdt,30,-0.1113216378413432,-0.0859668775750474,-1.8966621903018497,0.0253547602662957,12956057419.4553,12774636653.8755,181420765.5798,4008934,44779
task3_maker_q99_win30,2025-12-08,btcusdt,120,-0.0448697800540986,-0.0591699874948821,0.9620709279030732,-0.0143002074407834,12956057419.4553,12774636653.8755,181420765.5798,4008934,44779
task3_maker_q99_win30,2025-12-08,btcusdt,300,0.4457127573758345,0.5352000040016124,-5.855479154953642,0.0894872466257778,12956057419.4553,12774636653.8755,181420765.5798,4008934,44779
task3_maker_q99_win60,2025-12-08,btcusdt,30,-0.1113216378413432,-0.0962315713303923,-0.7726934484274771,0.0150900665109509,12956057419.4553,12667042214.3143,289015205.141,3980570,73143
task3_maker_q99_win60,2025-12-08,btcusdt,120,-0.0448697800540986,-0.0887497394123748,1.8783138022162944,-0.0438799593582762,12956057419.4553,12667042214.3143,289015205.141,3980570,73143
task3_maker_q99_win60,2025-12-08,btcusdt,300,0.4457127573758345,0.5473199417158146,-4.007556380087818,0.10160718433998,12956057419.4553,12667042214.3143,289015205.141,3980570,73143
no_filter,2025-12-08,ethusdt,30,-0.0776379805329861,-0.0776379805329861,,0.0,12595702562.06043,12595702562.06043,0.0,7567418,0
no_filter,2025-12-08,ethusdt,120,0.0307336017792833,0.0307336017792833,,0.0,12595702562.06043,12595702562.06043,0.0,7567418,0
no_filter,2025-12-08,ethusdt,300,0.6561531492413784,0.6561531492413784,,0.0,12595702562.06043,12595702562.06043,0.0,7567418,0
task3_maker_q90_win30,2025-12-08,ethusdt,30,-0.0776379805329861,0.0205083669422157,-1.2703478386454403,0.0981463474752019,12595702562.06043,11638026412.69607,957676149.36436,7069540,497878
task3_maker_q90_win30,2025-12-08,ethusdt,120,0.0307336017792833,0.3496389317418759,-3.844719134218788,0.3189053299625925,12595702562.06043,11638026412.69607,957676149.36436,7069540,497878
task3_maker_q90_win30,2025-12-08,ethusdt,300,0.6561531492413784,1.5081086301691184,-9.697117521704298,0.8519554809277401,12595702562.06043,11638026412.69607,957676149.36436,7069540,497878
task3_maker_q90_win60,2025-12-08,ethusdt,30,-0.0776379805329861,0.0525985543352058,-1.1565211298934166,0.1302365348681919,12595702562.06043,11238995961.95269,1356706600.10774,6831949,735469
task3_maker_q90_win60,2025-12-08,ethusdt,120,0.0307336017792833,0.4172336547958601,-3.1710438015316806,0.3865000530165767,12595702562.06043,11238995961.95269,1356706600.10774,6831949,735469
task3_maker_q90_win60,2025-12-08,ethusdt,300,0.6561531492413784,1.79089212724394,-8.744056734478752,1.1347389780025616,12595702562.06043,11238995961.95269,1356706600.10774,6831949,735469
task3_maker_q95_win30,2025-12-08,ethusdt,30,-0.0776379805329861,0.073884963547882,-2.802980358948856,0.1515229440808682,12595702562.06043,11932293705.1891,663408856.87133,7228851,338567
task3_maker_q95_win30,2025-12-08,ethusdt,120,0.0307336017792833,0.2969053708008963,-4.7567209085117055,0.2661717690216129,12595702562.06043,11932293705.1891,663408856.87133,7228851,338567
task3_maker_q95_win30,2025-12-08,ethusdt,300,0.6561531492413784,1.156398659506531,-8.341430002325907,0.5002455102651526,12595702562.06043,11932293705.1891,663408856.87133,7228851,338567
task3_maker_q95_win60,2025-12-08,ethusdt,30,-0.0776379805329861,0.0940554858821538,-2.1254673187313284,0.17169346641514,12595702562.06043,11621349052.23433,974353509.8261,7045383,522035
task3_maker_q95_win60,2025-12-08,ethusdt,120,0.0307336017792833,0.3516529719175247,-3.796949041520604,0.3209193701382413,12595702562.06043,11621349052.23433,974353509.8261,7045383,522035
task3_maker_q95_win60,2025-12-08,ethusdt,300,0.6561531492413784,1.3629106521370693,-7.773513859298729,0.706757502895691,12595702562.06043,11621349052.23433,974353509.8261,7045383,522035
task3_maker_q99_win30,2025-12-08,ethusdt,30,-0.0776379805329861,-0.0024421367662143,-4.362059108539211,0.0751958437667718,12595702562.06043,12378448503.24704,217254058.81339,7461588,105830
task3_maker_q99_win30,2025-12-08,ethusdt,120,0.0307336017792833,0.1665983458481514,-7.710409404013289,0.1358647440688681,12595702562.06043,12378448503.24704,217254058.81339,7461588,105830
task3_maker_q99_win30,2025-12-08,ethusdt,300,0.6561531492413784,0.714045722822809,-2.6423824211054026,0.0578925735814306,12595702562.06043,12378448503.24704,217254058.81339,7461588,105830
task3_maker_q99_win60,2025-12-08,ethusdt,30,-0.0776379805329861,0.0167004080063995,-3.824488180404083,0.0943383885393857,12595702562.06043,12286356052.54216,309346509.51827,7410346,157072
task3_maker_q99_win60,2025-12-08,ethusdt,120,0.0307336017792833,0.2179371620870956,-7.404454853481073,0.1872035603078122,12595702562.06043,12286356052.54216,309346509.51827,7410346,157072
task3_maker_q99_win60,2025-12-08,ethusdt,300,0.6561531492413784,0.7000598177632563,-1.0876937859666482,0.0439066685218779,12595702562.06043,12286356052.54216,309346509.51827,7410346,157072
no_filter,2025-12-09,btcusdt,30,-0.2822137362408394,-0.2822137362408394,,0.0,15254386612.9971,15254386612.9971,0.0,4479556,0
no_filter,2025-12-09,btcusdt,120,-0.0342663526554677,-0.0342663526554677,,0.0,15254386612.9971,15254386612.9971,0.0,4479556,0
no_filter,2025-12-09,btcusdt,300,-0.2779053631939199,-0.2779053631939199,,0.0,15254386612.9971,15254386612.9971,0.0,4479556,0
task3_maker_q90_win30,2025-12-09,btcusdt,30,-0.2822137362408394,-0.3891711030410037,0.6289995736724499,-0.1069573668001643,15254386612.9971,13651935215.0209,1602451397.9762,4078034,401522
task3_maker_q90_win30,2025-12-09,btcusdt,120,-0.0342663526554677,0.0326145971530809,-0.6040523661710749,0.0668809498085486,15254386612.9971,13651935215.0209,1602451397.9762,4078034,401522
task3_maker_q90_win30,2025-12-09,btcusdt,300,-0.2779053631939199,-0.6405146627533396,2.8113107417071466,-0.3626092995594196,15254386612.9971,13651935215.0209,1602451397.9762,4078034,401522
task3_maker_q90_win60,2025-12-09,btcusdt,30,-0.2822137362408394,-0.4042868177070218,0.4139717722062408,-0.1220730814661824,15254386612.9971,12978639064.8749,2275747548.1222,3890315,589241
task3_maker_q90_win60,2025-12-09,btcusdt,120,-0.0342663526554677,0.0870562545718866,-0.7261718897668549,0.1213226072273544,15254386612.9971,12978639064.8749,2275747548.1222,3890315,589241
task3_maker_q90_win60,2025-12-09,btcusdt,300,-0.2779053631939199,-0.7749669638832276,2.556848040661704,-0.4970616006893076,15254386612.9971,12978639064.8749,2275747548.1222,3890315,589241
task3_maker_q95_win30,2025-12-09,btcusdt,30,-0.2822137362408394,-0.3852340981532765,0.9584864037019,-0.1030203619124371,15254386612.9971,14084863317.4505,1169523295.5466,4196675,282881
task3_maker_q95_win30,2025-12-09,btcusdt,120,-0.0342663526554677,-0.020444399945009,-0.2007276069531729,0.0138219527104586,15254386612.9971,14084863317.4505,1169523295.5466,4196675,282881
task3_maker_q95_win30,2025-12-09,btcusdt,300,-0.2779053631939199,-0.5283238147181255,2.7379470574605804,-0.2504184515242055,15254386612.9971,14084863317.4505,1169523295.5466,4196675,282881
task3_maker_q95_win60,2025-12-09,btcusdt,30,-0.2822137362408394,-0.4097724663747161,0.6857567046539267,-0.1275587301338767,15254386612.9971,13478231092.1924,1776155520.8047,4030888,448668
task3_maker_q95_win60,2025-12-09,btcusdt,120,-0.0342663526554677,0.0071373121650725,-0.348455147486952,0.0414036648205402,15254386612.9971,13478231092.1924,1776155520.8047,4030888,448668
task3_maker_q95_win60,2025-12-09,btcusdt,300,-0.2779053631939199,-0.778682482827282,3.5222065442605497,-0.5007771196333621,15254386612.9971,13478231092.1924,1776155520.8047,4030888,448668
task3_maker_q99_win30,2025-12-09,btcusdt,30,-0.2822137362408394,-0.3933813840596783,2.6178241370233324,-0.1111676478188389,15254386612.9971,14691225358.5384,563161254.4587,4345428,134128
task3_maker_q99_win30,2025-12-09,btcusdt,120,-0.0342663526554677,-0.1047890310623714,1.8054634816695168,-0.0705226784069037,15254386612.9971,14691225358.5384,563161254.4587,4345428,134128
task3_maker_q99_win30,2025-12-09,btcusdt,300,-0.2779053631939199,-0.6055771182450731,8.27008965416805,-0.3276717550511531,15254386612.9971,14691225358.5384,563161254.4587,4345428,134128
task3_maker_q99_win60,2025-12-09,btcusdt,30,-0.2822137362408394,-0.3723613806189968,1.1133126079350446,-0.0901476443781574,15254386612.9971,14328781783.0076,925604829.9895,4251420,228136
task3_maker_q99_win60,2025-12-09,btcusdt,120,-0.0342663526554677,-0.0293273836945891,-0.1107238280062379,0.0049389689608785,15254386612.9971,14328781783.0076,925604829.9895,4251420,228136
task3_maker_q99_win60,2025-12-09,btcusdt,300,-0.2779053631939199,-0.7514897542051518,7.053395397969422,-0.4735843910112319,15254386612.9971,14328781783.0076,925604829.9895,4251420,228136
no_filter,2025-12-09,ethusdt,30,-0.2860533408343006,-0.2860533408343006,,0.0,16713570877.23268,16713570877.23268,0.0,8904592,0
no_filter,2025-12-09,ethusdt,120,0.181463549894589,0.181463549894589,,0.0,16713570877.23268,16713570877.23268,0.0,8904592,0
no_filter,2025-12-09,ethusdt,300,0.0949863176907914,0.0949863176907914,,0.0,16713570877.23268,16713570877.23268,0.0,8904592,0
task3_maker_q90_win30,2025-12-09,ethusdt,30,-0.2860533408343006,-0.4585000688632491,0.949513677476158,-0.1724467280289485,16713570877.23268,14666573382.39151,2046997494.84117,7973457,931135
task3_maker_q90_win30,2025-12-09,ethusdt,120,0.181463549894589,0.2985584853692151,-0.6575123004291834,0.1170949354746261,16713570877.23268,14666573382.39151,2046997494.84117,7973457,931135
task3_maker_q90_win30,2025-12-09,ethusdt,300,0.0949863176907914,-1.234138129492674,9.618056711315964,-1.3291244471834651,16713570877.23268,14666573382.39151,2046997494.84117,7973457,931135
task3_maker_q90_win60,2025-12-09,ethusdt,30,-0.2860533408343006,-0.5012276664455784,0.7379055664608992,-0.2151743256112777,16713570877.23268,13811274944.43022,2902295932.80246,7551673,1352919
task3_maker_q90_win60,2025-12-09,ethusdt,120,0.181463549894589,0.2779208309802205,-0.277551678156078,0.0964572810856315,16713570877.23268,13811274944.43022,2902295932.80246,7551673,1352919
task3_maker_q90_win60,2025-12-09,ethusdt,300,0.0949863176907914,-1.7049027908741874,8.660192596939059,-1.7998891085649789,16713570877.23268,13811274944.43022,2902295932.80246,7551673,1352919
task3_maker_q95_win30,2025-12-09,ethusdt,30,-0.2860533408343006,-0.3816586304546324,0.6265874811405316,-0.0956052896203318,16713570877.23268,15128733836.02684,1584837041.20584,8189199,715393
task3_maker_q95_win30,2025-12-09,ethusdt,120,0.181463549894589,0.4416350105240371,-2.302113421904643,0.2601714606294481,16713570877.23268,15128733836.02684,1584837041.20584,8189199,715393
task3_maker_q95_win30,2025-12-09,ethusdt,300,0.0949863176907914,-0.7362876390896114,8.030264273702544,-0.8312739567804028,16713570877.23268,15128733836.02684,1584837041.20584,8189199,715393
task3_maker_q95_win60,2025-12-09,ethusdt,30,-0.2860533408343006,-0.477532740924396,0.9493370493341496,-0.1914794000900954,16713570877.23268,14470686104.71541,2242884772.51727,7868188,1036404
task3_maker_q95_win60,2025-12-09,ethusdt,120,0.181463549894589,0.4074939040170593,-1.2768433344902823,0.2260303541224703,16713570877.23268,14470686104.71541,2242884772.51727,7868188,1036404
task3_maker_q95_win60,2025-12-09,ethusdt,300,0.0949863176907914,-1.1227349595030862,7.951503327046013,-1.2177212771938777,16713570877.23268,14470686104.71541,2242884772.51727,7868188,1036404
task3_maker_q99_win30,2025-12-09,ethusdt,30,-0.2860533408343006,-0.2047540613485876,-2.118237400442448,0.081299279485713,16713570877.23268,16003451670.97093,710119206.26175,8592525,312067
task3_maker_q99_win30,2025-12-09,ethusdt,120,0.181463549894589,0.3359866391248087,-3.3009134492615724,0.1545230892302196,16713570877.23268,16003451670.97093,710119206.26175,8592525,312067
task3_maker_q99_win30,2025-12-09,ethusdt,300,0.0949863176907914,-0.5189704993408203,13.931294592117167,-0.6139568170316118,16713570877.23268,16003451670.97093,710119206.26175,8592525,312067
task3_maker_q99_win60,2025-12-09,ethusdt,30,-0.2860533408343006,-0.2624419069324667,-0.6256982461349492,0.0236114339018339,16713570877.23268,15627199267.31722,1086371609.91546,8414373,490219
task3_maker_q99_win60,2025-12-09,ethusdt,120,0.181463549894589,0.2929772215294153,-1.4226343036964295,0.1115136716348263,16713570877.23268,15627199267.31722,1086371609.91546,8414373,490219
task3_maker_q99_win60,2025-12-09,ethusdt,300,0.0949863176907914,-0.8816170388554349,14.143195161316925,-0.9766033565462264,16713570877.23268,15627199267.31722,1086371609.91546,8414373,490219
no_filter,2025-12-10,btcusdt,30,-0.1824572519165939,-0.1824572519165939,,0.0,13470706686.3873,13470706686.3873,0.0,4231885,0
no_filter,2025-12-10,btcusdt,120,-0.1660297585524035,-0.1660297585524035,,0.0,13470706686.3873,13470706686.3873,0.0,4231885,0
no_filter,2025-12-10,btcusdt,300,-0.1318345547788081,-0.1318345547788081,,0.0,13470706686.3873,13470706686.3873,0.0,4231885,0
task3_maker_q90_win30,2025-12-10,btcusdt,30,-0.1824572519165939,-0.0502345487043216,-1.5178675700498223,0.1322227032122722,13470706686.3873,12257097271.5345,1213609414.8528,3917051,314834
task3_maker_q90_win30,2025-12-10,btcusdt,120,-0.1660297585524035,0.1395687652235562,-3.252484746554959,0.3055985237759598,13470706686.3873,12257097271.5345,1213609414.8528,3917051,314834
task3_maker_q90_win30,2025-12-10,btcusdt,300,-0.1318345547788081,0.7449212401520163,-8.986809582433915,0.8767557949308245,13470706686.3873,12257097271.5345,1213609414.8528,3917051,314834
task3_maker_q90_win60,2025-12-10,btcusdt,30,-0.1824572519165939,-0.0252759050969788,-1.2266415832360662,0.157181346819615,13470706686.3873,11708259283.3134,1762447403.0739,3760225,471660
task3_maker_q90_win60,2025-12-10,btcusdt,120,-0.1660297585524035,0.2417974995832708,-2.8753005559261204,0.4078272581356744,13470706686.3873,11708259283.3134,1762447403.0739,3760225,471660
task3_maker_q90_win60,2025-12-10,btcusdt,300,-0.1318345547788081,1.1326340070028058,-8.531929644774955,1.2644685617816138,13470706686.3873,11708259283.3134,1762447403.0739,3760225,471660
task3_maker_q95_win30,2025-12-10,btcusdt,30,-0.1824572519165939,-0.0146497718183749,-2.5933453980260133,0.167807480098219,13470706686.3873,12594106392.3428,876600294.0445001,4010425,221460
task3_maker_q95_win30,2025-12-10,btcusdt,120,-0.1660297585524035,0.1859140487220487,-5.222402409866654,0.3519438072744523,13470706686.3873,12594106392.3428,876600294.0445001,4010425,221460
task3_maker_q95_win30,2025-12-10,btcusdt,300,-0.1318345547788081,0.7242167043316976,-12.430713197396992,0.8560512591105057,13470706686.3873,12594106392.3428,876600294.0445001,4010425,221460
task3_maker_q95_win60,2025-12-10,btcusdt,30,-0.1824572519165939,0.0001005685530962,-1.8269589607657504,0.1825578204696902,13470706686.3873,12124728181.9156,1345978504.4717,3882247,349638
task3_maker_q95_win60,2025-12-10,btcusdt,120,-0.1660297585524035,0.3142503050923125,-4.492447456560852,0.4802800636447161,13470706686.3873,12124728181.9156,1345978504.4717,3882247,349638
task3_maker_q95_win60,2025-12-10,btcusdt,300,-0.1318345547788081,1.0813951554160155,-11.060746427788416,1.2132297101948235,13470706686.3873,12124728181.9156,1345978504.4717,3882247,349638
task3_maker_q99_win30,2025-12-10,btcusdt,30,-0.1824572519165939,-0.1264973053083724,-2.651859960027641,0.0559599466082214,13470706686.3873,13172206973.6682,298499712.7191,4157015,74870
task3_maker_q99_win30,2025-12-10,btcusdt,120,-0.1660297585524035,-0.2557884641546397,3.7948459056523993,-0.0897587056022361,13470706686.3873,13172206973.6682,298499712.7191,4157015,74870
task3_maker_q99_win30,2025-12-10,btcusdt,300,-0.1318345547788081,0.1246412968167418,-11.449610944545585,0.25647585159555,13470706686.3873,13172206973.6682,298499712.7191,4157015,74870
task3_maker_q99_win60,2025-12-10,btcusdt,30,-0.1824572519165939,-0.1312074495019874,-1.6819076819653491,0.0512498024146065,13470706686.3873,13025507129.6904,445199556.6969,4114852,117033
task3_maker_q99_win60,2025-12-10,btcusdt,120,-0.1660297585524035,-0.3603401696878598,5.519042491735356,-0.1943104111354562,13470706686.3873,13025507129.6904,445199556.6969,4114852,117033
task3_maker_q99_win60,2025-12-10,btcusdt,300,-0.1318345547788081,0.2469618104895721,-11.214538214933762,0.3787963652683802,13470706686.3873,13025507129.6904,445199556.6969,4114852,117033
no_filter,2025-12-10,ethusdt,30,0.0069412134723234,0.0069412134723234,,0.0,15128259323.7465,15128259323.7465,0.0,9398690,0
no_filter,2025-12-10,ethusdt,120,0.4962018149260046,0.4962018149260046,,0.0,15128259323.7465,15128259323.7465,0.0,9398690,0
no_filter,2025-12-10,ethusdt,300,1.3826842313772572,1.3826842313772572,,0.0,15128259323.7465,15128259323.7465,0.0,9398690,0
task3_maker_q90_win30,2025-12-10,ethusdt,30,0.0069412134723234,0.6326772064728784,-4.671052017238621,0.6257359930005549,15128259323.7465,13343421529.23896,1784837794.50754,8431763,966927
task3_maker_q90_win30,2025-12-10,ethusdt,120,0.4962018149260046,1.4859661435903475,-6.903261986554331,0.9897643286643432,15128259323.7465,13343421529.23896,1784837794.50754,8431763,966927
task3_maker_q90_win30,2025-12-10,ethusdt,300,1.3826842313772572,3.792982554693579,-16.63667116226028,2.4102983233163218,15128259323.7465,13343421529.23896,1784837794.50754,8431763,966927
task3_maker_q90_win60,2025-12-10,ethusdt,30,0.0069412134723234,0.6297594598615074,-3.0350070101511006,0.6228182463891839,15128259323.7465,12557248041.02643,2571011282.72007,7936021,1462669
task3_maker_q90_win60,2025-12-10,ethusdt,120,0.4962018149260046,1.7887626789424675,-5.816881090103543,1.292560864016463,15128259323.7465,12557248041.02643,2571011282.72007,7936021,1462669
task3_maker_q90_win60,2025-12-10,ethusdt,300,1.3826842313772572,4.169689181438602,-12.229512916378027,2.7870049500613447,15128259323.7465,12557248041.02643,2571011282.72007,7936021,1462669
task3_maker_q95_win30,2025-12-10,ethusdt,30,0.0069412134723234,0.6139601429308666,-6.332211919937459,0.6070189294585432,15128259323.7465,13806216089.551151,1322043234.19535,8716846,681844
task3_maker_q95_win30,2025-12-10,ethusdt,120,0.4962018149260046,1.463514084396524,-9.60552698860475,0.9673122694705194,15128259323.7465,13806216089.551151,1322043234.19535,8716846,681844
task3_maker_q95_win30,2025-12-10,ethusdt,300,1.3826842313772572,3.813309709151121,-24.000555674040136,2.430625477773864,15128259323.7465,13806216089.551151,1322043234.19535,8716846,681844
task3_maker_q95_win60,2025-12-10,ethusdt,30,0.0069412134723234,0.6801211435233663,-4.742925012633412,0.6731799300510428,15128259323.7465,13250340482.54472,1877918841.20178,8367073,1031617
task3_maker_q95_win60,2025-12-10,ethusdt,120,0.4962018149260046,1.7919543091777754,-8.646451932003265,1.2957524942517709,15128259323.7465,13250340482.54472,1877918841.20178,8367073,1031617
task3_maker_q95_win60,2025-12-10,ethusdt,300,1.3826842313772572,4.350108409577709,-19.5550580472661,2.967424178200452,15128259323.7465,13250340482.54472,1877918841.20178,8367073,1031617
task3_maker_q99_win30,2025-12-10,ethusdt,30,0.0069412134723234,0.4885058257313939,-12.851630093847591,0.4815646122590705,15128259323.7465,14582145372.63583,546113951.11067,9139446,259244
task3_maker_q99_win30,2025-12-10,ethusdt,120,0.4962018149260046,1.7363029321144656,-32.61654824544674,1.240101117188461,15128259323.7465,14582145372.63583,546113951.11067,9139446,259244
task3_maker_q99_win30,2025-12-10,ethusdt,300,1.3826842313772572,3.2981034060644805,-49.76217445245271,1.9154191746872236,15128259323.7465,14582145372.63583,546113951.11067,9139446,259244
task3_maker_q99_win60,2025-12-10,ethusdt,30,0.0069412134723234,0.4855245476700457,-8.611818589131289,0.4785833341977222,15128259323.7465,14332407976.94196,795851346.8045399,8984557,414133
task3_maker_q99_win60,2025-12-10,ethusdt,120,0.4962018149260046,2.188743177750513,-29.984607732297118,1.6925413628245085,15128259323.7465,14332407976.94196,795851346.8045399,8984557,414133
task3_maker_q99_win60,2025-12-10,ethusdt,300,1.3826842313772572,3.897586066672081,-43.90793350789009,2.514901835294824,15128259323.7465,14332407976.94196,795851346.8045399,8984557,414133
no_filter,2025-12-11,btcusdt,30,-0.282985807446621,-0.282985807446621,,0.0,15703317180.4207,15703317180.4207,0.0,4805321,0
no_filter,2025-12-11,btcusdt,120,-0.0627122394855855,-0.0627122394855855,,0.0,15703317180.4207,15703317180.4207,0.0,4805321,0
no_filter,2025-12-11,btcusdt,300,-0.2918849884242064,-0.2918849884242064,,0.0,15703317180.4207,15703317180.4207,0.0,4805321,0
task3_maker_q90_win30,2025-12-11,btcusdt,30,-0.282985807446621,-0.3281941503652068,0.1466413234731639,-0.0452083429185858,15703317180.4207,14208228908.4492,1495088271.9715,4413266,392055
task3_maker_q90_win30,2025-12-11,btcusdt,120,-0.0627122394855855,0.004547919667816,-0.7019037545190693,0.0672601591534016,15703317180.4207,14208228908.4492,1495088271.9715,4413266,392055
task3_maker_q90_win30,2025-12-11,btcusdt,300,-0.2918849884242064,-0.5796467471357594,2.4427929670655084,-0.2877617587115529,15703317180.4207,14208228908.4492,1495088271.9715,4413266,392055
task3_maker_q90_win60,2025-12-11,btcusdt,30,-0.282985807446621,-0.3868771576882046,0.3884728918421372,-0.1038913502415836,15703317180.4207,13599185213.0158,2104131967.4049,4227023,578298
task3_maker_q90_win60,2025-12-11,btcusdt,120,-0.0627122394855855,-0.1417810130581722,0.4483160196904697,-0.0790687735725866,15703317180.4207,13599185213.0158,2104131967.4049,4227023,578298
task3_maker_q90_win60,2025-12-11,btcusdt,300,-0.2918849884242064,-0.8356922739387234,3.222788097893762,-0.543807285514517,15703317180.4207,13599185213.0158,2104131967.4049,4227023,578298
task3_maker_q95_win30,2025-12-11,btcusdt,30,-0.282985807446621,-0.3151587550791628,0.1527485301666231,-0.0321729476325418,15703317180.4207,14623569082.3814,1079748098.0393,4527341,277980
task3_maker_q95_win30,2025-12-11,btcusdt,120,-0.0627122394855855,-0.004663418573699,-0.8488964840304293,0.0580488209118864,15703317180.4207,14623569082.3814,1079748098.0393,4527341,277980
task3_maker_q95_win30,2025-12-11,btcusdt,300,-0.2918849884242064,-0.4580684981561688,1.9588214859200572,-0.1661835097319624,15703317180.4207,14623569082.3814,1079748098.0393,4527341,277980
task3_maker_q95_win60,2025-12-11,btcusdt,30,-0.282985807446621,-0.3498335745985734,0.3251692844872801,-0.0668477671519524,15703317180.4207,14148165707.7119,1555151472.7088,4384579,420742
task3_maker_q95_win60,2025-12-11,btcusdt,120,-0.0627122394855855,-0.0772779834159384,0.0698012567231005,-0.0145657439303528,15703317180.4207,14148165707.7119,1555151472.7088,4384579,420742
task3_maker_q95_win60,2025-12-11,btcusdt,300,-0.2918849884242064,-0.6094639882924358,2.5973257375244576,-0.3175789998682293,15703317180.4207,14148165707.7119,1555151472.7088,4384579,420742
task3_maker_q99_win30,2025-12-11,btcusdt,30,-0.282985807446621,-0.2531213341143382,-1.3423494016433586,0.0298644733322828,15703317180.4207,15272763367.9148,430553812.5059,4695299,110022
task3_maker_q99_win30,2025-12-11,btcusdt,120,-0.0627122394855855,0.0510503066022503,-4.098139161891973,0.1137625460878359,15703317180.4207,15272763367.9148,430553812.5059,4695299,110022
task3_maker_q99_win30,2025-12-11,btcusdt,300,-0.2918849884242064,-0.2945106563093695,-0.1987463304259556,-0.0026256678851631,15703317180.4207,15272763367.9148,430553812.5059,4695299,110022
task3_maker_q99_win60,2025-12-11,btcusdt,30,-0.282985807446621,-0.2315847672843421,-1.375829576482001,0.0514010401622788,15703317180.4207,14997902717.900398,705414462.5202999,4622202,183119
task3_maker_q99_win60,2025-12-11,btcusdt,120,-0.0627122394855855,0.0438864831796034,-2.3291206523113197,0.106598722665189,15703317180.4207,14997902717.900398,705414462.5202999,4622202,183119
task3_maker_q99_win60,2025-12-11,btcusdt,300,-0.2918849884242064,-0.3259901975674413,0.4332300128707429,-0.0341052091432348,15703317180.4207,14997902717.900398,705414462.5202999,4622202,183119
no_filter,2025-12-11,ethusdt,30,-0.0553013759410477,-0.0553013759410477,,0.0,15498484303.572948,15498484303.572948,0.0,9099788,0
no_filter,2025-12-11,ethusdt,120,0.2777894091453214,0.2777894091453214,,0.0,15498484303.572948,15498484303.572948,0.0,9099788,0
no_filter,2025-12-11,ethusdt,300,0.1415796747581972,0.1415796747581972,,0.0,15498484303.572948,15498484303.572948,0.0,9099788,0
task3_maker_q90_win30,2025-12-11,ethusdt,30,-0.0553013759410477,0.0962098265043842,-1.351948409002362,0.151511202445432,15498484303.572948,13876980565.00235,1621503738.5706,8272805,826983
task3_maker_q90_win30,2025-12-11,ethusdt,120,0.2777894091453214,1.0841194765898752,-6.622858679874129,0.8063300674445537,15498484303.572948,13876980565.00235,1621503738.5706,8272805,826983
task3_maker_q90_win30,2025-12-11,ethusdt,300,0.1415796747581972,0.6482728401113365,-4.194747797556718,0.5066931653531392,15498484303.572948,13876980565.00235,1621503738.5706,8272805,826983
task3_maker_q90_win60,2025-12-11,ethusdt,30,-0.0553013759410477,0.1707706093824713,-1.367561347344689,0.2260719853235191,15498484303.572948,13220839936.44396,2277644367.12899,7892849,1206939
task3_maker_q90_win60,2025-12-11,ethusdt,120,0.2777894091453214,1.148361509884559,-4.775543131753235,0.8705721007392375,15498484303.572948,13220839936.44396,2277644367.12899,7892849,1206939
task3_maker_q90_win60,2025-12-11,ethusdt,300,0.1415796747581972,0.7408838722787647,-3.3371481648500043,0.5993041975205675,15498484303.572948,13220839936.44396,2277644367.12899,7892849,1206939
task3_maker_q95_win30,2025-12-11,ethusdt,30,-0.0553013759410477,0.1456910911790568,-2.5023504142525947,0.2009924671201046,15498484303.572948,14322113544.12386,1176370759.44909,8504464,595324
task3_maker_q95_win30,2025-12-11,ethusdt,120,0.2777894091453214,0.9959247290596264,-8.46538574141273,0.7181353199143049,15498484303.572948,14322113544.12386,1176370759.44909,8504464,595324
task3_maker_q95_win30,2025-12-11,ethusdt,300,0.1415796747581972,0.7582176685131701,-7.365882824832832,0.6166379937549729,15498484303.572948,14322113544.12386,1176370759.44909,8504464,595324
task3_maker_q95_win60,2025-12-11,ethusdt,30,-0.0553013759410477,0.1547114202400041,-1.7411816134315237,0.2100127961810519,15498484303.572948,13781678572.788551,1716805730.7844,8195745,904043
task3_maker_q95_win60,2025-12-11,ethusdt,120,0.2777894091453214,1.1185487075811549,-6.471415932120508,0.8407592984358334,15498484303.572948,13781678572.788551,1716805730.7844,8195745,904043
task3_maker_q95_win60,2025-12-11,ethusdt,300,0.1415796747581972,0.9278825077957226,-6.170475738084014,0.7863028330375254,15498484303.572948,13781678572.788551,1716805730.7844,8195745,904043
task3_maker_q99_win30,2025-12-11,ethusdt,30,-0.0553013759410477,0.1611107626972212,-7.042927190494285,0.2164121386382689,15498484303.572948,15032903728.40372,465580575.16923,8887481,212307
task3_maker_q99_win30,2025-12-11,ethusdt,120,0.2777894091453214,0.7238620785385511,-14.12523308040563,0.4460726693932296,15498484303.572948,15032903728.40372,465580575.16923,8887481,212307
task3_maker_q99_win30,2025-12-11,ethusdt,300,0.1415796747581972,0.5878690152687422,-14.268438802643283,0.446289340510545,15498484303.572948,15032903728.40372,465580575.16923,8887481,212307
task3_maker_q99_win60,2025-12-11,ethusdt,30,-0.0553013759410477,0.1889950593079289,-4.893553011060317,0.2442964352489767,15498484303.572948,14753538183.10256,744946120.47039,8737974,361814
task3_maker_q99_win60,2025-12-11,ethusdt,120,0.2777894091453214,0.7739984478127662,-9.54955084756758,0.4962090386674447,15498484303.572948,14753538183.10256,744946120.47039,8737974,361814
task3_maker_q99_win60,2025-12-11,ethusdt,300,0.1415796747581972,0.6628886383271997,-10.182860560399194,0.5213089635690025,15498484303.572948,14753538183.10256,744946120.47039,8737974,361814
no_filter,2025-12-12,btcusdt,30,-0.0930593607436245,-0.0930593607436245,,0.0,12201885610.1803,12201885610.1803,0.0,3756330,0
no_filter,2025-12-12,btcusdt,120,0.1170478686783266,0.1170478686783266,,0.0,12201885610.1803,12201885610.1803,0.0,3756330,0
no_filter,2025-12-12,btcusdt,300,-0.2459846400568446,-0.2459846400568446,,0.0,12201885610.1803,12201885610.1803,0.0,3756330,0
task3_maker_q90_win30,2025-12-12,btcusdt,30,-0.0930593607436245,-0.089297744199563,-0.1323655704389411,0.0037616165440614,12201885610.1803,11136152352.0194,1065733258.1609,3483574,272756
task3_maker_q90_win30,2025-12-12,btcusdt,120,0.1170478686783266,-0.0572136993273976,1.9379569522161435,-0.1742615680057242,12201885610.1803,11136152352.0194,1065733258.1609,3483574,272756
task3_maker_q90_win30,2025-12-12,btcusdt,300,-0.2459846400568446,-1.007978257590454,7.716305127238321,-0.7619936175336093,12201885610.1803,11136152352.0194,1065733258.1609,3483574,272756
task3_maker_q90_win60,2025-12-12,btcusdt,30,-0.0930593607436245,-0.1503758298180047,0.3073270052057216,-0.0573164690743802,12201885610.1803,10673887647.9462,1527997962.2341,3342679,413651
task3_maker_q90_win60,2025-12-12,btcusdt,120,0.1170478686783266,0.021497682993058,0.7845173103611943,-0.0955501856852685,12201885610.1803,10673887647.9462,1527997962.2341,3342679,413651
task3_maker_q90_win60,2025-12-12,btcusdt,300,-0.2459846400568446,-1.252157269419203,6.782672377619869,-1.0061726293623583,12201885610.1803,10673887647.9462,1527997962.2341,3342679,413651
task3_maker_q95_win30,2025-12-12,btcusdt,30,-0.0930593607436245,-0.16299005665242,0.85937130332476,-0.0699306959087955,12201885610.1803,11367262564.4321,834623045.7481999,3549989,206341
task3_maker_q95_win30,2025-12-12,btcusdt,120,0.1170478686783266,-0.1456319673365337,3.69465177211011,-0.2626798360148603,12201885610.1803,11367262564.4321,834623045.7481999,3549989,206341
task3_maker_q95_win30,2025-12-12,btcusdt,300,-0.2459846400568446,-1.0133021315785111,10.204600735990445,-0.7673174915216667,12201885610.1803,11367262564.4321,834623045.7481999,3549989,206341
task3_maker_q95_win60,2025-12-12,btcusdt,30,-0.0930593607436245,-0.2252023637690303,1.0794646176993066,-0.1321430030254058,12201885610.1803,10966019423.6328,1235866186.5475,3430669,325661
task3_maker_q95_win60,2025-12-12,btcusdt,120,0.1170478686783266,-0.1878968073022429,2.8228660845469675,-0.3049446759805696,12201885610.1803,10966019423.6328,1235866186.5475,3430669,325661
task3_maker_q95_win60,2025-12-12,btcusdt,300,-0.2459846400568446,-1.4748917201145082,10.658285625156257,-1.2289070800576636,12201885610.1803,10966019423.6328,1235866186.5475,3430669,325661
task3_maker_q99_win30,2025-12-12,btcusdt,30,-0.0930593607436245,-0.1597089881590184,1.7427941906625906,-0.0666496274153939,12201885610.1803,11774421867.2879,427463742.8924,3660401,95929
task3_maker_q99_win30,2025-12-12,btcusdt,120,0.1170478686783266,-0.1577048428974204,7.685068289274417,-0.2747527115757471,12201885610.1803,11774421867.2879,427463742.8924,3660401,95929
task3_maker_q99_win30,2025-12-12,btcusdt,300,-0.2459846400568446,-0.7416799582368202,13.407865285080996,-0.4956953181799756,12201885610.1803,11774421867.2879,427463742.8924,3660401,95929
task3_maker_q99_win60,2025-12-12,btcusdt,30,-0.0930593607436245,-0.1630087523308722,1.0844196730458666,-0.0699493915872477,12201885610.1803,11517666413.8833,684219196.2969999,3584283,172047
task3_maker_q99_win60,2025-12-12,btcusdt,120,0.1170478686783266,-0.1724348576249394,4.989997198640173,-0.2894827263032661,12201885610.1803,11517666413.8833,684219196.2969999,3584283,172047
task3_maker_q99_win60,2025-12-12,btcusdt,300,-0.2459846400568446,-1.0942723648774388,14.033496395191152,-0.8482877248205942,12201885610.1803,11517666413.8833,684219196.2969999,3584283,172047
no_filter,2025-12-12,ethusdt,30,0.2745113520519178,0.2745113520519178,,0.0,13684952227.52412,13684952227.52412,0.0,8017905,0
no_filter,2025-12-12,ethusdt,120,0.110267319208669,0.110267319208669,,0.0,13684952227.52412,13684952227.52412,0.0,8017905,0
no_filter,2025-12-12,ethusdt,300,-0.1437628825229178,-0.1437628825229178,,0.0,13684952227.52412,13684952227.52412,0.0,8017905,0
task3_maker_q90_win30,2025-12-12,ethusdt,30,0.2745113520519178,0.3597197521650823,-0.3388737162575443,0.0852084001131645,13684952227.52412,12015779901.07033,1669172326.4537902,7200251,817654
task3_maker_q90_win30,2025-12-12,ethusdt,120,0.110267319208669,-0.1836007408982107,2.2257193155286714,-0.2938680601068798,13684952227.52412,12015779901.07033,1669172326.4537902,7200251,817654
task3_maker_q90_win30,2025-12-12,ethusdt,300,-0.1437628825229178,-1.6129858434105198,10.432652412553576,-1.469222960887602,13684952227.52412,12015779901.07033,1669172326.4537902,7200251,817654
task3_maker_q90_win60,2025-12-12,ethusdt,30,0.2745113520519178,0.1041963047070411,1.0865614170945057,-0.1703150473448766,13684952227.52412,11312358517.55547,2372593709.96865,6802845,1215060
task3_maker_q90_win60,2025-12-12,ethusdt,120,0.110267319208669,-0.530853014865127,3.167083596460598,-0.6411203340737961,13684952227.52412,11312358517.55547,2372593709.96865,6802845,1215060
task3_maker_q90_win60,2025-12-12,ethusdt,300,-0.1437628825229178,-2.311668037200273,10.192655122265114,-2.167905154677355,13684952227.52412,11312358517.55547,2372593709.96865,6802845,1215060
task3_maker_q95_win30,2025-12-12,ethusdt,30,0.2745113520519178,0.3424676649884405,-0.3756710926312135,0.0679563129365227,13684952227.52412,12389967259.46933,1294984968.05479,7404874,613031
task3_maker_q95_win30,2025-12-12,ethusdt,120,0.110267319208669,-0.1568424069827047,2.66588058410096,-0.2671097261913737,13684952227.52412,12389967259.46933,1294984968.05479,7404874,613031
task3_maker_q95_win30,2025-12-12,ethusdt,300,-0.1437628825229178,-1.6000694591665998,13.789673604750398,-1.456306576643682,13684952227.52412,12389967259.46933,1294984968.05479,7404874,613031
task3_maker_q95_win60,2025-12-12,ethusdt,30,0.2745113520519178,0.2127446402809776,0.6631893739559895,-0.0617667117709401,13684952227.52412,11808419022.3509,1876533205.17322,7085315,932590
task3_maker_q95_win60,2025-12-12,ethusdt,120,0.110267319208669,-0.2362969282697744,2.2910844990535697,-0.3465642474784434,13684952227.52412,11808419022.3509,1876533205.17322,7085315,932590
task3_maker_q95_win60,2025-12-12,ethusdt,300,-0.1437628825229178,-2.0257737954722304,11.699125590474406,-1.8820109129493128,13684952227.52412,11808419022.3509,1876533205.17322,7085315,932590
task3_maker_q99_win30,2025-12-12,ethusdt,30,0.2745113520519178,0.3681444680387538,-1.8885020565285875,0.0936331159868359,13684952227.52412,13117134137.608711,567818089.91541,7759374,258531
task3_maker_q99_win30,2025-12-12,ethusdt,120,0.110267319208669,0.1576394294811708,-0.9840731674048668,0.0473721102725018,13684952227.52412,13117134137.608711,567818089.91541,7759374,258531
task3_maker_q99_win30,2025-12-12,ethusdt,300,-0.1437628825229178,-0.2942398755260931,3.332397769809781,-0.1504769930031752,13684952227.52412,13117134137.608711,567818089.91541,7759374,258531
task3_maker_q99_win60,2025-12-12,ethusdt,30,0.2745113520519178,0.3306503191724724,-0.5304204733456164,0.0561389671205545,13684952227.52412,12792738614.168749,892213613.35537,7592781,425124
task3_maker_q99_win60,2025-12-12,ethusdt,120,0.110267319208669,0.1361259906306442,-0.2604995234613751,0.0258586714219751,13684952227.52412,12792738614.168749,892213613.35537,7592781,425124
task3_maker_q99_win60,2025-12-12,ethusdt,300,-0.1437628825229178,-0.5998408481572489,6.395574911371457,-0.456077965634331,13684952227.52412,12792738614.168749,892213613.35537,7592781,425124
no_filter,2025-12-13,btcusdt,30,-0.0554000165621605,-0.0554000165621605,,0.0,2973507541.5984,2973507541.5984,0.0,932723,0
no_filter,2025-12-13,btcusdt,120,0.187960945927496,0.187960945927496,,0.0,2973507541.5984,2973507541.5984,0.0,932723,0
no_filter,2025-12-13,btcusdt,300,0.250872196312242,0.250872196312242,,0.0,2973507541.5984,2973507541.5984,0.0,932723,0
task3_maker_q90_win30,2025-12-13,btcusdt,30,-0.0554000165621605,-0.0223681237581696,-1.362636588113384,0.0330318928039909,2973507541.5984,2900223281.7817,73284259.81670001,916563,16160
task3_maker_q90_win30,2025-12-13,btcusdt,120,0.187960945927496,0.2754921098630721,-3.2760833135406067,0.0875311639355761,2973507541.5984,2900223281.7817,73284259.81670001,916563,16160
task3_maker_q90_win30,2025-12-13,btcusdt,300,0.250872196312242,0.447605643595744,-7.534850488803336,0.196733447283502,2973507541.5984,2900223281.7817,73284259.81670001,916563,16160
task3_maker_q90_win60,2025-12-13,btcusdt,30,-0.0554000165621605,-0.0129351161732164,-1.2959725348149913,0.0424649003889441,2973507541.5984,2875092873.6198,98414667.9786,909231,23492
task3_maker_q90_win60,2025-12-13,btcusdt,120,0.187960945927496,0.3092821305885975,-3.3563244802458896,0.1213211846611015,2973507541.5984,2875092873.6198,98414667.9786,909231,23492
task3_maker_q90_win60,2025-12-13,btcusdt,300,0.250872196312242,0.4990399935346643,-6.999118886432249,0.2481677972224222,2973507541.5984,2875092873.6198,98414667.9786,909231,23492
task3_maker_q95_win30,2025-12-13,btcusdt,30,-0.0554000165621605,-0.0438048293475975,-1.4398045370938422,0.011595187214563,2973507541.5984,2948809558.9001,24697982.6983,926626,6097
task3_maker_q95_win30,2025-12-13,btcusdt,120,0.187960945927496,0.278342337938232,-10.603103084022624,0.090381392010736,2973507541.5984,2948809558.9001,24697982.6983,926626,6097
task3_maker_q95_win30,2025-12-13,btcusdt,300,0.250872196312242,0.3830067399372434,-15.525299083017616,0.1321345436250013,2973507541.5984,2948809558.9001,24697982.6983,926626,6097
task3_maker_q95_win60,2025-12-13,btcusdt,30,-0.0554000165621605,-0.0349970339530552,-1.2099409956991038,0.0204029826091053,2973507541.5984,2921872378.8719,51635162.726500005,921040,11683
task3_maker_q95_win60,2025-12-13,btcusdt,120,0.187960945927496,0.2614485476336526,-3.970472615172909,0.0734876017061566,2973507541.5984,2921872378.8719,51635162.726500005,921040,11683
task3_maker_q95_win60,2025-12-13,btcusdt,300,0.250872196312242,0.4481280450107434,-10.91121939882648,0.1972558486985013,2973507541.5984,2921872378.8719,51635162.726500005,921040,11683
task3_maker_q99_win30,2025-12-13,btcusdt,30,-0.0554000165621605,-0.0500910553124767,-1.8932413132697048,0.0053089612496838,2973507541.5984,2964942729.1281,8564812.4703,931014,1709
task3_maker_q99_win30,2025-12-13,btcusdt,120,0.187960945927496,0.2642664991981771,-26.227281202868557,0.0763055532706811,2973507541.5984,2964942729.1281,8564812.4703,931014,1709
task3_maker_q99_win30,2025-12-13,btcusdt,300,0.250872196312242,0.333246148143043,-28.26511112465436,0.0823739518308009,2973507541.5984,2964942729.1281,8564812.4703,931014,1709
task3_maker_q99_win60,2025-12-13,btcusdt,30,-0.0554000165621605,-0.0377579880368905,-4.125393340679383,0.01764202852527,2973507541.5984,2960674032.6517,12833508.9467,929333,3390
task3_maker_q99_win60,2025-12-13,btcusdt,120,0.187960945927496,0.2915750253054535,-23.715674100846883,0.1036140793779575,2973507541.5984,2960674032.6517,12833508.9467,929333,3390
task3_maker_q99_win60,2025-12-13,btcusdt,300,0.250872196312242,0.369613063874648,-27.142493458133185,0.1187408675624059,2973507541.5984,2960674032.6517,12833508.9467,929333,3390
no_filter,2025-12-13,ethusdt,30,0.0561709198197932,0.0561709198197932,,0.0,4234057177.31861,4234057177.31861,0.0,2455782,0
no_filter,2025-12-13,ethusdt,120,-0.0527715402119866,-0.0527715402119866,,0.0,4234057177.31861,4234057177.31861,0.0,2455782,0
no_filter,2025-12-13,ethusdt,300,0.1384634851319427,0.1384634851319427,,0.0,4234057177.31861,4234057177.31861,0.0,2455782,0
task3_maker_q90_win30,2025-12-13,ethusdt,30,0.0561709198197932,0.155623049770134,-2.184525395630585,0.0994521299503407,4234057177.31861,4054117308.35711,179939868.9615,2370723,85059
task3_maker_q90_win30,2025-12-13,ethusdt,120,-0.0527715402119866,0.0351463441241456,-2.0335966828462424,0.0879178843361323,4234057177.31861,4054117308.35711,179939868.9615,2370723,85059
task3_maker_q90_win30,2025-12-13,ethusdt,300,0.1384634851319427,0.4862293996028979,-7.696841837975738,0.3477659144709552,4234057177.31861,4054117308.35711,179939868.9615,2370723,85059
task3_maker_q90_win60,2025-12-13,ethusdt,30,0.0561709198197932,0.1486005783543522,-1.3223063695934991,0.0924296585345589,4234057177.31861,3967995167.30407,266062010.01454,2325859,129923
task3_maker_q90_win60,2025-12-13,ethusdt,120,-0.0527715402119866,0.1112609059089312,-2.499118365349848,0.1640324461209178,4234057177.31861,3967995167.30407,266062010.01454,2325859,129923
task3_maker_q90_win60,2025-12-13,ethusdt,300,0.1384634851319427,0.6670078783776947,-7.744141017443202,0.528544393245752,4234057177.31861,3967995167.30407,266062010.01454,2325859,129923
task3_maker_q95_win30,2025-12-13,ethusdt,30,0.0561709198197932,0.1474409462610961,-2.842665255015808,0.0912700264413029,4234057177.31861,4104816780.98659,129240396.33202,2396724,59058
task3_maker_q95_win30,2025-12-13,ethusdt,120,-0.0527715402119866,0.0417898295048479,-3.056144388509049,0.0945613697168346,4234057177.31861,4104816780.98659,129240396.33202,2396724,59058
task3_maker_q95_win30,2025-12-13,ethusdt,300,0.1384634851319427,0.3939946494961597,-7.977486645913951,0.2555311643642171,4234057177.31861,4104816780.98659,129240396.33202,2396724,59058
task3_maker_q95_win60,2025-12-13,ethusdt,30,0.0561709198197932,0.1262927632157224,-1.4565218134781222,0.0701218433959292,4234057177.31861,4046479997.59772,187577179.72089,2366984,88798
task3_maker_q95_win60,2025-12-13,ethusdt,120,-0.0527715402119866,0.0996209775406039,-3.340235803119539,0.1523925177525906,4234057177.31861,4046479997.59772,187577179.72089,2366984,88798
task3_maker_q95_win60,2025-12-13,ethusdt,300,0.1384634851319427,0.5194801467858996,-8.080960127208954,0.3810166616539568,4234057177.31861,4046479997.59772,187577179.72089,2366984,88798
task3_maker_q99_win30,2025-12-13,ethusdt,30,0.0561709198197932,0.0976993995444502,-4.262455363096439,0.0415284797246569,4234057177.31861,4193729719.41553,40327457.90308,2436663,19119
task3_maker_q99_win30,2025-12-13,ethusdt,120,-0.0527715402119866,0.0985343890427514,-15.787365418268385,0.1513059292547381,4234057177.31861,4193729719.41553,40327457.90308,2436663,19119
task3_maker_q99_win30,2025-12-13,ethusdt,300,0.1384634851319427,0.2602954851960934,-12.531079947851037,0.1218320000641507,4234057177.31861,4193729719.41553,40327457.90308,2436663,19119
task3_maker_q99_win60,2025-12-13,ethusdt,30,0.0561709198197932,0.1193346203056646,-3.813745262900513,0.0631637004858713,4234057177.31861,4166059901.05424,67997276.26437,2421849,33933
task3_maker_q99_win60,2025-12-13,ethusdt,120,-0.0527715402119866,0.1316846847883405,-11.354043071824307,0.1844562250003271,4234057177.31861,4166059901.05424,67997276.26437,2421849,33933
task3_maker_q99_win60,2025-12-13,ethusdt,300,0.1384634851319427,0.245195065550609,-6.4007713458276925,0.1067315804186663,4234057177.31861,4166059901.05424,67997276.26437,2421849,33933
no_filter,2025-12-14,btcusdt,30,0.1742773462886321,0.1742773462886321,,0.0,7442384029.8624,7442384029.8624,0.0,2328825,0
no_filter,2025-12-14,btcusdt,120,0.9980723788742252,0.9980723788742252,,0.0,7442384029.8624,7442384029.8624,0.0,2328825,0
no_filter,2025-12-14,btcusdt,300,1.270323144705671,1.270323144705671,,0.0,7442384029.8624,7442384029.8624,0.0,2328825,0
task3_maker_q90_win30,2025-12-14,btcusdt,30,0.1742773462886321,0.6099549179149446,-4.734043181207642,0.4356775716263125,7442384029.8624,6835632354.225901,606751675.6365,2159538,169287
task3_maker_q90_win30,2025-12-14,btcusdt,120,0.9980723788742252,2.111853741913132,-11.549729673317715,1.113781363038906,7442384029.8624,6835632354.225901,606751675.6365,2159538,169287
task3_maker_q90_win30,2025-12-14,btcusdt,300,1.270323144705671,2.280866148859616,-10.114401005062788,1.0105430041539445,7442384029.8624,6835632354.225901,606751675.6365,2159538,169287
task3_maker_q90_win60,2025-12-14,btcusdt,30,0.1742773462886321,0.6750040350029204,-4.057077110000466,0.5007266887142883,7442384029.8624,6654865769.4564,787518260.406,2102554,226271
task3_maker_q90_win60,2025-12-14,btcusdt,120,0.9980723788742252,2.2664001106856437,-9.719838850933463,1.268327731811418,7442384029.8624,6654865769.4564,787518260.406,2102554,226271
task3_maker_q90_win60,2025-12-14,btcusdt,300,1.270323144705671,2.3455578546217253,-7.815869550639239,1.0752347099160542,7442384029.8624,6654865769.4564,787518260.406,2102554,226271
task3_maker_q95_win30,2025-12-14,btcusdt,30,0.1742773462886321,0.5557260154862222,-5.153978854147779,0.3814486691975901,7442384029.8624,6945180137.7757,497203892.0867,2194156,134669
task3_maker_q95_win30,2025-12-14,btcusdt,120,0.9980723788742252,2.033715016491179,-13.468275916236609,1.0356426376169536,7442384029.8624,6945180137.7757,497203892.0867,2194156,134669
task3_maker_q95_win30,2025-12-14,btcusdt,300,1.270323144705671,2.2424240030911267,-12.30844339559344,0.9721008583854556,7442384029.8624,6945180137.7757,497203892.0867,2194156,134669
task3_maker_q95_win60,2025-12-14,btcusdt,30,0.1742773462886321,0.6280103066973678,-4.551209518365607,0.4537329604087357,7442384029.8624,6790383332.3776,652000697.4847999,2148043,180782
task3_maker_q95_win60,2025-12-14,btcusdt,120,0.9980723788742252,2.2079781335326314,-11.602717623151367,1.209905754658406,7442384029.8624,6790383332.3776,652000697.4847999,2148043,180782
task3_maker_q95_win60,2025-12-14,btcusdt,300,1.270323144705671,2.380510188945535,-10.291927678198812,1.1101870442398638,7442384029.8624,6790383332.3776,652000697.4847999,2148043,180782
task3_maker_q99_win30,2025-12-14,btcusdt,30,0.1742773462886321,0.4251105292837882,-6.326467875459498,0.250833182995156,7442384029.8624,7165886185.4515,276497844.4109,2257257,71568
task3_maker_q99_win30,2025-12-14,btcusdt,120,0.9980723788742252,1.7635332835766429,-18.84007765877585,0.7654609047024176,7442384029.8624,7165886185.4515,276497844.4109,2257257,71568
task3_maker_q99_win30,2025-12-14,btcusdt,300,1.270323144705671,2.025048796856572,-18.28960556315376,0.7547256521509007,7442384029.8624,7165886185.4515,276497844.4109,2257257,71568
task3_maker_q99_win60,2025-12-14,btcusdt,30,0.1742773462886321,0.4435870296388127,-5.296376868986961,0.2693096833501806,7442384029.8624,7093199588.6619005,349184441.2005,2235860,92965
task3_maker_q99_win60,2025-12-14,btcusdt,120,0.9980723788742252,1.8879268056216163,-17.078091129651895,0.889854426747391,7442384029.8624,7093199588.6619005,349184441.2005,2235860,92965
task3_maker_q99_win60,2025-12-14,btcusdt,300,1.270323144705671,2.1578909220903406,-16.759390240603896,0.8875677773846695,7442384029.8624,7093199588.6619005,349184441.2005,2235860,92965
no_filter,2025-12-14,ethusdt,30,-0.3800341749717481,-0.3800341749717481,,0.0,7670937482.59599,7670937482.59599,0.0,4452072,0
no_filter,2025-12-14,ethusdt,120,0.5962441294932043,0.5962441294932043,,0.0,7670937482.59599,7670937482.59599,0.0,4452072,0
no_filter,2025-12-14,ethusdt,300,0.935342244561114,0.935342244561114,,0.0,7670937482.59599,7670937482.59599,0.0,4452072,0
task3_maker_q90_win30,2025-12-14,ethusdt,30,-0.3800341749717481,-0.4416870812848715,0.3218957570163173,-0.0616529063131234,7670937482.59599,7051573654.303961,619363828.29203,4165879,286193
task3_maker_q90_win30,2025-12-14,ethusdt,120,0.5962441294932043,1.694292660827324,-11.90524488392724,1.0980485313341195,7670937482.59599,7051573654.303961,619363828.29203,4165879,286193
task3_maker_q90_win30,2025-12-14,ethusdt,300,0.935342244561114,2.380143382447208,-15.513990400067051,1.4448011378860934,7670937482.59599,7051573654.303961,619363828.29203,4165879,286193
task3_maker_q90_win60,2025-12-14,ethusdt,30,-0.3800341749717481,-0.2216469911287928,-1.6334366194324847,0.1583871838429552,7670937482.59599,6810343127.073219,860594355.52277,4039812,412260
task3_maker_q90_win60,2025-12-14,ethusdt,120,0.5962441294932043,2.1455844081356426,-11.664513625233964,1.5493402786424384,7670937482.59599,6810343127.073219,860594355.52277,4039812,412260
task3_maker_q90_win60,2025-12-14,ethusdt,300,0.935342244561114,2.81455573503742,-13.935878554225509,1.879213490476306,7670937482.59599,6810343127.073219,860594355.52277,4039812,412260
task3_maker_q95_win30,2025-12-14,ethusdt,30,-0.3800341749717481,-0.3429054167766026,-0.9222510546582962,0.0371287581951454,7670937482.59599,7179327009.85166,491610472.74433,4232677,219395
task3_maker_q95_win30,2025-12-14,ethusdt,120,0.5962441294932043,1.7050038346764425,-15.595739036408531,1.108759705183238,7670937482.59599,7179327009.85166,491610472.74433,4232677,219395
task3_maker_q95_win30,2025-12-14,ethusdt,300,0.935342244561114,2.30712652736335,-19.09777035012103,1.371784282802236,7670937482.59599,7179327009.85166,491610472.74433,4232677,219395
task3_maker_q95_win60,2025-12-14,ethusdt,30,-0.3800341749717481,-0.1316102811250189,-2.9216272445222438,0.2484238938467291,7670937482.59599,6987915055.17643,683022427.41956,4138540,313532
task3_maker_q95_win60,2025-12-14,ethusdt,120,0.5962441294932043,2.065659586778268,-14.437157387151055,1.4694154572850635,7670937482.59599,6987915055.17643,683022427.41956,4138540,313532
task3_maker_q95_win60,2025-12-14,ethusdt,300,0.935342244561114,2.757061586178051,-17.70243523177265,1.821719341616937,7670937482.59599,6987915055.17643,683022427.41956,4138540,313532
task3_maker_q99_win30,2025-12-14,ethusdt,30,-0.3800341749717481,-0.2405120493082813,-7.687238030690107,0.1395221256634667,7670937482.59599,7527214522.18638,143722960.40961,4384992,67080
task3_maker_q99_win30,2025-12-14,ethusdt,120,0.5962441294932043,1.2896643195819115,-35.72030898030453,0.6934201900887075,7670937482.59599,7527214522.18638,143722960.40961,4384992,67080
task3_maker_q99_win30,2025-12-14,ethusdt,300,0.935342244561114,1.5585198703295056,-31.70239121999267,0.6231776257683914,7670937482.59599,7527214522.18638,143722960.40961,4384992,67080
task3_maker_q99_win60,2025-12-14,ethusdt,30,-0.3800341749717481,-0.1359911484329126,-8.839082014475066,0.2440430265388354,7670937482.59599,7455837028.23359,215100454.3624,4349475,102597
task3_maker_q99_win60,2025-12-14,ethusdt,120,0.5962441294932043,1.6303161146883944,-35.2468795864975,1.0340719851951905,7670937482.59599,7455837028.23359,215100454.3624,4349475,102597
task3_maker_q99_win60,2025-12-14,ethusdt,300,0.935342244561114,1.8475810087888327,-30.68478416140149,0.9122387642277184,7670937482.59599,7455837028.23359,215100454.3624,4349475,102597
no_filter,2025-12-15,btcusdt,30,0.0145915429291433,0.0145915429291433,,0.0,15548287461.9883,15548287461.9883,0.0,4934205,0
no_filter,2025-12-15,btcusdt,120,0.1352699586369278,0.1352699586369278,,0.0,15548287461.9883,15548287461.9883,0.0,4934205,0
no_filter,2025-12-15,btcusdt,300,-0.1870282146223997,-0.1870282146223997,,0.0,15548287461.9883,15548287461.9883,0.0,4934205,0
task3_maker_q90_win30,2025-12-15,btcusdt,30,0.0145915429291433,-0.0400660752429625,0.3933906111942157,-0.0546576181721059,15548287461.9883,13587693968.0622,1960593493.9261,4362322,571883
task3_maker_q90_win30,2025-12-15,btcusdt,120,0.1352699586369278,0.366469415061369,-1.4670343789067168,0.2311994564244412,15548287461.9883,13587693968.0622,1960593493.9261,4362322,571883
task3_maker_q90_win30,2025-12-15,btcusdt,300,-0.1870282146223997,-0.6883515172366772,3.287341988116727,-0.5013233026142775,15548287461.9883,13587693968.0622,1960593493.9261,4362322,571883
task3_maker_q90_win60,2025-12-15,btcusdt,30,0.0145915429291433,0.0174333922812103,0.0014948933584887,0.0028418493520669,15548287461.9883,12776013180.4616,2772274281.5267,4109590,824615
task3_maker_q90_win60,2025-12-15,btcusdt,120,0.1352699586369278,0.178686786779441,-0.0648162926762402,0.0434168281425131,15548287461.9883,12776013180.4616,2772274281.5267,4109590,824615
task3_maker_q90_win60,2025-12-15,btcusdt,300,-0.1870282146223997,-0.9768333942411592,3.4527852959113465,-0.7898051796187596,15548287461.9883,12776013180.4616,2772274281.5267,4109590,824615
task3_maker_q95_win30,2025-12-15,btcusdt,30,0.0145915429291433,-0.0010846778789561,0.1613609461011759,-0.0156762208080995,15548287461.9883,14047856847.3,1500430614.6883,4491150,443055
task3_maker_q95_win30,2025-12-15,btcusdt,120,0.1352699586369278,0.3151891228748822,-1.5492322359718516,0.1799191642379543,15548287461.9883,14047856847.3,1500430614.6883,4491150,443055
task3_maker_q95_win30,2025-12-15,btcusdt,300,-0.1870282146223997,-0.5890136581027533,3.5765806516786456,-0.4019854434803536,15548287461.9883,14047856847.3,1500430614.6883,4491150,443055
task3_maker_q95_win60,2025-12-15,btcusdt,30,0.0145915429291433,0.0154756451424717,0.0093584854485982,0.0008841022133283,15548287461.9883,13301121122.2936,2247166339.6947,4265668,668537
task3_maker_q95_win60,2025-12-15,btcusdt,120,0.1352699586369278,0.1636830858695729,-0.032909156593099,0.0284131272326451,15548287461.9883,13301121122.2936,2247166339.6947,4265668,668537
task3_maker_q95_win60,2025-12-15,btcusdt,300,-0.1870282146223997,-0.869411891757312,3.852044363636622,-0.6823836771349123,15548287461.9883,13301121122.2936,2247166339.6947,4265668,668537
task3_maker_q99_win30,2025-12-15,btcusdt,30,0.0145915429291433,0.044748576814388,-0.7190265228608272,0.0301570338852446,15548287461.9883,14934376073.612202,613911388.3761001,4761307,172898
task3_maker_q99_win30,2025-12-15,btcusdt,120,0.1352699586369278,0.3762296219386602,-5.726459109197937,0.2409596633017323,15548287461.9883,14934376073.612202,613911388.3761001,4761307,172898
task3_maker_q99_win30,2025-12-15,btcusdt,300,-0.1870282146223997,-0.4058553441681874,5.1362915830285125,-0.2188271295457877,15548287461.9883,14934376073.612202,613911388.3761001,4761307,172898
task3_maker_q99_win60,2025-12-15,btcusdt,30,0.0145915429291433,0.0976367813944681,-1.2291762695202673,0.0830452384653247,15548287461.9883,14575120037.1442,973167424.8441,4657496,276709
task3_maker_q99_win60,2025-12-15,btcusdt,120,0.1352699586369278,0.409283871654942,-3.9686340275912846,0.2740139130180141,15548287461.9883,14575120037.1442,973167424.8441,4657496,276709
task3_maker_q99_win60,2025-12-15,btcusdt,300,-0.1870282146223997,-0.566999824916817,5.5038032799020975,-0.3799716102944173,15548287461.9883,14575120037.1442,973167424.8441,4657496,276709
no_filter,2025-12-15,ethusdt,30,0.1841088851768592,0.1841088851768592,,0.0,17235111128.16028,17235111128.16028,0.0,10128218,0
no_filter,2025-12-15,ethusdt,120,0.6677111782179538,0.6677111782179538,,0.0,17235111128.16028,17235111128.16028,0.0,10128218,0
no_filter,2025-12-15,ethusdt,300,-0.3309094199469924,-0.3309094199469924,,0.0,17235111128.16028,17235111128.16028,0.0,10128218,0
task3_maker_q90_win30,2025-12-15,ethusdt,30,0.1841088851768592,0.3517775110483744,-0.8633038825005207,0.1676686258715152,17235111128.16028,14856844606.309198,2378266521.85108,8923126,1205092
task3_maker_q90_win30,2025-12-15,ethusdt,120,0.6677111782179538,1.078044342742593,-1.895607947769979,0.4103331645246392,17235111128.16028,14856844606.309198,2378266521.85108,8923126,1205092
task3_maker_q90_win30,2025-12-15,ethusdt,300,-0.3309094199469924,-1.3847623268367293,6.252427111814709,-1.0538529068897369,17235111128.16028,14856844606.309198,2378266521.85108,8923126,1205092
task3_maker_q90_win60,2025-12-15,ethusdt,30,0.1841088851768592,0.4580794179952957,-0.9424083258024488,0.2739705328184365,17235111128.16028,13863491062.30916,3371620065.85112,8334916,1793302
task3_maker_q90_win60,2025-12-15,ethusdt,120,0.6677111782179538,1.0692358007331688,-0.9832853477300386,0.401524622515215,17235111128.16028,13863491062.30916,3371620065.85112,8334916,1793302
task3_maker_q90_win60,2025-12-15,ethusdt,300,-0.3309094199469924,-1.6322135670431135,5.019817548175617,-1.301304147096121,17235111128.16028,13863491062.30916,3371620065.85112,8334916,1793302
task3_maker_q95_win30,2025-12-15,ethusdt,30,0.1841088851768592,0.3988297039997427,-1.7054306600413134,0.2147208188228835,17235111128.16028,15476423259.88004,1758687868.28024,9272580,855638
task3_maker_q95_win30,2025-12-15,ethusdt,120,0.6677111782179538,0.936734253903278,-1.699687301679548,0.2690230756853242,17235111128.16028,15476423259.88004,1758687868.28024,9272580,855638
task3_maker_q95_win30,2025-12-15,ethusdt,300,-0.3309094199469924,-1.268081821469628,7.916191737136435,-0.9371724015226356,17235111128.16028,15476423259.88004,1758687868.28024,9272580,855638
task3_maker_q95_win60,2025-12-15,ethusdt,30,0.1841088851768592,0.4623274950955588,-1.4268399553205764,0.2782186099186996,17235111128.16028,14696887923.63978,2538223204.5205,8821468,1306750
task3_maker_q95_win60,2025-12-15,ethusdt,120,0.6677111782179538,0.8883737357443093,-0.6099750674726472,0.2206625575263555,17235111128.16028,14696887923.63978,2538223204.5205,8821468,1306750
task3_maker_q95_win60,2025-12-15,ethusdt,300,-0.3309094199469924,-1.3865025686037475,5.781214277898218,-1.0555931486567551,17235111128.16028,14696887923.63978,2538223204.5205,8821468,1306750
task3_maker_q99_win30,2025-12-15,ethusdt,30,0.1841088851768592,0.3648639657016945,-3.678748854316027,0.1807550805248353,17235111128.16028,16464677845.23003,770433282.93025,9778375,349843
task3_maker_q99_win30,2025-12-15,ethusdt,120,0.6677111782179538,0.8348798599463528,-2.9047960738072245,0.167168681728399,17235111128.16028,16464677845.23003,770433282.93025,9778375,349843
task3_maker_q99_win30,2025-12-15,ethusdt,300,-0.3309094199469924,-0.5066738011944351,3.425293716681172,-0.1757643812474426,17235111128.16028,16464677845.23003,770433282.93025,9778375,349843
task3_maker_q99_win60,2025-12-15,ethusdt,30,0.1841088851768592,0.4253779094532603,-3.0580566736268326,0.2412690242764011,17235111128.16028,16041375937.786827,1193735190.3734498,9554807,573411
task3_maker_q99_win60,2025-12-15,ethusdt,120,0.6677111782179538,0.8420346931418645,-1.674842731762718,0.1743235149239107,17235111128.16028,16041375937.786827,1193735190.3734498,9554807,573411
task3_maker_q99_win60,2025-12-15,ethusdt,300,-0.3309094199469924,-0.6858990363311146,4.439429878375066,-0.3549896163841222,17235111128.16028,16041375937.786827,1193735190.3734498,9554807,573411
no_filter,2025-12-16,btcusdt,30,-0.0339756813495719,-0.0339756813495719,,0.0,11776866870.928,11776866870.928,0.0,4227432,0
no_filter,2025-12-16,btcusdt,120,0.2182513324488603,0.2182513324488603,,0.0,11776866870.928,11776866870.928,0.0,4227432,0
no_filter,2025-12-16,btcusdt,300,0.4232036274984491,0.4232036274984491,,0.0,11776866870.928,11776866870.928,0.0,4227432,0
task3_maker_q90_win30,2025-12-16,btcusdt,30,-0.0339756813495719,0.0921652284354318,-1.581195613180004,0.1261409097850037,11776866870.928,10889105746.9844,887761123.9436,3948415,279017
task3_maker_q90_win30,2025-12-16,btcusdt,120,0.2182513324488603,0.5179132266639228,-3.4573433364800894,0.2996618942150625,11776866870.928,10889105746.9844,887761123.9436,3948415,279017
task3_maker_q90_win30,2025-12-16,btcusdt,300,0.4232036274984491,1.165826260976653,-8.685661547996599,0.7426226334782039,11776866870.928,10889105746.9844,887761123.9436,3948415,279017
task3_maker_q90_win60,2025-12-16,btcusdt,30,-0.0339756813495719,0.0398865624171399,-0.6037764648215939,0.0738622437667118,11776866870.928,10425436425.4661,1351430445.4618998,3799696,427736
task3_maker_q90_win60,2025-12-16,btcusdt,120,0.2182513324488603,0.5280951707953239,-2.1719991235406786,0.3098438383464635,11776866870.928,10425436425.4661,1351430445.4618998,3799696,427736
task3_maker_q90_win60,2025-12-16,btcusdt,300,0.4232036274984491,1.2594637336065035,-6.028017447666273,0.8362601061080545,11776866870.928,10425436425.4661,1351430445.4618998,3799696,427736
task3_maker_q95_win30,2025-12-16,btcusdt,30,-0.0339756813495719,0.0972293722258376,-2.132234374253893,0.1312050535754095,11776866870.928,11083792381.069,693074489.859,4010810,216622
task3_maker_q95_win30,2025-12-16,btcusdt,120,0.2182513324488603,0.5225880419688396,-4.6487650584493325,0.3043367095199792,11776866870.928,11083792381.069,693074489.859,4010810,216622
task3_maker_q95_win30,2025-12-16,btcusdt,300,0.4232036274984491,1.173019856918516,-11.568014535124712,0.7498162294200669,11776866870.928,11083792381.069,693074489.859,4010810,216622
task3_maker_q95_win60,2025-12-16,btcusdt,30,-0.0339756813495719,0.0254573575863744,-0.601083162426474,0.0594330389359463,11776866870.928,10659724459.6615,1117142411.2665,3882706,344726
task3_maker_q95_win60,2025-12-16,btcusdt,120,0.2182513324488603,0.553438108855436,-2.980086357519934,0.3351867764065757,11776866870.928,10659724459.6615,1117142411.2665,3882706,344726
task3_maker_q95_win60,2025-12-16,btcusdt,300,0.4232036274984491,1.2785134234894109,-7.738125367769591,0.8553097959909616,11776866870.928,10659724459.6615,1117142411.2665,3882706,344726
task3_maker_q99_win30,2025-12-16,btcusdt,30,-0.0339756813495719,0.0590468666976304,-5.3501570220218575,0.0930225480472023,11776866870.928,11574339070.7408,202527800.1872,4163983,63449
task3_maker_q99_win30,2025-12-16,btcusdt,120,0.2182513324488603,0.2566775620248489,-1.9777840262106543,0.0384262295759886,11776866870.928,11574339070.7408,202527800.1872,4163983,63449
task3_maker_q99_win30,2025-12-16,btcusdt,300,0.4232036274984491,0.7180483794668748,-16.42699239179703,0.2948447519684257,11776866870.928,11574339070.7408,202527800.1872,4163983,63449
task3_maker_q99_win60,2025-12-16,btcusdt,30,-0.0339756813495719,0.0563224344176167,-3.072517690942515,0.0902981157671886,11776866870.928,11436987284.4108,339879586.5172,4121762,105670
task3_maker_q99_win60,2025-12-16,btcusdt,120,0.2182513324488603,0.2750115281650837,-1.6917357995210802,0.0567601957162234,11776866870.928,11436987284.4108,339879586.5172,4121762,105670
task3_maker_q99_win60,2025-12-16,btcusdt,300,0.4232036274984491,0.8490770803248732,-13.907487175838304,0.4258734528264241,11776866870.928,11436987284.4108,339879586.5172,4121762,105670
no_filter,2025-12-16,ethusdt,30,0.1164376713414285,0.1164376713414285,,0.0,12641484717.50637,12641484717.50637,0.0,8979194,0
no_filter,2025-12-16,ethusdt,120,0.5754586225812132,0.5754586225812132,,0.0,12641484717.50637,12641484717.50637,0.0,8979194,0
no_filter,2025-12-16,ethusdt,300,1.2537230242724255,1.2537230242724255,,0.0,12641484717.50637,12641484717.50637,0.0,8979194,0
task3_maker_q90_win30,2025-12-16,ethusdt,30,0.1164376713414285,0.3933017808238948,-2.87211801567694,0.2768641094824663,12641484717.50637,11569655174.30365,1071829543.20272,8320669,658525
task3_maker_q90_win30,2025-12-16,ethusdt,120,0.5754586225812132,1.1411448954487051,-5.530731634460505,0.565686272867492,12641484717.50637,11569655174.30365,1071829543.20272,8320669,658525
task3_maker_q90_win30,2025-12-16,ethusdt,300,1.2537230242724255,3.113631153305749,-18.822692899569983,1.859908129033324,12641484717.50637,11569655174.30365,1071829543.20272,8320669,658525
task3_maker_q90_win60,2025-12-16,ethusdt,30,0.1164376713414285,0.5290087277599381,-2.726111099450573,0.4125710564185095,12641484717.50637,11039236265.3904,1602248452.11597,7961575,1017619
task3_maker_q90_win60,2025-12-16,ethusdt,120,0.5754586225812132,1.3458498463319115,-4.732414026342803,0.7703912237506984,12641484717.50637,11039236265.3904,1602248452.11597,7961575,1017619
task3_maker_q90_win60,2025-12-16,ethusdt,300,1.2537230242724255,3.9901698588151615,-17.59995918356688,2.736446834542736,12641484717.50637,11039236265.3904,1602248452.11597,7961575,1017619
task3_maker_q95_win30,2025-12-16,ethusdt,30,0.1164376713414285,0.2960378391398535,-2.7402786684543057,0.1796001677984249,12641484717.50637,11893732376.5344,747752340.9719701,8542214,436980
task3_maker_q95_win30,2025-12-16,ethusdt,120,0.5754586225812132,0.9915929742286324,-6.043565270735617,0.4161343516474193,12641484717.50637,11893732376.5344,747752340.9719701,8542214,436980
task3_maker_q95_win30,2025-12-16,ethusdt,300,1.2537230242724255,2.684330595176389,-21.501489700382272,1.4306075709039636,12641484717.50637,11893732376.5344,747752340.9719701,8542214,436980
task3_maker_q95_win60,2025-12-16,ethusdt,30,0.1164376713414285,0.3976592736900756,-2.676499207279768,0.2812216023486471,12641484717.50637,11485051628.47398,1156433089.03239,8281060,698134
task3_maker_q95_win60,2025-12-16,ethusdt,120,0.5754586225812132,1.087234323104776,-4.507213603297069,0.5117757005235627,12641484717.50637,11485051628.47398,1156433089.03239,8281060,698134
task3_maker_q95_win60,2025-12-16,ethusdt,300,1.2537230242724255,3.417005697831241,-20.23079988365894,2.1632826735588155,12641484717.50637,11485051628.47398,1156433089.03239,8281060,698134
task3_maker_q99_win30,2025-12-16,ethusdt,30,0.1164376713414285,0.3080802656093504,-8.364413594236707,0.1916425942679218,12641484717.50637,12362136358.68214,279348358.82423,8827502,151692
task3_maker_q99_win30,2025-12-16,ethusdt,120,0.5754586225812132,0.86608996843872,-12.285989150800784,0.2906313458575068,12641484717.50637,12362136358.68214,279348358.82423,8827502,151692
task3_maker_q99_win30,2025-12-16,ethusdt,300,1.2537230242724255,1.993940775444204,-31.50348669629839,0.7402177511717785,12641484717.50637,12362136358.68214,279348358.82423,8827502,151692
task3_maker_q99_win60,2025-12-16,ethusdt,30,0.1164376713414285,0.3947332188678969,-7.358663950957114,0.2782955475264683,12641484717.50637,12187739238.7248,453745478.78157,8720437,258757
task3_maker_q99_win60,2025-12-16,ethusdt,120,0.5754586225812132,0.991191952917174,-10.591262942528802,0.4157333303359608,12641484717.50637,12187739238.7248,453745478.78157,8720437,258757
task3_maker_q99_win60,2025-12-16,ethusdt,300,1.2537230242724255,2.472037496436021,-31.470567997572683,1.218314472163595,12641484717.50637,12187739238.7248,453745478.78157,8720437,258757
no_filter,2025-12-17,btcusdt,30,-0.3648504154551116,-0.3648504154551116,,0.0,16966673510.7515,16966673510.7515,0.0,5781931,0
no_filter,2025-12-17,btcusdt,120,-0.5015981903929391,-0.5015981903929391,,0.0,16966673510.7515,16966673510.7515,0.0,5781931,0
no_filter,2025-12-17,btcusdt,300,-1.1471616757660594,-1.1471616757660594,,0.0,16966673510.7515,16966673510.7515,0.0,5781931,0
task3_maker_q90_win30,2025-12-17,btcusdt,30,-0.3648504154551116,-0.5020688332444144,0.5739480437698239,-0.1372184177893027,16966673510.7515,14803008475.3543,2163665035.3972,5126257,655674
task3_maker_q90_win30,2025-12-17,btcusdt,120,-0.5015981903929391,-1.3129323909040072,5.049255037821912,-0.8113342005110681,16966673510.7515,14803008475.3543,2163665035.3972,5126257,655674
task3_maker_q90_win30,2025-12-17,btcusdt,300,-1.1471616757660594,-3.0644037716129997,11.969910759116727,-1.91724209584694,16966673510.7515,14803008475.3543,2163665035.3972,5126257,655674
task3_maker_q90_win60,2025-12-17,btcusdt,30,-0.3648504154551116,-0.5855088063641545,0.6465039430287054,-0.2206583909090428,16966673510.7515,13927874701.399502,3038798809.352,4821685,960246
task3_maker_q90_win60,2025-12-17,btcusdt,120,-0.5015981903929391,-1.635934433594071,4.697460403397477,-1.134336243201132,16966673510.7515,13927874701.399502,3038798809.352,4821685,960246
task3_maker_q90_win60,2025-12-17,btcusdt,300,-1.1471616757660594,-3.739934699934197,10.736421304011088,-2.592773024168138,16966673510.7515,13927874701.399502,3038798809.352,4821685,960246
task3_maker_q95_win30,2025-12-17,btcusdt,30,-0.3648504154551116,-0.4282987409599606,0.2042227622701376,-0.0634483255048489,16966673510.7515,15264743982.4315,1701929528.32,5283580,498351
task3_maker_q95_win30,2025-12-17,btcusdt,120,-0.5015981903929391,-1.263518554735461,6.332127356498642,-0.761920364342522,16966673510.7515,15264743982.4315,1701929528.32,5283580,498351
task3_maker_q95_win30,2025-12-17,btcusdt,300,-1.1471616757660594,-2.8970990176710867,14.548168280607106,-1.7499373419050273,16966673510.7515,15264743982.4315,1701929528.32,5283580,498351
task3_maker_q95_win60,2025-12-17,btcusdt,30,-0.3648504154551116,-0.5560348472054305,0.7528528348446182,-0.1911844317503188,16966673510.7515,14488413627.699,2478259883.0525,5019451,762480
task3_maker_q95_win60,2025-12-17,btcusdt,120,-0.5015981903929391,-1.6543684656011104,6.237732369387008,-1.1527702752081712,16966673510.7515,14488413627.699,2478259883.0525,5019451,762480
task3_maker_q95_win60,2025-12-17,btcusdt,300,-1.1471616757660594,-3.545578476179514,12.874472977501814,-2.3984168004134547,16966673510.7515,14488413627.699,2478259883.0525,5019451,762480
task3_maker_q99_win30,2025-12-17,btcusdt,30,-0.3648504154551116,-0.4260458891128293,0.8399656107513179,-0.0611954736577177,16966673510.7515,16146551717.2309,820121793.5206001,5563937,217994
task3_maker_q99_win30,2025-12-17,btcusdt,120,-0.5015981903929391,-1.1134719998543736,11.544968779223847,-0.6118738094614345,16966673510.7515,16146551717.2309,820121793.5206001,5563937,217994
task3_maker_q99_win30,2025-12-17,btcusdt,300,-1.1471616757660594,-2.5265506920688265,26.01023892726212,-1.3793890163027671,16966673510.7515,16146551717.2309,820121793.5206001,5563937,217994
task3_maker_q99_win60,2025-12-17,btcusdt,30,-0.3648504154551116,-0.4571046121623854,0.7996555805121166,-0.0922541967072738,16966673510.7515,15721211691.8201,1245461818.9314,5425968,355963
task3_maker_q99_win60,2025-12-17,btcusdt,120,-0.5015981903929391,-1.301048391782761,9.58969940064937,-0.7994502013898223,16966673510.7515,15721211691.8201,1245461818.9314,5425968,355963
task3_maker_q99_win60,2025-12-17,btcusdt,300,-1.1471616757660594,-3.096713295874548,23.461632634888407,-1.9495516201084888,16966673510.7515,15721211691.8201,1245461818.9314,5425968,355963
no_filter,2025-12-17,ethusdt,30,-0.1111034990904864,-0.1111034990904864,,0.0,16118590395.227629,16118590395.227629,0.0,10384645,0
no_filter,2025-12-17,ethusdt,120,-0.0572227957970338,-0.0572227957970338,,0.0,16118590395.227629,16118590395.227629,0.0,10384645,0
no_filter,2025-12-17,ethusdt,300,-0.3059158156435479,-0.3059158156435479,,0.0,16118590395.227629,16118590395.227629,0.0,10384645,0
task3_maker_q90_win30,2025-12-17,ethusdt,30,-0.1111034990904864,-0.0193607653454887,-0.6386547713935382,0.0917427337449977,16118590395.227629,13730768887.942911,2387821507.28472,9118543,1266102
task3_maker_q90_win30,2025-12-17,ethusdt,120,-0.0572227957970338,0.0509090376602516,-0.6790168495409681,0.1081318334572854,16118590395.227629,13730768887.942911,2387821507.28472,9118543,1266102
task3_maker_q90_win30,2025-12-17,ethusdt,300,-0.3059158156435479,-1.7841523628934457,8.194436631168896,-1.4782365472498975,16118590395.227629,13730768887.942911,2387821507.28472,9118543,1266102
task3_maker_q90_win60,2025-12-17,ethusdt,30,-0.1111034990904864,0.1194575423931652,-0.9656175522520976,0.2305610414836517,16118590395.227629,12693648649.61783,3424941745.6098,8501239,1883406
task3_maker_q90_win60,2025-12-17,ethusdt,120,-0.0572227957970338,-0.0442584824359976,-0.1052716243645507,0.0129643133610361,16118590395.227629,12693648649.61783,3424941745.6098,8501239,1883406
task3_maker_q90_win60,2025-12-17,ethusdt,300,-0.3059158156435479,-2.057116187140706,6.184449242202808,-1.7512003714971582,16118590395.227629,12693648649.61783,3424941745.6098,8501239,1883406
task3_maker_q95_win30,2025-12-17,ethusdt,30,-0.1111034990904864,0.1044727530587919,-1.804151952184768,0.2155762521492784,16118590395.227629,14298020171.135769,1820570224.09186,9455364,929281
task3_maker_q95_win30,2025-12-17,ethusdt,120,-0.0572227957970338,0.1442944900471356,-1.6398578294276227,0.2015172858441694,16118590395.227629,14298020171.135769,1820570224.09186,9455364,929281
task3_maker_q95_win30,2025-12-17,ethusdt,300,-0.3059158156435479,-1.2030655210249768,6.739934113309782,-0.8971497053814288,16118590395.227629,14298020171.135769,1820570224.09186,9455364,929281
task3_maker_q95_win60,2025-12-17,ethusdt,30,-0.1111034990904864,0.1246210713098097,-1.2245674182721338,0.2357245704002962,16118590395.227629,13302417691.6266,2816172703.6010303,8903904,1480741
task3_maker_q95_win60,2025-12-17,ethusdt,120,-0.0572227957970338,-0.0292425993212886,-0.1893894985486824,0.0279801964757451,16118590395.227629,13302417691.6266,2816172703.6010303,8903904,1480741
task3_maker_q95_win60,2025-12-17,ethusdt,300,-0.3059158156435479,-1.6404701134318636,5.997958473967725,-1.3345542977883156,16118590395.227629,13302417691.6266,2816172703.6010303,8903904,1480741
task3_maker_q99_win30,2025-12-17,ethusdt,30,-0.1111034990904864,-0.1134563440322888,-0.0646121879933547,-0.0023528449418023,16118590395.227629,15342150653.89671,776439741.33092,10020492,364153
task3_maker_q99_win30,2025-12-17,ethusdt,120,-0.0572227957970338,-0.0386821394643052,-0.4235790338114077,0.0185406563327286,16118590395.227629,15342150653.89671,776439741.33092,10020492,364153
task3_maker_q99_win30,2025-12-17,ethusdt,300,-0.3059158156435479,-0.1266663361821948,-3.847816586738365,0.179249479461353,16118590395.227629,15342150653.89671,776439741.33092,10020492,364153
task3_maker_q99_win60,2025-12-17,ethusdt,30,-0.1111034990904864,-0.1493056156465433,0.3397849173898089,-0.0382021165560568,16118590395.227629,14859591851.18495,1258998544.0426798,9782212,602433
task3_maker_q99_win60,2025-12-17,ethusdt,120,-0.0572227957970338,-0.1416166871852937,0.9388536386807672,-0.0843938913882599,16118590395.227629,14859591851.18495,1258998544.0426798,9782212,602433
task3_maker_q99_win60,2025-12-17,ethusdt,300,-0.3059158156435479,0.0579273555311599,-4.600250425544175,0.3638431711747078,16118590395.227629,14859591851.18495,1258998544.0426798,9782212,602433
no_filter,2025-12-18,btcusdt,30,-0.0681220484228598,-0.0681220484228598,,0.0,18342032717.479897,18342032717.479897,0.0,6086801,0
no_filter,2025-12-18,btcusdt,120,-0.109075489912991,-0.109075489912991,,0.0,18342032717.479897,18342032717.479897,0.0,6086801,0
no_filter,2025-12-18,btcusdt,300,-0.166369899478835,-0.166369899478835,,0.0,18342032717.479897,18342032717.479897,0.0,6086801,0
task3_maker_q90_win30,2025-12-18,btcusdt,30,-0.0681220484228598,0.0532644031749242,-0.8761086367635909,0.1213864515977841,18342032717.479897,15946359321.5606,2395673395.9193,5372392,714409
task3_maker_q90_win30,2025-12-18,btcusdt,120,-0.109075489912991,-0.2211213574373323,0.6367372185649521,-0.1120458675243413,18342032717.479897,15946359321.5606,2395673395.9193,5372392,714409
task3_maker_q90_win30,2025-12-18,btcusdt,300,-0.166369899478835,-0.4090251130590674,1.4488198979249014,-0.2426552135802324,18342032717.479897,15946359321.5606,2395673395.9193,5372392,714409
task3_maker_q90_win60,2025-12-18,btcusdt,30,-0.0681220484228598,0.0425765118633287,-0.5572005130993989,0.1106985602861886,18342032717.479897,14956713623.8161,3385319093.6638,5049360,1037441
task3_maker_q90_win60,2025-12-18,btcusdt,120,-0.109075489912991,-0.2178307031834688,0.3714170530287004,-0.1087552132704777,18342032717.479897,14956713623.8161,3385319093.6638,5049360,1037441
task3_maker_q90_win60,2025-12-18,btcusdt,300,-0.166369899478835,-0.7235251932248482,2.2952037194303188,-0.5571552937460132,18342032717.479897,14956713623.8161,3385319093.6638,5049360,1037441
task3_maker_q95_win30,2025-12-18,btcusdt,30,-0.0681220484228598,0.0507188302425007,-1.1671408703137274,0.1188408786653605,18342032717.479897,16552185099.0239,1789847618.456,5557200,529601
task3_maker_q95_win30,2025-12-18,btcusdt,120,-0.109075489912991,-0.1860723263578576,0.6029772433661185,-0.0769968364448666,18342032717.479897,16552185099.0239,1789847618.456,5557200,529601
task3_maker_q95_win30,2025-12-18,btcusdt,300,-0.166369899478835,-0.2673621031373964,0.7675876236520182,-0.1009922036585614,18342032717.479897,16552185099.0239,1789847618.456,5557200,529601
task3_maker_q95_win60,2025-12-18,btcusdt,30,-0.0681220484228598,0.0319406645700825,-0.6413487228743943,0.1000627129929424,18342032717.479897,15616082197.9231,2725950519.5568,5273789,813012
task3_maker_q95_win60,2025-12-18,btcusdt,120,-0.109075489912991,-0.0861958630013051,-0.2401454165119491,0.0228796269116859,18342032717.479897,15616082197.9231,2725950519.5568,5273789,813012
task3_maker_q95_win60,2025-12-18,btcusdt,300,-0.166369899478835,-0.628137073358323,2.478943759691008,-0.461767173879488,18342032717.479897,15616082197.9231,2725950519.5568,5273789,813012
task3_maker_q99_win30,2025-12-18,btcusdt,30,-0.0681220484228598,-0.0676763773872401,-0.0796023709654542,0.0004456710356197,18342032717.479897,17656596098.4712,685436619.0087,5893453,193348
task3_maker_q99_win30,2025-12-18,btcusdt,120,-0.109075489912991,-0.1034687410101807,-0.2535032868194918,0.0056067489028102,18342032717.479897,17656596098.4712,685436619.0087,5893453,193348
task3_maker_q99_win30,2025-12-18,btcusdt,300,-0.166369899478835,-0.1053490396656704,-1.7382448845951552,0.0610208598131645,18342032717.479897,17656596098.4712,685436619.0087,5893453,193348
task3_maker_q99_win60,2025-12-18,btcusdt,30,-0.0681220484228598,-0.038013803471257,-0.5421932927198482,0.0301082449516028,18342032717.479897,17246695787.389297,1095336930.0906,5768318,318483
task3_maker_q99_win60,2025-12-18,btcusdt,120,-0.109075489912991,-0.0845549137970423,-0.4951657468792308,0.0245205761159487,18342032717.479897,17246695787.389297,1095336930.0906,5768318,318483
task3_maker_q99_win60,2025-12-18,btcusdt,300,-0.166369899478835,-0.1712832792733821,-0.0890059722008116,-0.0049133797945471,18342032717.479897,17246695787.389297,1095336930.0906,5768318,318483
no_filter,2025-12-18,ethusdt,30,0.0824762195315126,0.0824762195315126,,0.0,17090076952.006647,17090076952.006647,0.0,11498172,0
no_filter,2025-12-18,ethusdt,120,0.0967366678865616,0.0967366678865616,,0.0,17090076952.006647,17090076952.006647,0.0,11498172,0
no_filter,2025-12-18,ethusdt,300,-0.5362175311965509,-0.5362175311965509,,0.0,17090076952.006647,17090076952.006647,0.0,11498172,0
task3_maker_q90_win30,2025-12-18,ethusdt,30,0.0824762195315126,0.0185439263075784,0.4629832144758856,-0.0639322932239341,17090076952.006647,14631680856.06672,2458396095.93993,10112943,1385229
task3_maker_q90_win30,2025-12-18,ethusdt,120,0.0967366678865616,-0.6740275752335126,4.684108263222965,-0.7707642431200743,17090076952.006647,14631680856.06672,2458396095.93993,10112943,1385229
task3_maker_q90_win30,2025-12-18,ethusdt,300,-0.5362175311965509,-1.862818712624131,7.359338901709412,-1.3266011814275798,17090076952.006647,14631680856.06672,2458396095.93993,10112943,1385229
task3_maker_q90_win60,2025-12-18,ethusdt,30,0.0824762195315126,0.0440895363584452,0.2286262843320552,-0.0383866831730673,17090076952.006647,13535059447.01714,3555017504.98951,9407807,2090365
task3_maker_q90_win60,2025-12-18,ethusdt,120,0.0967366678865616,-0.7592076335568013,3.3555833506698187,-0.855944301443363,17090076952.006647,13535059447.01714,3555017504.98951,9407807,2090365
task3_maker_q90_win60,2025-12-18,ethusdt,300,-0.5362175311965509,-2.457499923586621,6.778703241769835,-1.92128239239007,17090076952.006647,13535059447.01714,3555017504.98951,9407807,2090365
task3_maker_q95_win30,2025-12-18,ethusdt,30,0.0824762195315126,0.1413085143089112,-0.4075713427584185,0.0588322947773986,17090076952.006647,15258258144.916512,1831818807.09014,10495580,1002592
task3_maker_q95_win30,2025-12-18,ethusdt,120,0.0967366678865616,-0.2972794514895183,3.3787204751434468,-0.39401611937608,17090076952.006647,15258258144.916512,1831818807.09014,10495580,1002592
task3_maker_q95_win30,2025-12-18,ethusdt,300,-0.5362175311965509,-1.623385915998219,8.519424761638309,-1.087168384801668,17090076952.006647,15258258144.916512,1831818807.09014,10495580,1002592
task3_maker_q95_win60,2025-12-18,ethusdt,30,0.0824762195315126,0.1716691298200171,-0.3605760342054259,0.0891929102885045,17090076952.006647,14226145434.29144,2863931517.71521,9848600,1649572
task3_maker_q95_win60,2025-12-18,ethusdt,120,0.0967366678865616,-0.4532135450319119,2.8285309381766983,-0.5499502129184736,17090076952.006647,14226145434.29144,2863931517.71521,9848600,1649572
task3_maker_q95_win60,2025-12-18,ethusdt,300,-0.5362175311965509,-1.9805708069925911,6.63838829749386,-1.4443532757960402,17090076952.006647,14226145434.29144,2863931517.71521,9848600,1649572
task3_maker_q99_win30,2025-12-18,ethusdt,30,0.0824762195315126,0.0985064027733724,-0.3379150087552146,0.0160301832418598,17090076952.006647,16462341790.71242,627735161.29423,11182954,315218
task3_maker_q99_win30,2025-12-18,ethusdt,120,0.0967366678865616,-0.0678397663527113,4.412750296241711,-0.1645764342392729,17090076952.006647,16462341790.71242,627735161.29423,11182954,315218
task3_maker_q99_win30,2025-12-18,ethusdt,300,-0.5362175311965509,-1.0592010220329262,13.179013840099705,-0.5229834908363753,17090076952.006647,16462341790.71242,627735161.29423,11182954,315218
task3_maker_q99_win60,2025-12-18,ethusdt,30,0.0824762195315126,0.0533527255475413,0.544025323005617,-0.0291234939839713,17090076952.006647,16075708601.55093,1014368350.45572,10955583,542589
task3_maker_q99_win60,2025-12-18,ethusdt,120,0.0967366678865616,-0.1992238484948105,4.787118634924449,-0.2959605163813721,17090076952.006647,16075708601.55093,1014368350.45572,10955583,542589
task3_maker_q99_win60,2025-12-18,ethusdt,300,-0.5362175311965509,-1.4770898092730589,14.374725388937067,-0.940872278076508,17090076952.006647,16075708601.55093,1014368350.45572,10955583,542589
no_filter,2025-12-19,btcusdt,30,-0.3084824438076968,-0.3084824438076968,,0.0,14596045821.62,14596045821.62,0.0,5033784,0
no_filter,2025-12-19,btcusdt,120,-0.4063150487213547,-0.4063150487213547,,0.0,14596045821.62,14596045821.62,0.0,5033784,0
no_filter,2025-12-19,btcusdt,300,-0.150144921439645,-0.150144921439645,,0.0,14596045821.62,14596045821.62,0.0,5033784,0
task3_maker_q90_win30,2025-12-19,btcusdt,30,-0.3084824438076968,-0.3744639298207868,0.361355537331391,-0.06598148601309,14596045821.62,13287207395.5955,1308838426.0245,4617405,416379
task3_maker_q90_win30,2025-12-19,btcusdt,120,-0.4063150487213547,-0.3598228900065396,-0.8782991705423064,0.046492158714815,14596045821.62,13287207395.5955,1308838426.0245,4617405,416379
task3_maker_q90_win30,2025-12-19,btcusdt,300,-0.150144921439645,0.4829988172565037,-6.577761959572801,0.6331437386961487,14596045821.62,13287207395.5955,1308838426.0245,4617405,416379
task3_maker_q90_win60,2025-12-19,btcusdt,30,-0.3084824438076968,-0.4124567410984445,0.4024350938513735,-0.1039742972907477,14596045821.62,12733696068.6372,1862349752.9828,4417977,615807
task3_maker_q90_win60,2025-12-19,btcusdt,120,-0.4063150487213547,-0.3653091484498268,-0.6866902415347232,0.0410059002715278,14596045821.62,12733696068.6372,1862349752.9828,4417977,615807
task3_maker_q90_win60,2025-12-19,btcusdt,300,-0.150144921439645,0.8330317732785062,-6.872552026902326,0.9831766947181512,14596045821.62,12733696068.6372,1862349752.9828,4417977,615807
task3_maker_q95_win30,2025-12-19,btcusdt,30,-0.3084824438076968,-0.3129171024727787,-0.2468948806778901,-0.0044346586650819,14596045821.62,13615641355.9861,980404465.6339,4725636,308148
task3_maker_q95_win30,2025-12-19,btcusdt,120,-0.4063150487213547,-0.2712221269514362,-2.282455801876953,0.1350929217699185,14596045821.62,13615641355.9861,980404465.6339,4725636,308148
task3_maker_q95_win30,2025-12-19,btcusdt,300,-0.150144921439645,0.2943029759368469,-6.322539462898356,0.4444478973764919,14596045821.62,13615641355.9861,980404465.6339,4725636,308148
task3_maker_q95_win60,2025-12-19,btcusdt,30,-0.3084824438076968,-0.353741601881818,0.1116900258107616,-0.0452591580741211,14596045821.62,13176707930.0959,1419337891.5241,4569203,464581
task3_maker_q95_win60,2025-12-19,btcusdt,120,-0.4063150487213547,-0.2714084369873505,-1.6587476310354867,0.1349066117340042,14596045821.62,13176707930.0959,1419337891.5241,4569203,464581
task3_maker_q95_win60,2025-12-19,btcusdt,300,-0.150144921439645,0.5257187862923522,-6.424661180406868,0.6758637077319972,14596045821.62,13176707930.0959,1419337891.5241,4569203,464581
task3_maker_q99_win30,2025-12-19,btcusdt,30,-0.3084824438076968,-0.3244239823061465,0.1878405722163451,-0.0159415384984496,14596045821.62,14141820706.225502,454225115.3945,4902213,131571
task3_maker_q99_win30,2025-12-19,btcusdt,120,-0.4063150487213547,-0.284054158945173,-4.212779121269852,0.1222608897761817,14596045821.62,14141820706.225502,454225115.3945,4902213,131571
task3_maker_q99_win30,2025-12-19,btcusdt,300,-0.150144921439645,0.3092206661271934,-14.452008816257685,0.4593655875668384,14596045821.62,14141820706.225502,454225115.3945,4902213,131571
task3_maker_q99_win60,2025-12-19,btcusdt,30,-0.3084824438076968,-0.3604231042269964,0.7457222594999181,-0.0519406604192996,14596045821.62,13910667313.2014,685378508.4186001,4829050,204734
task3_maker_q99_win60,2025-12-19,btcusdt,120,-0.4063150487213547,-0.3598108196704767,-1.3501801554290445,0.0465042290508779,14596045821.62,13910667313.2014,685378508.4186001,4829050,204734
task3_maker_q99_win60,2025-12-19,btcusdt,300,-0.150144921439645,0.4560232420820258,-12.453133058695617,0.6061681635216708,14596045821.62,13910667313.2014,685378508.4186001,4829050,204734
no_filter,2025-12-19,ethusdt,30,-0.3414354868533807,-0.3414354868533807,,0.0,13853683735.62835,13853683735.62835,0.0,9817492,0
no_filter,2025-12-19,ethusdt,120,-0.8416006541656672,-0.8416006541656672,,0.0,13853683735.62835,13853683735.62835,0.0,9817492,0
no_filter,2025-12-19,ethusdt,300,0.8072605257121479,0.8072605257121479,,0.0,13853683735.62835,13853683735.62835,0.0,9817492,0
task3_maker_q90_win30,2025-12-19,ethusdt,30,-0.3414354868533807,-0.4366948883665695,0.6280192245041912,-0.0952594015131887,13853683735.62835,12614202070.591808,1239481665.03654,9027540,789952
task3_maker_q90_win30,2025-12-19,ethusdt,120,-0.8416006541656672,-1.133880772593643,2.132933442680616,-0.2922801184279758,13853683735.62835,12614202070.591808,1239481665.03654,9027540,789952
task3_maker_q90_win30,2025-12-19,ethusdt,300,0.8072605257121479,2.3655011944762125,-15.050951196866718,1.5582406687640646,13853683735.62835,12614202070.591808,1239481665.03654,9027540,789952
task3_maker_q90_win60,2025-12-19,ethusdt,30,-0.3414354868533807,-0.5675640171624868,1.176691063219408,-0.226128530309106,13853683735.62835,12057665952.599209,1796017783.02914,8629047,1188445
task3_maker_q90_win60,2025-12-19,ethusdt,120,-0.8416006541656672,-1.2225845493000664,1.7161560586341755,-0.3809838951343992,13853683735.62835,12057665952.599209,1796017783.02914,8629047,1188445
task3_maker_q90_win60,2025-12-19,ethusdt,300,0.8072605257121479,2.978476212298192,-13.76931756125054,2.171215686586044,13853683735.62835,12057665952.599209,1796017783.02914,8629047,1188445
task3_maker_q95_win30,2025-12-19,ethusdt,30,-0.3414354868533807,-0.36868242725728,0.0804368004507697,-0.0272469404038993,13853683735.62835,13013215388.17984,840468347.44851,9299606,517886
task3_maker_q95_win30,2025-12-19,ethusdt,120,-0.8416006541656672,-0.7963942234355265,-1.5415449433325972,0.0452064307301407,13853683735.62835,13013215388.17984,840468347.44851,9299606,517886
task3_maker_q95_win30,2025-12-19,ethusdt,300,0.8072605257121479,2.474246287886288,-25.00316390973062,1.6669857621741402,13853683735.62835,13013215388.17984,840468347.44851,9299606,517886
task3_maker_q95_win60,2025-12-19,ethusdt,30,-0.3414354868533807,-0.3841818484850143,0.1022860310823504,-0.0427463616316335,13853683735.62835,12636348327.13208,1217335408.49627,9036090,781402
task3_maker_q95_win60,2025-12-19,ethusdt,120,-0.8416006541656672,-0.7018130945999709,-2.2926422341143176,0.1397875595656963,13853683735.62835,12636348327.13208,1217335408.49627,9036090,781402
task3_maker_q95_win60,2025-12-19,ethusdt,300,0.8072605257121479,3.104363378196968,-23.03743468700894,2.29710285248482,13853683735.62835,12636348327.13208,1217335408.49627,9036090,781402
task3_maker_q99_win30,2025-12-19,ethusdt,30,-0.3414354868533807,-0.3272502011660624,-1.05965584778679,0.0141852856873183,13853683735.62835,13585364584.18766,268319151.44069,9649765,167727
task3_maker_q99_win30,2025-12-19,ethusdt,120,-0.8416006541656672,-0.7150778488425332,-7.247622845648756,0.1265228053231339,13853683735.62835,13585364584.18766,268319151.44069,9649765,167727
task3_maker_q99_win30,2025-12-19,ethusdt,300,0.8072605257121479,1.7906143105362489,-48.98128274578516,0.983353784824101,13853683735.62835,13585364584.18766,268319151.44069,9649765,167727
task3_maker_q99_win60,2025-12-19,ethusdt,30,-0.3414354868533807,-0.3006795664315239,-1.6069932848065995,0.0407559204218568,13853683735.62835,13421460125.06934,432223610.55901,9545258,272234
task3_maker_q99_win60,2025-12-19,ethusdt,120,-0.8416006541656672,-0.6270598784750094,-7.503546914828093,0.2145407756906577,13853683735.62835,13421460125.06934,432223610.55901,9545258,272234
task3_maker_q99_win60,2025-12-19,ethusdt,300,0.8072605257121479,2.2778096914277937,-44.85641102633489,1.4705491657156458,13853683735.62835,13421460125.06934,432223610.55901,9545258,272234
no_filter,2025-12-20,btcusdt,30,0.1974863870756255,0.1974863870756255,,0.0,2942997809.3007,2942997809.3007,0.0,923867,0
no_filter,2025-12-20,btcusdt,120,0.4327834879557285,0.4327834879557285,,0.0,2942997809.3007,2942997809.3007,0.0,923867,0
no_filter,2025-12-20,btcusdt,300,0.4667664736380008,0.4667664736380008,,0.0,2942997809.3007,2942997809.3007,0.0,923867,0
task3_maker_q90_win30,2025-12-20,btcusdt,30,0.1974863870756255,0.4387842308686892,-11.35837834618817,0.2412978437930636,2942997809.3007,2882802061.2949,60195748.0058,908924,14943
task3_maker_q90_win30,2025-12-20,btcusdt,120,0.4327834879557285,0.6361780205530514,-9.307874237091225,0.2033945325973228,2942997809.3007,2882802061.2949,60195748.0058,908924,14943
task3_maker_q90_win30,2025-12-20,btcusdt,300,0.4667664736380008,0.6883425669339518,-10.144614556558556,0.2215760932959509,2942997809.3007,2882802061.2949,60195748.0058,908924,14943
task3_maker_q90_win60,2025-12-20,btcusdt,30,0.1974863870756255,0.5034903559615719,-6.854585299099917,0.3060039688859463,2942997809.3007,2820605888.8739004,122391920.4268,895122,28745
task3_maker_q90_win60,2025-12-20,btcusdt,120,0.4327834879557285,0.7296665532719624,-6.409090709440574,0.2968830653162339,2942997809.3007,2820605888.8739004,122391920.4268,895122,28745
task3_maker_q90_win60,2025-12-20,btcusdt,300,0.4667664736380008,0.8067478055439712,-7.3683368856127585,0.3399813319059703,2942997809.3007,2820605888.8739004,122391920.4268,895122,28745
task3_maker_q95_win30,2025-12-20,btcusdt,30,0.1974863870756255,0.429108988511158,-17.959473707362317,0.2316226014355324,2942997809.3007,2905927806.6864,37070002.6143,915359,8508
task3_maker_q95_win30,2025-12-20,btcusdt,120,0.4327834879557285,0.5760758321906314,-10.79994319755186,0.1432923442349029,2942997809.3007,2905927806.6864,37070002.6143,915359,8508
task3_maker_q95_win30,2025-12-20,btcusdt,300,0.4667664736380008,0.6042988755075603,-10.314436729162695,0.1375324018695595,2942997809.3007,2905927806.6864,37070002.6143,915359,8508
task3_maker_q95_win60,2025-12-20,btcusdt,30,0.1974863870756255,0.4116936103471049,-11.6114750457324,0.2142072232714794,2942997809.3007,2890564760.5049,52433048.7958,911535,12332
task3_maker_q95_win60,2025-12-20,btcusdt,120,0.4327834879557285,0.565389434188381,-6.877607267811572,0.1326059462326524,2942997809.3007,2890564760.5049,52433048.7958,911535,12332
task3_maker_q95_win60,2025-12-20,btcusdt,300,0.4667664736380008,0.5960643914769034,-6.661257043883021,0.1292979178389025,2942997809.3007,2890564760.5049,52433048.7958,911535,12332
task3_maker_q99_win30,2025-12-20,btcusdt,30,0.1974863870756255,0.42194341117754,-24.667884854843276,0.2244570241019144,2942997809.3007,2916669349.6871,26328459.613600004,917822,6045
task3_maker_q99_win30,2025-12-20,btcusdt,120,0.4327834879557285,0.5522647208906685,-12.803359267017772,0.1194812329349399,2942997809.3007,2916669349.6871,26328459.613600004,917822,6045
task3_maker_q99_win30,2025-12-20,btcusdt,300,0.4667664736380008,0.5923262674207994,-13.442759850877858,0.1255597937827985,2942997809.3007,2916669349.6871,26328459.613600004,917822,6045
task3_maker_q99_win60,2025-12-20,btcusdt,30,0.1974863870756255,0.392085221354331,-17.01388210387143,0.1945988342787055,2942997809.3007,2910095073.5737,32902735.727,916243,7624
task3_maker_q99_win60,2025-12-20,btcusdt,120,0.4327834879557285,0.5175400668123075,-7.063544617706632,0.0847565788565789,2942997809.3007,2910095073.5737,32902735.727,916243,7624
task3_maker_q99_win60,2025-12-20,btcusdt,300,0.4667664736380008,0.572166874168201,-8.855412353088893,0.1054004005302001,2942997809.3007,2910095073.5737,32902735.727,916243,7624
no_filter,2025-12-20,ethusdt,30,-0.1645439169382508,-0.1645439169382508,,0.0,2854873447.02256,2854873447.02256,0.0,1794126,0
no_filter,2025-12-20,ethusdt,120,-0.0329593111265706,-0.0329593111265706,,0.0,2854873447.02256,2854873447.02256,0.0,1794126,0
no_filter,2025-12-20,ethusdt,300,-0.0954431155144979,-0.0954431155144979,,0.0,2854873447.02256,2854873447.02256,0.0,1794126,0
task3_maker_q90_win30,2025-12-20,ethusdt,30,-0.1645439169382508,-0.0424570750165313,-6.469733217719856,0.1220868419217195,2854873447.02256,2800644800.9375696,54228646.08499,1766655,27471
task3_maker_q90_win30,2025-12-20,ethusdt,120,-0.0329593111265706,0.077459857256747,-5.735570240632795,0.1104191683833177,2854873447.02256,2800644800.9375696,54228646.08499,1766655,27471
task3_maker_q90_win30,2025-12-20,ethusdt,300,-0.0954431155144979,0.0375977786699763,-6.9663557329136925,0.1330408941844743,2854873447.02256,2800644800.9375696,54228646.08499,1766655,27471
task3_maker_q90_win60,2025-12-20,ethusdt,30,-0.1645439169382508,-0.0531109042424274,-3.6986856117411095,0.1114330126958234,2854873447.02256,2767609524.43371,87263922.58885,1748957,45169
task3_maker_q90_win60,2025-12-20,ethusdt,120,-0.0329593111265706,0.0693103010567888,-3.2764801653561184,0.1022696121833595,2854873447.02256,2767609524.43371,87263922.58885,1748957,45169
task3_maker_q90_win60,2025-12-20,ethusdt,300,-0.0954431155144979,0.0270683799621077,-3.980943236007528,0.1225114954766056,2854873447.02256,2767609524.43371,87263922.58885,1748957,45169
task3_maker_q95_win30,2025-12-20,ethusdt,30,-0.1645439169382508,-0.0472181584194533,-8.561998427940583,0.1173257585187975,2854873447.02256,2815535944.2280297,39337502.79453,1775297,18829
task3_maker_q95_win30,2025-12-20,ethusdt,120,-0.0329593111265706,0.0580943053691538,-6.550015857260839,0.0910536164957245,2854873447.02256,2815535944.2280297,39337502.79453,1775297,18829
task3_maker_q95_win30,2025-12-20,ethusdt,300,-0.0954431155144979,0.0333775983554988,-9.31563566704893,0.1288207138699967,2854873447.02256,2815535944.2280297,39337502.79453,1775297,18829
task3_maker_q95_win60,2025-12-20,ethusdt,30,-0.1645439169382508,-0.0668443508909029,-4.981365652734613,0.0976995660473479,2854873447.02256,2798119212.0191298,56754235.00343,1765371,28755
task3_maker_q95_win60,2025-12-20,ethusdt,120,-0.0329593111265706,0.0329627126863444,-3.283072387533158,0.0659220238129151,2854873447.02256,2798119212.0191298,56754235.00343,1765371,28755
task3_maker_q95_win60,2025-12-20,ethusdt,300,-0.0954431155144979,0.0217257481136802,-5.872147679475944,0.1171688636281781,2854873447.02256,2798119212.0191298,56754235.00343,1765371,28755
task3_maker_q99_win30,2025-12-20,ethusdt,30,-0.1645439169382508,-0.1617375021981794,-3.3251242482526115,0.0028064147400714,2854873447.02256,2852340731.43451,2532715.58805,1792498,1628
task3_maker_q99_win30,2025-12-20,ethusdt,120,-0.0329593111265706,-0.0294747339672815,-3.957285204709879,0.0034845771592891,2854873447.02256,2852340731.43451,2532715.58805,1792498,1628
task3_maker_q99_win30,2025-12-20,ethusdt,300,-0.0954431155144979,-0.0907880189590904,-5.338006305948533,0.0046550965554075,2854873447.02256,2852340731.43451,2532715.58805,1792498,1628
task3_maker_q99_win60,2025-12-20,ethusdt,30,-0.1645439169382508,-0.1623041553721754,-1.96707553484212,0.0022397615660754,2854873447.02256,2851330485.35141,3542961.67115,1791785,2341
task3_maker_q99_win60,2025-12-20,ethusdt,120,-0.0329593111265706,-0.0285496893653107,-3.581766812808699,0.0044096217612599,2854873447.02256,2851330485.35141,3542961.67115,1791785,2341
task3_maker_q99_win60,2025-12-20,ethusdt,300,-0.0954431155144979,-0.0899510650422559,-4.515375474960304,0.0054920504722419,2854873447.02256,2851330485.35141,3542961.67115,1791785,2341
no_filter,2025-12-21,btcusdt,30,0.2777100501481615,0.2777100501481615,,0.0,5628290708.8631,5628290708.8631,0.0,1874833,0
no_filter,2025-12-21,btcusdt,120,0.1930848051055146,0.1930848051055146,,0.0,5628290708.8631,5628290708.8631,0.0,1874833,0
no_filter,2025-12-21,btcusdt,300,0.5308618332661165,0.5308618332661165,,0.0,5628290708.8631,5628290708.8631,0.0,1874833,0
task3_maker_q90_win30,2025-12-21,btcusdt,30,0.2777100501481615,0.5461244651683786,-4.6046118866810986,0.2684144150202171,5628290708.8631,5334990051.445299,293300657.4178,1789103,85730
task3_maker_q90_win30,2025-12-21,btcusdt,120,0.1930848051055146,0.2114146521687176,-0.1403258070207391,0.0183298470632029,5628290708.8631,5334990051.445299,293300657.4178,1789103,85730
task3_maker_q90_win30,2025-12-21,btcusdt,300,0.5308618332661165,0.8325024365810387,-4.9558275999073285,0.3016406033149222,5628290708.8631,5334990051.445299,293300657.4178,1789103,85730
task3_maker_q90_win60,2025-12-21,btcusdt,30,0.2777100501481615,0.5330508644405991,-2.92010080695357,0.2553408142924376,5628290708.8631,5212110804.4063,416179904.4568,1749864,124969
task3_maker_q90_win60,2025-12-21,btcusdt,120,0.1930848051055146,0.2215670256395102,-0.1636178799327784,0.0284822205339955,5628290708.8631,5212110804.4063,416179904.4568,1749864,124969
task3_maker_q90_win60,2025-12-21,btcusdt,300,0.5308618332661165,0.9158189182683744,-4.290223857048115,0.384957085002258,5628290708.8631,5212110804.4063,416179904.4568,1749864,124969
task3_maker_q95_win30,2025-12-21,btcusdt,30,0.2777100501481615,0.4670601160238909,-4.993480627872375,0.1893500658757294,5628290708.8631,5433123734.2952,195166974.5679,1820249,54584
task3_maker_q95_win30,2025-12-21,btcusdt,120,0.1930848051055146,0.1317979879501007,1.8992077883802492,-0.0612868171554139,5628290708.8631,5433123734.2952,195166974.5679,1820249,54584
task3_maker_q95_win30,2025-12-21,btcusdt,300,0.5308618332661165,0.6949798156882562,-4.037909637914064,0.1641179824221397,5628290708.8631,5433123734.2952,195166974.5679,1820249,54584
task3_maker_q95_win60,2025-12-21,btcusdt,30,0.2777100501481615,0.4583679432966447,-3.164559254344168,0.1806578931484831,5628290708.8631,5347635016.3743,280655692.48880005,1793625,81208
task3_maker_q95_win60,2025-12-21,btcusdt,120,0.1930848051055146,0.1271551416974556,1.4493136509636049,-0.065929663408059,5628290708.8631,5347635016.3743,280655692.48880005,1793625,81208
task3_maker_q95_win60,2025-12-21,btcusdt,300,0.5308618332661165,0.7540504173179463,-3.72179050649782,0.2231885840518298,5628290708.8631,5347635016.3743,280655692.48880005,1793625,81208
task3_maker_q99_win30,2025-12-21,btcusdt,30,0.2777100501481615,0.4294020167635443,-9.082439639306942,0.1516919666153828,5628290708.8631,5538532435.21,89758273.6531,1852254,22579
task3_maker_q99_win30,2025-12-21,btcusdt,120,0.1930848051055146,0.123209439386633,4.504742813947145,-0.0698753657188816,5628290708.8631,5538532435.21,89758273.6531,1852254,22579
task3_maker_q99_win30,2025-12-21,btcusdt,300,0.5308618332661165,0.5929484895461776,-3.3001940193658816,0.0620866562800611,5628290708.8631,5538532435.21,89758273.6531,1852254,22579
task3_maker_q99_win60,2025-12-21,btcusdt,30,0.2777100501481615,0.4225257447014753,-6.347986103276895,0.1448156945533137,5628290708.8631,5507906187.5074005,120384521.3557,1841831,33002
task3_maker_q99_win60,2025-12-21,btcusdt,120,0.1930848051055146,0.0899720092458372,4.910764453044855,-0.1031127958596773,5628290708.8631,5507906187.5074005,120384521.3557,1841831,33002
task3_maker_q99_win60,2025-12-21,btcusdt,300,0.5308618332661165,0.5934957543259729,-2.334803598372857,0.0626339210598564,5628290708.8631,5507906187.5074005,120384521.3557,1841831,33002
no_filter,2025-12-21,ethusdt,30,0.0342186167223773,0.0342186167223773,,0.0,5286766455.66963,5286766455.66963,0.0,3361696,0
no_filter,2025-12-21,ethusdt,120,0.1773502335296069,0.1773502335296069,,0.0,5286766455.66963,5286766455.66963,0.0,3361696,0
no_filter,2025-12-21,ethusdt,300,0.6693230197988183,0.6693230197988183,,0.0,5286766455.66963,5286766455.66963,0.0,3361696,0
task3_maker_q90_win30,2025-12-21,ethusdt,30,0.0342186167223773,0.1247523447093169,-1.3950206509813108,0.0905337279869395,5286766455.66963,4971830818.8441,314935636.82553005,3181356,180340
task3_maker_q90_win30,2025-12-21,ethusdt,120,0.1773502335296069,0.4248554621210565,-3.729969165887019,0.2475052285914495,5286766455.66963,4971830818.8441,314935636.82553005,3181356,180340
task3_maker_q90_win30,2025-12-21,ethusdt,300,0.6693230197988183,1.3564058480286023,-10.177526879197703,0.6870828282297841,5286766455.66963,4971830818.8441,314935636.82553005,3181356,180340
task3_maker_q90_win60,2025-12-21,ethusdt,30,0.0342186167223773,0.167507833506945,-1.3577677333822675,0.1332892167845676,5286766455.66963,4824771931.207211,461994524.46242,3087097,274599
task3_maker_q90_win60,2025-12-21,ethusdt,120,0.1773502335296069,0.5272997241247693,-3.477295850270772,0.3499494905951623,5286766455.66963,4824771931.207211,461994524.46242,3087097,274599
task3_maker_q90_win60,2025-12-21,ethusdt,300,0.6693230197988183,1.5652171115582485,-8.686815285703716,0.89589409175943,5286766455.66963,4824771931.207211,461994524.46242,3087097,274599
task3_maker_q95_win30,2025-12-21,ethusdt,30,0.0342186167223773,0.1274483274056259,-2.0101974252501726,0.0932297106832485,5286766455.66963,5056193309.253941,230573146.41569,3234227,127469
task3_maker_q95_win30,2025-12-21,ethusdt,120,0.1773502335296069,0.3671320117909747,-3.9843371632042297,0.1897817782613677,5286766455.66963,5056193309.253941,230573146.41569,3234227,127469
task3_maker_q95_win30,2025-12-21,ethusdt,300,0.6693230197988183,1.1777352071839529,-10.479548130900591,0.5084121873851346,5286766455.66963,5056193309.253941,230573146.41569,3234227,127469
task3_maker_q95_win60,2025-12-21,ethusdt,30,0.0342186167223773,0.1488997230971728,-1.7043071680095898,0.1146811063747954,5286766455.66963,4959608042.22381,327158413.44582,3168614,193082
task3_maker_q95_win60,2025-12-21,ethusdt,120,0.1773502335296069,0.4160276569505153,-3.440916697856012,0.2386774234209083,5286766455.66963,4959608042.22381,327158413.44582,3168614,193082
task3_maker_q95_win60,2025-12-21,ethusdt,300,0.6693230197988183,1.255368225310652,-8.214918970953297,0.5860452055118337,5286766455.66963,4959608042.22381,327158413.44582,3168614,193082
task3_maker_q99_win30,2025-12-21,ethusdt,30,0.0342186167223773,0.0738473668933583,-3.122832015599017,0.0396287501709809,5286766455.66963,5221227212.59399,65539243.07564,3330395,31301
task3_maker_q99_win30,2025-12-21,ethusdt,120,0.1773502335296069,0.2970152878558415,-9.35584558509746,0.1196650543262345,5286766455.66963,5221227212.59399,65539243.07564,3330395,31301
task3_maker_q99_win30,2025-12-21,ethusdt,300,0.6693230197988183,0.9392357028898084,-20.833449667894048,0.2699126830909902,5286766455.66963,5221227212.59399,65539243.07564,3330395,31301
task3_maker_q99_win60,2025-12-21,ethusdt,30,0.0342186167223773,0.1045348709004068,-3.724241617842429,0.0703162541780294,5286766455.66963,5189673921.025801,97092534.64383,3310525,51171
task3_maker_q99_win60,2025-12-21,ethusdt,120,0.1773502335296069,0.3741209036819682,-10.340200050418744,0.1967706701523612,5286766455.66963,5189673921.025801,97092534.64383,3310525,51171
task3_maker_q99_win60,2025-12-21,ethusdt,300,0.6693230197988183,1.062729474068749,-20.35856778125393,0.3934064542699307,5286766455.66963,5189673921.025801,97092534.64383,3310525,51171
no_filter,2025-12-22,btcusdt,30,-0.190856230676697,-0.190856230676697,,0.0,12779680336.4176,12779680336.4176,0.0,4177410,0
no_filter,2025-12-22,btcusdt,120,0.115055911961872,0.115055911961872,,0.0,12779680336.4176,12779680336.4176,0.0,4177410,0
no_filter,2025-12-22,btcusdt,300,0.7550500212031427,0.7550500212031427,,0.0,12779680336.4176,12779680336.4176,0.0,4177410,0
task3_maker_q90_win30,2025-12-22,btcusdt,30,-0.190856230676697,-0.1434196609125425,-0.7377046709030631,0.0474365697641545,12779680336.4176,11759590333.050798,1020090003.3668,3870355,307055
task3_maker_q90_win30,2025-12-22,btcusdt,120,0.115055911961872,0.4449274236801296,-3.687700538496181,0.3298715117182576,12779680336.4176,11759590333.050798,1020090003.3668,3870355,307055
task3_maker_q90_win30,2025-12-22,btcusdt,300,0.7550500212031427,1.8387862540428144,-11.738253594375715,1.0837362328396716,12779680336.4176,11759590333.050798,1020090003.3668,3870355,307055
task3_maker_q90_win60,2025-12-22,btcusdt,30,-0.190856230676697,-0.1324118823999842,-0.642841132231715,0.0584443482767128,12779680336.4176,11316401951.2293,1463278385.1883,3722011,455399
task3_maker_q90_win60,2025-12-22,btcusdt,120,0.115055911961872,0.6126950968336169,-3.733483846223711,0.4976391848717448,12779680336.4176,11316401951.2293,1463278385.1883,3722011,455399
task3_maker_q90_win60,2025-12-22,btcusdt,300,0.7550500212031427,2.1763098632033886,-10.236397547501117,1.421259842000246,12779680336.4176,11316401951.2293,1463278385.1883,3722011,455399
task3_maker_q95_win30,2025-12-22,btcusdt,30,-0.190856230676697,-0.161271366973589,-0.6637998609059582,0.029584863703108,12779680336.4176,12027314837.7697,752365498.6479,3960610,216800
task3_maker_q95_win30,2025-12-22,btcusdt,120,0.115055911961872,0.3309134824911298,-3.335643203743393,0.2158575705292577,12779680336.4176,12027314837.7697,752365498.6479,3960610,216800
task3_maker_q95_win30,2025-12-22,btcusdt,300,0.7550500212031427,1.6735002826905638,-13.927295830105988,0.9184502614874211,12779680336.4176,12027314837.7697,752365498.6479,3960610,216800
task3_maker_q95_win60,2025-12-22,btcusdt,30,-0.190856230676697,-0.1764000153380927,-0.3460393881858046,0.0144562153386043,12779680336.4176,11690630030.4628,1089050305.9548,3845334,332076
task3_maker_q95_win60,2025-12-22,btcusdt,120,0.115055911961872,0.4815968787426251,-3.8196519800533455,0.366540966780753,12779680336.4176,11690630030.4628,1089050305.9548,3845334,332076
task3_maker_q95_win60,2025-12-22,btcusdt,300,0.7550500212031427,1.9835596077344253,-12.432633767584244,1.228509586531283,12779680336.4176,11690630030.4628,1089050305.9548,3845334,332076
task3_maker_q99_win30,2025-12-22,btcusdt,30,-0.190856230676697,-0.1804107578608312,-0.6270071915938291,0.0104454728158658,12779680336.4176,12480775568.1155,298904768.3021,4094020,83390
task3_maker_q99_win30,2025-12-22,btcusdt,120,0.115055911961872,0.1684527925168847,-2.1145320803281136,0.0533968805550127,12779680336.4176,12480775568.1155,298904768.3021,4094020,83390
task3_maker_q99_win30,2025-12-22,btcusdt,300,0.7550500212031427,1.101260549333547,-13.700978651270718,0.3462105281304043,12779680336.4176,12480775568.1155,298904768.3021,4094020,83390
task3_maker_q99_win60,2025-12-22,btcusdt,30,-0.190856230676697,-0.22133590532875,0.6389595246825197,-0.030479674652053,12779680336.4176,12326905062.6885,452775273.7291,4046643,130767
task3_maker_q99_win60,2025-12-22,btcusdt,120,0.115055911961872,0.1791373106842834,-1.6295740715386702,0.0640813987224114,12779680336.4176,12326905062.6885,452775273.7291,4046643,130767
task3_maker_q99_win60,2025-12-22,btcusdt,300,0.7550500212031427,1.1883313931801929,-11.041129336833322,0.4332813719770502,12779680336.4176,12326905062.6885,452775273.7291,4046643,130767
no_filter,2025-12-22,ethusdt,30,-0.2581090509171903,-0.2581090509171903,,0.0,11498721524.86319,11498721524.86319,0.0,7619042,0
no_filter,2025-12-22,ethusdt,120,-0.3327824402638852,-0.3327824402638852,,0.0,11498721524.86319,11498721524.86319,0.0,7619042,0
no_filter,2025-12-22,ethusdt,300,0.4097396600712085,0.4097396600712085,,0.0,11498721524.86319,11498721524.86319,0.0,7619042,0
task3_maker_q90_win30,2025-12-22,ethusdt,30,-0.2581090509171903,-0.273336585867253,-0.097940505827846,-0.0152275349500627,11498721524.86319,10500425645.835838,998295879.02735,7049736,569306
task3_maker_q90_win30,2025-12-22,ethusdt,120,-0.3327824402638852,-0.1502471366990461,-2.25275268464687,0.1825353035648391,11498721524.86319,10500425645.835838,998295879.02735,7049736,569306
task3_maker_q90_win30,2025-12-22,ethusdt,300,0.4097396600712085,1.20038619821839,-7.906557502289948,0.7906465381471814,11498721524.86319,10500425645.835838,998295879.02735,7049736,569306
task3_maker_q90_win60,2025-12-22,ethusdt,30,-0.2581090509171903,-0.3116128538124509,0.1292111724291932,-0.0535038028952606,11498721524.86319,10103095847.97115,1395625676.89204,6787499,831543
task3_maker_q90_win60,2025-12-22,ethusdt,120,-0.3327824402638852,-0.0744038291336017,-2.2032151189805385,0.2583786111302835,11498721524.86319,10103095847.97115,1395625676.89204,6787499,831543
task3_maker_q90_win60,2025-12-22,ethusdt,300,0.4097396600712085,1.3968418256272854,-6.736007194172419,0.987102165556077,11498721524.86319,10103095847.97115,1395625676.89204,6787499,831543
task3_maker_q95_win30,2025-12-22,ethusdt,30,-0.2581090509171903,-0.3209492994018977,0.6082141793131892,-0.0628402484847074,11498721524.86319,10721051572.87789,777669951.9853,7186190,432852
task3_maker_q95_win30,2025-12-22,ethusdt,120,-0.3327824402638852,-0.3781565922158684,0.2927510806223723,-0.0453741519519831,11498721524.86319,10721051572.87789,777669951.9853,7186190,432852
task3_maker_q95_win30,2025-12-22,ethusdt,300,0.4097396600712085,0.9423310789585634,-6.932629753311342,0.5325914188873548,11498721524.86319,10721051572.87789,777669951.9853,7186190,432852
task3_maker_q95_win60,2025-12-22,ethusdt,30,-0.2581090509171903,-0.3746633414374878,0.8304648410906229,-0.1165542905202975,11498721524.86319,10386619635.07966,1112101889.78353,6975362,643680
task3_maker_q95_win60,2025-12-22,ethusdt,120,-0.3327824402638852,-0.2993941486734125,-0.6446167139048262,0.0333882915904726,11498721524.86319,10386619635.07966,1112101889.78353,6975362,643680
task3_maker_q95_win60,2025-12-22,ethusdt,300,0.4097396600712085,1.1580104444649744,-6.578832244121457,0.7482707843937659,11498721524.86319,10386619635.07966,1112101889.78353,6975362,643680
task3_maker_q99_win30,2025-12-22,ethusdt,30,-0.2581090509171903,-0.2038286037960451,-2.9232980637110697,0.0542804471211451,11498721524.86319,11269207733.70239,229513791.1608,7484924,134118
task3_maker_q99_win30,2025-12-22,ethusdt,120,-0.3327824402638852,-0.3626370131630044,1.133087571727792,-0.0298545728991191,11498721524.86319,11269207733.70239,229513791.1608,7484924,134118
task3_maker_q99_win30,2025-12-22,ethusdt,300,0.4097396600712085,0.8236261801993415,-19.91223380354237,0.413886520128133,11498721524.86319,11269207733.70239,229513791.1608,7484924,134118
task3_maker_q99_win60,2025-12-22,ethusdt,30,-0.2581090509171903,-0.1836715881750981,-2.6184460730509937,0.0744374627420921,11498721524.86319,11147175350.70804,351546174.15515006,7412968,206074
task3_maker_q99_win60,2025-12-22,ethusdt,120,-0.3327824402638852,-0.3180452970783148,-0.8000824177215956,0.0147371431855703,11498721524.86319,11147175350.70804,351546174.15515006,7412968,206074
task3_maker_q99_win60,2025-12-22,ethusdt,300,0.4097396600712085,0.9731652232501234,-17.455917859657447,0.5634255631789149,11498721524.86319,11147175350.70804,351546174.15515006,7412968,206074
no_filter,2025-12-23,btcusdt,30,-0.1234514143708457,-0.1234514143708457,,0.0,10802373840.5243,10802373840.5243,0.0,3475721,0
no_filter,2025-12-23,btcusdt,120,-0.1723611142427748,-0.1723611142427748,,0.0,10802373840.5243,10802373840.5243,0.0,3475721,0
no_filter,2025-12-23,btcusdt,300,-0.0341270803912715,-0.0341270803912715,,0.0,10802373840.5243,10802373840.5243,0.0,3475721,0
task3_maker_q90_win30,2025-12-23,btcusdt,30,-0.1234514143708457,-0.1366756603437083,0.0647426022058265,-0.0132242459728625,10802373840.5243,10093137016.8635,709236823.6608,3273866,201855
task3_maker_q90_win30,2025-12-23,btcusdt,120,-0.1723611142427748,-0.1325481232631001,-0.7389391028684624,0.0398129909796747,10802373840.5243,10093137016.8635,709236823.6608,3273866,201855
task3_maker_q90_win30,2025-12-23,btcusdt,300,-0.0341270803912715,0.1617935123466982,-2.822269659794592,0.1959205927379697,10802373840.5243,10093137016.8635,709236823.6608,3273866,201855
task3_maker_q90_win60,2025-12-23,btcusdt,30,-0.1234514143708457,-0.1083063809157595,-0.2750588090332012,0.0151450334550861,10802373840.5243,9821264809.2731,981109031.2512,3184631,291090
task3_maker_q90_win60,2025-12-23,btcusdt,120,-0.1723611142427748,-0.0803914828238079,-1.0930111906415207,0.0919696314189669,10802373840.5243,9821264809.2731,981109031.2512,3184631,291090
task3_maker_q90_win60,2025-12-23,btcusdt,300,-0.0341270803912715,0.2588739397615857,-2.967175820793288,0.2930010201528572,10802373840.5243,9821264809.2731,981109031.2512,3184631,291090
task3_maker_q95_win30,2025-12-23,btcusdt,30,-0.1234514143708457,-0.1427367505600705,0.2637502298449553,-0.0192853361892248,10802373840.5243,10289866869.3327,512506971.1916,3333940,141781
task3_maker_q95_win30,2025-12-23,btcusdt,120,-0.1723611142427748,-0.1336679669501888,-0.9492233947118216,0.038693147292586,10802373840.5243,10289866869.3327,512506971.1916,3333940,141781
task3_maker_q95_win30,2025-12-23,btcusdt,300,-0.0341270803912715,0.1630631935054422,-3.993217942329759,0.1971902738967137,10802373840.5243,10289866869.3327,512506971.1916,3333940,141781
task3_maker_q95_win60,2025-12-23,btcusdt,30,-0.1234514143708457,-0.1223496049896958,-0.1388492580201573,0.0011018093811499,10802373840.5243,10081015832.922298,721358007.602,3266852,208869
task3_maker_q95_win60,2025-12-23,btcusdt,120,-0.1723611142427748,-0.0395921534120676,-2.0278142764033733,0.1327689608307072,10802373840.5243,10081015832.922298,721358007.602,3266852,208869
task3_maker_q95_win60,2025-12-23,btcusdt,300,-0.0341270803912715,0.2781033821627714,-4.397564102448436,0.3122304625540429,10802373840.5243,10081015832.922298,721358007.602,3266852,208869
task3_maker_q99_win30,2025-12-23,btcusdt,30,-0.1234514143708457,-0.1304948180695696,0.2743523570291254,-0.0070434036987238,10802373840.5243,10614437541.241,187936299.2833,3421872,53849
task3_maker_q99_win30,2025-12-23,btcusdt,120,-0.1723611142427748,-0.211150864925552,2.01844176648222,-0.0387897506827771,10802373840.5243,10614437541.241,187936299.2833,3421872,53849
task3_maker_q99_win30,2025-12-23,btcusdt,300,-0.0341270803912715,0.0367586846726554,-4.03767790427937,0.0708857650639269,10802373840.5243,10614437541.241,187936299.2833,3421872,53849
task3_maker_q99_win60,2025-12-23,btcusdt,30,-0.1234514143708457,-0.1468248118145832,0.7286165894943744,-0.0233733974437374,10802373840.5243,10513961415.9658,288412424.55850005,3392104,83617
task3_maker_q99_win60,2025-12-23,btcusdt,120,-0.1723611142427748,-0.1847612998051048,0.2796827696250302,-0.0124001855623299,10802373840.5243,10513961415.9658,288412424.55850005,3392104,83617
task3_maker_q99_win60,2025-12-23,btcusdt,300,-0.0341270803912715,0.0789540147244581,-4.156453893259847,0.1130810951157296,10802373840.5243,10513961415.9658,288412424.55850005,3392104,83617
no_filter,2025-12-23,ethusdt,30,-0.1513960974507896,-0.1513960974507896,,0.0,11139674435.23058,11139674435.23058,0.0,6846282,0
no_filter,2025-12-23,ethusdt,120,-0.0668733162409398,-0.0668733162409398,,0.0,11139674435.23058,11139674435.23058,0.0,6846282,0
no_filter,2025-12-23,ethusdt,300,0.1195613529282467,0.1195613529282467,,0.0,11139674435.23058,11139674435.23058,0.0,6846282,0
task3_maker_q90_win30,2025-12-23,ethusdt,30,-0.1513960974507896,-0.2160285912582059,0.5900501738409107,-0.0646324938074162,11139674435.23058,10246480159.280209,893194275.9503701,6379892,466390
task3_maker_q90_win30,2025-12-23,ethusdt,120,-0.0668733162409398,0.1843158385640419,-2.948446519558941,0.2511891548049818,11139674435.23058,10246480159.280209,893194275.9503701,6379892,466390
task3_maker_q90_win30,2025-12-23,ethusdt,300,0.1195613529282467,0.8363190454660104,-8.102886633301054,0.7167576925377637,11139674435.23058,10246480159.280209,893194275.9503701,6379892,466390
task3_maker_q90_win60,2025-12-23,ethusdt,30,-0.1513960974507896,-0.1918984131647356,0.1891214916452066,-0.0405023157139459,11139674435.23058,9955529971.304642,1184144463.92594,6190268,656014
task3_maker_q90_win60,2025-12-23,ethusdt,120,-0.0668733162409398,0.3495738045049919,-3.568094593165261,0.4164471207459317,11139674435.23058,9955529971.304642,1184144463.92594,6190268,656014
task3_maker_q90_win60,2025-12-23,ethusdt,300,0.1195613529282467,1.0149356588980087,-7.408173657599626,0.895374305969762,11139674435.23058,9955529971.304642,1184144463.92594,6190268,656014
task3_maker_q95_win30,2025-12-23,ethusdt,30,-0.1513960974507896,-0.233603288628569,1.153799003852063,-0.0822071911777793,11139674435.23058,10479619777.02624,660054658.20434,6519484,326798
task3_maker_q95_win30,2025-12-23,ethusdt,120,-0.0668733162409398,0.1258493953164473,-3.1267119438681528,0.1927227115573871,11139674435.23058,10479619777.02624,660054658.20434,6519484,326798
task3_maker_q95_win30,2025-12-23,ethusdt,300,0.1195613529282467,0.7374158989086093,-9.690051591848334,0.6178545459803625,11139674435.23058,10479619777.02624,660054658.20434,6519484,326798
task3_maker_q95_win60,2025-12-23,ethusdt,30,-0.1513960974507896,-0.2339938362130141,0.8083384824485869,-0.0825977387622244,11139674435.23058,10256931088.963749,882743346.26683,6376674,469608
task3_maker_q95_win60,2025-12-23,ethusdt,120,-0.0668733162409398,0.2640183636785757,-3.911629748786196,0.3308916799195155,11139674435.23058,10256931088.963749,882743346.26683,6376674,469608
task3_maker_q95_win60,2025-12-23,ethusdt,300,0.1195613529282467,0.9263481370878736,-9.254801516651062,0.8067867841596268,11139674435.23058,10256931088.963749,882743346.26683,6376674,469608
task3_maker_q99_win30,2025-12-23,ethusdt,30,-0.1513960974507896,-0.1413246257545027,-0.6470877702367287,0.0100714716962869,11139674435.23058,10917845468.44192,221828966.78866,6735355,110927
task3_maker_q99_win30,2025-12-23,ethusdt,120,-0.0668733162409398,-0.0253154929369088,-2.112241418552356,0.041557823304031,11139674435.23058,10917845468.44192,221828966.78866,6735355,110927
task3_maker_q99_win30,2025-12-23,ethusdt,300,0.1195613529282467,0.4514791525772854,-16.21657047536426,0.3319177996490387,11139674435.23058,10917845468.44192,221828966.78866,6735355,110927
task3_maker_q99_win60,2025-12-23,ethusdt,30,-0.1513960974507896,-0.2072114078270026,1.654697023982986,-0.0558153103762129,11139674435.23058,10805735141.831532,333939293.39904994,6676198,170084
task3_maker_q99_win60,2025-12-23,ethusdt,120,-0.0668733162409398,0.0057581593010389,-2.417110329916283,0.0726314755419787,11139674435.23058,10805735141.831532,333939293.39904994,6676198,170084
task3_maker_q99_win60,2025-12-23,ethusdt,300,0.1195613529282467,0.5591657824323603,-14.10532660214376,0.4396044295041135,11139674435.23058,10805735141.831532,333939293.39904994,6676198,170084
no_filter,2025-12-24,btcusdt,30,-0.2663001184032859,-0.2663001184032859,,0.0,6644074082.4541,6644074082.4541,0.0,2265486,0
no_filter,2025-12-24,btcusdt,120,-0.2790811351262561,-0.2790811351262561,,0.0,6644074082.4541,6644074082.4541,0.0,2265486,0
no_filter,2025-12-24,btcusdt,300,0.7195519274615332,0.7195519274615332,,0.0,6644074082.4541,6644074082.4541,0.0,2265486,0
task3_maker_q90_win30,2025-12-24,btcusdt,30,-0.2663001184032859,-0.3229552569762994,0.92783361991735,-0.0566551385730134,6644074082.4541,6343127260.1849,300946822.2692,2175298,90188
task3_maker_q90_win30,2025-12-24,btcusdt,120,-0.2790811351262561,-0.2089578995011623,-1.7570851363382105,0.0701232356250937,6644074082.4541,6343127260.1849,300946822.2692,2175298,90188
task3_maker_q90_win30,2025-12-24,btcusdt,300,0.7195519274615332,1.553484113520197,-16.857433742792775,0.8339321860586641,6644074082.4541,6343127260.1849,300946822.2692,2175298,90188
task3_maker_q90_win60,2025-12-24,btcusdt,30,-0.2663001184032859,-0.3377394188758234,0.7185992264657844,-0.0714393004725374,6644074082.4541,6194740900.4945,449333181.9596,2126764,138722
task3_maker_q90_win60,2025-12-24,btcusdt,120,-0.2790811351262561,-0.1462955527691422,-2.1097322222243657,0.1327855823571139,6644074082.4541,6194740900.4945,449333181.9596,2126764,138722
task3_maker_q90_win60,2025-12-24,btcusdt,300,0.7195519274615332,1.855993702409999,-14.948025333584813,1.136441774948466,6644074082.4541,6194740900.4945,449333181.9596,2126764,138722
task3_maker_q95_win30,2025-12-24,btcusdt,30,-0.2663001184032859,-0.3380667849159183,1.7146413334225117,-0.0717666665126324,6644074082.4541,6411784335.704,232289746.7501,2198255,67231
task3_maker_q95_win30,2025-12-24,btcusdt,120,-0.2790811351262561,-0.209176321148524,-2.2086307494487447,0.069904813977732,6644074082.4541,6411784335.704,232289746.7501,2198255,67231
task3_maker_q95_win30,2025-12-24,btcusdt,300,0.7195519274615332,1.480014898819672,-20.271148849713143,0.7604629713581388,6644074082.4541,6411784335.704,232289746.7501,2198255,67231
task3_maker_q95_win60,2025-12-24,btcusdt,30,-0.2663001184032859,-0.3419678820789835,1.096472214240107,-0.0756677636756976,6644074082.4541,6294568928.3629,349505154.0912,2159677,105809
task3_maker_q95_win60,2025-12-24,btcusdt,120,-0.2790811351262561,-0.1455411689794178,-2.684128705277913,0.1335399661468382,6644074082.4541,6294568928.3629,349505154.0912,2159677,105809
task3_maker_q95_win60,2025-12-24,btcusdt,300,0.7195519274615332,1.719422827261602,-17.28806891756175,0.9998708998000688,6644074082.4541,6294568928.3629,349505154.0912,2159677,105809
task3_maker_q99_win30,2025-12-24,btcusdt,30,-0.2663001184032859,-0.2852455914797366,0.7495921444043729,-0.0189454730764507,6644074082.4541,6522436532.641001,121637549.8131,2231741,33745
task3_maker_q99_win30,2025-12-24,btcusdt,120,-0.2790811351262561,-0.085036590701011,-10.684118292349488,0.194044544425245,6644074082.4541,6522436532.641001,121637549.8131,2231741,33745
task3_maker_q99_win30,2025-12-24,btcusdt,300,0.7195519274615332,1.2805086363231797,-29.36001262091301,0.5609567088616465,6644074082.4541,6522436532.641001,121637549.8131,2231741,33745
task3_maker_q99_win60,2025-12-24,btcusdt,30,-0.2663001184032859,-0.261899999054033,-0.428395757099253,0.0044001193492529,6644074082.4541,6468485711.487101,175588370.967,2214370,51116
task3_maker_q99_win60,2025-12-24,btcusdt,120,-0.2790811351262561,0.0712141383446034,-13.183580213106591,0.3502952734708595,6644074082.4541,6468485711.487101,175588370.967,2214370,51116
task3_maker_q99_win60,2025-12-24,btcusdt,300,0.7195519274615332,1.5193200808836198,-28.74304200414602,0.7997681534220866,6644074082.4541,6468485711.487101,175588370.967,2214370,51116
no_filter,2025-12-24,ethusdt,30,-0.0304976984433285,-0.0304976984433285,,0.0,7111685714.8468,7111685714.8468,0.0,4466930,0
no_filter,2025-12-24,ethusdt,120,-0.1154256317704625,-0.1154256317704625,,0.0,7111685714.8468,7111685714.8468,0.0,4466930,0
no_filter,2025-12-24,ethusdt,300,0.5945017520753224,0.5945017520753224,,0.0,7111685714.8468,7111685714.8468,0.0,4466930,0
task3_maker_q90_win30,2025-12-24,ethusdt,30,-0.0304976984433285,-0.0509887011315971,0.3142204832872846,-0.0204910026882686,7111685714.8468,6712666256.086679,399019458.76012,4246617,220313
task3_maker_q90_win30,2025-12-24,ethusdt,120,-0.1154256317704625,-0.1642022004823259,0.7051379264510315,-0.0487765687118633,7111685714.8468,6712666256.086679,399019458.76012,4246617,220313
task3_maker_q90_win30,2025-12-24,ethusdt,300,0.5945017520753224,1.670327781617643,-17.504016822353197,1.0758260295423203,7111685714.8468,6712666256.086679,399019458.76012,4246617,220313
task3_maker_q90_win60,2025-12-24,ethusdt,30,-0.0304976984433285,-0.0778765246401685,0.503065873863287,-0.0473788261968399,7111685714.8468,6531691343.08419,579994371.76261,4138673,328257
task3_maker_q90_win60,2025-12-24,ethusdt,120,-0.1154256317704625,-0.1576907358255324,0.3605490116249452,-0.0422651040550698,7111685714.8468,6531691343.08419,579994371.76261,4138673,328257
task3_maker_q90_win60,2025-12-24,ethusdt,300,0.5945017520753224,1.9983778852253624,-15.21545439938152,1.40387613315004,7111685714.8468,6531691343.08419,579994371.76261,4138673,328257
task3_maker_q95_win30,2025-12-24,ethusdt,30,-0.0304976984433285,-0.0452300676917988,0.3109937527166476,-0.0147323692484703,7111685714.8468,6817567315.324659,294118399.52214,4311622,155308
task3_maker_q95_win30,2025-12-24,ethusdt,120,-0.1154256317704625,-0.184868506262152,1.4942372529247057,-0.0694428744916894,7111685714.8468,6817567315.324659,294118399.52214,4311622,155308
task3_maker_q95_win30,2025-12-24,ethusdt,300,0.5945017520753224,1.422685019003206,-18.602512718559023,0.8281832669278835,7111685714.8468,6817567315.324659,294118399.52214,4311622,155308
task3_maker_q95_win60,2025-12-24,ethusdt,30,-0.0304976984433285,-0.0874861241443202,0.8320325750769002,-0.0569884257009916,7111685714.8468,6670929291.608641,440756423.23816,4223329,243601
task3_maker_q95_win60,2025-12-24,ethusdt,120,-0.1154256317704625,-0.2180225142034529,1.4373969980659342,-0.1025968824329903,7111685714.8468,6670929291.608641,440756423.23816,4223329,243601
task3_maker_q95_win60,2025-12-24,ethusdt,300,0.5945017520753224,1.6706330923228787,-15.692943423502912,1.0761313402475563,7111685714.8468,6670929291.608641,440756423.23816,4223329,243601
task3_maker_q99_win30,2025-12-24,ethusdt,30,-0.0304976984433285,-0.0430624943190744,0.6352532823767166,-0.0125647958757458,7111685714.8468,6979952262.066469,131733452.78033,4398449,68481
task3_maker_q99_win30,2025-12-24,ethusdt,120,-0.1154256317704625,0.165195423550566,-14.984249977684549,0.2806210553210286,7111685714.8468,6979952262.066469,131733452.78033,4398449,68481
task3_maker_q99_win30,2025-12-24,ethusdt,300,0.5945017520753224,1.3633624863186378,-40.1439068140823,0.7688607342433154,7111685714.8468,6979952262.066469,131733452.78033,4398449,68481
task3_maker_q99_win60,2025-12-24,ethusdt,30,-0.0304976984433285,-0.017028287013727,-0.54805560702554,0.0134694114296015,7111685714.8468,6931299099.61736,180386615.22944,4370049,96881
task3_maker_q99_win60,2025-12-24,ethusdt,120,-0.1154256317704625,0.2952254565471032,-15.894564871630738,0.4106510883175658,7111685714.8468,6931299099.61736,180386615.22944,4370049,96881
task3_maker_q99_win60,2025-12-24,ethusdt,300,0.5945017520753224,1.5498873400739528,-36.115889744874025,0.9553855879986304,7111685714.8468,6931299099.61736,180386615.22944,4370049,96881
no_filter,2025-12-25,btcusdt,30,-0.1378484472592764,-0.1378484472592764,,0.0,4820501259.8751,4820501259.8751,0.0,1544627,0
no_filter,2025-12-25,btcusdt,120,-0.1186974565163608,-0.1186974565163608,,0.0,4820501259.8751,4820501259.8751,0.0,1544627,0
no_filter,2025-12-25,btcusdt,300,-0.3719190916058736,-0.3719190916058736,,0.0,4820501259.8751,4820501259.8751,0.0,1544627,0
task3_maker_q90_win30,2025-12-25,btcusdt,30,-0.1378484472592764,-0.1919499476608356,0.8230799507617601,-0.0541015004015592,4820501259.8751,4563566610.7065,256934649.1686,1465545,79082
task3_maker_q90_win30,2025-12-25,btcusdt,120,-0.1186974565163608,-0.0606811348438161,-1.1491592853026225,0.0580163216725446,4820501259.8751,4563566610.7065,256934649.1686,1465545,79082
task3_maker_q90_win30,2025-12-25,btcusdt,300,-0.3719190916058736,-0.2854629745262352,-1.907516763903736,0.0864561170796384,4820501259.8751,4563566610.7065,256934649.1686,1465545,79082
task3_maker_q90_win60,2025-12-25,btcusdt,30,-0.1378484472592764,-0.1510902040068228,0.0228935778948443,-0.0132417567475463,4820501259.8751,4453617034.3064,366884225.5687,1430606,114021
task3_maker_q90_win60,2025-12-25,btcusdt,120,-0.1186974565163608,-0.0211435667971692,-1.302906628613579,0.0975538897191915,4820501259.8751,4453617034.3064,366884225.5687,1430606,114021
task3_maker_q90_win60,2025-12-25,btcusdt,300,-0.3719190916058736,-0.2796968328420103,-1.4914074586412822,0.0922222587638632,4820501259.8751,4453617034.3064,366884225.5687,1430606,114021
task3_maker_q95_win30,2025-12-25,btcusdt,30,-0.1378484472592764,-0.1862917711503846,1.042272625476639,-0.0484433238911081,4820501259.8751,4630424854.8525,190076405.0226,1487408,57219
task3_maker_q95_win30,2025-12-25,btcusdt,120,-0.1186974565163608,-0.06165258573466,-1.5083596162043549,0.0570448707817007,4820501259.8751,4630424854.8525,190076405.0226,1487408,57219
task3_maker_q95_win30,2025-12-25,btcusdt,300,-0.3719190916058736,-0.2112520187929659,-4.285907296616528,0.1606670728129076,4820501259.8751,4630424854.8525,190076405.0226,1487408,57219
task3_maker_q95_win60,2025-12-25,btcusdt,30,-0.1378484472592764,-0.1659741825025099,0.3389906619185272,-0.0281257352432334,4820501259.8751,4552007039.5886,268494220.2865,1462006,82621
task3_maker_q95_win60,2025-12-25,btcusdt,120,-0.1186974565163608,-0.0016188435342456,-2.1036290871159844,0.1170786129821151,4820501259.8751,4552007039.5886,268494220.2865,1462006,82621
task3_maker_q95_win60,2025-12-25,btcusdt,300,-0.3719190916058736,-0.175118754062023,-3.7084397844427888,0.1968003375438505,4820501259.8751,4552007039.5886,268494220.2865,1462006,82621
task3_maker_q99_win30,2025-12-25,btcusdt,30,-0.1378484472592764,-0.1793043975121708,2.3981293581655603,-0.0414559502528943,4820501259.8751,4742967371.7652,77533888.1099,1523199,21428
task3_maker_q99_win30,2025-12-25,btcusdt,120,-0.1186974565163608,-0.0436604238348007,-4.708925115140312,0.07503703268156,4820501259.8751,4742967371.7652,77533888.1099,1523199,21428
task3_maker_q99_win30,2025-12-25,btcusdt,300,-0.3719190916058736,-0.1979332403545268,-11.015126026672036,0.1739858512513467,4820501259.8751,4742967371.7652,77533888.1099,1523199,21428
task3_maker_q99_win60,2025-12-25,btcusdt,30,-0.1378484472592764,-0.1627027932278023,0.915509213118395,-0.0248543459685259,4820501259.8751,4709381734.8193,111119525.0558,1513532,31095
task3_maker_q99_win60,2025-12-25,btcusdt,120,-0.1186974565163608,0.0187028799510482,-5.941892206428293,0.137400336467409,4820501259.8751,4709381734.8193,111119525.0558,1513532,31095
task3_maker_q99_win60,2025-12-25,btcusdt,300,-0.3719190916058736,-0.1104331474020714,-11.45401406030722,0.2614859442038021,4820501259.8751,4709381734.8193,111119525.0558,1513532,31095
no_filter,2025-12-25,ethusdt,30,0.0820960466645157,0.0820960466645157,,0.0,5111681956.52001,5111681956.52001,0.0,2958944,0
no_filter,2025-12-25,ethusdt,120,0.1668512759838957,0.1668512759838957,,0.0,5111681956.52001,5111681956.52001,0.0,2958944,0
no_filter,2025-12-25,ethusdt,300,-0.0182033536127163,-0.0182033536127163,,0.0,5111681956.52001,5111681956.52001,0.0,2958944,0
task3_maker_q90_win30,2025-12-25,ethusdt,30,0.0820960466645157,0.2944899060635319,-3.065666328058676,0.2123938593990161,5111681956.52001,4788574998.652849,323106957.86716,2786610,172334
task3_maker_q90_win30,2025-12-25,ethusdt,120,0.1668512759838957,0.2619386660394847,-1.2423820680239646,0.0950873900555889,5111681956.52001,4788574998.652849,323106957.86716,2786610,172334
task3_maker_q90_win30,2025-12-25,ethusdt,300,-0.0182033536127163,0.1135877426316361,-1.971400377553688,0.1317910962443524,5111681956.52001,4788574998.652849,323106957.86716,2786610,172334
task3_maker_q90_win60,2025-12-25,ethusdt,30,0.0820960466645157,0.3134786578951354,-2.145857474538399,0.2313826112306196,5111681956.52001,4630757733.40062,480924223.11939,2704932,254012
task3_maker_q90_win60,2025-12-25,ethusdt,120,0.1668512759838957,0.2533126326302283,-0.665674050632722,0.0864613566463325,5111681956.52001,4630757733.40062,480924223.11939,2704932,254012
task3_maker_q90_win60,2025-12-25,ethusdt,300,-0.0182033536127163,0.1094761752403594,-1.2476131799639862,0.1276795288530757,5111681956.52001,4630757733.40062,480924223.11939,2704932,254012
task3_maker_q95_win30,2025-12-25,ethusdt,30,0.0820960466645157,0.2200249896522913,-2.545078958426823,0.1379289429877755,5111681956.52001,4856700985.68082,254980970.83919,2825217,133727
task3_maker_q95_win30,2025-12-25,ethusdt,120,0.1668512759838957,0.1910391046699091,-0.2938617373606473,0.0241878286860134,5111681956.52001,4856700985.68082,254980970.83919,2825217,133727
task3_maker_q95_win30,2025-12-25,ethusdt,300,-0.0182033536127163,0.0429191063676085,-1.1824216505965277,0.0611224599803248,5111681956.52001,4856700985.68082,254980970.83919,2825217,133727
task3_maker_q95_win60,2025-12-25,ethusdt,30,0.0820960466645157,0.2393638646213129,-1.900390521453849,0.1572678179567972,5111681956.52001,4735983197.53039,375698758.98962,2761400,197544
task3_maker_q95_win60,2025-12-25,ethusdt,120,0.1668512759838957,0.2175294589374115,-0.4719877332124398,0.0506781829535158,5111681956.52001,4735983197.53039,375698758.98962,2761400,197544
task3_maker_q95_win60,2025-12-25,ethusdt,300,-0.0182033536127163,0.014102714675073,-0.4254471704427496,0.0323060682877893,5111681956.52001,4735983197.53039,375698758.98962,2761400,197544
task3_maker_q99_win30,2025-12-25,ethusdt,30,0.0820960466645157,0.0980573212752592,-0.8594356310574947,0.0159612746107435,5111681956.52001,5026470927.83095,85211028.68905999,2913814,45130
task3_maker_q99_win30,2025-12-25,ethusdt,120,0.1668512759838957,0.1758999456240657,-0.3669161902889275,0.0090486696401699,5111681956.52001,5026470927.83095,85211028.68905999,2913814,45130
task3_maker_q99_win30,2025-12-25,ethusdt,300,-0.0182033536127163,0.0178076290917636,-2.1424372753413308,0.0360109827044799,5111681956.52001,5026470927.83095,85211028.68905999,2913814,45130
task3_maker_q99_win60,2025-12-25,ethusdt,30,0.0820960466645157,0.0845403289755615,-0.0163046960999813,0.0024442823110458,5111681956.52001,4987784979.186179,123896977.33383,2892486,66458
task3_maker_q99_win60,2025-12-25,ethusdt,120,0.1668512759838957,0.1925437284650935,-0.8674631304030146,0.0256924524811978,5111681956.52001,4987784979.186179,123896977.33383,2892486,66458
task3_maker_q99_win60,2025-12-25,ethusdt,300,-0.0182033536127163,0.0193045884749451,-1.5281800630601736,0.0375079420876614,5111681956.52001,4987784979.186179,123896977.33383,2892486,66458
no_filter,2025-12-26,btcusdt,30,-0.0949292027908492,-0.0949292027908492,,0.0,12087820359.9366,12087820359.9366,0.0,3606962,0
no_filter,2025-12-26,btcusdt,120,-0.2582303208291458,-0.2582303208291458,,0.0,12087820359.9366,12087820359.9366,0.0,3606962,0
no_filter,2025-12-26,btcusdt,300,-0.2868594411813662,-0.2868594411813662,,0.0,12087820359.9366,12087820359.9366,0.0,3606962,0
task3_maker_q90_win30,2025-12-26,btcusdt,30,-0.0949292027908492,-0.1407370621716316,0.3461015721234757,-0.0458078593807823,12087820359.9366,10950447242.3124,1137373117.6242,3315303,291659
task3_maker_q90_win30,2025-12-26,btcusdt,120,-0.2582303208291458,-0.5984531533505109,3.0173809279556805,-0.340222832521365,12087820359.9366,10950447242.3124,1137373117.6242,3315303,291659
task3_maker_q90_win30,2025-12-26,btcusdt,300,-0.2868594411813662,-2.010144228285198,16.304652044581704,-1.7232847871038317,12087820359.9366,10950447242.3124,1137373117.6242,3315303,291659
task3_maker_q90_win60,2025-12-26,btcusdt,30,-0.0949292027908492,-0.2024676244263261,0.6195997187762657,-0.1075384216354768,12087820359.9366,10506556813.5018,1581263546.4348,3184854,422108
task3_maker_q90_win60,2025-12-26,btcusdt,120,-0.2582303208291458,-0.5952866622868026,1.9813088178933884,-0.3370563414576568,12087820359.9366,10506556813.5018,1581263546.4348,3184854,422108
task3_maker_q90_win60,2025-12-26,btcusdt,300,-0.2868594411813662,-2.6165903315471457,15.192818196987394,-2.3297308903657794,12087820359.9366,10506556813.5018,1581263546.4348,3184854,422108
task3_maker_q95_win30,2025-12-26,btcusdt,30,-0.0949292027908492,-0.1980955756349904,1.2893964194469596,-0.1031663728441412,12087820359.9366,11249458482.1925,838361877.7441001,3392588,214374
task3_maker_q95_win30,2025-12-26,btcusdt,120,-0.2582303208291458,-0.6048669920231404,4.393072349916248,-0.3466366711939946,12087820359.9366,11249458482.1925,838361877.7441001,3392588,214374
task3_maker_q95_win30,2025-12-26,btcusdt,300,-0.2868594411813662,-1.9023963921135705,21.39102971196434,-1.6155369509322042,12087820359.9366,11249458482.1925,838361877.7441001,3392588,214374
task3_maker_q95_win60,2025-12-26,btcusdt,30,-0.0949292027908492,-0.2559576899115887,1.3496030361192703,-0.1610284871207394,12087820359.9366,10875481646.3709,1212338713.5657,3289101,317861
task3_maker_q95_win60,2025-12-26,btcusdt,120,-0.2582303208291458,-0.6744818963015854,3.475822150372551,-0.4162515754724395,12087820359.9366,10875481646.3709,1212338713.5657,3289101,317861
task3_maker_q95_win60,2025-12-26,btcusdt,300,-0.2868594411813662,-2.439673088966395,19.0253055936887,-2.152813647785029,12087820359.9366,10875481646.3709,1212338713.5657,3289101,317861
task3_maker_q99_win30,2025-12-26,btcusdt,30,-0.0949292027908492,-0.1613911664423741,2.008068578084936,-0.0664619636515248,12087820359.9366,11717506838.602598,370313521.334,3514854,92108
task3_maker_q99_win30,2025-12-26,btcusdt,120,-0.2582303208291458,-0.5783646160835492,9.871499159211536,-0.3201342952544033,12087820359.9366,11717506838.602598,370313521.334,3514854,92108
task3_maker_q99_win30,2025-12-26,btcusdt,300,-0.2868594411813662,-1.2901321414130102,31.458821039506574,-1.0032727002316442,12087820359.9366,11717506838.602598,370313521.334,3514854,92108
task3_maker_q99_win60,2025-12-26,btcusdt,30,-0.0949292027908492,-0.2601824202634361,2.9744591347051994,-0.1652532174725868,12087820359.9366,11470270881.0332,617549478.9034,3447812,159150
task3_maker_q99_win60,2025-12-26,btcusdt,120,-0.2582303208291458,-0.6196279672840188,6.454315057666257,-0.361397646454873,12087820359.9366,11470270881.0332,617549478.9034,3447812,159150
task3_maker_q99_win60,2025-12-26,btcusdt,300,-0.2868594411813662,-1.963061615213238,30.8466669309295,-1.676202174031872,12087820359.9366,11470270881.0332,617549478.9034,3447812,159150
no_filter,2025-12-26,ethusdt,30,0.1123307795996819,0.1123307795996819,,0.0,9878474588.76572,9878474588.76572,0.0,5553722,0
no_filter,2025-12-26,ethusdt,120,-0.0157024114357481,-0.0157024114357481,,0.0,9878474588.76572,9878474588.76572,0.0,5553722,0
no_filter,2025-12-26,ethusdt,300,0.2766127215833679,0.2766127215833679,,0.0,9878474588.76572,9878474588.76572,0.0,5553722,0
task3_maker_q90_win30,2025-12-26,ethusdt,30,0.1123307795996819,0.09623339183724,0.2853715674875504,-0.0160973877624418,9878474588.76572,9037726096.77016,840748491.9955599,5150832,402890
task3_maker_q90_win30,2025-12-26,ethusdt,120,-0.0157024114357481,-0.2062716509686446,2.032844336807716,-0.1905692395328964,9878474588.76572,9037726096.77016,840748491.9955599,5150832,402890
task3_maker_q90_win30,2025-12-26,ethusdt,300,0.2766127215833679,-0.930386569650384,13.251395426544764,-1.206999291233752,9878474588.76572,9037726096.77016,840748491.9955599,5150832,402890
task3_maker_q90_win60,2025-12-26,ethusdt,30,0.1123307795996819,0.0013592509693714,0.9024070580175751,-0.1109715286303105,9878474588.76572,8661858314.8277,1216616273.93802,4954288,599434
task3_maker_q90_win60,2025-12-26,ethusdt,120,-0.0157024114357481,-0.1899684019633269,1.2250070475599415,-0.1742659905275788,9878474588.76572,8661858314.8277,1216616273.93802,4954288,599434
task3_maker_q90_win60,2025-12-26,ethusdt,300,0.2766127215833679,-1.5312932540939033,13.148235223523235,-1.8079059756772715,9878474588.76572,8661858314.8277,1216616273.93802,4954288,599434
task3_maker_q95_win30,2025-12-26,ethusdt,30,0.1123307795996819,0.1811171528056306,-1.0163148619183902,0.0687863732059486,9878474588.76572,9311006514.24215,567468074.5235701,5299928,253794
task3_maker_q95_win30,2025-12-26,ethusdt,120,-0.0157024114357481,-0.0957468679867362,1.2976656701095444,-0.0800444565509881,9878474588.76572,9311006514.24215,567468074.5235701,5299928,253794
task3_maker_q95_win30,2025-12-26,ethusdt,300,0.2766127215833679,-0.6557817384081507,15.575325161244557,-0.9323944599915186,9878474588.76572,9311006514.24215,567468074.5235701,5299928,253794
task3_maker_q95_win60,2025-12-26,ethusdt,30,0.1123307795996819,0.1409635681367636,-0.1961084897455873,0.0286327885370816,9878474588.76572,9039341627.861,839132960.90472,5155964,397758
task3_maker_q95_win60,2025-12-26,ethusdt,120,-0.0157024114357481,0.0381243204112886,-0.5955368840943422,0.0538267318470368,9878474588.76572,9039341627.861,839132960.90472,5155964,397758
task3_maker_q95_win60,2025-12-26,ethusdt,300,0.2766127215833679,-1.2660914729708932,16.8949925195538,-1.5427041945542612,9878474588.76572,9039341627.861,839132960.90472,5155964,397758
task3_maker_q99_win30,2025-12-26,ethusdt,30,0.1123307795996819,0.1883461390329213,-3.162426316008605,0.0760153594332394,9878474588.76572,9654372293.968792,224102294.79693,5462284,91438
task3_maker_q99_win30,2025-12-26,ethusdt,120,-0.0157024114357481,-0.0437493520829563,1.1925654778348906,-0.0280469406472082,9878474588.76572,9654372293.968792,224102294.79693,5462284,91438
task3_maker_q99_win30,2025-12-26,ethusdt,300,0.2766127215833679,0.0175948658387965,11.43515445989783,-0.2590178557445715,9878474588.76572,9654372293.968792,224102294.79693,5462284,91438
task3_maker_q99_win60,2025-12-26,ethusdt,30,0.1123307795996819,0.1157747417439782,0.0134128881706653,0.0034439621442962,9878474588.76572,9546113544.69049,332361044.07523,5402239,151483
task3_maker_q99_win60,2025-12-26,ethusdt,120,-0.0157024114357481,0.0457082366843056,-1.7795463704599417,0.0614106481200537,9878474588.76572,9546113544.69049,332361044.07523,5402239,151483
task3_maker_q99_win60,2025-12-26,ethusdt,300,0.2766127215833679,-0.1994798112316782,13.950999227009651,-0.4760925328150461,9878474588.76572,9546113544.69049,332361044.07523,5402239,151483
no_filter,2025-12-27,btcusdt,30,-0.1409882299761708,-0.1409882299761708,,0.0,2257770615.0788,2257770615.0788,0.0,702865,0
no_filter,2025-12-27,btcusdt,120,0.0633279195031781,0.0633279195031781,,0.0,2257770615.0788,2257770615.0788,0.0,702865,0
no_filter,2025-12-27,btcusdt,300,0.3298226179014301,0.3298226179014301,,0.0,2257770615.0788,2257770615.0788,0.0,702865,0
task3_maker_q90_win30,2025-12-27,btcusdt,30,-0.1409882299761708,-0.0926042677136652,-1.8050300027898172,0.0483839622625056,2257770615.0788,2193978132.8708,63792482.208,687840,15025
task3_maker_q90_win30,2025-12-27,btcusdt,120,0.0633279195031781,0.144820732526595,-2.739407505911624,0.0814928130234168,2257770615.0788,2193978132.8708,63792482.208,687840,15025
task3_maker_q90_win30,2025-12-27,btcusdt,300,0.3298226179014301,0.5940568449991036,-8.757833108020636,0.2642342270976735,2257770615.0788,2193978132.8708,63792482.208,687840,15025
task3_maker_q90_win60,2025-12-27,btcusdt,30,-0.1409882299761708,-0.0895344348872884,-1.4516597727136953,0.0514537950888823,2257770615.0788,2172484141.5364,85286473.5424,682095,20770
task3_maker_q90_win60,2025-12-27,btcusdt,120,0.0633279195031781,0.1753369747621537,-2.7898548438528854,0.1120090552589755,2257770615.0788,2172484141.5364,85286473.5424,682095,20770
task3_maker_q90_win60,2025-12-27,btcusdt,300,0.3298226179014301,0.6713007402115287,-8.368576724773984,0.3414781223100986,2257770615.0788,2172484141.5364,85286473.5424,682095,20770
task3_maker_q95_win30,2025-12-27,btcusdt,30,-0.1409882299761708,-0.1084893496208481,-1.7840164970079369,0.0324988803553226,2257770615.0788,2213978416.7825,43792198.2963,692648,10217
task3_maker_q95_win30,2025-12-27,btcusdt,120,0.0633279195031781,0.0953443639646141,-1.5553100977101189,0.0320164444614359,2257770615.0788,2213978416.7825,43792198.2963,692648,10217
task3_maker_q95_win30,2025-12-27,btcusdt,300,0.3298226179014301,0.4954523250341183,-8.043828649583823,0.1656297071326882,2257770615.0788,2213978416.7825,43792198.2963,692648,10217
task3_maker_q95_win60,2025-12-27,btcusdt,30,-0.1409882299761708,-0.091385524520553,-1.8108212887012944,0.0496027054556177,2257770615.0788,2192637893.5552,65132721.523600005,687254,15611
task3_maker_q95_win60,2025-12-27,btcusdt,120,0.0633279195031781,0.1363733821352004,-2.395685700267176,0.0730454626320222,2257770615.0788,2192637893.5552,65132721.523600005,687254,15611
task3_maker_q95_win60,2025-12-27,btcusdt,300,0.3298226179014301,0.5947939795343994,-8.590213803620644,0.2649713616329693,2257770615.0788,2192637893.5552,65132721.523600005,687254,15611
task3_maker_q99_win30,2025-12-27,btcusdt,30,-0.1409882299761708,-0.1081584327941452,-3.114899390853636,0.0328297971820256,2257770615.0788,2233118623.966,24651991.1128,697401,5464
task3_maker_q99_win30,2025-12-27,btcusdt,120,0.0633279195031781,0.0828981069898475,-1.709451810581013,0.0195701874866693,2257770615.0788,2233118623.966,24651991.1128,697401,5464
task3_maker_q99_win30,2025-12-27,btcusdt,300,0.3298226179014301,0.4454545880512718,-10.14478387071672,0.1156319701498417,2257770615.0788,2233118623.966,24651991.1128,697401,5464
task3_maker_q99_win60,2025-12-27,btcusdt,30,-0.1409882299761708,-0.1182407639077212,-1.73710656838093,0.0227474660684495,2257770615.0788,2226045588.6344004,31725026.4444,695355,7510
task3_maker_q99_win60,2025-12-27,btcusdt,120,0.0633279195031781,0.0779566339438999,-0.9631230845718418,0.0146287144407217,2257770615.0788,2226045588.6344004,31725026.4444,695355,7510
task3_maker_q99_win60,2025-12-27,btcusdt,300,0.3298226179014301,0.464459603951296,-9.117232355830163,0.1346369860498659,2257770615.0788,2226045588.6344004,31725026.4444,695355,7510
no_filter,2025-12-27,ethusdt,30,-0.1678836281467627,-0.1678836281467627,,0.0,2514802790.9086,2514802790.9086,0.0,1352404,0
no_filter,2025-12-27,ethusdt,120,0.0834817719259349,0.0834817719259349,,0.0,2514802790.9086,2514802790.9086,0.0,1352404,0
no_filter,2025-12-27,ethusdt,300,0.3880325927972942,0.3880325927972942,,0.0,2514802790.9086,2514802790.9086,0.0,1352404,0
task3_maker_q90_win30,2025-12-27,ethusdt,30,-0.1678836281467627,-0.0671171433509205,-2.4451621450599608,0.1007664847958421,2514802790.9086,2408241377.2210903,106561413.68750998,1306742,45662
task3_maker_q90_win30,2025-12-27,ethusdt,120,0.0834817719259349,0.3079879775674204,-4.990260356291565,0.2245062056414855,2514802790.9086,2408241377.2210903,106561413.68750998,1306742,45662
task3_maker_q90_win30,2025-12-27,ethusdt,300,0.3880325927972942,1.058659780654035,-14.76784875860901,0.6706271878567407,2514802790.9086,2408241377.2210903,106561413.68750998,1306742,45662
task3_maker_q90_win60,2025-12-27,ethusdt,30,-0.1678836281467627,-0.0507122837276234,-2.2711651934020085,0.1171713444191392,2514802790.9086,2382098862.5001497,132703928.40845,1294678,57726
task3_maker_q90_win60,2025-12-27,ethusdt,120,0.0834817719259349,0.3991787874449167,-5.583430357817566,0.3156970155189817,2514802790.9086,2382098862.5001497,132703928.40845,1294678,57726
task3_maker_q90_win60,2025-12-27,ethusdt,300,0.3880325927972942,1.2019581381837596,-14.22231948251818,0.8139255453864653,2514802790.9086,2382098862.5001497,132703928.40845,1294678,57726
task3_maker_q95_win30,2025-12-27,ethusdt,30,-0.1678836281467627,-0.109097991580301,-2.1727423197755806,0.0587856365664616,2514802790.9086,2443165309.1571,71637481.75150001,1318730,33674
task3_maker_q95_win30,2025-12-27,ethusdt,120,0.0834817719259349,0.3357013151614772,-8.518356585012446,0.2522195432355422,2514802790.9086,2443165309.1571,71637481.75150001,1318730,33674
task3_maker_q95_win30,2025-12-27,ethusdt,300,0.3880325927972942,0.8365525328905081,-14.908545836664544,0.4485199400932139,2514802790.9086,2443165309.1571,71637481.75150001,1318730,33674
task3_maker_q95_win60,2025-12-27,ethusdt,30,-0.1678836281467627,-0.069404996464455,-2.3907621687247507,0.0984786316823076,2514802790.9086,2408117641.04931,106685149.85929,1303223,49181
task3_maker_q95_win60,2025-12-27,ethusdt,120,0.0834817719259349,0.4811522074317847,-8.892811482837761,0.3976704355058497,2514802790.9086,2408117641.04931,106685149.85929,1303223,49181
task3_maker_q95_win60,2025-12-27,ethusdt,300,0.3880325927972942,1.1013678747337057,-15.71350804973452,0.7133352819364112,2514802790.9086,2408117641.04931,106685149.85929,1303223,49181
task3_maker_q99_win30,2025-12-27,ethusdt,30,-0.1678836281467627,-0.069797993673378,-8.846552141577416,0.0980856344733846,2514802790.9086,2486698320.4899297,28104470.41867,1339242,13162
task3_maker_q99_win30,2025-12-27,ethusdt,120,0.0834817719259349,0.3322502175511199,-21.92768110400179,0.2487684456251849,2514802790.9086,2486698320.4899297,28104470.41867,1339242,13162
task3_maker_q99_win30,2025-12-27,ethusdt,300,0.3880325927972942,0.6796286081503234,-25.412536172171748,0.2915960153530292,2514802790.9086,2486698320.4899297,28104470.41867,1339242,13162
task3_maker_q99_win60,2025-12-27,ethusdt,30,-0.1678836281467627,-0.0574831318295919,-7.174556902535877,0.1104004963171707,2514802790.9086,2475793011.72114,39009779.18746,1333059,19345
task3_maker_q99_win60,2025-12-27,ethusdt,120,0.0834817719259349,0.4070549238814547,-20.45239833501859,0.3235731519555198,2514802790.9086,2475793011.72114,39009779.18746,1333059,19345
task3_maker_q99_win60,2025-12-27,ethusdt,300,0.3880325927972942,0.7515740289679378,-22.684472965800584,0.3635414361706435,2514802790.9086,2475793011.72114,39009779.18746,1333059,19345
no_filter,2025-12-28,btcusdt,30,0.0396993070851516,0.0396993070851516,,0.0,3026182793.2062,3026182793.2062,0.0,886145,0
no_filter,2025-12-28,btcusdt,120,0.2218047148419065,0.2218047148419065,,0.0,3026182793.2062,3026182793.2062,0.0,886145,0
no_filter,2025-12-28,btcusdt,300,0.3011586734770006,0.3011586734770006,,0.0,3026182793.2062,3026182793.2062,0.0,886145,0
task3_maker_q90_win30,2025-12-28,btcusdt,30,0.0396993070851516,0.1601697496216311,-3.266575230005344,0.1204704425364794,3026182793.2062,2919794491.0532,106388302.153,860438,25707
task3_maker_q90_win30,2025-12-28,btcusdt,120,0.2218047148419065,0.4828054243731884,-6.941280120880555,0.2610007095312819,3026182793.2062,2919794491.0532,106388302.153,860438,25707
task3_maker_q90_win30,2025-12-28,btcusdt,300,0.3011586734770006,0.6697185140151088,-9.813853693944912,0.3685598405381082,3026182793.2062,2919794491.0532,106388302.153,860438,25707
task3_maker_q90_win60,2025-12-28,btcusdt,30,0.0396993070851516,0.1902629138929488,-3.086859994534535,0.1505636068077971,3026182793.2062,2887148338.614,139034454.5922,850964,35181
task3_maker_q90_win60,2025-12-28,btcusdt,120,0.2218047148419065,0.5441629315456067,-6.472190615484457,0.3223582167037002,3026182793.2062,2887148338.614,139034454.5922,850964,35181
task3_maker_q90_win60,2025-12-28,btcusdt,300,0.3011586734770006,0.7568635448861017,-9.161873826244864,0.4557048714091011,3026182793.2062,2887148338.614,139034454.5922,850964,35181
task3_maker_q95_win30,2025-12-28,btcusdt,30,0.0396993070851516,0.105663355532622,-2.9157327255438656,0.0659640484474703,3026182793.2062,2960114239.7874,66068553.4188,871016,15129
task3_maker_q95_win30,2025-12-28,btcusdt,120,0.2218047148419065,0.3878350211712163,-7.216963784996401,0.1660303063293098,3026182793.2062,2960114239.7874,66068553.4188,871016,15129
task3_maker_q95_win30,2025-12-28,btcusdt,300,0.3011586734770006,0.5526623695525301,-10.967132118258323,0.2515036960755294,3026182793.2062,2960114239.7874,66068553.4188,871016,15129
task3_maker_q95_win60,2025-12-28,btcusdt,30,0.0396993070851516,0.129316822968529,-2.8798178493491937,0.0896175158833773,3026182793.2062,2936057553.2058,90125240.0004,863541,22604
task3_maker_q95_win60,2025-12-28,btcusdt,120,0.2218047148419065,0.4426360214060706,-6.972333415820955,0.2208313065641641,3026182793.2062,2936057553.2058,90125240.0004,863541,22604
task3_maker_q95_win60,2025-12-28,btcusdt,300,0.3011586734770006,0.638090959820094,-10.675262407145349,0.3369322863430933,3026182793.2062,2936057553.2058,90125240.0004,863541,22604
task3_maker_q99_win30,2025-12-28,btcusdt,30,0.0396993070851516,0.0784616977412421,-3.613366045110458,0.0387623906560904,3026182793.2062,2994409349.8612,31773443.344999995,878394,7751
task3_maker_q99_win30,2025-12-28,btcusdt,120,0.2218047148419065,0.2752234690284005,-4.812513261246968,0.053418754186494,3026182793.2062,2994409349.8612,31773443.344999995,878394,7751
task3_maker_q99_win30,2025-12-28,btcusdt,300,0.3011586734770006,0.4072554682820028,-9.697670565922952,0.1060967948050021,3026182793.2062,2994409349.8612,31773443.344999995,878394,7751
task3_maker_q99_win60,2025-12-28,btcusdt,30,0.0396993070851516,0.078641943727104,-2.854604483612926,0.0389426366419523,3026182793.2062,2986006306.2157,40176486.9905,875925,10220
task3_maker_q99_win60,2025-12-28,btcusdt,120,0.2218047148419065,0.2791037901164859,-4.0367906210489375,0.0572990752745794,3026182793.2062,2986006306.2157,40176486.9905,875925,10220
task3_maker_q99_win60,2025-12-28,btcusdt,300,0.3011586734770006,0.4268203228439156,-9.038295956983829,0.1256616493669149,3026182793.2062,2986006306.2157,40176486.9905,875925,10220
no_filter,2025-12-28,ethusdt,30,-0.0479350704548433,-0.0479350704548433,,0.0,3263751844.58501,3263751844.58501,0.0,1882393,0
no_filter,2025-12-28,ethusdt,120,0.3290545212086853,0.3290545212086853,,0.0,3263751844.58501,3263751844.58501,0.0,1882393,0
no_filter,2025-12-28,ethusdt,300,0.3930421008576653,0.3930421008576653,,0.0,3263751844.58501,3263751844.58501,0.0,1882393,0
task3_maker_q90_win30,2025-12-28,ethusdt,30,-0.0479350704548433,0.0498330755438149,-3.032008631862801,0.0977681459986582,3263751844.58501,3160212793.2191,103539051.36591,1833069,49324
task3_maker_q90_win30,2025-12-28,ethusdt,120,0.3290545212086853,0.5440925339352018,-6.234322966625774,0.2150380127265165,3263751844.58501,3160212793.2191,103539051.36591,1833069,49324
task3_maker_q90_win30,2025-12-28,ethusdt,300,0.3930421008576653,0.7218950591737159,-9.644188415052772,0.3288529583160505,3263751844.58501,3160212793.2191,103539051.36591,1833069,49324
task3_maker_q90_win60,2025-12-28,ethusdt,30,-0.0479350704548433,0.0477663463846393,-2.028710875125174,0.0957014168394826,3263751844.58501,3113330894.86125,150420949.72376,1807916,74477
task3_maker_q90_win60,2025-12-28,ethusdt,120,0.3290545212086853,0.592121134376234,-5.1157549663335535,0.2630666131675487,3263751844.58501,3113330894.86125,150420949.72376,1807916,74477
task3_maker_q90_win60,2025-12-28,ethusdt,300,0.3930421008576653,0.7874108504114111,-7.769387495606556,0.3943687495537458,3263751844.58501,3113330894.86125,150420949.72376,1807916,74477
task3_maker_q95_win30,2025-12-28,ethusdt,30,-0.0479350704548433,0.0216268429139013,-3.408596338544412,0.0695619133687446,3263751844.58501,3197565823.7169504,66186020.86806001,1849830,32563
task3_maker_q95_win30,2025-12-28,ethusdt,120,0.3290545212086853,0.4721491125431356,-6.584102801270395,0.1430945913344502,3263751844.58501,3197565823.7169504,66186020.86806001,1849830,32563
task3_maker_q95_win30,2025-12-28,ethusdt,300,0.3930421008576653,0.6569889216506656,-12.358703998653366,0.2639468207930002,3263751844.58501,3197565823.7169504,66186020.86806001,1849830,32563
task3_maker_q95_win60,2025-12-28,ethusdt,30,-0.0479350704548433,0.0195230937839655,-2.285755928583379,0.0674581642388088,3263751844.58501,3168246395.6434603,95505448.94155,1835944,46449
task3_maker_q95_win60,2025-12-28,ethusdt,120,0.3290545212086853,0.4955339796917953,-5.193645493641679,0.16647945848311,3263751844.58501,3168246395.6434603,95505448.94155,1835944,46449
task3_maker_q95_win60,2025-12-28,ethusdt,300,0.3930421008576653,0.718608453409711,-10.407120973053187,0.3255663525520457,3263751844.58501,3168246395.6434603,95505448.94155,1835944,46449
task3_maker_q99_win30,2025-12-28,ethusdt,30,-0.0479350704548433,0.0128203193298321,-5.404190863546517,0.0607553897846754,3263751844.58501,3227146693.0016003,36605151.58341,1866089,16304
task3_maker_q99_win30,2025-12-28,ethusdt,120,0.3290545212086853,0.43612190681768,-9.110113039921982,0.1070673856089947,3263751844.58501,3227146693.0016003,36605151.58341,1866089,16304
task3_maker_q99_win30,2025-12-28,ethusdt,300,0.3930421008576653,0.5490524202234011,-13.360983341928282,0.1560103193657357,3263751844.58501,3227146693.0016003,36605151.58341,1866089,16304
task3_maker_q99_win60,2025-12-28,ethusdt,30,-0.0479350704548433,0.012829144732666,-3.294660487323409,0.0607642151875093,3263751844.58501,3203791167.01224,59960677.57277,1855372,27021
task3_maker_q99_win60,2025-12-28,ethusdt,120,0.3290545212086853,0.449550778318902,-6.109245708458219,0.1204962571102166,3263751844.58501,3203791167.01224,59960677.57277,1855372,27021
task3_maker_q99_win60,2025-12-28,ethusdt,300,0.3930421008576653,0.6058468975621035,-10.977445284847477,0.2128047967044382,3263751844.58501,3203791167.01224,59960677.57277,1855372,27021
no_filter,2025-12-29,btcusdt,30,0.0490996159298983,0.0490996159298983,,0.0,15197169143.2177,15197169143.2177,0.0,3903584,0
no_filter,2025-12-29,btcusdt,120,0.025610444148362,0.025610444148362,,0.0,15197169143.2177,15197169143.2177,0.0,3903584,0
no_filter,2025-12-29,btcusdt,300,-0.4000457198145215,-0.4000457198145215,,0.0,15197169143.2177,15197169143.2177,0.0,3903584,0
task3_maker_q90_win30,2025-12-29,btcusdt,30,0.0490996159298983,0.1236450235358066,-0.6282374278553968,0.0745454076059082,15197169143.2177,13690445364.5992,1506723778.6185,3555887,347697
task3_maker_q90_win30,2025-12-29,btcusdt,120,0.025610444148362,-0.1763637055524408,1.860794902493826,-0.2019741497008029,15197169143.2177,13690445364.5992,1506723778.6185,3555887,347697
task3_maker_q90_win30,2025-12-29,btcusdt,300,-0.4000457198145215,-1.719424407951819,11.588138246938772,-1.3193786881372975,15197169143.2177,13690445364.5992,1506723778.6185,3555887,347697
task3_maker_q90_win60,2025-12-29,btcusdt,30,0.0490996159298983,0.1238765727874292,-0.4090722927410228,0.0747769568575309,15197169143.2177,13064885663.7282,2132283479.4895,3400533,503051
task3_maker_q90_win60,2025-12-29,btcusdt,120,0.025610444148362,-0.3552405920360864,2.3591534699816363,-0.3808510361844485,15197169143.2177,13064885663.7282,2132283479.4895,3400533,503051
task3_maker_q90_win60,2025-12-29,btcusdt,300,-0.4000457198145215,-2.318563621137689,11.355059671052151,-1.918517901323168,15197169143.2177,13064885663.7282,2132283479.4895,3400533,503051
task3_maker_q95_win30,2025-12-29,btcusdt,30,0.0490996159298983,0.0992995456635348,-0.5342509298294258,0.0501999297336364,15197169143.2177,13993008065.8448,1204161077.3729,3634425,269159
task3_maker_q95_win30,2025-12-29,btcusdt,120,0.025610444148362,-0.1683708620994184,2.2797789552832914,-0.1939813062477804,15197169143.2177,13993008065.8448,1204161077.3729,3634425,269159
task3_maker_q95_win30,2025-12-29,btcusdt,300,-0.4000457198145215,-1.5446330080703643,12.900682444867384,-1.144587288255843,15197169143.2177,13993008065.8448,1204161077.3729,3634425,269159
task3_maker_q95_win60,2025-12-29,btcusdt,30,0.0490996159298983,0.0885134443156402,-0.2570490424397816,0.0394138283857419,15197169143.2177,13463825277.7309,1733343865.4868002,3503752,399832
task3_maker_q95_win60,2025-12-29,btcusdt,120,0.025610444148362,-0.2803802277617166,2.402406546320365,-0.3059906719100786,15197169143.2177,13463825277.7309,1733343865.4868002,3503752,399832
task3_maker_q95_win60,2025-12-29,btcusdt,300,-0.4000457198145215,-2.0018210128860097,12.041814842021564,-1.601775293071488,15197169143.2177,13463825277.7309,1733343865.4868002,3503752,399832
task3_maker_q99_win30,2025-12-29,btcusdt,30,0.0490996159298983,0.0431040636761206,0.2332798821893919,-0.0059955522537776,15197169143.2177,14718057643.0282,479111500.1895,3796019,107565
task3_maker_q99_win30,2025-12-29,btcusdt,120,0.025610444148362,-0.2016174137320691,7.005932788870276,-0.2272278578804311,15197169143.2177,14718057643.0282,479111500.1895,3796019,107565
task3_maker_q99_win30,2025-12-29,btcusdt,300,-0.4000457198145215,-1.0711855418670555,20.217022715390947,-0.671139822052534,15197169143.2177,14718057643.0282,479111500.1895,3796019,107565
task3_maker_q99_win60,2025-12-29,btcusdt,30,0.0490996159298983,0.0100569143942451,0.8117207517690255,-0.0390427015356531,15197169143.2177,14457035297.3547,740133845.8629999,3732495,171089
task3_maker_q99_win60,2025-12-29,btcusdt,120,0.025610444148362,-0.3346413447502552,7.062409068010413,-0.3602517888986173,15197169143.2177,14457035297.3547,740133845.8629999,3732495,171089
task3_maker_q99_win60,2025-12-29,btcusdt,300,-0.4000457198145215,-1.4100129840360698,19.3276460613912,-1.0099672642215485,15197169143.2177,14457035297.3547,740133845.8629999,3732495,171089
no_filter,2025-12-29,ethusdt,30,0.1069538305199847,0.1069538305199847,,0.0,13916224763.83084,13916224763.83084,0.0,7102902,0
no_filter,2025-12-29,ethusdt,120,0.1763309903654011,0.1763309903654011,,0.0,13916224763.83084,13916224763.83084,0.0,7102902,0
no_filter,2025-12-29,ethusdt,300,-0.7182210770468405,-0.7182210770468405,,0.0,13916224763.83084,13916224763.83084,0.0,7102902,0
task3_maker_q90_win30,2025-12-29,ethusdt,30,0.1069538305199847,0.1773826737954895,-0.6035394115147766,0.0704288432755047,13916224763.83084,12661165352.25185,1255059411.57899,6549984,552918
task3_maker_q90_win30,2025-12-29,ethusdt,120,0.1763309903654011,0.1537890628603743,0.4037362182506272,-0.0225419275050267,13916224763.83084,12661165352.25185,1255059411.57899,6549984,552918
task3_maker_q90_win30,2025-12-29,ethusdt,300,-0.7182210770468405,-2.06110291148426,12.828905694391562,-1.3428818344374192,13916224763.83084,12661165352.25185,1255059411.57899,6549984,552918
task3_maker_q90_win60,2025-12-29,ethusdt,30,0.1069538305199847,0.1908826552564594,-0.5059418262453065,0.0839288247364747,13916224763.83084,12240089065.0968,1676135698.7340398,6332387,770515
task3_maker_q90_win60,2025-12-29,ethusdt,120,0.1763309903654011,0.0381759410523688,1.1852171501563822,-0.1381550493130323,13916224763.83084,12240089065.0968,1676135698.7340398,6332387,770515
task3_maker_q90_win60,2025-12-29,ethusdt,300,-0.7182210770468405,-2.5513883849786176,12.668601444098591,-1.8331673079317767,13916224763.83084,12240089065.0968,1676135698.7340398,6332387,770515
task3_maker_q95_win30,2025-12-29,ethusdt,30,0.1069538305199847,0.2446402555875654,-1.761049647857353,0.1376864250675807,13916224763.83084,12960904983.40127,955319780.42957,6683239,419663
task3_maker_q95_win30,2025-12-29,ethusdt,120,0.1763309903654011,0.2000152169057317,-0.1449949322032091,0.0236842265403305,13916224763.83084,12960904983.40127,955319780.42957,6683239,419663
task3_maker_q95_win30,2025-12-29,ethusdt,300,-0.7182210770468405,-1.5491468834124578,10.55502024505601,-0.8309258063656173,13916224763.83084,12960904983.40127,955319780.42957,6683239,419663
task3_maker_q95_win60,2025-12-29,ethusdt,30,0.1069538305199847,0.2598209506804326,-1.3416927158068743,0.1528671201604479,13916224763.83084,12587898164.02209,1328326599.8087502,6491467,611435
task3_maker_q95_win60,2025-12-29,ethusdt,120,0.1763309903654011,0.1081357342556258,0.8225839068566096,-0.0681952561097752,13916224763.83084,12587898164.02209,1328326599.8087502,6491467,611435
task3_maker_q95_win60,2025-12-29,ethusdt,300,-0.7182210770468405,-1.9625342533086636,11.073523174095811,-1.244313176261823,13916224763.83084,12587898164.02209,1328326599.8087502,6491467,611435
task3_maker_q99_win30,2025-12-29,ethusdt,30,0.1069538305199847,0.2425177383434903,-3.9941936197111136,0.1355639078235056,13916224763.83084,13470941228.631168,445283535.1996701,6916744,186158
task3_maker_q99_win30,2025-12-29,ethusdt,120,0.1763309903654011,0.1466523510074386,1.0741840995255658,-0.0296786393579624,13916224763.83084,13470941228.631168,445283535.1996701,6916744,186158
task3_maker_q99_win30,2025-12-29,ethusdt,300,-0.7182210770468405,-1.1309222309907287,11.76702158361757,-0.4127011539438883,13916224763.83084,13470941228.631168,445283535.1996701,6916744,186158
task3_maker_q99_win60,2025-12-29,ethusdt,30,0.1069538305199847,0.2272194732808776,-2.262752567700045,0.1202656427608929,13916224763.83084,13244071145.8457,672153617.9851401,6808565,294337
task3_maker_q99_win60,2025-12-29,ethusdt,120,0.1763309903654011,0.0803655247061563,2.067228280400294,-0.0959654656592447,13916224763.83084,13244071145.8457,672153617.9851401,6808565,294337
task3_maker_q99_win60,2025-12-29,ethusdt,300,-0.7182210770468405,-1.419567360859733,13.10106045644599,-0.7013462838128925,13916224763.83084,13244071145.8457,672153617.9851401,6808565,294337
no_filter,2025-12-30,btcusdt,30,0.011594522759027,0.011594522759027,,0.0,10115935315.4307,10115935315.4307,0.0,2751658,0
no_filter,2025-12-30,btcusdt,120,-0.1006061445115596,-0.1006061445115596,,0.0,10115935315.4307,10115935315.4307,0.0,2751658,0
no_filter,2025-12-30,btcusdt,300,-0.3381758715069493,-0.3381758715069493,,0.0,10115935315.4307,10115935315.4307,0.0,2751658,0
task3_maker_q90_win30,2025-12-30,btcusdt,30,0.011594522759027,0.1031549708017646,-1.2920817416702524,0.0915604480427376,10115935315.4307,9452091279.811,663844035.6197,2597095,154563
task3_maker_q90_win30,2025-12-30,btcusdt,120,-0.1006061445115596,-0.2766777269887235,2.406375284946261,-0.1760715824771639,10115935315.4307,9452091279.811,663844035.6197,2597095,154563
task3_maker_q90_win30,2025-12-30,btcusdt,300,-0.3381758715069493,-0.3948473459299039,0.4687364760705934,-0.0566714744229546,10115935315.4307,9452091279.811,663844035.6197,2597095,154563
task3_maker_q90_win60,2025-12-30,btcusdt,30,0.011594522759027,0.0671186781469646,-0.4814177700245857,0.0555241553879375,10115935315.4307,9091976440.463402,1023958874.9673,2513751,237907
task3_maker_q90_win60,2025-12-30,btcusdt,120,-0.1006061445115596,-0.426690285018565,2.794773148131546,-0.3260841405070054,10115935315.4307,9091976440.463402,1023958874.9673,2513751,237907
task3_maker_q90_win60,2025-12-30,btcusdt,300,-0.3381758715069493,-0.2732238891351697,-0.914900101280798,0.0649519823717795,10115935315.4307,9091976440.463402,1023958874.9673,2513751,237907
task3_maker_q95_win30,2025-12-30,btcusdt,30,0.011594522759027,0.0631391175204744,-1.0601647317846012,0.0515445947614474,10115935315.4307,9651749434.8344,464185880.5963,2645751,105907
task3_maker_q95_win30,2025-12-30,btcusdt,120,-0.1006061445115596,-0.2613117649047966,3.2409224233384224,-0.160705620393237,10115935315.4307,9651749434.8344,464185880.5963,2645751,105907
task3_maker_q95_win30,2025-12-30,btcusdt,300,-0.3381758715069493,-0.4752202898733368,2.5113687674118497,-0.1370444183663875,10115935315.4307,9651749434.8344,464185880.5963,2645751,105907
task3_maker_q95_win60,2025-12-30,btcusdt,30,0.011594522759027,0.0531467037417445,-0.498401192824775,0.0415521809827175,10115935315.4307,9353827114.759602,762108200.6710999,2580811,170847
task3_maker_q95_win60,2025-12-30,btcusdt,120,-0.1006061445115596,-0.3876402636180666,3.4223418093292897,-0.287034119106507,10115935315.4307,9353827114.759602,762108200.6710999,2580811,170847
task3_maker_q95_win60,2025-12-30,btcusdt,300,-0.3381758715069493,-0.4053162408046123,0.4858795661309491,-0.0671403692976631,10115935315.4307,9353827114.759602,762108200.6710999,2580811,170847
task3_maker_q99_win30,2025-12-30,btcusdt,30,0.011594522759027,-0.0002100024841451,0.6068546355375068,-0.0118045252431721,10115935315.4307,9919228397.7317,196706917.699,2706922,44736
task3_maker_q99_win30,2025-12-30,btcusdt,120,-0.1006061445115596,-0.1957221754089017,4.695756107476681,-0.0951160308973421,10115935315.4307,9919228397.7317,196706917.699,2706922,44736
task3_maker_q99_win30,2025-12-30,btcusdt,300,-0.3381758715069493,-0.4651850013857277,6.066441630519898,-0.1270091298787784,10115935315.4307,9919228397.7317,196706917.699,2706922,44736
task3_maker_q99_win60,2025-12-30,btcusdt,30,0.011594522759027,-0.0177514642737795,0.8505339907694083,-0.0293459870328065,10115935315.4307,9774040717.4421,341894597.9886,2674230,77428
task3_maker_q99_win60,2025-12-30,btcusdt,120,-0.1006061445115596,-0.2862620389849221,5.206901732744471,-0.1856558944733625,10115935315.4307,9774040717.4421,341894597.9886,2674230,77428
task3_maker_q99_win60,2025-12-30,btcusdt,300,-0.3381758715069493,-0.4985056943708607,4.245313385449375,-0.1603298228639114,10115935315.4307,9774040717.4421,341894597.9886,2674230,77428
no_filter,2025-12-30,ethusdt,30,-0.065589053348936,-0.065589053348936,,0.0,8984404807.91572,8984404807.91572,0.0,4897271,0
no_filter,2025-12-30,ethusdt,120,-0.0614985410179598,-0.0614985410179598,,0.0,8984404807.91572,8984404807.91572,0.0,4897271,0
no_filter,2025-12-30,ethusdt,300,-0.1996320370932462,-0.1996320370932462,,0.0,8984404807.91572,8984404807.91572,0.0,4897271,0
task3_maker_q90_win30,2025-12-30,ethusdt,30,-0.065589053348936,-0.114884238959619,0.6291096077579695,-0.049295185610683,8984404807.91572,8389120445.6032,595284362.31252,4638300,258971
task3_maker_q90_win30,2025-12-30,ethusdt,120,-0.0614985410179598,-0.0321960507886194,-0.4744476044455534,0.0293024902293403,8984404807.91572,8389120445.6032,595284362.31252,4638300,258971
task3_maker_q90_win30,2025-12-30,ethusdt,300,-0.1996320370932462,-0.3062493277202917,1.3028856658404655,-0.1066172906270455,8984404807.91572,8389120445.6032,595284362.31252,4638300,258971
task3_maker_q90_win60,2025-12-30,ethusdt,30,-0.065589053348936,-0.0837571407615652,0.1106988466959907,-0.0181680874126292,8984404807.91572,8144988886.42712,839415921.4886,4516372,380899
task3_maker_q90_win60,2025-12-30,ethusdt,120,-0.0614985410179598,-0.0543853996747516,-0.130518505620575,0.0071131413432081,8984404807.91572,8144988886.42712,839415921.4886,4516372,380899
task3_maker_q90_win60,2025-12-30,ethusdt,300,-0.1996320370932462,-0.3040033525132345,0.8130997712932698,-0.1043713154199882,8984404807.91572,8144988886.42712,839415921.4886,4516372,380899
task3_maker_q95_win30,2025-12-30,ethusdt,30,-0.065589053348936,-0.0872283491059755,0.3924020953919959,-0.0216392957570394,8984404807.91572,8579058994.13413,405345813.78159,4723088,174183
task3_maker_q95_win30,2025-12-30,ethusdt,120,-0.0614985410179598,-0.0080471449167165,-1.1927861104967967,0.0534513961012432,8984404807.91572,8579058994.13413,405345813.78159,4723088,174183
task3_maker_q95_win30,2025-12-30,ethusdt,300,-0.1996320370932462,-0.2475000233964553,0.8134838369661109,-0.0478679863032091,8984404807.91572,8579058994.13413,405345813.78159,4723088,174183
task3_maker_q95_win60,2025-12-30,ethusdt,30,-0.065589053348936,-0.1130593814950742,0.6591323881326068,-0.0474703281461382,8984404807.91572,8432090394.31463,552314413.6010901,4650977,246294
task3_maker_q95_win60,2025-12-30,ethusdt,120,-0.0614985410179598,-0.1051425505914449,0.6048071443515979,-0.0436440095734851,8984404807.91572,8432090394.31463,552314413.6010901,4650977,246294
task3_maker_q95_win60,2025-12-30,ethusdt,300,-0.1996320370932462,-0.3924977802916348,2.7448165243923404,-0.1928657431983886,8984404807.91572,8432090394.31463,552314413.6010901,4650977,246294
task3_maker_q99_win30,2025-12-30,ethusdt,30,-0.065589053348936,-0.0530737647921691,-0.9965744434301858,0.0125152885567668,8984404807.91572,8865229039.17734,119175768.73838,4842765,54506
task3_maker_q99_win30,2025-12-30,ethusdt,120,-0.0614985410179598,-0.0185701152680884,-3.2548517754273174,0.0429284257498713,8984404807.91572,8865229039.17734,119175768.73838,4842765,54506
task3_maker_q99_win30,2025-12-30,ethusdt,300,-0.1996320370932462,-0.2681048325750255,4.89391190497516,-0.0684727954817793,8984404807.91572,8865229039.17734,119175768.73838,4842765,54506
task3_maker_q99_win60,2025-12-30,ethusdt,30,-0.065589053348936,-0.0434562581533599,-0.9121371356572,0.022132795195576,8984404807.91572,8755494517.93772,228910289.978,4797457,99814
task3_maker_q99_win60,2025-12-30,ethusdt,120,-0.0614985410179598,-0.0068697438372681,-2.150972693897002,0.0546287971806916,8984404807.91572,8755494517.93772,228910289.978,4797457,99814
task3_maker_q99_win60,2025-12-30,ethusdt,300,-0.1996320370932462,-0.2733239587766344,2.618979639896947,-0.0736919216833881,8984404807.91572,8755494517.93772,228910289.978,4797457,99814
no_filter,2025-12-31,btcusdt,30,0.0212684976117159,0.0212684976117159,,0.0,7627351957.1762,7627351957.1762,0.0,2109520,0
no_filter,2025-12-31,btcusdt,120,0.1862915627662697,0.1862915627662697,,0.0,7627351957.1762,7627351957.1762,0.0,2109520,0
no_filter,2025-12-31,btcusdt,300,0.4116651620104923,0.4116651620104923,,0.0,7627351957.1762,7627351957.1762,0.0,2109520,0
task3_maker_q90_win30,2025-12-31,btcusdt,30,0.0212684976117159,-0.0292758853003485,0.8997259435527495,-0.0505443829120644,7627351957.1762,7212369138.0309,414982819.1453,2013148,96372
task3_maker_q90_win30,2025-12-31,btcusdt,120,0.1862915627662697,0.3795558633955167,-3.172626958758008,0.193264300629247,7627351957.1762,7212369138.0309,414982819.1453,2013148,96372
task3_maker_q90_win30,2025-12-31,btcusdt,300,0.4116651620104923,0.6618318006841267,-3.936211571418562,0.2501666386736343,7627351957.1762,7212369138.0309,414982819.1453,2013148,96372
task3_maker_q90_win60,2025-12-31,btcusdt,30,0.0212684976117159,0.0088788567501672,0.1790635280506673,-0.0123896408615486,7627351957.1762,7072071914.9027,555280042.2735,1971474,138046
task3_maker_q90_win60,2025-12-31,btcusdt,120,0.1862915627662697,0.4535416021542826,-3.217417113803979,0.2672500393880129,7627351957.1762,7072071914.9027,555280042.2735,1971474,138046
task3_maker_q90_win60,2025-12-31,btcusdt,300,0.4116651620104923,0.7118953261885564,-3.412079886338499,0.3002301641780641,7627351957.1762,7072071914.9027,555280042.2735,1971474,138046
task3_maker_q95_win30,2025-12-31,btcusdt,30,0.0212684976117159,-0.0367298801413809,1.424240327085425,-0.0579983777530968,7627351957.1762,7324557254.1221,302794703.0541,2039601,69919
task3_maker_q95_win30,2025-12-31,btcusdt,120,0.1862915627662697,0.3014750174798818,-2.599978475209575,0.115183454713612,7627351957.1762,7324557254.1221,302794703.0541,2039601,69919
task3_maker_q95_win30,2025-12-31,btcusdt,300,0.4116651620104923,0.619284870578199,-4.610623626894133,0.2076197085677066,7627351957.1762,7324557254.1221,302794703.0541,2039601,69919
task3_maker_q95_win60,2025-12-31,btcusdt,30,0.0212684976117159,-0.0180851836149155,0.6801227131059767,-0.0393536812266314,7627351957.1762,7197445078.5291,429906878.6471,2006754,102766
task3_maker_q95_win60,2025-12-31,btcusdt,120,0.1862915627662697,0.412921411147699,-3.607915899123847,0.2266298483814293,7627351957.1762,7197445078.5291,429906878.6471,2006754,102766
task3_maker_q95_win60,2025-12-31,btcusdt,300,0.4116651620104923,0.7160229623476104,-4.683853567631751,0.304357800337118,7627351957.1762,7197445078.5291,429906878.6471,2006754,102766
task3_maker_q99_win30,2025-12-31,btcusdt,30,0.0212684976117159,-0.0125604946445691,1.8304947642893925,-0.033828992256285,7627351957.1762,7487353099.8199005,139998857.3563,2078390,31130
task3_maker_q99_win30,2025-12-31,btcusdt,120,0.1862915627662697,0.3019550135774828,-5.9995667600854805,0.1156634508112131,7627351957.1762,7487353099.8199005,139998857.3563,2078390,31130
task3_maker_q99_win30,2025-12-31,btcusdt,300,0.4116651620104923,0.561918747370601,-7.624126481930645,0.1502535853601086,7627351957.1762,7487353099.8199005,139998857.3563,2078390,31130
task3_maker_q99_win60,2025-12-31,btcusdt,30,0.0212684976117159,0.0029434797870508,0.7007394235828656,-0.018325017824665,7627351957.1762,7427047897.210001,200304059.9662,2065575,43945
task3_maker_q99_win60,2025-12-31,btcusdt,120,0.1862915627662697,0.3996933754899974,-7.726406186435687,0.2134018127237277,7627351957.1762,7427047897.210001,200304059.9662,2065575,43945
task3_maker_q99_win60,2025-12-31,btcusdt,300,0.4116651620104923,0.6451638892977065,-8.24620343931666,0.2334987272872141,7627351957.1762,7427047897.210001,200304059.9662,2065575,43945
no_filter,2025-12-31,ethusdt,30,-0.2546179298165885,-0.2546179298165885,,0.0,6835255508.60377,6835255508.60377,0.0,3582875,0
no_filter,2025-12-31,ethusdt,120,0.2671019273063897,0.2671019273063897,,0.0,6835255508.60377,6835255508.60377,0.0,3582875,0
no_filter,2025-12-31,ethusdt,300,0.4808650699723292,0.4808650699723292,,0.0,6835255508.60377,6835255508.60377,0.0,3582875,0
task3_maker_q90_win30,2025-12-31,ethusdt,30,-0.2546179298165885,-0.3595906359378486,1.289665536476361,-0.10497270612126,6835255508.60377,6400201646.28105,435053862.32272005,3405667,177208
task3_maker_q90_win30,2025-12-31,ethusdt,120,0.2671019273063897,0.6606338448839981,-5.522258528654818,0.3935319175776083,6835255508.60377,6400201646.28105,435053862.32272005,3405667,177208
task3_maker_q90_win30,2025-12-31,ethusdt,300,0.4808650699723292,0.884969355641462,-5.4640285130899775,0.4041042856691327,6835255508.60377,6400201646.28105,435053862.32272005,3405667,177208
task3_maker_q90_win60,2025-12-31,ethusdt,30,-0.2546179298165885,-0.3843086461258699,1.1403162606949078,-0.1296907163092813,6835255508.60377,6253821229.84973,581434278.75404,3333447,249428
task3_maker_q90_win60,2025-12-31,ethusdt,120,0.2671019273063897,0.7306754948139431,-4.719026899305675,0.4635735675075533,6835255508.60377,6253821229.84973,581434278.75404,3333447,249428
task3_maker_q90_win60,2025-12-31,ethusdt,300,0.4808650699723292,0.8648098879367674,-3.6487886869788,0.3839448179644381,6835255508.60377,6253821229.84973,581434278.75404,3333447,249428
task3_maker_q95_win30,2025-12-31,ethusdt,30,-0.2546179298165885,-0.3739152863359992,2.0349594003729035,-0.1192973565194107,6835255508.60377,6496745615.24554,338509893.35823,3452062,130813
task3_maker_q95_win30,2025-12-31,ethusdt,120,0.2671019273063897,0.580106555774344,-5.740141841485814,0.3130046284679542,6835255508.60377,6496745615.24554,338509893.35823,3452062,130813
task3_maker_q95_win30,2025-12-31,ethusdt,300,0.4808650699723292,0.7846790531645084,-5.349990104075079,0.3038139831921791,6835255508.60377,6496745615.24554,338509893.35823,3452062,130813
task3_maker_q95_win60,2025-12-31,ethusdt,30,-0.2546179298165885,-0.3712737884033973,1.3612195967380272,-0.1166558585868088,6835255508.60377,6375009826.366261,460245682.2375101,3396912,185963
task3_maker_q95_win60,2025-12-31,ethusdt,120,0.2671019273063897,0.6543235579015945,-5.0964284550429735,0.3872216305952047,6835255508.60377,6375009826.366261,460245682.2375101,3396912,185963
task3_maker_q95_win60,2025-12-31,ethusdt,300,0.4808650699723292,0.8098565834839003,-4.076101377232814,0.3289915135115711,6835255508.60377,6375009826.366261,460245682.2375101,3396912,185963
task3_maker_q99_win30,2025-12-31,ethusdt,30,-0.2546179298165885,-0.3118214553397172,1.3702398105608544,-0.0572035255231286,6835255508.60377,6602802196.18879,232453312.41498,3496139,86736
task3_maker_q99_win30,2025-12-31,ethusdt,120,0.2671019273063897,0.5538816728579867,-7.878834622610982,0.2867797455515969,6835255508.60377,6602802196.18879,232453312.41498,3496139,86736
task3_maker_q99_win30,2025-12-31,ethusdt,300,0.4808650699723292,0.6077406716500244,-3.123017760076225,0.1268756016776951,6835255508.60377,6602802196.18879,232453312.41498,3496139,86736
task3_maker_q99_win60,2025-12-31,ethusdt,30,-0.2546179298165885,-0.3398368839100571,1.4557958339239891,-0.0852189540934685,6835255508.60377,6510861037.71918,324394470.88459,3459533,123342
task3_maker_q99_win60,2025-12-31,ethusdt,120,0.2671019273063897,0.5896593560361847,-6.206888179297078,0.3225574287297949,6835255508.60377,6510861037.71918,324394470.88459,3459533,123342
task3_maker_q99_win60,2025-12-31,ethusdt,300,0.4808650699723292,0.5802821217594906,-1.5145160695422957,0.0994170517871613,6835255508.60377,6510861037.71918,324394470.88459,3459533,123342
no_filter,2026-02-01,btcusdt,30,-0.3296051671913012,-0.3296051671913012,,0.0,13595179919.170898,13595179919.170898,0.0,6759515,0
no_filter,2026-02-01,btcusdt,120,-0.570508366859986,-0.570508366859986,,0.0,13595179919.170898,13595179919.170898,0.0,6759515,0
no_filter,2026-02-01,btcusdt,300,0.1348020360178982,0.1348020360178982,,0.0,13595179919.170898,13595179919.170898,0.0,6759515,0
task3_maker_q90_win30,2026-02-01,btcusdt,30,-0.3296051671913012,-0.3122476680017654,-0.4929824502985517,0.0173574991895357,13595179919.170898,12289519097.1101,1305660822.0608,6148312,611203
task3_maker_q90_win30,2026-02-01,btcusdt,120,-0.570508366859986,-0.7489183261397881,1.108773545132367,-0.1784099592798022,13595179919.170898,12289519097.1101,1305660822.0608,6148312,611203
task3_maker_q90_win30,2026-02-01,btcusdt,300,0.1348020360178982,1.093100774043119,-8.885175007567657,0.9582987380252204,13595179919.170898,12289519097.1101,1305660822.0608,6148312,611203
task3_maker_q90_win60,2026-02-01,btcusdt,30,-0.3296051671913012,-0.408231401571949,0.1505180972822578,-0.0786262343806478,13595179919.170898,11682090413.1153,1913089506.0556,5855583,903932
task3_maker_q90_win60,2026-02-01,btcusdt,120,-0.570508366859986,-0.732276402113028,0.4173120188544408,-0.161768035253042,13595179919.170898,11682090413.1153,1913089506.0556,5855583,903932
task3_maker_q90_win60,2026-02-01,btcusdt,300,0.1348020360178982,1.4250688207959874,-7.744083499188808,1.290266784778089,13595179919.170898,11682090413.1153,1913089506.0556,5855583,903932
task3_maker_q95_win30,2026-02-01,btcusdt,30,-0.3296051671913012,-0.3419482417647877,-0.1573402098860847,-0.0123430745734865,13595179919.170898,12686192818.91,908987100.2609,6344883,414632
task3_maker_q95_win30,2026-02-01,btcusdt,120,-0.570508366859986,-0.8805870063669402,3.7570749494284863,-0.3100786395069542,13595179919.170898,12686192818.91,908987100.2609,6344883,414632
task3_maker_q95_win30,2026-02-01,btcusdt,300,0.1348020360178982,0.7808843961789019,-8.882185548895485,0.6460823601610037,13595179919.170898,12686192818.91,908987100.2609,6344883,414632
task3_maker_q95_win60,2026-02-01,btcusdt,30,-0.3296051671913012,-0.3930210196400176,0.2298542227960686,-0.0634158524487164,13595179919.170898,12211034483.5681,1384145435.6028,6115205,644310
task3_maker_q95_win60,2026-02-01,btcusdt,120,-0.570508366859986,-0.8581375144902044,1.966977470863636,-0.2876291476302184,13595179919.170898,12211034483.5681,1384145435.6028,6115205,644310
task3_maker_q95_win60,2026-02-01,btcusdt,300,0.1348020360178982,1.1408043958297789,-8.74022597060475,1.0060023598118806,13595179919.170898,12211034483.5681,1384145435.6028,6115205,644310
task3_maker_q99_win30,2026-02-01,btcusdt,30,-0.3296051671913012,-0.2794686923974775,-2.6178765478121067,0.0501364747938236,13595179919.170898,13303693387.5307,291486531.6402,6639112,120403
task3_maker_q99_win30,2026-02-01,btcusdt,120,-0.570508366859986,-0.738234784224184,7.084668073184352,-0.167726417364198,13595179919.170898,13303693387.5307,291486531.6402,6639112,120403
task3_maker_q99_win30,2026-02-01,btcusdt,300,0.1348020360178982,0.3014434420378074,-7.4708535628226045,0.1666414060199092,13595179919.170898,13303693387.5307,291486531.6402,6639112,120403
task3_maker_q99_win60,2026-02-01,btcusdt,30,-0.3296051671913012,-0.3415618394402673,0.0329163295584459,-0.0119566722489661,13595179919.170898,13161100915.5967,434079003.5742,6562045,197470
task3_maker_q99_win60,2026-02-01,btcusdt,120,-0.570508366859986,-0.8607204989198401,8.228606829959997,-0.2902121320598542,13595179919.170898,13161100915.5967,434079003.5742,6562045,197470
task3_maker_q99_win60,2026-02-01,btcusdt,300,0.1348020360178982,0.3724110657923151,-7.069408242684439,0.2376090297744169,13595179919.170898,13161100915.5967,434079003.5742,6562045,197470
no_filter,2026-02-01,ethusdt,30,-0.2086894815485886,-0.2086894815485886,,0.0,16428200726.07704,16428200726.07704,0.0,15342731,0
no_filter,2026-02-01,ethusdt,120,-1.060709646213899,-1.060709646213899,,0.0,16428200726.07704,16428200726.07704,0.0,15342731,0
no_filter,2026-02-01,ethusdt,300,-0.1490942176810457,-0.1490942176810457,,0.0,16428200726.07704,16428200726.07704,0.0,15342731,0
task3_maker_q90_win30,2026-02-01,ethusdt,30,-0.2086894815485886,0.0004894288410026,-1.7165718485705432,0.2091789103895912,16428200726.07704,14426855070.7125,2001345655.36454,13665866,1676865
task3_maker_q90_win30,2026-02-01,ethusdt,120,-1.060709646213899,-1.9300398783937625,5.205924622899048,-0.8693302321798635,16428200726.07704,14426855070.7125,2001345655.36454,13665866,1676865
task3_maker_q90_win30,2026-02-01,ethusdt,300,-0.1490942176810457,-0.0162570554707428,-1.1066611837250486,0.1328371622103028,16428200726.07704,14426855070.7125,2001345655.36454,13665866,1676865
task3_maker_q90_win60,2026-02-01,ethusdt,30,-0.2086894815485886,-0.0274296411340582,-1.0336556988069563,0.1812598404145303,16428200726.07704,13468852755.31061,2959347970.76643,12796177,2546554
task3_maker_q90_win60,2026-02-01,ethusdt,120,-1.060709646213899,-2.149927330972601,3.8966366204016585,-1.0892176847587025,16428200726.07704,13468852755.31061,2959347970.76643,12796177,2546554
task3_maker_q90_win60,2026-02-01,ethusdt,300,-0.1490942176810457,-0.0859457978178372,-0.4365010306918906,0.0631484198632084,16428200726.07704,13468852755.31061,2959347970.76643,12796177,2546554
task3_maker_q95_win30,2026-02-01,ethusdt,30,-0.2086894815485886,-0.003641757583931,-2.515134680620003,0.2050477239646575,16428200726.07704,15086940658.481678,1341260067.59536,14249624,1093107
task3_maker_q95_win30,2026-02-01,ethusdt,120,-1.060709646213899,-1.6521183350399025,5.591652568091718,-0.5914086888260035,16428200726.07704,15086940658.481678,1341260067.59536,14249624,1093107
task3_maker_q95_win30,2026-02-01,ethusdt,300,-0.1490942176810457,0.2885280829610877,-5.071615837558233,0.4376223006421334,16428200726.07704,15086940658.481678,1341260067.59536,14249624,1093107
task3_maker_q95_win60,2026-02-01,ethusdt,30,-0.2086894815485886,0.0038187633607482,-1.734831654809249,0.2125082449093368,16428200726.07704,14420247852.496231,2007952873.58081,13636490,1706241
task3_maker_q95_win60,2026-02-01,ethusdt,120,-1.060709646213899,-1.6853707995878708,3.425336203764221,-0.6246611533739719,16428200726.07704,14420247852.496231,2007952873.58081,13636490,1706241
task3_maker_q95_win60,2026-02-01,ethusdt,300,-0.1490942176810457,0.7685781736560199,-6.739419869534965,0.9176723913370656,16428200726.07704,14420247852.496231,2007952873.58081,13636490,1706241
task3_maker_q99_win30,2026-02-01,ethusdt,30,-0.2086894815485886,-0.104531520672809,-3.3828941823889807,0.1041579608757796,16428200726.07704,15906254844.83935,521945881.23769,14957917,384814
task3_maker_q99_win30,2026-02-01,ethusdt,120,-1.060709646213899,-1.4422845391103558,10.56775166937477,-0.3815748928964568,16428200726.07704,15906254844.83935,521945881.23769,14957917,384814
task3_maker_q99_win30,2026-02-01,ethusdt,300,-0.1490942176810457,0.1139733546805542,-8.166055358315601,0.2630675723615999,16428200726.07704,15906254844.83935,521945881.23769,14957917,384814
task3_maker_q99_win60,2026-02-01,ethusdt,30,-0.2086894815485886,-0.1320226632261395,-1.7479643124001638,0.076666818322449,16428200726.07704,15648780329.87978,779420396.19726,14725707,617024
task3_maker_q99_win60,2026-02-01,ethusdt,120,-1.060709646213899,-1.4010865164532118,5.773192696776559,-0.3403768702393128,16428200726.07704,15648780329.87978,779420396.19726,14725707,617024
task3_maker_q99_win60,2026-02-01,ethusdt,300,-0.1490942176810457,0.4488080824593209,-12.153452583558945,0.5979023001403667,16428200726.07704,15648780329.87978,779420396.19726,14725707,617024
no_filter,2026-02-02,btcusdt,30,-0.1449057603906293,-0.1449057603906293,,0.0,18795658671.019,18795658671.019,0.0,10355996,0
no_filter,2026-02-02,btcusdt,120,-0.1550310515488774,-0.1550310515488774,,0.0,18795658671.019,18795658671.019,0.0,10355996,0
no_filter,2026-02-02,btcusdt,300,-0.3783908822019626,-0.3783908822019626,,0.0,18795658671.019,18795658671.019,0.0,10355996,0
task3_maker_q90_win30,2026-02-02,btcusdt,30,-0.1449057603906293,-0.1314746695936918,-0.2541283189801873,0.0134310907969375,18795658671.019,16737454944.824,2058203726.195,9374499,981497
task3_maker_q90_win30,2026-02-02,btcusdt,120,-0.1550310515488774,-0.0429560871062879,-1.0664324079483605,0.1120749644425894,18795658671.019,16737454944.824,2058203726.195,9374499,981497
task3_maker_q90_win30,2026-02-02,btcusdt,300,-0.3783908822019626,-0.5791484348655745,1.2541834105053424,-0.2007575526636119,18795658671.019,16737454944.824,2058203726.195,9374499,981497
task3_maker_q90_win60,2026-02-02,btcusdt,30,-0.1449057603906293,-0.1511620308452366,-0.1121861824039342,-0.0062562704546072,18795658671.019,15778643552.1443,3017015118.8747,8841123,1514873
task3_maker_q90_win60,2026-02-02,btcusdt,120,-0.1550310515488774,-0.0581080702211679,-0.6619271439196303,0.0969229813277094,18795658671.019,15778643552.1443,3017015118.8747,8841123,1514873
task3_maker_q90_win60,2026-02-02,btcusdt,300,-0.3783908822019626,-0.6072927779032625,0.8187398176362473,-0.2289018957012998,18795658671.019,15778643552.1443,3017015118.8747,8841123,1514873
task3_maker_q95_win30,2026-02-02,btcusdt,30,-0.1449057603906293,-0.0344056911531561,-1.4602038190181423,0.1105000692374732,18795658671.019,17338985707.3495,1456672963.6695,9679527,676469
task3_maker_q95_win30,2026-02-02,btcusdt,120,-0.1550310515488774,0.1812234746837276,-4.157516557761332,0.336254526232605,18795658671.019,17338985707.3495,1456672963.6695,9679527,676469
task3_maker_q95_win30,2026-02-02,btcusdt,300,-0.3783908822019626,-0.3007820072762323,-1.302180371443851,0.0776088749257303,18795658671.019,17338985707.3495,1456672963.6695,9679527,676469
task3_maker_q95_win60,2026-02-02,btcusdt,30,-0.1449057603906293,-0.0313059609957673,-1.0063169395769005,0.113599799394862,18795658671.019,16605751991.5791,2189906679.4399,9281240,1074756
task3_maker_q95_win60,2026-02-02,btcusdt,120,-0.1550310515488774,0.2521134918235245,-3.242350422480261,0.4071445433724019,18795658671.019,16605751991.5791,2189906679.4399,9281240,1074756
task3_maker_q95_win60,2026-02-02,btcusdt,300,-0.3783908822019626,-0.2252153841914641,-1.53989897523153,0.1531754980104984,18795658671.019,16605751991.5791,2189906679.4399,9281240,1074756
task3_maker_q99_win30,2026-02-02,btcusdt,30,-0.1449057603906293,-0.1052200662727263,-1.3445009982677305,0.039685694117903,18795658671.019,18193762247.452,601896423.567,10113799,242197
task3_maker_q99_win30,2026-02-02,btcusdt,120,-0.1550310515488774,-0.1432848640140948,-0.5100877273392594,0.0117461875347825,18795658671.019,18193762247.452,601896423.567,10113799,242197
task3_maker_q99_win30,2026-02-02,btcusdt,300,-0.3783908822019626,-0.6811030685077685,8.771810599999009,-0.3027121863058058,18795658671.019,18193762247.452,601896423.567,10113799,242197
task3_maker_q99_win60,2026-02-02,btcusdt,30,-0.1449057603906293,-0.0998985241189359,-1.0303726367375667,0.0450072362716934,18795658671.019,17886508551.5085,909150119.5105,9976726,379270
task3_maker_q99_win60,2026-02-02,btcusdt,120,-0.1550310515488774,-0.1707435106955836,0.1540939530698373,-0.0157124591467062,18795658671.019,17886508551.5085,909150119.5105,9976726,379270
task3_maker_q99_win60,2026-02-02,btcusdt,300,-0.3783908822019626,-0.91649719152403,10.208247008240145,-0.5381063093220673,18795658671.019,17886508551.5085,909150119.5105,9976726,379270
no_filter,2026-02-02,ethusdt,30,-0.003978070709771,-0.003978070709771,,0.0,20740413421.44527,20740413421.44527,0.0,21221430,0
no_filter,2026-02-02,ethusdt,120,0.3461038379852442,0.3461038379852442,,0.0,20740413421.44527,20740413421.44527,0.0,21221430,0
no_filter,2026-02-02,ethusdt,300,0.4105125879181363,0.4105125879181363,,0.0,20740413421.44527,20740413421.44527,0.0,21221430,0
task3_maker_q90_win30,2026-02-02,ethusdt,30,-0.003978070709771,0.0133012003740128,-0.1399054547631448,0.0172792710837839,20740413421.44527,18401225051.47488,2339188369.9703903,19079558,2141872
task3_maker_q90_win30,2026-02-02,ethusdt,120,0.3461038379852442,0.3842132428771402,0.0463162086536082,0.038109404891896,20740413421.44527,18401225051.47488,2339188369.9703903,19079558,2141872
task3_maker_q90_win30,2026-02-02,ethusdt,300,0.4105125879181363,0.1846572506834634,2.1872035730843176,-0.2258553372346728,20740413421.44527,18401225051.47488,2339188369.9703903,19079558,2141872
task3_maker_q90_win60,2026-02-02,ethusdt,30,-0.003978070709771,-0.1011211068956053,0.4603217008163403,-0.0971430361858342,20740413421.44527,17151825761.52047,3588587659.9248,17799440,3421990
task3_maker_q90_win60,2026-02-02,ethusdt,120,0.3461038379852442,0.1655287162972609,1.2091712387471774,-0.1805751216879832,20740413421.44527,17151825761.52047,3588587659.9248,17799440,3421990
task3_maker_q90_win60,2026-02-02,ethusdt,300,0.4105125879181363,-0.2358136952351318,3.499659863748733,-0.6463262831532681,20740413421.44527,17151825761.52047,3588587659.9248,17799440,3421990
task3_maker_q95_win30,2026-02-02,ethusdt,30,-0.003978070709771,0.1892283995927014,-2.4325306222661705,0.1932064703024724,20740413421.44527,19211980778.94775,1528432642.49752,19897576,1323854
task3_maker_q95_win30,2026-02-02,ethusdt,120,0.3461038379852442,0.5892500783660075,-2.7101779809083326,0.2431462403807633,20740413421.44527,19211980778.94775,1528432642.49752,19897576,1323854
task3_maker_q95_win30,2026-02-02,ethusdt,300,0.4105125879181363,0.2402617715126792,2.5505188410148323,-0.170250816405457,20740413421.44527,19211980778.94775,1528432642.49752,19897576,1323854
task3_maker_q95_win60,2026-02-02,ethusdt,30,-0.003978070709771,0.1279879804185684,-1.02196651408017,0.1319660511283394,20740413421.44527,18360292754.8528,2380120666.59247,19048171,2173259
task3_maker_q95_win60,2026-02-02,ethusdt,120,0.3461038379852442,0.45583506934076,-0.5003648139264762,0.1097312313555158,20740413421.44527,18360292754.8528,2380120666.59247,19048171,2173259
task3_maker_q95_win60,2026-02-02,ethusdt,300,0.4105125879181363,0.0550001526592277,3.152941776892457,-0.3555124352589085,20740413421.44527,18360292754.8528,2380120666.59247,19048171,2173259
task3_maker_q99_win30,2026-02-02,ethusdt,30,-0.003978070709771,0.2231767668120041,-10.013576478931704,0.2271548375217751,20740413421.44527,20280181048.17382,460232373.2714501,20867461,353969
task3_maker_q99_win30,2026-02-02,ethusdt,120,0.3461038379852442,0.5578654473658677,-8.985190583493287,0.2117616093806235,20740413421.44527,20280181048.17382,460232373.2714501,20867461,353969
task3_maker_q99_win30,2026-02-02,ethusdt,300,0.4105125879181363,0.3697857216317623,2.205145625010631,-0.0407268662863739,20740413421.44527,20280181048.17382,460232373.2714501,20867461,353969
task3_maker_q99_win60,2026-02-02,ethusdt,30,-0.003978070709771,0.1836952328851862,-5.1079006006812735,0.1876733035949573,20740413421.44527,20004827782.0363,735585639.4089701,20614233,607197
task3_maker_q99_win60,2026-02-02,ethusdt,120,0.3461038379852442,0.4335637146962495,-2.0324360324336217,0.0874598767110053,20740413421.44527,20004827782.0363,735585639.4089701,20614233,607197
task3_maker_q99_win60,2026-02-02,ethusdt,300,0.4105125879181363,0.2195190189355113,5.604732336476344,-0.1909935689826249,20740413421.44527,20004827782.0363,735585639.4089701,20614233,607197
no_filter,2026-02-03,btcusdt,30,-0.1110438179521694,-0.1110438179521694,,0.0,21647930470.5929,21647930470.5929,0.0,8903914,0
no_filter,2026-02-03,btcusdt,120,-0.4221635322050365,-0.4221635322050365,,0.0,21647930470.5929,21647930470.5929,0.0,8903914,0
no_filter,2026-02-03,btcusdt,300,-0.5932023038709833,-0.5932023038709833,,0.0,21647930470.5929,21647930470.5929,0.0,8903914,0
task3_maker_q90_win30,2026-02-03,btcusdt,30,-0.1110438179521694,-0.1772861173538658,0.3217298748186139,-0.0662422994016964,21647930470.5929,18774257654.1825,2873672816.4104,7852197,1051717
task3_maker_q90_win30,2026-02-03,btcusdt,120,-0.4221635322050365,-0.9257700562669484,2.867994827185349,-0.503606524061912,21647930470.5929,18774257654.1825,2873672816.4104,7852197,1051717
task3_maker_q90_win30,2026-02-03,btcusdt,300,-0.5932023038709833,-1.4927759413653348,5.283885426083437,-0.8995736374943515,21647930470.5929,18774257654.1825,2873672816.4104,7852197,1051717
task3_maker_q90_win60,2026-02-03,btcusdt,30,-0.1110438179521694,-0.2184540549792466,0.3454319249605882,-0.1074102370270771,21647930470.5929,17524385240.3317,4123545230.2612,7342631,1561283
task3_maker_q90_win60,2026-02-03,btcusdt,120,-0.4221635322050365,-1.0142235878208563,2.093993784048441,-0.59206005561582,21647930470.5929,17524385240.3317,4123545230.2612,7342631,1561283
task3_maker_q90_win60,2026-02-03,btcusdt,300,-0.5932023038709833,-1.841714508972956,4.712768077852484,-1.2485122051019728,21647930470.5929,17524385240.3317,4123545230.2612,7342631,1561283
task3_maker_q95_win30,2026-02-03,btcusdt,30,-0.1110438179521694,-0.2495959191676083,1.3149740314202605,-0.1385521012154389,21647930470.5929,19730875721.7532,1917054748.8397,8225713,678201
task3_maker_q95_win30,2026-02-03,btcusdt,120,-0.4221635322050365,-1.0592163183086625,6.134565929180995,-0.6370527861036257,21647930470.5929,19730875721.7532,1917054748.8397,8225713,678201
task3_maker_q95_win30,2026-02-03,btcusdt,300,-0.5932023038709833,-1.4435902916614984,8.159234063698527,-0.8503879877905152,21647930470.5929,19730875721.7532,1917054748.8397,8225713,678201
task3_maker_q95_win60,2026-02-03,btcusdt,30,-0.1110438179521694,-0.2982230956098698,1.1066014440051737,-0.1871792776577004,21647930470.5929,18763553187.875404,2884377282.7175,7847241,1056673
task3_maker_q95_win60,2026-02-03,btcusdt,120,-0.4221635322050365,-1.1698095548412972,4.441449836092646,-0.7476460226362607,21647930470.5929,18763553187.875404,2884377282.7175,7847241,1056673
task3_maker_q95_win60,2026-02-03,btcusdt,300,-0.5932023038709833,-1.6491042842384531,6.275688630931343,-1.05590198036747,21647930470.5929,18763553187.875404,2884377282.7175,7847241,1056673
task3_maker_q99_win30,2026-02-03,btcusdt,30,-0.1110438179521694,-0.1422405874354692,0.7885801660546807,-0.0311967694832997,21647930470.5929,20922392826.3694,725537644.2235,8657354,246560
task3_maker_q99_win30,2026-02-03,btcusdt,120,-0.4221635322050365,-0.8955781767747545,13.229736189751348,-0.4734146445697179,21647930470.5929,20922392826.3694,725537644.2235,8657354,246560
task3_maker_q99_win30,2026-02-03,btcusdt,300,-0.5932023038709833,-1.1943303421831892,16.74157978034915,-0.601128038312206,21647930470.5929,20922392826.3694,725537644.2235,8657354,246560
task3_maker_q99_win60,2026-02-03,btcusdt,30,-0.1110438179521694,-0.2285409970309909,1.97995730781277,-0.1174971790788215,21647930470.5929,20496210880.1316,1151719590.4613,8497748,406166
task3_maker_q99_win60,2026-02-03,btcusdt,120,-0.4221635322050365,-1.1090170155647223,11.801205728236598,-0.686853483359686,21647930470.5929,20496210880.1316,1151719590.4613,8497748,406166
task3_maker_q99_win60,2026-02-03,btcusdt,300,-0.5932023038709833,-1.5372297202263978,16.206880947727168,-0.9440274163554144,21647930470.5929,20496210880.1316,1151719590.4613,8497748,406166
no_filter,2026-02-03,ethusdt,30,-0.0832710861990156,-0.0832710861990156,,0.0,22430362144.52658,22430362144.52658,0.0,18297860,0
no_filter,2026-02-03,ethusdt,120,-0.1769298627614181,-0.1769298627614181,,0.0,22430362144.52658,22430362144.52658,0.0,18297860,0
no_filter,2026-02-03,ethusdt,300,-1.3825410534387863,-1.3825410534387863,,0.0,22430362144.52658,22430362144.52658,0.0,18297860,0
task3_maker_q90_win30,2026-02-03,ethusdt,30,-0.0832710861990156,-0.1592727094337859,0.3931145197498679,-0.0760016232347703,22430362144.52658,19344222851.90186,3086139292.62472,16169780,2128080
task3_maker_q90_win30,2026-02-03,ethusdt,120,-0.1769298627614181,0.2563178074530165,-2.8925686230480645,0.4332476702144346,22430362144.52658,19344222851.90186,3086139292.62472,16169780,2128080
task3_maker_q90_win30,2026-02-03,ethusdt,300,-1.3825410534387863,-2.1698611646421413,3.552458388517336,-0.7873201112033548,22430362144.52658,19344222851.90186,3086139292.62472,16169780,2128080
task3_maker_q90_win60,2026-02-03,ethusdt,30,-0.0832710861990156,-0.3254808949806844,0.9083663853734204,-0.2422098087816687,22430362144.52658,18027180476.55696,4403181667.96962,15093809,3204051
task3_maker_q90_win60,2026-02-03,ethusdt,120,-0.1769298627614181,0.1358116170774064,-1.4573328814630488,0.3127414798388245,22430362144.52658,18027180476.55696,4403181667.96962,15093809,3204051
task3_maker_q90_win60,2026-02-03,ethusdt,300,-1.3825410534387863,-2.686623265293179,3.956535814631269,-1.3040822118543924,22430362144.52658,18027180476.55696,4403181667.96962,15093809,3204051
task3_maker_q95_win30,2026-02-03,ethusdt,30,-0.0832710861990156,-0.21675515385358,1.2186069848148189,-0.1334840676545643,22430362144.52658,20344410524.82312,2085951619.70346,16960881,1336979
task3_maker_q95_win30,2026-02-03,ethusdt,120,-0.1769298627614181,0.1838000784188994,-3.695150488132856,0.3607299411803175,22430362144.52658,20344410524.82312,2085951619.70346,16960881,1336979
task3_maker_q95_win30,2026-02-03,ethusdt,300,-1.3825410534387863,-1.92638733290079,3.921624137768086,-0.5438462794620036,22430362144.52658,20344410524.82312,2085951619.70346,16960881,1336979
task3_maker_q95_win60,2026-02-03,ethusdt,30,-0.0832710861990156,-0.2799763403021125,1.1579830313046966,-0.1967052541030968,22430362144.52658,19362006965.38593,3068355179.14065,16203887,2093973
task3_maker_q95_win60,2026-02-03,ethusdt,120,-0.1769298627614181,0.128274437526659,-2.102837211498834,0.3052043002880771,22430362144.52658,19362006965.38593,3068355179.14065,16203887,2093973
task3_maker_q95_win60,2026-02-03,ethusdt,300,-1.3825410534387863,-2.3732936359265264,4.869329177723388,-0.99075258248774,22430362144.52658,19362006965.38593,3068355179.14065,16203887,2093973
task3_maker_q99_win30,2026-02-03,ethusdt,30,-0.0832710861990156,0.0107697267531429,-3.101930578301469,0.0940408129521585,22430362144.52658,21752696682.33696,677665462.18962,17901248,396612
task3_maker_q99_win30,2026-02-03,ethusdt,120,-0.1769298627614181,0.4741728775678209,-21.07697746686563,0.651102740329239,22430362144.52658,21752696682.33696,677665462.18962,17901248,396612
task3_maker_q99_win30,2026-02-03,ethusdt,300,-1.3825410534387863,-1.1398680298493304,-9.17221452753117,0.242673023589456,22430362144.52658,21752696682.33696,677665462.18962,17901248,396612
task3_maker_q99_win60,2026-02-03,ethusdt,30,-0.0832710861990156,0.1080890066656694,-3.9922587015836166,0.1913600928646851,22430362144.52658,21383554291.05364,1046807853.47294,17646351,651509
task3_maker_q99_win60,2026-02-03,ethusdt,120,-0.1769298627614181,0.5810668740645707,-15.660826282324356,0.7579967368259888,22430362144.52658,21383554291.05364,1046807853.47294,17646351,651509
task3_maker_q99_win60,2026-02-03,ethusdt,300,-1.3825410534387863,-1.1864435547132064,-5.388301515042606,0.1960974987255801,22430362144.52658,21383554291.05364,1046807853.47294,17646351,651509
no_filter,2026-02-04,btcusdt,30,-0.4157036612914518,-0.4157036612914518,,0.0,20261582369.3745,20261582369.3745,0.0,9145452,0
no_filter,2026-02-04,btcusdt,120,-0.14843177544064,-0.14843177544064,,0.0,20261582369.3745,20261582369.3745,0.0,9145452,0
no_filter,2026-02-04,btcusdt,300,0.0918852395807833,0.0918852395807833,,0.0,20261582369.3745,20261582369.3745,0.0,9145452,0
task3_maker_q90_win30,2026-02-04,btcusdt,30,-0.4157036612914518,-0.2269930977054134,-1.750713374471099,0.1887105635860383,20261582369.3745,17752214550.1146,2509367819.2599,8142020,1003432
task3_maker_q90_win30,2026-02-04,btcusdt,120,-0.14843177544064,0.7430464217441516,-6.45508483032892,0.8914781971847916,20261582369.3745,17752214550.1146,2509367819.2599,8142020,1003432
task3_maker_q90_win30,2026-02-04,btcusdt,300,0.0918852395807833,2.1010615453154773,-14.12178585903419,2.009176305734694,20261582369.3745,17752214550.1146,2509367819.2599,8142020,1003432
task3_maker_q90_win60,2026-02-04,btcusdt,30,-0.4157036612914518,0.0002229137966729,-2.205210837226858,0.4159265750881248,20261582369.3745,16440415418.9509,3821166950.4236,7580019,1565433
task3_maker_q90_win60,2026-02-04,btcusdt,120,-0.14843177544064,1.145693968611354,-5.716355164450153,1.2941257440519942,20261582369.3745,16440415418.9509,3821166950.4236,7580019,1565433
task3_maker_q90_win60,2026-02-04,btcusdt,300,0.0918852395807833,3.1256218744156,-12.96064326688646,3.0337366348348165,20261582369.3745,16440415418.9509,3821166950.4236,7580019,1565433
task3_maker_q95_win30,2026-02-04,btcusdt,30,-0.4157036612914518,-0.3227871892958599,-1.393484856564217,0.0929164719955918,20261582369.3745,18503257112.5226,1758325256.8519,8451770,693682
task3_maker_q95_win30,2026-02-04,btcusdt,120,-0.14843177544064,0.5628506236847697,-7.633418446332725,0.7112823991254098,20261582369.3745,18503257112.5226,1758325256.8519,8451770,693682
task3_maker_q95_win30,2026-02-04,btcusdt,300,0.0918852395807833,1.6427571093635365,-16.22829263612493,1.550871869782753,20261582369.3745,18503257112.5226,1758325256.8519,8451770,693682
task3_maker_q95_win60,2026-02-04,btcusdt,30,-0.4157036612914518,-0.0728677611454629,-2.5471008942969573,0.3428359001459888,20261582369.3745,17454087094.6108,2807495274.7637,8004225,1141227
task3_maker_q95_win60,2026-02-04,btcusdt,120,-0.14843177544064,1.0028466144909298,-7.30588399580109,1.15127838993157,20261582369.3745,17454087094.6108,2807495274.7637,8004225,1141227
task3_maker_q95_win60,2026-02-04,btcusdt,300,0.0918852395807833,2.44133864845551,-14.51457368907448,2.349453408874727,20261582369.3745,17454087094.6108,2807495274.7637,8004225,1141227
task3_maker_q99_win30,2026-02-04,btcusdt,30,-0.4157036612914518,-0.4364529525104882,0.4272336944922703,-0.0207492912190364,20261582369.3745,19774816162.441,486766206.9335,8968246,177206
task3_maker_q99_win30,2026-02-04,btcusdt,120,-0.14843177544064,-0.0130394303714238,-5.648728828541733,0.1353923450692162,20261582369.3745,19774816162.441,486766206.9335,8968246,177206
task3_maker_q99_win30,2026-02-04,btcusdt,300,0.0918852395807833,0.4146391650682711,-13.019952540672508,0.3227539254874877,20261582369.3745,19774816162.441,486766206.9335,8968246,177206
task3_maker_q99_win60,2026-02-04,btcusdt,30,-0.4157036612914518,-0.3474858470262401,-2.101528701307305,0.0682178142652117,20261582369.3745,19473573764.3283,788008605.0462,8845639,299813
task3_maker_q99_win60,2026-02-04,btcusdt,120,-0.14843177544064,0.1268321953135484,-6.950861602751122,0.2752639707541885,20261582369.3745,19473573764.3283,788008605.0462,8845639,299813
task3_maker_q99_win60,2026-02-04,btcusdt,300,0.0918852395807833,0.6934875489342536,-14.775143969190612,0.6016023093534701,20261582369.3745,19473573764.3283,788008605.0462,8845639,299813
no_filter,2026-02-04,ethusdt,30,-0.2418901912890708,-0.2418901912890708,,0.0,21471362473.96348,21471362473.96348,0.0,18759982,0
no_filter,2026-02-04,ethusdt,120,-0.1160730617438005,-0.1160730617438005,,0.0,21471362473.96348,21471362473.96348,0.0,18759982,0
no_filter,2026-02-04,ethusdt,300,-0.1988807819928532,-0.1988807819928532,,0.0,21471362473.96348,21471362473.96348,0.0,18759982,0
task3_maker_q90_win30,2026-02-04,ethusdt,30,-0.2418901912890708,0.2546085347661706,-3.5952841107438576,0.4964987260552414,21471362473.96348,18702323153.49669,2769039320.46679,16747258,2012724
task3_maker_q90_win30,2026-02-04,ethusdt,120,-0.1160730617438005,1.3372002010095043,-9.931602219981617,1.4532732627533047,21471362473.96348,18702323153.49669,2769039320.46679,16747258,2012724
task3_maker_q90_win30,2026-02-04,ethusdt,300,-0.1988807819928532,2.1427411582922384,-16.014391203544825,2.3416219402850915,21471362473.96348,18702323153.49669,2769039320.46679,16747258,2012724
task3_maker_q90_win60,2026-02-04,ethusdt,30,-0.2418901912890708,0.367565724999955,-2.8666798810082827,0.6094559162890258,21471362473.96348,17425334285.43206,4046028188.53142,15685947,3074035
task3_maker_q90_win60,2026-02-04,ethusdt,120,-0.1160730617438005,1.897232022460411,-8.786925679691619,2.013305084204211,21471362473.96348,17425334285.43206,4046028188.53142,15685947,3074035
task3_maker_q90_win60,2026-02-04,ethusdt,300,-0.1988807819928532,3.216826653297978,-14.909565213181244,3.415707435290831,21471362473.96348,17425334285.43206,4046028188.53142,15685947,3074035
task3_maker_q95_win30,2026-02-04,ethusdt,30,-0.2418901912890708,0.2506633422345914,-5.6273385520231445,0.4925535335236622,21471362473.96348,19672146405.92348,1799216068.04,17509220,1250762
task3_maker_q95_win30,2026-02-04,ethusdt,120,-0.1160730617438005,1.1217833922439329,-13.650463858337435,1.2378564539877337,21471362473.96348,19672146405.92348,1799216068.04,17509220,1250762
task3_maker_q95_win30,2026-02-04,ethusdt,300,-0.1988807819928532,1.6824400560140729,-20.768738743579327,1.8813208380069264,21471362473.96348,19672146405.92348,1799216068.04,17509220,1250762
task3_maker_q95_win60,2026-02-04,ethusdt,30,-0.2418901912890708,0.3738377118554344,-4.415421213317141,0.6157279031445053,21471362473.96348,18710910971.903008,2760451502.06047,16735079,2024903
task3_maker_q95_win60,2026-02-04,ethusdt,120,-0.1160730617438005,1.4772232873449578,-10.915765111180423,1.5932963490887584,21471362473.96348,18710910971.903008,2760451502.06047,16735079,2024903
task3_maker_q95_win60,2026-02-04,ethusdt,300,-0.1988807819928532,2.5841247353062253,-19.06266753196099,2.7830055172990784,21471362473.96348,18710910971.903008,2760451502.06047,16735079,2024903
task3_maker_q99_win30,2026-02-04,ethusdt,30,-0.2418901912890708,-0.0360395850254684,-8.137614495357269,0.2058506062636023,21471362473.96348,20925802748.664352,545559725.29913,18389445,370537
task3_maker_q99_win30,2026-02-04,ethusdt,120,-0.1160730617438005,0.404276907968956,-20.074915918980604,0.5203499697127565,21471362473.96348,20925802748.664352,545559725.29913,18389445,370537
task3_maker_q99_win30,2026-02-04,ethusdt,300,-0.1988807819928532,0.3468905503560128,-21.132800052419466,0.5457713323488661,21471362473.96348,20925802748.664352,545559725.29913,18389445,370537
task3_maker_q99_win60,2026-02-04,ethusdt,30,-0.2418901912890708,0.0423272570119351,-6.748806921844669,0.284217448301006,21471362473.96348,20572759134.20097,898603339.76251,18119280,640702
task3_maker_q99_win60,2026-02-04,ethusdt,120,-0.1160730617438005,0.5419630275948067,-15.181249618012275,0.6580360893386072,21471362473.96348,20572759134.20097,898603339.76251,18119280,640702
task3_maker_q99_win60,2026-02-04,ethusdt,300,-0.1988807819928532,0.429438836164549,-14.583724006659274,0.6283196181574022,21471362473.96348,20572759134.20097,898603339.76251,18119280,640702
no_filter,2026-02-05,btcusdt,30,-0.4839526016325294,-0.4839526016325294,,0.0,41345673267.9503,41345673267.9503,0.0,19580992,0
no_filter,2026-02-05,btcusdt,120,-0.0180675447404804,-0.0180675447404804,,0.0,41345673267.9503,41345673267.9503,0.0,19580992,0
no_filter,2026-02-05,btcusdt,300,0.1110368180781343,0.1110368180781343,,0.0,41345673267.9503,41345673267.9503,0.0,19580992,0
task3_maker_q90_win30,2026-02-05,btcusdt,30,-0.4839526016325294,-0.2212915834827933,-1.512229290235602,0.2626610181497361,41345673267.9503,32933263761.4042,8412409506.546101,15995912,3585080
task3_maker_q90_win30,2026-02-05,btcusdt,120,-0.0180675447404804,0.2892506510954897,-1.2211700796645415,0.3073181958359701,41345673267.9503,32933263761.4042,8412409506.546101,15995912,3585080
task3_maker_q90_win30,2026-02-05,btcusdt,300,0.1110368180781343,1.2920198075476197,-4.512326352683488,1.1809829894694854,41345673267.9503,32933263761.4042,8412409506.546101,15995912,3585080
task3_maker_q90_win60,2026-02-05,btcusdt,30,-0.4839526016325294,-0.2012309157614312,-1.1685955319547672,0.2827216858710982,41345673267.9503,29261999486.5079,12083673781.4424,14278823,5302169
task3_maker_q90_win60,2026-02-05,btcusdt,120,-0.0180675447404804,0.0155438567870979,-0.0994614016113348,0.0336114015275784,41345673267.9503,29261999486.5079,12083673781.4424,14278823,5302169
task3_maker_q90_win60,2026-02-05,btcusdt,300,0.1110368180781343,0.9089672753238972,-1.8212431368849828,0.7979304572457628,41345673267.9503,29261999486.5079,12083673781.4424,14278823,5302169
task3_maker_q95_win30,2026-02-05,btcusdt,30,-0.4839526016325294,-0.0126191666857661,-3.1223912385787496,0.4713334349467633,41345673267.9503,35079105252.3378,6266568015.612499,16993430,2587562
task3_maker_q95_win30,2026-02-05,btcusdt,120,-0.0180675447404804,0.5442761677248094,-3.1659651225556016,0.5623437124652898,41345673267.9503,35079105252.3378,6266568015.612499,16993430,2587562
task3_maker_q95_win30,2026-02-05,btcusdt,300,0.1110368180781343,1.5319769016892557,-7.8431267090831165,1.4209400836111212,41345673267.9503,35079105252.3378,6266568015.612499,16993430,2587562
task3_maker_q95_win60,2026-02-05,btcusdt,30,-0.4839526016325294,0.1380321912336041,-2.6672303236930714,0.6219847928661335,41345673267.9503,32178481289.7874,9167191978.1629,15693073,3887919
task3_maker_q95_win60,2026-02-05,btcusdt,120,-0.0180675447404804,0.3170771707517889,-1.1944853597626457,0.3351447154922693,41345673267.9503,32178481289.7874,9167191978.1629,15693073,3887919
task3_maker_q95_win60,2026-02-05,btcusdt,300,0.1110368180781343,1.272101145603907,-3.964506361177378,1.1610643275257728,41345673267.9503,32178481289.7874,9167191978.1629,15693073,3887919
task3_maker_q99_win30,2026-02-05,btcusdt,30,-0.4839526016325294,-0.1775166575647865,-4.851953986698836,0.3064359440677429,41345673267.9503,38635229308.84221,2710443959.1081,18560647,1020345
task3_maker_q99_win30,2026-02-05,btcusdt,120,-0.0180675447404804,0.5354584958061176,-7.908142317572332,0.553526040546598,41345673267.9503,38635229308.84221,2710443959.1081,18560647,1020345
task3_maker_q99_win30,2026-02-05,btcusdt,300,0.1110368180781343,1.143774394546962,-14.60981839409185,1.0327375764688278,41345673267.9503,38635229308.84221,2710443959.1081,18560647,1020345
task3_maker_q99_win60,2026-02-05,btcusdt,30,-0.4839526016325294,-0.0032121078076914,-4.77377530411234,0.4807404938248379,41345673267.9503,37179175819.6508,4166497448.2995,17976454,1604538
task3_maker_q99_win60,2026-02-05,btcusdt,120,-0.0180675447404804,0.4624782663184228,-4.306153021919293,0.4805458110589033,41345673267.9503,37179175819.6508,4166497448.2995,17976454,1604538
task3_maker_q99_win60,2026-02-05,btcusdt,300,0.1110368180781343,1.2148663331640974,-9.738836396905022,1.1038295150859632,41345673267.9503,37179175819.6508,4166497448.2995,17976454,1604538
no_filter,2026-02-05,ethusdt,30,0.1333196861176145,0.1333196861176145,,0.0,31813171056.23014,31813171056.23014,0.0,30864956,0
no_filter,2026-02-05,ethusdt,120,0.2599614047433262,0.2599614047433262,,0.0,31813171056.23014,31813171056.23014,0.0,30864956,0
no_filter,2026-02-05,ethusdt,300,0.4749701127162807,0.4749701127162807,,0.0,31813171056.23014,31813171056.23014,0.0,30864956,0
task3_maker_q90_win30,2026-02-05,ethusdt,30,0.1333196861176145,0.7589266616245819,-3.1714545382967607,0.6256069755069673,31813171056.23014,26749402247.705357,5063768808.52479,26875527,3989429
task3_maker_q90_win30,2026-02-05,ethusdt,120,0.2599614047433262,0.7156535227114134,-2.147236124519129,0.4556921179680872,31813171056.23014,26749402247.705357,5063768808.52479,26875527,3989429
task3_maker_q90_win30,2026-02-05,ethusdt,300,0.4749701127162807,1.8728431540138928,-6.909306240884946,1.397873041297612,31813171056.23014,26749402247.705357,5063768808.52479,26875527,3989429
task3_maker_q90_win60,2026-02-05,ethusdt,30,0.1333196861176145,0.7589134350461859,-1.800455386708093,0.6255937489285714,31813171056.23014,24036987812.45235,7776183243.77779,24462712,6402244
task3_maker_q90_win60,2026-02-05,ethusdt,120,0.2599614047433262,0.0093296801877162,1.034690024130947,-0.2506317245556099,31813171056.23014,24036987812.45235,7776183243.77779,24462712,6402244
task3_maker_q90_win60,2026-02-05,ethusdt,300,0.4749701127162807,2.4445171275877087,-5.613103702982146,1.969547014871428,31813171056.23014,24036987812.45235,7776183243.77779,24462712,6402244
task3_maker_q95_win30,2026-02-05,ethusdt,30,0.1333196861176145,0.6263772901622654,-3.770443685070188,0.4930576040446509,31813171056.23014,28245655802.275963,3567515253.95418,28231026,2633930
task3_maker_q95_win30,2026-02-05,ethusdt,120,0.2599614047433262,0.7409245310890287,-3.548044434976556,0.4809631263457025,31813171056.23014,28245655802.275963,3567515253.95418,28231026,2633930
task3_maker_q95_win30,2026-02-05,ethusdt,300,0.4749701127162807,1.3439085965276665,-6.404814717883681,0.8689384838113858,31813171056.23014,28245655802.275963,3567515253.95418,28231026,2633930
task3_maker_q95_win60,2026-02-05,ethusdt,30,0.1333196861176145,0.7070719540685981,-2.5867926737396614,0.5737522679509837,31813171056.23014,26271692851.532303,5541478204.69784,26571868,4293088
task3_maker_q95_win60,2026-02-05,ethusdt,120,0.2599614047433262,0.4704818342855779,-0.7380986542528388,0.2105204295422517,31813171056.23014,26271692851.532303,5541478204.69784,26571868,4293088
task3_maker_q95_win60,2026-02-05,ethusdt,300,0.4749701127162807,1.6883194875926335,-5.2774195784182,1.2133493748763529,31813171056.23014,26271692851.532303,5541478204.69784,26571868,4293088
task3_maker_q99_win30,2026-02-05,ethusdt,30,0.1333196861176145,0.3981816612081126,-6.223404155148859,0.2648619750904981,31813171056.23014,30540651216.79373,1272519839.43641,30008941,856015
task3_maker_q99_win30,2026-02-05,ethusdt,120,0.2599614047433262,0.621561233192785,-8.418484226107076,0.3615998284494588,31813171056.23014,30540651216.79373,1272519839.43641,30008941,856015
task3_maker_q99_win30,2026-02-05,ethusdt,300,0.4749701127162807,0.63617632527534,-3.394001167076933,0.1612062125590592,31813171056.23014,30540651216.79373,1272519839.43641,30008941,856015
task3_maker_q99_win60,2026-02-05,ethusdt,30,0.1333196861176145,0.4139322372227639,-4.066821992726179,0.2806125511051494,31813171056.23014,29820833465.12442,1992337591.10572,29441267,1423689
task3_maker_q99_win60,2026-02-05,ethusdt,120,0.2599614047433262,0.4109227884162363,-1.9995925495020368,0.1509613836729101,31813171056.23014,29820833465.12442,1992337591.10572,29441267,1423689
task3_maker_q99_win60,2026-02-05,ethusdt,300,0.4749701127162807,0.4143556775374916,1.38223250896815,-0.060614435178789,31813171056.23014,29820833465.12442,1992337591.10572,29441267,1423689
no_filter,2026-02-06,btcusdt,30,-0.1273781379956412,-0.1273781379956412,,0.0,33209526120.3311,33209526120.3311,0.0,16332895,0
no_filter,2026-02-06,btcusdt,120,-0.2054832701567556,-0.2054832701567556,,0.0,33209526120.3311,33209526120.3311,0.0,16332895,0
no_filter,2026-02-06,btcusdt,300,-0.755587683334424,-0.755587683334424,,0.0,33209526120.3311,33209526120.3311,0.0,16332895,0
task3_maker_q90_win30,2026-02-06,btcusdt,30,-0.1273781379956412,-0.1806252484865026,0.126276315829267,-0.0532471104908613,33209526120.3311,27447706982.5863,5761819137.744801,13726683,2606212
task3_maker_q90_win30,2026-02-06,btcusdt,120,-0.2054832701567556,-0.3989516170891745,0.7161462308839261,-0.1934683469324189,33209526120.3311,27447706982.5863,5761819137.744801,13726683,2606212
task3_maker_q90_win30,2026-02-06,btcusdt,300,-0.755587683334424,-2.059866491928982,5.457634513694176,-1.304278808594558,33209526120.3311,27447706982.5863,5761819137.744801,13726683,2606212
task3_maker_q90_win60,2026-02-06,btcusdt,30,-0.1273781379956412,-0.4612012801153931,0.8578820288675454,-0.3338231421197519,33209526120.3311,24805122636.2595,8404403484.0716,12422509,3910386
task3_maker_q90_win60,2026-02-06,btcusdt,120,-0.2054832701567556,-0.6113495371956716,0.9924081146276192,-0.405866267038916,33209526120.3311,24805122636.2595,8404403484.0716,12422509,3910386
task3_maker_q90_win60,2026-02-06,btcusdt,300,-0.755587683334424,-2.619833011586026,4.746627206633238,-1.8642453282516025,33209526120.3311,24805122636.2595,8404403484.0716,12422509,3910386
task3_maker_q95_win30,2026-02-06,btcusdt,30,-0.1273781379956412,-0.0064836014098956,-0.9761773078367252,0.1208945365857456,33209526120.3311,29069197845.5981,4140328274.733,14489846,1843049
task3_maker_q95_win30,2026-02-06,btcusdt,120,-0.2054832701567556,-0.1914088903784238,-0.3042993309090393,0.0140743797783318,33209526120.3311,29069197845.5981,4140328274.733,14489846,1843049
task3_maker_q95_win30,2026-02-06,btcusdt,300,-0.755587683334424,-1.8654462513858463,7.036716731802692,-1.1098585680514224,33209526120.3311,29069197845.5981,4140328274.733,14489846,1843049
task3_maker_q95_win60,2026-02-06,btcusdt,30,-0.1273781379956412,-0.3582906958461492,0.8493555959813363,-0.230912557850508,33209526120.3311,26859573594.211506,6349952526.1196,13440271,2892624
task3_maker_q95_win60,2026-02-06,btcusdt,120,-0.2054832701567556,-0.6243434713592827,1.566247518948929,-0.4188602012025271,33209526120.3311,26859573594.211506,6349952526.1196,13440271,2892624
task3_maker_q95_win60,2026-02-06,btcusdt,300,-0.755587683334424,-2.63932298503384,7.212397393701835,-1.883735301699416,33209526120.3311,26859573594.211506,6349952526.1196,13440271,2892624
task3_maker_q99_win30,2026-02-06,btcusdt,30,-0.1273781379956412,-1.109684202173403e-05,-3.1072832401456,0.1273670411536195,33209526120.3311,31848268114.9208,1361258005.4102998,15749052,583843
task3_maker_q99_win30,2026-02-06,btcusdt,120,-0.2054832701567556,-0.0380472312068489,-4.122850763595048,0.1674360389499067,33209526120.3311,31848268114.9208,1361258005.4102998,15749052,583843
task3_maker_q99_win30,2026-02-06,btcusdt,300,-0.755587683334424,-1.0506617228441997,6.148024333424668,-0.2950740395097754,33209526120.3311,31848268114.9208,1361258005.4102998,15749052,583843
task3_maker_q99_win60,2026-02-06,btcusdt,30,-0.1273781379956412,-0.1601699215787436,0.3222961983526499,-0.0327917835831024,33209526120.3311,30952373652.1119,2257152468.2192,15348070,984825
task3_maker_q99_win60,2026-02-06,btcusdt,120,-0.2054832701567556,-0.0748170607245698,-1.9973114231042663,0.1306662094321858,33209526120.3311,30952373652.1119,2257152468.2192,15348070,984825
task3_maker_q99_win60,2026-02-06,btcusdt,300,-0.755587683334424,-1.4369237577429,8.587586539358906,-0.6813360744084759,33209526120.3311,30952373652.1119,2257152468.2192,15348070,984825
no_filter,2026-02-06,ethusdt,30,-0.1238816511091938,-0.1238816511091938,,0.0,23687209972.03989,23687209972.03989,0.0,24473366,0
no_filter,2026-02-06,ethusdt,120,0.2777335134351029,0.2777335134351029,,0.0,23687209972.03989,23687209972.03989,0.0,24473366,0
no_filter,2026-02-06,ethusdt,300,0.3416422429480702,0.3416422429480702,,0.0,23687209972.03989,23687209972.03989,0.0,24473366,0
task3_maker_q90_win30,2026-02-06,ethusdt,30,-0.1238816511091938,-0.166334196338494,0.1846284882116524,-0.0424525452293001,23687209972.03989,20821998378.44019,2865211593.5997,21912614,2560752
task3_maker_q90_win30,2026-02-06,ethusdt,120,0.2777335134351029,1.5120441456948093,-8.692219714736066,1.2343106322597064,23687209972.03989,20821998378.44019,2865211593.5997,21912614,2560752
task3_maker_q90_win30,2026-02-06,ethusdt,300,0.3416422429480702,0.4959346811084437,-0.7796281387428792,0.1542924381603735,23687209972.03989,20821998378.44019,2865211593.5997,21912614,2560752
task3_maker_q90_win60,2026-02-06,ethusdt,30,-0.1238816511091938,0.1299283572933591,-1.2259791267941464,0.2538100084025529,23687209972.03989,19253241554.14119,4433968417.8987,20400259,4073107
task3_maker_q90_win60,2026-02-06,ethusdt,120,0.2777335134351029,1.8925498663589837,-6.734145322444122,1.6148163529238806,23687209972.03989,19253241554.14119,4433968417.8987,20400259,4073107
task3_maker_q90_win60,2026-02-06,ethusdt,300,0.3416422429480702,0.3102500017363134,0.4779540850748711,-0.0313922412117567,23687209972.03989,19253241554.14119,4433968417.8987,20400259,4073107
task3_maker_q95_win30,2026-02-06,ethusdt,30,-0.1238816511091938,-0.0259987208682986,-1.2848577789867532,0.0978829302408952,23687209972.03989,21845404484.48987,1841805487.55002,22858524,1614842
task3_maker_q95_win30,2026-02-06,ethusdt,120,0.2777335134351029,1.2856304849206683,-11.676795436352585,1.0078969714855657,23687209972.03989,21845404484.48987,1841805487.55002,22858524,1614842
task3_maker_q95_win30,2026-02-06,ethusdt,300,0.3416422429480702,0.5069049668639897,-1.6185164570643742,0.1652627239159194,23687209972.03989,21845404484.48987,1841805487.55002,22858524,1614842
task3_maker_q95_win60,2026-02-06,ethusdt,30,-0.1238816511091938,0.2748639952714964,-2.918146755409755,0.3987456463806903,23687209972.03989,20729132912.87528,2958077059.16461,21818955,2654411
task3_maker_q95_win60,2026-02-06,ethusdt,120,0.2777335134351029,1.9682825798378571,-11.5690221972145,1.6905490664027545,23687209972.03989,20729132912.87528,2958077059.16461,21818955,2654411
task3_maker_q95_win60,2026-02-06,ethusdt,300,0.3416422429480702,0.5716677500146501,-1.2702932184902644,0.2300255070665798,23687209972.03989,20729132912.87528,2958077059.16461,21818955,2654411
task3_maker_q99_win30,2026-02-06,ethusdt,30,-0.1238816511091938,-0.0489973993968274,-3.636238107576784,0.0748842517123664,23687209972.03989,23192735489.22497,494474482.81492,24070912,402454
task3_maker_q99_win30,2026-02-06,ethusdt,120,0.2777335134351029,0.5218922300828074,-11.174239701365504,0.2441587166477045,23687209972.03989,23192735489.22497,494474482.81492,24070912,402454
task3_maker_q99_win30,2026-02-06,ethusdt,300,0.3416422429480702,0.3130746821797755,1.681569587023816,-0.0285675607682946,23687209972.03989,23192735489.22497,494474482.81492,24070912,402454
task3_maker_q99_win60,2026-02-06,ethusdt,30,-0.1238816511091938,0.0202085548956175,-3.959969874845555,0.1440902060048114,23687209972.03989,22829686867.284912,857523104.7549801,23744285,729081
task3_maker_q99_win60,2026-02-06,ethusdt,120,0.2777335134351029,0.6575601503251539,-9.834324267831857,0.379826636890051,23687209972.03989,22829686867.284912,857523104.7549801,23744285,729081
task3_maker_q99_win60,2026-02-06,ethusdt,300,0.3416422429480702,0.1903841696947599,4.368559336346495,-0.1512580732533102,23687209972.03989,22829686867.284912,857523104.7549801,23744285,729081
no_filter,2026-02-07,btcusdt,30,-0.0287584167894765,-0.0287584167894765,,0.0,16670369478.078102,16670369478.078102,0.0,8784245,0
no_filter,2026-02-07,btcusdt,120,-0.1861561558730445,-0.1861561558730445,,0.0,16670369478.078102,16670369478.078102,0.0,8784245,0
no_filter,2026-02-07,btcusdt,300,-0.4057595670558733,-0.4057595670558733,,0.0,16670369478.078102,16670369478.078102,0.0,8784245,0
task3_maker_q90_win30,2026-02-07,btcusdt,30,-0.0287584167894765,0.0954483553875597,-0.9214673722508394,0.1242067721770363,16670369478.078102,14634239317.4411,2036130160.637,7809628,974617
task3_maker_q90_win30,2026-02-07,btcusdt,120,-0.1861561558730445,0.0054789546392628,-1.563491516390478,0.1916351105123074,16670369478.078102,14634239317.4411,2036130160.637,7809628,974617
task3_maker_q90_win30,2026-02-07,btcusdt,300,-0.4057595670558733,0.127641947557474,-4.239466059913487,0.5334015146133474,16670369478.078102,14634239317.4411,2036130160.637,7809628,974617
task3_maker_q90_win60,2026-02-07,btcusdt,30,-0.0287584167894765,0.213421470867676,-1.1559409480401397,0.2421798876571526,16670369478.078102,13722115493.844902,2948253984.2332,7315034,1469211
task3_maker_q90_win60,2026-02-07,btcusdt,120,-0.1861561558730445,0.0316021754375629,-1.1996729654732414,0.2177583313106074,16670369478.078102,13722115493.844902,2948253984.2332,7315034,1469211
task3_maker_q90_win60,2026-02-07,btcusdt,300,-0.4057595670558733,0.2452047716533923,-3.435555468600684,0.6509643387092656,16670369478.078102,13722115493.844902,2948253984.2332,7315034,1469211
task3_maker_q95_win30,2026-02-07,btcusdt,30,-0.0287584167894765,0.0693346465846621,-1.0967110414511605,0.0980930633741387,16670369478.078102,15267982224.7639,1402387253.3142,8123885,660360
task3_maker_q95_win30,2026-02-07,btcusdt,120,-0.1861561558730445,-0.1528588346889229,-0.5486686550204708,0.0332973211841216,16670369478.078102,15267982224.7639,1402387253.3142,8123885,660360
task3_maker_q95_win30,2026-02-07,btcusdt,300,-0.4057595670558733,-0.1252622194837728,-3.459572632386653,0.2804973475721005,16670369478.078102,15267982224.7639,1402387253.3142,8123885,660360
task3_maker_q95_win60,2026-02-07,btcusdt,30,-0.0287584167894765,0.1352107801948022,-1.1095792656248444,0.1639691969842787,16670369478.078102,14474475394.629002,2195894083.4491,7723592,1060653
task3_maker_q95_win60,2026-02-07,btcusdt,120,-0.1861561558730445,-0.1475875085552858,-0.4403856020074201,0.0385686473177586,16670369478.078102,14474475394.629002,2195894083.4491,7723592,1060653
task3_maker_q95_win60,2026-02-07,btcusdt,300,-0.4057595670558733,-0.1672415597138109,-1.9779770316732408,0.2385180073420623,16670369478.078102,14474475394.629002,2195894083.4491,7723592,1060653
task3_maker_q99_win30,2026-02-07,btcusdt,30,-0.0287584167894765,0.2018171156315101,-7.964038771225015,0.2305755324209867,16670369478.078102,16199655890.7554,470713587.3227,8570403,213842
task3_maker_q99_win30,2026-02-07,btcusdt,120,-0.1861561558730445,0.1293245393470664,-11.04345630692738,0.3154806952201109,16670369478.078102,16199655890.7554,470713587.3227,8570403,213842
task3_maker_q99_win30,2026-02-07,btcusdt,300,-0.4057595670558733,-0.2185875493270006,-6.847303557387773,0.1871720177288726,16670369478.078102,16199655890.7554,470713587.3227,8570403,213842
task3_maker_q99_win60,2026-02-07,btcusdt,30,-0.0287584167894765,0.2179687396585024,-4.811458120996676,0.246727156447979,16670369478.078102,15852575925.8069,817793552.2712001,8407025,377220
task3_maker_q99_win60,2026-02-07,btcusdt,120,-0.1861561558730445,0.2178372041306807,-8.017393508129723,0.4039933600037253,16670369478.078102,15852575925.8069,817793552.2712001,8407025,377220
task3_maker_q99_win60,2026-02-07,btcusdt,300,-0.4057595670558733,-0.2546989294183059,-3.334004991466114,0.1510606376375673,16670369478.078102,15852575925.8069,817793552.2712001,8407025,377220
no_filter,2026-02-07,ethusdt,30,4.020022610078704,4.020022610078704,,0.0,15930448628.87148,15930448628.87148,0.0,14846160,0
no_filter,2026-02-07,ethusdt,120,3.488810015765237,3.488810015765237,,0.0,15930448628.87148,15930448628.87148,0.0,14846160,0
no_filter,2026-02-07,ethusdt,300,4.273341112366012,4.273341112366012,,0.0,15930448628.87148,15930448628.87148,0.0,14846160,0
task3_maker_q90_win30,2026-02-07,ethusdt,30,4.020022610078704,1.116659136815868,14.25428931380918,-2.903363473262836,15930448628.87148,12409883501.17044,3520565127.7010403,12618800,2227360
task3_maker_q90_win30,2026-02-07,ethusdt,120,3.488810015765237,1.890990768862939,9.121073584465003,-1.597819246902298,15930448628.87148,12409883501.17044,3520565127.7010403,12618800,2227360
task3_maker_q90_win30,2026-02-07,ethusdt,300,4.273341112366012,2.814543238589881,9.415558628205206,-1.458797873776131,15930448628.87148,12409883501.17044,3520565127.7010403,12618800,2227360
task3_maker_q90_win60,2026-02-07,ethusdt,30,4.020022610078704,-0.0199485692505523,12.193339989934314,-4.039971179329256,15930448628.87148,10660897105.33641,5269551523.53507,11488453,3357707
task3_maker_q90_win60,2026-02-07,ethusdt,120,3.488810015765237,1.0904551288133084,8.340952471850875,-2.3983548869519287,15930448628.87148,10660897105.33641,5269551523.53507,11488453,3357707
task3_maker_q90_win60,2026-02-07,ethusdt,300,4.273341112366012,1.6797069519303651,9.520555565018476,-2.5936341604356468,15930448628.87148,10660897105.33641,5269551523.53507,11488453,3357707
task3_maker_q95_win30,2026-02-07,ethusdt,30,4.020022610078704,1.283465508900086,17.721508917582863,-2.736557101178618,15930448628.87148,13278394413.14455,2652054215.7269297,13233940,1612220
task3_maker_q95_win30,2026-02-07,ethusdt,120,3.488810015765237,1.7758310910493815,12.065410618007,-1.7129789247158556,15930448628.87148,13278394413.14455,2652054215.7269297,13233940,1612220
task3_maker_q95_win30,2026-02-07,ethusdt,300,4.273341112366012,2.530697009404751,12.99847032866959,-1.7426441029612607,15930448628.87148,13278394413.14455,2652054215.7269297,13233940,1612220
task3_maker_q95_win60,2026-02-07,ethusdt,30,4.020022610078704,0.8100568141218624,13.615813939569248,-3.2099657959568417,15930448628.87148,11937229429.726427,3993219199.14505,12355826,2490334
task3_maker_q95_win60,2026-02-07,ethusdt,120,3.488810015765237,1.3620805454436744,9.846401812284816,-2.1267294703215627,15930448628.87148,11937229429.726427,3993219199.14505,12355826,2490334
task3_maker_q95_win60,2026-02-07,ethusdt,300,4.273341112366012,2.0461102068947685,10.93136938120732,-2.227230905471244,15930448628.87148,11937229429.726427,3993219199.14505,12355826,2490334
task3_maker_q99_win30,2026-02-07,ethusdt,30,4.020022610078704,2.3652107669514644,30.26083645654583,-1.6548118431272396,15930448628.87148,14985429673.185528,945018955.68595,14350247,495913
task3_maker_q99_win30,2026-02-07,ethusdt,120,3.488810015765237,2.9376954080943425,12.227988362852248,-0.5511146076708946,15930448628.87148,14985429673.185528,945018955.68595,14350247,495913
task3_maker_q99_win30,2026-02-07,ethusdt,300,4.273341112366012,2.605234904466653,30.72496741623794,-1.668106207899359,15930448628.87148,14985429673.185528,945018955.68595,14350247,495913
task3_maker_q99_win60,2026-02-07,ethusdt,30,4.020022610078704,2.4255296583833097,21.75325493267132,-1.5944929516953943,15930448628.87148,14616223199.04956,1314225429.82192,14096649,749511
task3_maker_q99_win60,2026-02-07,ethusdt,120,3.488810015765237,3.316371402834756,5.4065945887421485,-0.1724386129304811,15930448628.87148,14616223199.04956,1314225429.82192,14096649,749511
task3_maker_q99_win60,2026-02-07,ethusdt,300,4.273341112366012,2.5420274119711253,23.528232167071145,-1.7313137003948866,15930448628.87148,14616223199.04956,1314225429.82192,14096649,749511
no_filter,2026-02-08,btcusdt,30,-0.2436227037310542,-0.2436227037310542,,0.0,10523863339.0093,10523863339.0093,0.0,5758737,0
no_filter,2026-02-08,btcusdt,120,-0.5894574990393271,-0.5894574990393271,,0.0,10523863339.0093,10523863339.0093,0.0,5758737,0
no_filter,2026-02-08,btcusdt,300,0.1353249184866828,0.1353249184866828,,0.0,10523863339.0093,10523863339.0093,0.0,5758737,0
task3_maker_q90_win30,2026-02-08,btcusdt,30,-0.2436227037310542,-0.0903285248793385,-1.7748154073596245,0.1532941788517156,10523863339.0093,9566155086.318298,957708252.691,5289424,469313
task3_maker_q90_win30,2026-02-08,btcusdt,120,-0.5894574990393271,-0.4245969141533311,-2.2361822904455235,0.1648605848859959,10523863339.0093,9566155086.318298,957708252.691,5289424,469313
task3_maker_q90_win30,2026-02-08,btcusdt,300,0.1353249184866828,1.1973984150870849,-10.473291800644644,1.0620734966004015,10523863339.0093,9566155086.318298,957708252.691,5289424,469313
task3_maker_q90_win60,2026-02-08,btcusdt,30,-0.2436227037310542,-0.1318466883103219,-0.9960510869168264,0.1117760154207322,10523863339.0093,9162709064.9006,1361154274.1087,5079485,679252
task3_maker_q90_win60,2026-02-08,btcusdt,120,-0.5894574990393271,-0.5746286668368311,-0.689278862295648,0.0148288322024959,10523863339.0093,9162709064.9006,1361154274.1087,5079485,679252
task3_maker_q90_win60,2026-02-08,btcusdt,300,0.1353249184866828,1.1731704541898147,-6.851007842493423,1.0378455357031318,10523863339.0093,9162709064.9006,1361154274.1087,5079485,679252
task3_maker_q95_win30,2026-02-08,btcusdt,30,-0.2436227037310542,-0.1078035693138733,-2.244976327372763,0.1358191344171809,10523863339.0093,9855062932.4726,668800406.5367,5437172,321565
task3_maker_q95_win30,2026-02-08,btcusdt,120,-0.5894574990393271,-0.3723949226278082,-3.787968340110077,0.2170625764115188,10523863339.0093,9855062932.4726,668800406.5367,5437172,321565
task3_maker_q95_win30,2026-02-08,btcusdt,300,0.1353249184866828,1.1462597963983092,-14.761237262212106,1.0109348779116265,10523863339.0093,9855062932.4726,668800406.5367,5437172,321565
task3_maker_q95_win60,2026-02-08,btcusdt,30,-0.2436227037310542,-0.096918444260858,-1.669413660303918,0.1467042594701962,10523863339.0093,9542050763.5791,981812575.4302,5273631,485106
task3_maker_q95_win60,2026-02-08,btcusdt,120,-0.5894574990393271,-0.3826663022793382,-2.5992220369201813,0.2067911967599889,10523863339.0093,9542050763.5791,981812575.4302,5273631,485106
task3_maker_q95_win60,2026-02-08,btcusdt,300,0.1353249184866828,1.287708634098852,-11.064474502166556,1.152383715612169,10523863339.0093,9542050763.5791,981812575.4302,5273631,485106
task3_maker_q99_win30,2026-02-08,btcusdt,30,-0.2436227037310542,-0.1519987545031015,-4.475290976855251,0.0916239492279527,10523863339.0093,10300830087.8055,223033251.2038,5658117,100620
task3_maker_q99_win30,2026-02-08,btcusdt,120,-0.5894574990393271,-0.4072745285266076,-9.003610160197455,0.1821829705127194,10523863339.0093,10300830087.8055,223033251.2038,5658117,100620
task3_maker_q99_win30,2026-02-08,btcusdt,300,0.1353249184866828,0.8594810740260842,-33.30995498927772,0.7241561555394014,10523863339.0093,10300830087.8055,223033251.2038,5658117,100620
task3_maker_q99_win60,2026-02-08,btcusdt,30,-0.2436227037310542,-0.1144759224030471,-4.449230742471621,0.1291467813280071,10523863339.0093,10210322404.4502,313540934.55910003,5613476,145261
task3_maker_q99_win60,2026-02-08,btcusdt,120,-0.5894574990393271,-0.319870520655085,-9.36843868443163,0.2695869783842421,10523863339.0093,10210322404.4502,313540934.55910003,5613476,145261
task3_maker_q99_win60,2026-02-08,btcusdt,300,0.1353249184866828,1.153169743470589,-33.01034339879634,1.017844824983906,10523863339.0093,10210322404.4502,313540934.55910003,5613476,145261
no_filter,2026-02-08,ethusdt,30,-0.1312915150963821,-0.1312915150963821,,0.0,8964650689.08348,8964650689.08348,0.0,8396008,0
no_filter,2026-02-08,ethusdt,120,0.0225067702319257,0.0225067702319257,,0.0,8964650689.08348,8964650689.08348,0.0,8396008,0
no_filter,2026-02-08,ethusdt,300,0.5885373267928711,0.5885373267928711,,0.0,8964650689.08348,8964650689.08348,0.0,8396008,0
task3_maker_q90_win30,2026-02-08,ethusdt,30,-0.1312915150963821,-0.208941439915053,0.7214713510543614,-0.0776499248186709,8964650689.08348,8216483360.78644,748167328.29704,7824984,571024
task3_maker_q90_win30,2026-02-08,ethusdt,120,0.0225067702319257,-0.071315901673063,1.05288111754077,-0.0938226719049887,8964650689.08348,8216483360.78644,748167328.29704,7824984,571024
task3_maker_q90_win30,2026-02-08,ethusdt,300,0.5885373267928711,1.4169103176230966,-8.508776386669878,0.8283729908302255,8964650689.08348,8216483360.78644,748167328.29704,7824984,571024
task3_maker_q90_win60,2026-02-08,ethusdt,30,-0.1312915150963821,-0.2049286431290323,0.4263464746986256,-0.0736371280326502,8964650689.08348,7918940012.52194,1045710676.56154,7555656,840352
task3_maker_q90_win60,2026-02-08,ethusdt,120,0.0225067702319257,-0.0050134752352787,0.2309116166864563,-0.0275202454672044,8964650689.08348,7918940012.52194,1045710676.56154,7555656,840352
task3_maker_q90_win60,2026-02-08,ethusdt,300,0.5885373267928711,1.7414614092810794,-8.142306541261224,1.1529240824882083,8964650689.08348,7918940012.52194,1045710676.56154,7555656,840352
task3_maker_q95_win30,2026-02-08,ethusdt,30,-0.1312915150963821,-0.1772027000902667,0.6122356316856965,-0.0459111849938846,8964650689.08348,8443295543.75356,521355145.32992,8010608,385400
task3_maker_q95_win30,2026-02-08,ethusdt,120,0.0225067702319257,-0.1133659061085914,2.222951463144254,-0.1358726763405171,8964650689.08348,8443295543.75356,521355145.32992,8010608,385400
task3_maker_q95_win30,2026-02-08,ethusdt,300,0.5885373267928711,1.5734023927773118,-15.361256009499664,0.9848650659844408,8964650689.08348,8443295543.75356,521355145.32992,8010608,385400
task3_maker_q95_win60,2026-02-08,ethusdt,30,-0.1312915150963821,-0.2013355041810297,0.6292621392475298,-0.0700439890846476,8964650689.08348,8208665044.311,755985644.77248,7815396,580612
task3_maker_q95_win60,2026-02-08,ethusdt,120,0.0225067702319257,-0.0993082852353105,1.3452025047331386,-0.1218150554672362,8964650689.08348,8208665044.311,755985644.77248,7815396,580612
task3_maker_q95_win60,2026-02-08,ethusdt,300,0.5885373267928711,1.9781008505905364,-14.499661243538943,1.3895635237976651,8964650689.08348,8208665044.311,755985644.77248,7815396,580612
task3_maker_q99_win30,2026-02-08,ethusdt,30,-0.1312915150963821,-0.1092751920608923,-1.4619313115858632,0.0220163230354897,8964650689.08348,8818738773.54023,145911915.54325,8300454,95554
task3_maker_q99_win30,2026-02-08,ethusdt,120,0.0225067702319257,0.1050603280328576,-4.96692989340354,0.0825535578009319,8964650689.08348,8818738773.54023,145911915.54325,8300454,95554
task3_maker_q99_win30,2026-02-08,ethusdt,300,0.5885373267928711,1.2873331226709424,-41.6458309696758,0.6987957958780713,8964650689.08348,8818738773.54023,145911915.54325,8300454,95554
task3_maker_q99_win60,2026-02-08,ethusdt,30,-0.1312915150963821,-0.1171209113641235,-0.6715628121023901,0.0141706037322585,8964650689.08348,8735529274.659409,229121414.42407,8235408,160600
task3_maker_q99_win60,2026-02-08,ethusdt,120,0.0225067702319257,0.15936867065969,-5.195517659206379,0.1368619004277642,8964650689.08348,8735529274.659409,229121414.42407,8235408,160600
task3_maker_q99_win60,2026-02-08,ethusdt,300,0.5885373267928711,1.622097769013917,-38.81719662804856,1.0335604422210456,8964650689.08348,8735529274.659409,229121414.42407,8235408,160600
no_filter,2026-02-09,btcusdt,30,0.0167305520156153,0.0167305520156153,,0.0,14444540571.67,14444540571.67,0.0,7998760,0
no_filter,2026-02-09,btcusdt,120,0.0371868420150047,0.0371868420150047,,0.0,14444540571.67,14444540571.67,0.0,7998760,0
no_filter,2026-02-09,btcusdt,300,0.0447741817801541,0.0447741817801541,,0.0,14444540571.67,14444540571.67,0.0,7998760,0
task3_maker_q90_win30,2026-02-09,btcusdt,30,0.0167305520156153,0.1028457767170171,-0.9392503078671748,0.0861152247014017,14444540571.67,13250893579.3831,1193646992.2869,7414731,584029
task3_maker_q90_win30,2026-02-09,btcusdt,120,0.0371868420150047,0.123403853275227,-0.919923969074012,0.0862170112602222,14444540571.67,13250893579.3831,1193646992.2869,7414731,584029
task3_maker_q90_win30,2026-02-09,btcusdt,300,0.0447741817801541,0.399189795341059,-3.88965836696666,0.3544156135609048,14444540571.67,13250893579.3831,1193646992.2869,7414731,584029
task3_maker_q90_win60,2026-02-09,btcusdt,30,0.0167305520156153,0.1146802472461488,-0.6825314989151349,0.0979496952305335,14444540571.67,12669807129.0773,1774733442.5927,7124430,874330
task3_maker_q90_win60,2026-02-09,btcusdt,120,0.0371868420150047,0.1947632862131295,-1.087750068600387,0.1575764441981247,14444540571.67,12669807129.0773,1774733442.5927,7124430,874330
task3_maker_q90_win60,2026-02-09,btcusdt,300,0.0447741817801541,0.6330692974082106,-4.15505970375073,0.5882951156280565,14444540571.67,12669807129.0773,1774733442.5927,7124430,874330
task3_maker_q95_win30,2026-02-09,btcusdt,30,0.0167305520156153,0.079020940141454,-1.0069268022313582,0.0622903881258387,14444540571.67,13615996063.126,828544508.544,7592875,405885
task3_maker_q95_win30,2026-02-09,btcusdt,120,0.0371868420150047,0.0325478928828132,0.1134216277985232,-0.0046389491321915,14444540571.67,13615996063.126,828544508.544,7592875,405885
task3_maker_q95_win30,2026-02-09,btcusdt,300,0.0447741817801541,0.309788377499952,-4.310371749890268,0.2650141957197979,14444540571.67,13615996063.126,828544508.544,7592875,405885
task3_maker_q95_win60,2026-02-09,btcusdt,30,0.0167305520156153,0.0949978859420719,-0.7670355987471054,0.0782673339264566,14444540571.67,13133065205.0898,1311475366.5802,7351283,647477
task3_maker_q95_win60,2026-02-09,btcusdt,120,0.0371868420150047,0.1121722207089074,-0.7137139319608754,0.0749853786939026,14444540571.67,13133065205.0898,1311475366.5802,7351283,647477
task3_maker_q95_win60,2026-02-09,btcusdt,300,0.0447741817801541,0.5314500177115763,-4.828779412821878,0.4866758359314221,14444540571.67,13133065205.0898,1311475366.5802,7351283,647477
task3_maker_q99_win30,2026-02-09,btcusdt,30,0.0167305520156153,0.0579593227980754,-2.2290651239716004,0.04122877078246,14444540571.67,14184145168.7575,260395402.9125,7874791,123969
task3_maker_q99_win30,2026-02-09,btcusdt,120,0.0371868420150047,0.0143206086390592,1.2827463643391563,-0.0228662333759454,14444540571.67,14184145168.7575,260395402.9125,7874791,123969
task3_maker_q99_win30,2026-02-09,btcusdt,300,0.0447741817801541,0.1983569102509917,-8.321117426437839,0.1535827284708376,14444540571.67,14184145168.7575,260395402.9125,7874791,123969
task3_maker_q99_win60,2026-02-09,btcusdt,30,0.0167305520156153,0.0634192112884013,-1.600587408795189,0.0466886592727859,14444540571.67,14039255986.2825,405284585.3875,7805739,193021
task3_maker_q99_win60,2026-02-09,btcusdt,120,0.0371868420150047,0.011634919086788,0.9223179322784228,-0.0255519229282167,14444540571.67,14039255986.2825,405284585.3875,7805739,193021
task3_maker_q99_win60,2026-02-09,btcusdt,300,0.0447741817801541,0.2786511944087982,-8.056839765518596,0.233877012628644,14444540571.67,14039255986.2825,405284585.3875,7805739,193021
no_filter,2026-02-09,ethusdt,30,-0.1006931505639232,-0.1006931505639232,,0.0,12016587057.782372,12016587057.782372,0.0,11520000,0
no_filter,2026-02-09,ethusdt,120,-0.3617880842902412,-0.3617880842902412,,0.0,12016587057.782372,12016587057.782372,0.0,11520000,0
no_filter,2026-02-09,ethusdt,300,-0.921421271869803,-0.921421271869803,,0.0,12016587057.782372,12016587057.782372,0.0,11520000,0
task3_maker_q90_win30,2026-02-09,ethusdt,30,-0.1006931505639232,-0.1048184797668188,-0.0529819457634815,-0.0041253292028955,12016587057.782372,11060265836.43267,956321221.3497,10735232,784768
task3_maker_q90_win30,2026-02-09,ethusdt,120,-0.3617880842902412,-0.5765164378095587,2.1216375885096017,-0.2147283535193175,12016587057.782372,11060265836.43267,956321221.3497,10735232,784768
task3_maker_q90_win30,2026-02-09,ethusdt,300,-0.921421271869803,-1.2862055945224815,3.297466159915321,-0.3647843226526787,12016587057.782372,11060265836.43267,956321221.3497,10735232,784768
task3_maker_q90_win60,2026-02-09,ethusdt,30,-0.1006931505639232,-0.1567322026009232,0.3159693368796334,-0.0560390520369999,12016587057.782372,10592013428.98016,1424573628.80221,10322680,1197320
task3_maker_q90_win60,2026-02-09,ethusdt,120,-0.3617880842902412,-0.6428835636180094,1.7282176772011644,-0.2810954793277682,12016587057.782372,10592013428.98016,1424573628.80221,10322680,1197320
task3_maker_q90_win60,2026-02-09,ethusdt,300,-0.921421271869803,-1.3354845932587114,2.157229190224613,-0.4140633213889083,12016587057.782372,10592013428.98016,1424573628.80221,10322680,1197320
task3_maker_q95_win30,2026-02-09,ethusdt,30,-0.1006931505639232,-0.1150454754389946,0.1401935255366907,-0.0143523248750713,12016587057.782372,11340883263.755611,675703794.02676,10988298,531702
task3_maker_q95_win30,2026-02-09,ethusdt,120,-0.3617880842902412,-0.5988368840299573,3.6167936395753446,-0.2370487997397161,12016587057.782372,11340883263.755611,675703794.02676,10988298,531702
task3_maker_q95_win30,2026-02-09,ethusdt,300,-0.921421271869803,-1.1079804419599106,2.209752163115004,-0.1865591700901075,12016587057.782372,11340883263.755611,675703794.02676,10988298,531702
task3_maker_q95_win60,2026-02-09,ethusdt,30,-0.1006931505639232,-0.143684257734861,0.3653066018142616,-0.0429911071709377,12016587057.782372,11001625055.34553,1014962002.43684,10693061,826939
task3_maker_q95_win60,2026-02-09,ethusdt,120,-0.3617880842902412,-0.6351709267945024,2.6015302690819286,-0.2733828425042612,12016587057.782372,11001625055.34553,1014962002.43684,10693061,826939
task3_maker_q95_win60,2026-02-09,ethusdt,300,-0.921421271869803,-1.1270351793844813,1.3073194210919976,-0.2056139075146782,12016587057.782372,11001625055.34553,1014962002.43684,10693061,826939
task3_maker_q99_win30,2026-02-09,ethusdt,30,-0.1006931505639232,-0.1347370062823546,2.788018611877886,-0.0340438557184313,12016587057.782372,11876619503.36856,139967554.41381,11402083,117917
task3_maker_q99_win30,2026-02-09,ethusdt,120,-0.3617880842902412,-0.5149546708597635,12.634804425555712,-0.1531665865695223,12016587057.782372,11876619503.36856,139967554.41381,11402083,117917
task3_maker_q99_win30,2026-02-09,ethusdt,300,-0.921421271869803,-1.0894269019376115,13.334303571617102,-0.1680056300678086,12016587057.782372,11876619503.36856,139967554.41381,11402083,117917
task3_maker_q99_win60,2026-02-09,ethusdt,30,-0.1006931505639232,-0.2204880395546554,5.3361951736417,-0.1197948889907321,12016587057.782372,11757525013.50102,259062044.28135,11307786,212214
task3_maker_q99_win60,2026-02-09,ethusdt,120,-0.3617880842902412,-0.6420330087815754,12.357121467875194,-0.2802449244913342,12016587057.782372,11757525013.50102,259062044.28135,11307786,212214
task3_maker_q99_win60,2026-02-09,ethusdt,300,-0.921421271869803,-1.0181661065729326,3.4693408604390243,-0.0967448347031295,12016587057.782372,11757525013.50102,259062044.28135,11307786,212214
no_filter,2026-02-10,btcusdt,30,-0.0277122083059332,-0.0277122083059332,,0.0,11978672848.0884,11978672848.0884,0.0,6232152,0
no_filter,2026-02-10,btcusdt,120,0.088472489311759,0.088472489311759,,0.0,11978672848.0884,11978672848.0884,0.0,6232152,0
no_filter,2026-02-10,btcusdt,300,0.257333092371458,0.257333092371458,,0.0,11978672848.0884,11978672848.0884,0.0,6232152,0
task3_maker_q90_win30,2026-02-10,btcusdt,30,-0.0277122083059332,-0.034409150000211,0.0569680697145558,-0.0066969416942778,11978672848.0884,11100768334.3717,877904513.7167001,5835095,397057
task3_maker_q90_win30,2026-02-10,btcusdt,120,0.088472489311759,0.0961073739365763,-0.0080677199656052,0.0076348846248173,11978672848.0884,11100768334.3717,877904513.7167001,5835095,397057
task3_maker_q90_win30,2026-02-10,btcusdt,300,0.257333092371458,0.3822849487676333,-1.3226355592662389,0.1249518563961752,11978672848.0884,11100768334.3717,877904513.7167001,5835095,397057
task3_maker_q90_win60,2026-02-10,btcusdt,30,-0.0277122083059332,-0.0565434206493056,0.2011696330765662,-0.0288312123433724,11978672848.0884,10638579067.497902,1340093780.5905,5616775,615377
task3_maker_q90_win60,2026-02-10,btcusdt,120,0.088472489311759,0.163854646071854,-0.5099625206749425,0.075382156760095,11978672848.0884,10638579067.497902,1340093780.5905,5616775,615377
task3_maker_q90_win60,2026-02-10,btcusdt,300,0.257333092371458,0.3460893000459226,-0.4472742617944455,0.0887562076744645,11978672848.0884,10638579067.497902,1340093780.5905,5616775,615377
task3_maker_q95_win30,2026-02-10,btcusdt,30,-0.0277122083059332,-0.0451649312434234,0.3071801538716706,-0.0174527229374902,11978672848.0884,11385332775.5052,593340072.5832,5975768,256384
task3_maker_q95_win30,2026-02-10,btcusdt,120,0.088472489311759,-0.0192167648758022,2.154872606083625,-0.1076892541875612,11978672848.0884,11385332775.5052,593340072.5832,5975768,256384
task3_maker_q95_win30,2026-02-10,btcusdt,300,0.257333092371458,0.3158258534046242,-0.8650578940005578,0.0584927610331661,11978672848.0884,11385332775.5052,593340072.5832,5975768,256384
task3_maker_q95_win60,2026-02-10,btcusdt,30,-0.0277122083059332,-0.1009389628714385,0.871536845430707,-0.0732267545655053,11978672848.0884,11076687082.2945,901985765.7939,5831253,400899
task3_maker_q95_win60,2026-02-10,btcusdt,120,0.088472489311759,0.0150778769457822,0.9897828930171616,-0.0733946123659767,11978672848.0884,11076687082.2945,901985765.7939,5831253,400899
task3_maker_q95_win60,2026-02-10,btcusdt,300,0.257333092371458,0.2598775846360848,0.2260858757662374,0.0025444922646267,11978672848.0884,11076687082.2945,901985765.7939,5831253,400899
task3_maker_q99_win30,2026-02-10,btcusdt,30,-0.0277122083059332,-0.0067254611552405,-1.4830585969117065,0.0209867471506926,11978672848.0884,11808390564.113998,170282283.9744,6162150,70002
task3_maker_q99_win30,2026-02-10,btcusdt,120,0.088472489311759,0.0560859805061857,2.3343464349643828,-0.0323865088055732,11978672848.0884,11808390564.113998,170282283.9744,6162150,70002
task3_maker_q99_win30,2026-02-10,btcusdt,300,0.257333092371458,0.3070181844036303,-3.188127928212701,0.0496850920321722,11978672848.0884,11808390564.113998,170282283.9744,6162150,70002
task3_maker_q99_win60,2026-02-10,btcusdt,30,-0.0277122083059332,-0.0517328454390907,0.9252851795195344,-0.0240206371331575,11978672848.0884,11684169219.2194,294503628.869,6109435,122717
task3_maker_q99_win60,2026-02-10,btcusdt,120,0.088472489311759,0.12666884565149,-1.426933934523987,0.0381963563397309,11978672848.0884,11684169219.2194,294503628.869,6109435,122717
task3_maker_q99_win60,2026-02-10,btcusdt,300,0.257333092371458,0.343535629146709,-3.16267579062956,0.0862025367752509,11978672848.0884,11684169219.2194,294503628.869,6109435,122717
no_filter,2026-02-10,ethusdt,30,0.147776256536125,0.147776256536125,,0.0,10787941025.24146,10787941025.24146,0.0,9802469,0
no_filter,2026-02-10,ethusdt,120,0.3303110697719358,0.3303110697719358,,0.0,10787941025.24146,10787941025.24146,0.0,9802469,0
no_filter,2026-02-10,ethusdt,300,0.1777320481930396,0.1777320481930396,,0.0,10787941025.24146,10787941025.24146,0.0,9802469,0
task3_maker_q90_win30,2026-02-10,ethusdt,30,0.147776256536125,0.203460164674487,-0.4580985871049911,0.055683908138362,10787941025.24146,9879911745.24812,908029279.99334,9132814,669655
task3_maker_q90_win30,2026-02-10,ethusdt,120,0.3303110697719358,0.1218621044549485,2.598362801248289,-0.2084489653169873,10787941025.24146,9879911745.24812,908029279.99334,9132814,669655
task3_maker_q90_win30,2026-02-10,ethusdt,300,0.1777320481930396,-0.7024204886940663,9.754327845703695,-0.8801525368871059,10787941025.24146,9879911745.24812,908029279.99334,9132814,669655
task3_maker_q90_win60,2026-02-10,ethusdt,30,0.147776256536125,0.1057800548863196,0.4593153884856795,-0.0419962016498053,10787941025.24146,9506449463.79073,1281491561.4507298,8822851,979618
task3_maker_q90_win60,2026-02-10,ethusdt,120,0.3303110697719358,-0.1102209278765479,3.598296048219334,-0.4405319976484838,10787941025.24146,9506449463.79073,1281491561.4507298,8822851,979618
task3_maker_q90_win60,2026-02-10,ethusdt,300,0.1777320481930396,-1.123913958992221,9.833692617331298,-1.3016460071852605,10787941025.24146,9506449463.79073,1281491561.4507298,8822851,979618
task3_maker_q95_win30,2026-02-10,ethusdt,30,0.147776256536125,0.1850273496818177,-0.554479546781561,0.0372510931456927,10787941025.24146,10244521352.0736,543419673.16786,9400036,402433
task3_maker_q95_win30,2026-02-10,ethusdt,120,0.3303110697719358,0.2987053034776797,0.926141444779613,-0.0316057662942561,10787941025.24146,10244521352.0736,543419673.16786,9400036,402433
task3_maker_q95_win30,2026-02-10,ethusdt,300,0.1777320481930396,-0.3277720983476959,9.707471729146114,-0.5055041465407355,10787941025.24146,10244521352.0736,543419673.16786,9400036,402433
task3_maker_q95_win60,2026-02-10,ethusdt,30,0.147776256536125,0.2817704197790612,-1.4817863057910023,0.1339941632429362,10787941025.24146,9968278629.452,819662395.78946,9175773,626696
task3_maker_q95_win60,2026-02-10,ethusdt,120,0.3303110697719358,0.2217524415462871,1.6505407879379013,-0.1085586282256487,10787941025.24146,9968278629.452,819662395.78946,9175773,626696
task3_maker_q95_win60,2026-02-10,ethusdt,300,0.1777320481930396,-0.6219376363125896,9.902870431539858,-0.7996696845056293,10787941025.24146,9968278629.452,819662395.78946,9175773,626696
task3_maker_q99_win30,2026-02-10,ethusdt,30,0.147776256536125,0.2789379004094469,-9.221632430602543,0.1311616438733218,10787941025.24146,10639006379.25917,148934645.98229003,9692556,109913
task3_maker_q99_win30,2026-02-10,ethusdt,120,0.3303110697719358,0.4991241923024994,-11.728695588214745,0.1688131225305635,10787941025.24146,10639006379.25917,148934645.98229003,9692556,109913
task3_maker_q99_win30,2026-02-10,ethusdt,300,0.1777320481930396,0.2927656152646754,-8.039582639281354,0.1150335670716357,10787941025.24146,10639006379.25917,148934645.98229003,9692556,109913
task3_maker_q99_win60,2026-02-10,ethusdt,30,0.147776256536125,0.3151681032126077,-7.656321771951606,0.1673918466764827,10787941025.24146,10561407039.95995,226533985.28151,9631050,171419
task3_maker_q99_win60,2026-02-10,ethusdt,120,0.3303110697719358,0.4745100577119279,-6.392495684773051,0.144198987939992,10787941025.24146,10561407039.95995,226533985.28151,9631050,171419
task3_maker_q99_win60,2026-02-10,ethusdt,300,0.1777320481930396,0.2043217688067924,-1.0619268141700622,0.0265897206137527,10787941025.24146,10561407039.95995,226533985.28151,9631050,171419
no_filter,2026-02-11,btcusdt,30,-0.0785772676609899,-0.0785772676609899,,0.0,16151977409.7226,16151977409.7226,0.0,8361305,0
no_filter,2026-02-11,btcusdt,120,-0.079143753321418,-0.079143753321418,,0.0,16151977409.7226,16151977409.7226,0.0,8361305,0
no_filter,2026-02-11,btcusdt,300,-0.3519661239167695,-0.3519661239167695,,0.0,16151977409.7226,16151977409.7226,0.0,8361305,0
task3_maker_q90_win30,2026-02-11,btcusdt,30,-0.0785772676609899,0.0791325405115356,-1.354351793734091,0.1577098081725256,16151977409.7226,14374960948.4755,1777016461.2471,7577757,783548
task3_maker_q90_win30,2026-02-11,btcusdt,120,-0.079143753321418,0.2485922232920565,-2.7303245206188045,0.3277359766134745,16151977409.7226,14374960948.4755,1777016461.2471,7577757,783548
task3_maker_q90_win30,2026-02-11,btcusdt,300,-0.3519661239167695,-0.5050388639620901,0.8862973972232565,-0.1530727400453205,16151977409.7226,14374960948.4755,1777016461.2471,7577757,783548
task3_maker_q90_win60,2026-02-11,btcusdt,30,-0.0785772676609899,-0.0239631121978527,-0.372791141857837,0.0546141554631371,16151977409.7226,13623147928.4693,2528829481.2533,7207831,1153474
task3_maker_q90_win60,2026-02-11,btcusdt,120,-0.079143753321418,0.1999606984521715,-1.5827173482169925,0.2791044517735896,16151977409.7226,13623147928.4693,2528829481.2533,7207831,1153474
task3_maker_q90_win60,2026-02-11,btcusdt,300,-0.3519661239167695,-0.500333923492096,0.447311366487378,-0.1483677995753264,16151977409.7226,13623147928.4693,2528829481.2533,7207831,1153474
task3_maker_q95_win30,2026-02-11,btcusdt,30,-0.0785772676609899,0.0877033998314612,-1.9268102070103792,0.1662806674924511,16151977409.7226,14818771430.9245,1333205978.7981,7792370,568935
task3_maker_q95_win30,2026-02-11,btcusdt,120,-0.079143753321418,0.2719885965853169,-3.9820290673838303,0.351132349906735,16151977409.7226,14818771430.9245,1333205978.7981,7792370,568935
task3_maker_q95_win30,2026-02-11,btcusdt,300,-0.3519661239167695,-0.4771103003004767,1.0390289475374517,-0.1251441763837071,16151977409.7226,14818771430.9245,1333205978.7981,7792370,568935
task3_maker_q95_win60,2026-02-11,btcusdt,30,-0.0785772676609899,0.0247694376005477,-0.8193792792775872,0.1033467052615376,16151977409.7226,14174537160.8919,1977440248.8307,7490637,870668
task3_maker_q95_win60,2026-02-11,btcusdt,120,-0.079143753321418,0.1877757694933485,-1.992456025256145,0.2669195228147665,16151977409.7226,14174537160.8919,1977440248.8307,7490637,870668
task3_maker_q95_win60,2026-02-11,btcusdt,300,-0.3519661239167695,-0.5611653854310004,1.14760015026929,-0.2091992615142308,16151977409.7226,14174537160.8919,1977440248.8307,7490637,870668
task3_maker_q99_win30,2026-02-11,btcusdt,30,-0.0785772676609899,0.0666532309762958,-5.909604370847606,0.1452304986372857,16151977409.7226,15759464253.5835,392513156.1391,8204239,157066
task3_maker_q99_win30,2026-02-11,btcusdt,120,-0.079143753321418,0.2145784536721441,-11.872136037020288,0.2937222069935621,16151977409.7226,15759464253.5835,392513156.1391,8204239,157066
task3_maker_q99_win30,2026-02-11,btcusdt,300,-0.3519661239167695,-0.3385085422016413,-0.8922901223920842,0.0134575817151282,16151977409.7226,15759464253.5835,392513156.1391,8204239,157066
task3_maker_q99_win60,2026-02-11,btcusdt,30,-0.0785772676609899,0.0349867162387882,-3.0799582934757472,0.1135639838997782,16151977409.7226,15563112149.8908,588865259.8318,8109987,251318
task3_maker_q99_win60,2026-02-11,btcusdt,120,-0.079143753321418,0.1930108029259796,-7.271912914456576,0.2721545562473977,16151977409.7226,15563112149.8908,588865259.8318,8109987,251318
task3_maker_q99_win60,2026-02-11,btcusdt,300,-0.3519661239167695,-0.3923560463987611,0.7154986022112051,-0.0403899224819915,16151977409.7226,15563112149.8908,588865259.8318,8109987,251318
no_filter,2026-02-11,ethusdt,30,0.1996129799992861,0.1996129799992861,,0.0,12930356053.61596,12930356053.61596,0.0,12639918,0
no_filter,2026-02-11,ethusdt,120,0.1046194489704578,0.1046194489704578,,0.0,12930356053.61596,12930356053.61596,0.0,12639918,0
no_filter,2026-02-11,ethusdt,300,-0.3400726356070561,-0.3400726356070561,,0.0,12930356053.61596,12930356053.61596,0.0,12639918,0
task3_maker_q90_win30,2026-02-11,ethusdt,30,0.1996129799992861,0.6720866277150309,-3.811667220168346,0.4724736477157448,12930356053.61596,11567825304.119251,1362530749.49671,11561626,1078292
task3_maker_q90_win30,2026-02-11,ethusdt,120,0.1046194489704578,0.7093542559679317,-5.029552095599105,0.6047348069974738,12930356053.61596,11567825304.119251,1362530749.49671,11561626,1078292
task3_maker_q90_win30,2026-02-11,ethusdt,300,-0.3400726356070561,-0.4402903516612503,0.5107713047010566,-0.1002177160541941,12930356053.61596,11567825304.119251,1362530749.49671,11561626,1078292
task3_maker_q90_win60,2026-02-11,ethusdt,30,0.1996129799992861,0.5748340896850299,-1.916355299551897,0.3752211096857438,12930356053.61596,10982795355.08726,1947560698.5287,11004427,1635491
task3_maker_q90_win60,2026-02-11,ethusdt,120,0.1046194489704578,0.6526785129451953,-2.986026478872759,0.5480590639747375,12930356053.61596,10982795355.08726,1947560698.5287,11004427,1635491
task3_maker_q90_win60,2026-02-11,ethusdt,300,-0.3400726356070561,-0.5858637436933056,1.046006597892959,-0.2457911080862495,12930356053.61596,10982795355.08726,1947560698.5287,11004427,1635491
task3_maker_q95_win30,2026-02-11,ethusdt,30,0.1996129799992861,0.6577376121785042,-5.322256350855152,0.4581246321792181,12930356053.61596,11939767325.997238,990588727.61872,11901172,738746
task3_maker_q95_win30,2026-02-11,ethusdt,120,0.1046194489704578,0.6347727761512404,-6.285426386558398,0.5301533271807826,12930356053.61596,11939767325.997238,990588727.61872,11901172,738746
task3_maker_q95_win30,2026-02-11,ethusdt,300,-0.3400726356070561,-0.4105263906860474,0.5091207979868403,-0.0704537550789912,12930356053.61596,11939767325.997238,990588727.61872,11901172,738746
task3_maker_q95_win60,2026-02-11,ethusdt,30,0.1996129799992861,0.5852780412598434,-2.806132704622485,0.3856650612605573,12930356053.61596,11459939482.69682,1470416570.91914,11456618,1183300
task3_maker_q95_win60,2026-02-11,ethusdt,120,0.1046194489704578,0.5537505994949974,-3.395759903792059,0.4491311505245395,12930356053.61596,11459939482.69682,1470416570.91914,11456618,1183300
task3_maker_q95_win60,2026-02-11,ethusdt,300,-0.3400726356070561,-0.6256305255279954,1.885470929407978,-0.2855578899209392,12930356053.61596,11459939482.69682,1470416570.91914,11456618,1183300
task3_maker_q99_win30,2026-02-11,ethusdt,30,0.1996129799992861,0.4277358161407961,-7.950254569545709,0.22812283614151,12930356053.61596,12578277648.23728,352078405.37868,12421958,217960
task3_maker_q99_win30,2026-02-11,ethusdt,120,0.1046194489704578,0.2829871118036432,-6.267705443179367,0.1783676628331853,12930356053.61596,12578277648.23728,352078405.37868,12421958,217960
task3_maker_q99_win30,2026-02-11,ethusdt,300,-0.3400726356070561,-0.2984154572369791,-1.828308061512851,0.041657178370077,12930356053.61596,12578277648.23728,352078405.37868,12421958,217960
task3_maker_q99_win60,2026-02-11,ethusdt,30,0.1996129799992861,0.4017202596990775,-4.8446622277272375,0.2021072796997914,12930356053.61596,12432237760.904892,498118292.71106994,12292907,347011
task3_maker_q99_win60,2026-02-11,ethusdt,120,0.1046194489704578,0.1279157090804186,-0.476818030569991,0.0232962601099608,12930356053.61596,12432237760.904892,498118292.71106994,12292907,347011
task3_maker_q99_win60,2026-02-11,ethusdt,300,-0.3400726356070561,-0.4374914610525605,2.0913458006339734,-0.0974188254455043,12930356053.61596,12432237760.904892,498118292.71106994,12292907,347011
no_filter,2026-02-12,btcusdt,30,0.0219221448172425,0.0219221448172425,,0.0,12515544981.579498,12515544981.579498,0.0,6480831,0
no_filter,2026-02-12,btcusdt,120,0.1882426380010205,0.1882426380010205,,0.0,12515544981.579498,12515544981.579498,0.0,6480831,0
no_filter,2026-02-12,btcusdt,300,0.5097736238998715,0.5097736238998715,,0.0,12515544981.579498,12515544981.579498,0.0,6480831,0
task3_maker_q90_win30,2026-02-12,btcusdt,30,0.0219221448172425,0.0261236173932391,-0.0243498604728016,0.0042014725759965,12515544981.579498,11473736070.5051,1041808911.0744,6014230,466601
task3_maker_q90_win30,2026-02-12,btcusdt,120,0.1882426380010205,0.4019062578617017,-2.1648952129912296,0.2136636198606812,12515544981.579498,11473736070.5051,1041808911.0744,6014230,466601
task3_maker_q90_win30,2026-02-12,btcusdt,300,0.5097736238998715,0.7478849252927972,-2.1126134554825,0.2381113013929257,12515544981.579498,11473736070.5051,1041808911.0744,6014230,466601
task3_maker_q90_win60,2026-02-12,btcusdt,30,0.0219221448172425,0.0540942880771545,-0.2024830596245077,0.0321721432599119,12515544981.579498,10946225204.4048,1569319777.1747,5751417,729414
task3_maker_q90_win60,2026-02-12,btcusdt,120,0.1882426380010205,0.686279225227634,-3.2856323001141714,0.4980365872266135,12515544981.579498,10946225204.4048,1569319777.1747,5751417,729414
task3_maker_q90_win60,2026-02-12,btcusdt,300,0.5097736238998715,1.0462214310214637,-3.232024951871451,0.5364478071215922,12515544981.579498,10946225204.4048,1569319777.1747,5751417,729414
task3_maker_q95_win30,2026-02-12,btcusdt,30,0.0219221448172425,0.0054324992757868,0.3058865105022765,-0.0164896455414557,12515544981.579498,11828661489.287498,686883492.292,6180751,300080
task3_maker_q95_win30,2026-02-12,btcusdt,120,0.1882426380010205,0.3103091407115546,-1.9138363258217057,0.1220665027105341,12515544981.579498,11828661489.287498,686883492.292,6180751,300080
task3_maker_q95_win30,2026-02-12,btcusdt,300,0.5097736238998715,0.5564509890486304,-0.2940464675019184,0.0466773651487589,12515544981.579498,11828661489.287498,686883492.292,6180751,300080
task3_maker_q95_win60,2026-02-12,btcusdt,30,0.0219221448172425,0.0265815886616675,-0.0282255964560895,0.0046594438444249,12515544981.579498,11451533412.6812,1064011568.8983,5990465,490366
task3_maker_q95_win60,2026-02-12,btcusdt,120,0.1882426380010205,0.4820300264587658,-2.973674199643617,0.2937873884577453,12515544981.579498,11451533412.6812,1064011568.8983,5990465,490366
task3_maker_q95_win60,2026-02-12,btcusdt,300,0.5097736238998715,0.6158917807434531,-0.6323339004052253,0.1061181568435816,12515544981.579498,11451533412.6812,1064011568.8983,5990465,490366
task3_maker_q99_win30,2026-02-12,btcusdt,30,0.0219221448172425,0.0128862421329319,0.7962671520303061,-0.0090359026843105,12515544981.579498,12371184498.6192,144360482.9603,6418741,62090
task3_maker_q99_win30,2026-02-12,btcusdt,120,0.1882426380010205,0.2050047992708248,-1.248215493836813,0.0167621612698043,12515544981.579498,12371184498.6192,144360482.9603,6418741,62090
task3_maker_q99_win30,2026-02-12,btcusdt,300,0.5097736238998715,0.3930541101889792,10.512224496162862,-0.1167195137108922,12515544981.579498,12371184498.6192,144360482.9603,6418741,62090
task3_maker_q99_win60,2026-02-12,btcusdt,30,0.0219221448172425,0.0185994005065033,0.1920656820790491,-0.0033227443107392,12515544981.579498,12275809884.324,239735097.2555,6366918,113913
task3_maker_q99_win60,2026-02-12,btcusdt,120,0.1882426380010205,0.2067311231580875,-0.7584736811177276,0.018488485157067,12515544981.579498,12275809884.324,239735097.2555,6366918,113913
task3_maker_q99_win60,2026-02-12,btcusdt,300,0.5097736238998715,0.3127853810003244,10.596699764316703,-0.196988242899547,12515544981.579498,12275809884.324,239735097.2555,6366918,113913
no_filter,2026-02-12,ethusdt,30,0.2404951294828657,0.2404951294828657,,0.0,9751222703.30857,9751222703.30857,0.0,10345169,0
no_filter,2026-02-12,ethusdt,120,0.6695880826473617,0.6695880826473617,,0.0,9751222703.30857,9751222703.30857,0.0,10345169,0
no_filter,2026-02-12,ethusdt,300,0.9115934693514532,0.9115934693514532,,0.0,9751222703.30857,9751222703.30857,0.0,10345169,0
task3_maker_q90_win30,2026-02-12,ethusdt,30,0.2404951294828657,0.4140562097861917,-2.0283098977990077,0.1735610803033259,9751222703.30857,9058274688.099709,692948015.2088599,9756463,588706
task3_maker_q90_win30,2026-02-12,ethusdt,120,0.6695880826473617,1.1884740917290124,-6.113333433704351,0.5188860090816507,9751222703.30857,9058274688.099709,692948015.2088599,9756463,588706
task3_maker_q90_win30,2026-02-12,ethusdt,300,0.9115934693514532,1.393757572626786,-5.39129620830037,0.482164103275333,9751222703.30857,9058274688.099709,692948015.2088599,9756463,588706
task3_maker_q90_win60,2026-02-12,ethusdt,30,0.2404951294828657,0.4171786720527214,-1.1214811094448305,0.1766835425698557,9751222703.30857,8631494617.65515,1119728085.65342,9365358,979811
task3_maker_q90_win60,2026-02-12,ethusdt,120,0.6695880826473617,1.2590087604446358,-3.873998412258631,0.5894206777972741,9751222703.30857,8631494617.65515,1119728085.65342,9365358,979811
task3_maker_q90_win60,2026-02-12,ethusdt,300,0.9115934693514532,1.4857577411151468,-3.5143880567671757,0.5741642717636937,9751222703.30857,8631494617.65515,1119728085.65342,9365358,979811
task3_maker_q95_win30,2026-02-12,ethusdt,30,0.2404951294828657,0.3592415992458177,-2.579556315875491,0.1187464697629519,9751222703.30857,9357210149.4231,394012553.88547,10013556,331613
task3_maker_q95_win30,2026-02-12,ethusdt,120,0.6695880826473617,1.0509029581865743,-8.386071155455674,0.3813148755392128,9751222703.30857,9357210149.4231,394012553.88547,10013556,331613
task3_maker_q95_win30,2026-02-12,ethusdt,300,0.9115934693514532,1.3274465857149549,-8.96429744512147,0.4158531163635017,9751222703.30857,9357210149.4231,394012553.88547,10013556,331613
task3_maker_q95_win60,2026-02-12,ethusdt,30,0.2404951294828657,0.4036637173799434,-1.8920618627471748,0.1631685878970776,9751222703.30857,9058155007.1771,693067696.13147,9765063,580106
task3_maker_q95_win60,2026-02-12,ethusdt,120,0.6695880826473617,1.1031314495631963,-4.996673729549615,0.4335433669158348,9751222703.30857,9058155007.1771,693067696.13147,9765063,580106
task3_maker_q95_win60,2026-02-12,ethusdt,300,0.9115934693514532,1.5126046041707055,-6.943414130367213,0.6010111348192524,9751222703.30857,9058155007.1771,693067696.13147,9765063,580106
task3_maker_q99_win30,2026-02-12,ethusdt,30,0.2404951294828657,0.2415843898344792,0.0686863936932508,0.0010892603516134,9751222703.30857,9689789832.439491,61432870.86907999,10291573,53596
task3_maker_q99_win30,2026-02-12,ethusdt,120,0.6695880826473617,0.7070957991927855,-5.246493736065045,0.0375077165454238,9751222703.30857,9689789832.439491,61432870.86907999,10291573,53596
task3_maker_q99_win30,2026-02-12,ethusdt,300,0.9115934693514532,0.8897443912460257,4.357842551952977,-0.0218490781054274,9751222703.30857,9689789832.439491,61432870.86907999,10291573,53596
task3_maker_q99_win60,2026-02-12,ethusdt,30,0.2404951294828657,0.2598942631950957,-1.3647794396139972,0.0193991337122299,9751222703.30857,9634789924.98998,116432778.31859,10242564,102605
task3_maker_q99_win60,2026-02-12,ethusdt,120,0.6695880826473617,0.6850763413607901,-0.6120623354115108,0.0154882587134284,9751222703.30857,9634789924.98998,116432778.31859,10242564,102605
task3_maker_q99_win60,2026-02-12,ethusdt,300,0.9115934693514532,0.8114471311989998,9.198683615184027,-0.1001463381524533,9751222703.30857,9634789924.98998,116432778.31859,10242564,102605
no_filter,2026-02-13,btcusdt,30,0.0068697256171,0.0068697256171,,0.0,11417508577.6459,11417508577.6459,0.0,5506415,0
no_filter,2026-02-13,btcusdt,120,0.1153891326983463,0.1153891326983463,,0.0,11417508577.6459,11417508577.6459,0.0,5506415,0
no_filter,2026-02-13,btcusdt,300,0.0806002188293316,0.0806002188293316,,0.0,11417508577.6459,11417508577.6459,0.0,5506415,0
task3_maker_q90_win30,2026-02-13,btcusdt,30,0.0068697256171,-0.0361623732155295,0.5000249574484942,-0.0430320988326296,11417508577.6459,10501188236.9038,916320340.7421,5137059,369356
task3_maker_q90_win30,2026-02-13,btcusdt,120,0.1153891326983463,0.0623339533432154,0.7234105860906288,-0.0530551793551309,11417508577.6459,10501188236.9038,916320340.7421,5137059,369356
task3_maker_q90_win30,2026-02-13,btcusdt,300,0.0806002188293316,0.7851228500510948,-7.9933499475795236,0.7045226312217632,11417508577.6459,10501188236.9038,916320340.7421,5137059,369356
task3_maker_q90_win60,2026-02-13,btcusdt,30,0.0068697256171,-0.140846378778675,1.1523644445071008,-0.1477161043957751,11417508577.6459,10113351623.0126,1304156954.6332998,4958523,547892
task3_maker_q90_win60,2026-02-13,btcusdt,120,0.1153891326983463,0.0327595303095569,0.7561572706580283,-0.0826296023887893,11417508577.6459,10113351623.0126,1304156954.6332998,4958523,547892
task3_maker_q90_win60,2026-02-13,btcusdt,300,0.0806002188293316,0.9135868353236088,-6.378964728427262,0.8329866164942772,11417508577.6459,10113351623.0126,1304156954.6332998,4958523,547892
task3_maker_q95_win30,2026-02-13,btcusdt,30,0.0068697256171,-0.0502306405181687,0.8747418559522897,-0.0571003661352688,11417508577.6459,10712683382.7089,704825194.937,5231396,275019
task3_maker_q95_win30,2026-02-13,btcusdt,120,0.1153891326983463,0.0748394731225204,0.7317060115966386,-0.0405496595758259,11417508577.6459,10712683382.7089,704825194.937,5231396,275019
task3_maker_q95_win30,2026-02-13,btcusdt,300,0.0806002188293316,0.7755227638436146,-10.481572152023134,0.694922545014283,11417508577.6459,10712683382.7089,704825194.937,5231396,275019
task3_maker_q95_win60,2026-02-13,btcusdt,30,0.0068697256171,-0.1464893082780359,1.6116234212991956,-0.153359033895136,11417508577.6459,10421566704.5794,995941873.0665,5108556,397859
task3_maker_q95_win60,2026-02-13,btcusdt,120,0.1153891326983463,0.0416086599828014,0.8874302916195873,-0.0737804727155449,11417508577.6459,10421566704.5794,995941873.0665,5108556,397859
task3_maker_q95_win60,2026-02-13,btcusdt,300,0.0806002188293316,0.9274650394560624,-8.781019577061956,0.8468648206267307,11417508577.6459,10421566704.5794,995941873.0665,5108556,397859
task3_maker_q99_win30,2026-02-13,btcusdt,30,0.0068697256171,0.0893877656168037,-3.5374497942754592,0.0825180399997036,11417508577.6459,11157736692.650002,259771884.9959,5404037,102378
task3_maker_q99_win30,2026-02-13,btcusdt,120,0.1153891326983463,0.3210888400260834,-8.719836327340502,0.2056997073277371,11417508577.6459,11157736692.650002,259771884.9959,5404037,102378
task3_maker_q99_win30,2026-02-13,btcusdt,300,0.0806002188293316,0.472190634785834,-16.739013469068045,0.3915904159565024,11417508577.6459,11157736692.650002,259771884.9959,5404037,102378
task3_maker_q99_win60,2026-02-13,btcusdt,30,0.0068697256171,0.0705325248118285,-1.5821520276939889,0.0636627991947284,11417508577.6459,10977696542.8685,439812034.7774,5329564,176851
task3_maker_q99_win60,2026-02-13,btcusdt,120,0.1153891326983463,0.3097169859336848,-4.735028850348288,0.1943278532353384,11417508577.6459,10977696542.8685,439812034.7774,5329564,176851
task3_maker_q99_win60,2026-02-13,btcusdt,300,0.0806002188293316,0.6308183757017628,-13.652830158033876,0.5502181568724311,11417508577.6459,10977696542.8685,439812034.7774,5329564,176851
no_filter,2026-02-13,ethusdt,30,-0.00527802893445,-0.00527802893445,,0.0,9007682487.84652,9007682487.84652,0.0,8579828,0
no_filter,2026-02-13,ethusdt,120,0.0491017479150525,0.0491017479150525,,0.0,9007682487.84652,9007682487.84652,0.0,8579828,0
no_filter,2026-02-13,ethusdt,300,0.643987149867773,0.643987149867773,,0.0,9007682487.84652,9007682487.84652,0.0,8579828,0
task3_maker_q90_win30,2026-02-13,ethusdt,30,-0.00527802893445,0.0611844820623488,-0.8615087989476763,0.0664625109967989,9007682487.84652,8358850195.76693,648832292.0795901,8078569,501259
task3_maker_q90_win30,2026-02-13,ethusdt,120,0.0491017479150525,-0.2520518955275441,3.928838040598348,-0.3011536434425966,9007682487.84652,8358850195.76693,648832292.0795901,8078569,501259
task3_maker_q90_win30,2026-02-13,ethusdt,300,0.643987149867773,0.9488866142325,-3.2840062291696905,0.3048994643647271,9007682487.84652,8358850195.76693,648832292.0795901,8078569,501259
task3_maker_q90_win60,2026-02-13,ethusdt,30,-0.00527802893445,-0.0959255264141664,0.7360461141807184,-0.0906474974797164,9007682487.84652,8026250145.956459,981432341.89006,7795774,784054
task3_maker_q90_win60,2026-02-13,ethusdt,120,0.0491017479150525,-0.3258780269878684,3.1157231996283623,-0.374979774902921,9007682487.84652,8026250145.956459,981432341.89006,7795774,784054
task3_maker_q90_win60,2026-02-13,ethusdt,300,0.643987149867773,1.1139614250991432,-3.199508661475805,0.4699742752313702,9007682487.84652,8026250145.956459,981432341.89006,7795774,784054
task3_maker_q95_win30,2026-02-13,ethusdt,30,-0.00527802893445,0.1189602447114043,-2.5135563935960685,0.1242382736458544,9007682487.84652,8582576372.445271,425106115.40125,8264564,315264
task3_maker_q95_win30,2026-02-13,ethusdt,120,0.0491017479150525,-0.2196134601842016,5.474261990017252,-0.2687152080992542,9007682487.84652,8582576372.445271,425106115.40125,8264564,315264
task3_maker_q95_win30,2026-02-13,ethusdt,300,0.643987149867773,0.7865028037318976,-2.233297930830997,0.1425156538641246,9007682487.84652,8582576372.445271,425106115.40125,8264564,315264
task3_maker_q95_win60,2026-02-13,ethusdt,30,-0.00527802893445,-4.35553218332238e-05,-0.0741495893073706,0.0052344736126168,9007682487.84652,8371425576.531229,636256911.31529,8093105,486723
task3_maker_q95_win60,2026-02-13,ethusdt,120,0.0491017479150525,-0.3157981926312356,4.850201179352399,-0.3648999405462881,9007682487.84652,8371425576.531229,636256911.31529,8093105,486723
task3_maker_q95_win60,2026-02-13,ethusdt,300,0.643987149867773,0.8379602849268473,-1.9081763474789888,0.1939731350590743,9007682487.84652,8371425576.531229,636256911.31529,8093105,486723
task3_maker_q99_win30,2026-02-13,ethusdt,30,-0.00527802893445,-0.0071397936952586,0.1203218311635746,-0.0018617647608085,9007682487.84652,8876112018.295399,131570469.55112,8476781,103047
task3_maker_q99_win30,2026-02-13,ethusdt,120,0.0491017479150525,-0.0032426650357422,3.580402308506627,-0.0523444129507948,9007682487.84652,8876112018.295399,131570469.55112,8476781,103047
task3_maker_q99_win30,2026-02-13,ethusdt,300,0.643987149867773,0.5826818083344983,4.779817025870299,-0.0613053415332746,9007682487.84652,8876112018.295399,131570469.55112,8476781,103047
task3_maker_q99_win60,2026-02-13,ethusdt,30,-0.00527802893445,-0.0225859939791696,0.6220365328659054,-0.0173079650447196,9007682487.84652,8765828306.30463,241854181.54189,8406119,173709
task3_maker_q99_win60,2026-02-13,ethusdt,120,0.0491017479150525,-0.2313306510319649,10.213169389924818,-0.2804323989470175,9007682487.84652,8765828306.30463,241854181.54189,8406119,173709
task3_maker_q99_win60,2026-02-13,ethusdt,300,0.643987149867773,0.4651913680204008,7.1243097788734655,-0.1787957818473721,9007682487.84652,8765828306.30463,241854181.54189,8406119,173709
no_filter,2026-02-14,btcusdt,30,0.0642772456633878,0.0642772456633878,,0.0,7247593690.386999,7247593690.386999,0.0,3100721,0
no_filter,2026-02-14,btcusdt,120,0.1059133976117866,0.1059133976117866,,0.0,7247593690.386999,7247593690.386999,0.0,3100721,0
no_filter,2026-02-14,btcusdt,300,0.0895328189865104,0.0895328189865104,,0.0,7247593690.386999,7247593690.386999,0.0,3100721,0
task3_maker_q90_win30,2026-02-14,btcusdt,30,0.0642772456633878,0.1210729305389173,-0.9639339175541118,0.0567956848755295,7247593690.386999,6868211709.463501,379381980.9235,2947044,153677
task3_maker_q90_win30,2026-02-14,btcusdt,120,0.1059133976117866,0.2576260826462847,-2.640645195634106,0.151712685034498,7247593690.386999,6868211709.463501,379381980.9235,2947044,153677
task3_maker_q90_win30,2026-02-14,btcusdt,300,0.0895328189865104,0.2493593854640956,-2.8039169244425177,0.1598265664775852,7247593690.386999,6868211709.463501,379381980.9235,2947044,153677
task3_maker_q90_win60,2026-02-14,btcusdt,30,0.0642772456633878,0.146799790597079,-0.9147122688930336,0.0825225449336912,7247593690.386999,6684161677.8827,563432012.5043,2872100,228621
task3_maker_q90_win60,2026-02-14,btcusdt,120,0.1059133976117866,0.3250685493535351,-2.4939894021454143,0.2191551517417484,7247593690.386999,6684161677.8827,563432012.5043,2872100,228621
task3_maker_q90_win60,2026-02-14,btcusdt,300,0.0895328189865104,0.2939713273959954,-2.335782060302054,0.2044385084094849,7247593690.386999,6684161677.8827,563432012.5043,2872100,228621
task3_maker_q95_win30,2026-02-14,btcusdt,30,0.0642772456633878,0.0994442172630779,-0.8785950229097795,0.0351669715996901,7247593690.386999,6986994819.700701,260598870.6863,2996388,104333
task3_maker_q95_win30,2026-02-14,btcusdt,120,0.1059133976117866,0.2091310202990007,-2.6614853755222683,0.103217622687214,7247593690.386999,6986994819.700701,260598870.6863,2996388,104333
task3_maker_q95_win30,2026-02-14,btcusdt,300,0.0895328189865104,0.2450287998949566,-4.079516763731843,0.1554959809084462,7247593690.386999,6986994819.700701,260598870.6863,2996388,104333
task3_maker_q95_win60,2026-02-14,btcusdt,30,0.0642772456633878,0.1288804725392541,-1.0658381164320927,0.0646032268758663,7247593690.386999,6855687224.8759,391906465.51110005,2942731,157990
task3_maker_q95_win60,2026-02-14,btcusdt,120,0.1059133976117866,0.2429298912855749,-2.2909396985769903,0.1370164936737883,7247593690.386999,6855687224.8759,391906465.51110005,2942731,157990
task3_maker_q95_win60,2026-02-14,btcusdt,300,0.0895328189865104,0.297291630478746,-3.5448278133271143,0.2077588114922356,7247593690.386999,6855687224.8759,391906465.51110005,2942731,157990
task3_maker_q99_win30,2026-02-14,btcusdt,30,0.0642772456633878,0.1109201798194259,-2.452048207951508,0.0466429341560381,7247593690.386999,7115696224.58,131897465.80699998,3049635,51086
task3_maker_q99_win30,2026-02-14,btcusdt,120,0.1059133976117866,0.2120453156617512,-5.619765135747022,0.1061319180499646,7247593690.386999,7115696224.58,131897465.80699998,3049635,51086
task3_maker_q99_win30,2026-02-14,btcusdt,300,0.0895328189865104,0.1858059865920311,-5.104278988295418,0.0962731676055206,7247593690.386999,7115696224.58,131897465.80699998,3049635,51086
task3_maker_q99_win60,2026-02-14,btcusdt,30,0.0642772456633878,0.1516704896480666,-2.8135882939690897,0.0873932439846788,7247593690.386999,7033989829.8453,213603860.5417,3015623,85098
task3_maker_q99_win60,2026-02-14,btcusdt,120,0.1059133976117866,0.2549729428068644,-4.802627685328319,0.1490595451950778,7247593690.386999,7033989829.8453,213603860.5417,3015623,85098
task3_maker_q99_win60,2026-02-14,btcusdt,300,0.0895328189865104,0.2552912083428758,-5.368902351554777,0.1657583893563653,7247593690.386999,7033989829.8453,213603860.5417,3015623,85098
no_filter,2026-02-14,ethusdt,30,0.0232252880602892,0.0232252880602892,,0.0,5021980307.27981,5021980307.27981,0.0,4298604,0
no_filter,2026-02-14,ethusdt,120,0.378708796945208,0.378708796945208,,0.0,5021980307.27981,5021980307.27981,0.0,4298604,0
no_filter,2026-02-14,ethusdt,300,0.8823514464221057,0.8823514464221057,,0.0,5021980307.27981,5021980307.27981,0.0,4298604,0
task3_maker_q90_win30,2026-02-14,ethusdt,30,0.0232252880602892,0.1125709471688032,-1.673097756526341,0.089345659108514,5021980307.27981,4770706294.549789,251274012.73002,4111677,186927
task3_maker_q90_win30,2026-02-14,ethusdt,120,0.378708796945208,0.6508954399221574,-4.789046184297913,0.2721866429769493,5021980307.27981,4770706294.549789,251274012.73002,4111677,186927
task3_maker_q90_win30,2026-02-14,ethusdt,300,0.8823514464221057,1.310377677348861,-7.244185046266034,0.4280262309267549,5021980307.27981,4770706294.549789,251274012.73002,4111677,186927
task3_maker_q90_win60,2026-02-14,ethusdt,30,0.0232252880602892,0.1221960449165289,-1.255398982842231,0.0989707568562397,5021980307.27981,4661185456.89679,360794850.38302,4015905,282699
task3_maker_q90_win60,2026-02-14,ethusdt,120,0.378708796945208,0.6547818340365223,-3.1879375234367626,0.2760730370913143,5021980307.27981,4661185456.89679,360794850.38302,4015905,282699
task3_maker_q90_win60,2026-02-14,ethusdt,300,0.8823514464221057,1.327968432213287,-4.874669229762671,0.4456169857911812,5021980307.27981,4661185456.89679,360794850.38302,4015905,282699
task3_maker_q95_win30,2026-02-14,ethusdt,30,0.0232252880602892,0.2111653989158458,-5.929180098007344,0.1879401108555566,5021980307.27981,4868270465.36008,153709841.91973,4192072,106532
task3_maker_q95_win30,2026-02-14,ethusdt,120,0.378708796945208,0.6937150307281592,-9.598111978985932,0.3150062337829512,5021980307.27981,4868270465.36008,153709841.91973,4192072,106532
task3_maker_q95_win30,2026-02-14,ethusdt,300,0.8823514464221057,1.4325901259002414,-16.54470903810438,0.5502386794781357,5021980307.27981,4868270465.36008,153709841.91973,4192072,106532
task3_maker_q95_win60,2026-02-14,ethusdt,30,0.0232252880602892,0.2250011162787435,-4.572196741373405,0.2017758282184543,5021980307.27981,4810749862.78568,211230444.49413,4143987,154617
task3_maker_q95_win60,2026-02-14,ethusdt,120,0.378708796945208,0.6870444712393391,-6.643601866438553,0.308335674294131,5021980307.27981,4810749862.78568,211230444.49413,4143987,154617
task3_maker_q95_win60,2026-02-14,ethusdt,300,0.8823514464221057,1.4240821515315985,-11.455505066229913,0.5417307051094927,5021980307.27981,4810749862.78568,211230444.49413,4143987,154617
task3_maker_q99_win30,2026-02-14,ethusdt,30,0.0232252880602892,0.0544719136707286,-4.764846444952468,0.0312466256104394,5021980307.27981,4989419698.744,32560608.53581,4282329,16275
task3_maker_q99_win30,2026-02-14,ethusdt,120,0.378708796945208,0.4891840196287721,-16.549944476665754,0.1104752226835641,5021980307.27981,4989419698.744,32560608.53581,4282329,16275
task3_maker_q99_win30,2026-02-14,ethusdt,300,0.8823514464221057,1.0334753963660508,-22.275103119362612,0.151123949943945,5021980307.27981,4989419698.744,32560608.53581,4282329,16275
task3_maker_q99_win60,2026-02-14,ethusdt,30,0.0232252880602892,0.1597079837863876,-9.734559446001494,0.1364826957260984,5021980307.27981,4952706516.664711,69273790.6151,4260006,38598
task3_maker_q99_win60,2026-02-14,ethusdt,120,0.378708796945208,0.6183469237259355,-16.754139017644096,0.2396381267807274,5021980307.27981,4952706516.664711,69273790.6151,4260006,38598
task3_maker_q99_win60,2026-02-14,ethusdt,300,0.8823514464221057,1.1896747143841797,-21.08962292431028,0.3073232679620737,5021980307.27981,4952706516.664711,69273790.6151,4260006,38598
no_filter,2026-02-15,btcusdt,30,-0.2043581882723604,-0.2043581882723604,,0.0,9511380700.2625,9511380700.2625,0.0,4131070,0
no_filter,2026-02-15,btcusdt,120,-0.5348574627041964,-0.5348574627041964,,0.0,9511380700.2625,9511380700.2625,0.0,4131070,0
no_filter,2026-02-15,btcusdt,300,-0.8719262033890705,-0.8719262033890705,,0.0,9511380700.2625,9511380700.2625,0.0,4131070,0
task3_maker_q90_win30,2026-02-15,btcusdt,30,-0.2043581882723604,-0.2006493878525847,-0.244800126175724,0.0037088004197756,9511380700.2625,8712394905.8326,798985794.4298999,3843120,287950
task3_maker_q90_win30,2026-02-15,btcusdt,120,-0.5348574627041964,-0.6899738460509286,1.1565808551016077,-0.1551163833467321,9511380700.2625,8712394905.8326,798985794.4298999,3843120,287950
task3_maker_q90_win30,2026-02-15,btcusdt,300,-0.8719262033890705,-1.058227648466173,1.1595639336754473,-0.1863014450771025,9511380700.2625,8712394905.8326,798985794.4298999,3843120,287950
task3_maker_q90_win60,2026-02-15,btcusdt,30,-0.2043581882723604,-0.3062944190516613,0.588788949632467,-0.1019362307793008,9511380700.2625,8428180707.9343,1083199992.3282,3728278,402792
task3_maker_q90_win60,2026-02-15,btcusdt,120,-0.5348574627041964,-0.7938157985643822,1.480049909815703,-0.2589583358601858,9511380700.2625,8428180707.9343,1083199992.3282,3728278,402792
task3_maker_q90_win60,2026-02-15,btcusdt,300,-0.8719262033890705,-1.2196486509311788,1.833638461351187,-0.3477224475421083,9511380700.2625,8428180707.9343,1083199992.3282,3728278,402792
task3_maker_q95_win30,2026-02-15,btcusdt,30,-0.2043581882723604,-0.1682656256730364,-0.8293439736941153,0.036092562599324,9511380700.2625,8992092624.412102,519288075.8504,3945924,185146
task3_maker_q95_win30,2026-02-15,btcusdt,120,-0.5348574627041964,-0.5933573391049684,0.4781376965837382,-0.0584998764007719,9511380700.2625,8992092624.412102,519288075.8504,3945924,185146
task3_maker_q95_win30,2026-02-15,btcusdt,300,-0.8719262033890705,-0.9266895180006016,0.076365930221515,-0.0547633146115312,9511380700.2625,8992092624.412102,519288075.8504,3945924,185146
task3_maker_q95_win60,2026-02-15,btcusdt,30,-0.2043581882723604,-0.293091422817713,0.8349346519905343,-0.0887332345453526,9511380700.2625,8763192698.7839,748188001.4786,3853529,277541
task3_maker_q95_win60,2026-02-15,btcusdt,120,-0.5348574627041964,-0.6723947571854011,1.076055586457628,-0.1375372944812046,9511380700.2625,8763192698.7839,748188001.4786,3853529,277541
task3_maker_q95_win60,2026-02-15,btcusdt,300,-0.8719262033890705,-1.0874460348581558,1.6523615556241915,-0.2155198314690853,9511380700.2625,8763192698.7839,748188001.4786,3853529,277541
task3_maker_q99_win30,2026-02-15,btcusdt,30,-0.2043581882723604,-0.1548624728965122,-2.1530420181758387,0.0494957153758481,9511380700.2625,9275779954.0314,235600746.2311,4049691,81379
task3_maker_q99_win30,2026-02-15,btcusdt,120,-0.5348574627041964,-0.5166053030123123,-1.2534588241009548,0.018252159691884,9511380700.2625,9275779954.0314,235600746.2311,4049691,81379
task3_maker_q99_win30,2026-02-15,btcusdt,300,-0.8719262033890705,-0.9167171967981342,0.8915291567115747,-0.0447909934090637,9511380700.2625,9275779954.0314,235600746.2311,4049691,81379
task3_maker_q99_win60,2026-02-15,btcusdt,30,-0.2043581882723604,-0.1661686637344029,-1.1488035468650246,0.0381895245379575,9511380700.2625,9141726505.3236,369654194.9389,3998396,132674
task3_maker_q99_win60,2026-02-15,btcusdt,120,-0.5348574627041964,-0.4881972766943695,-1.6887863644440173,0.0466601860098269,9511380700.2625,9141726505.3236,369654194.9389,3998396,132674
task3_maker_q99_win60,2026-02-15,btcusdt,300,-0.8719262033890705,-0.9370097375669684,0.7376209831444627,-0.0650835341778978,9511380700.2625,9141726505.3236,369654194.9389,3998396,132674
no_filter,2026-02-15,ethusdt,30,0.4431147925556904,0.4431147925556904,,0.0,9995075265.984669,9995075265.984669,0.0,8339584,0
no_filter,2026-02-15,ethusdt,120,0.0761086807860221,0.0761086807860221,,0.0,9995075265.984669,9995075265.984669,0.0,8339584,0
no_filter,2026-02-15,ethusdt,300,-0.6170962812992509,-0.6170962812992509,,0.0,9995075265.984669,9995075265.984669,0.0,8339584,0
task3_maker_q90_win30,2026-02-15,ethusdt,30,0.4431147925556904,0.8513203877140049,-3.383572930522875,0.4082055951583144,9995075265.984669,9031639981.78675,963435284.19792,7650077,689507
task3_maker_q90_win30,2026-02-15,ethusdt,120,0.0761086807860221,0.0944554912823998,-0.0958818928779906,0.0183468104963777,9995075265.984669,9031639981.78675,963435284.19792,7650077,689507
task3_maker_q90_win30,2026-02-15,ethusdt,300,-0.6170962812992509,-1.6335279270631495,8.911353466394093,-1.0164316457638989,9995075265.984669,9031639981.78675,963435284.19792,7650077,689507
task3_maker_q90_win60,2026-02-15,ethusdt,30,0.4431147925556904,0.7870634199268904,-1.7548184931786472,0.3439486273712,9995075265.984669,8642615735.71202,1352459530.27265,7334303,1005281
task3_maker_q90_win60,2026-02-15,ethusdt,120,0.0761086807860221,-0.2015932467065608,1.850705993802193,-0.277701927492583,9995075265.984669,8642615735.71202,1352459530.27265,7334303,1005281
task3_maker_q90_win60,2026-02-15,ethusdt,300,-0.6170962812992509,-1.9826025507271008,8.10889196989183,-1.36550626942785,9995075265.984669,8642615735.71202,1352459530.27265,7334303,1005281
task3_maker_q95_win30,2026-02-15,ethusdt,30,0.4431147925556904,0.7772659591791513,-4.362710497278054,0.3341511666234609,9995075265.984669,9345292900.45996,649782365.5247099,7894895,444689
task3_maker_q95_win30,2026-02-15,ethusdt,120,0.0761086807860221,0.0994480296296187,-0.2595622493927196,0.0233393488435965,9995075265.984669,9345292900.45996,649782365.5247099,7894895,444689
task3_maker_q95_win30,2026-02-15,ethusdt,300,-0.6170962812992509,-1.6301687564215337,13.953103699068857,-1.0130724751222826,9995075265.984669,9345292900.45996,649782365.5247099,7894895,444689
task3_maker_q95_win60,2026-02-15,ethusdt,30,0.4431147925556904,0.7304206793028695,-2.249123510751314,0.287305886747179,9995075265.984669,9031288935.1814,963786330.80327,7649125,690459
task3_maker_q95_win60,2026-02-15,ethusdt,120,0.0761086807860221,-0.1435219179538532,2.1341866310859703,-0.2196305987398753,9995075265.984669,9031288935.1814,963786330.80327,7649125,690459
task3_maker_q95_win60,2026-02-15,ethusdt,300,-0.6170962812992509,-1.9539797349591383,11.910349228954791,-1.3368834536598877,9995075265.984669,9031288935.1814,963786330.80327,7649125,690459
task3_maker_q99_win30,2026-02-15,ethusdt,30,0.4431147925556904,0.6689722086402702,-9.529245564919558,0.2258574160845797,9995075265.984669,9773716796.95894,221358469.02573,8204257,135327
task3_maker_q99_win30,2026-02-15,ethusdt,120,0.0761086807860221,0.1615428287636778,-3.696094708577095,0.0854341479776557,9995075265.984669,9773716796.95894,221358469.02573,8204257,135327
task3_maker_q99_win30,2026-02-15,ethusdt,300,-0.6170962812992509,-1.1779802377799402,24.14780641579565,-0.5608839564806893,9995075265.984669,9773716796.95894,221358469.02573,8204257,135327
task3_maker_q99_win60,2026-02-15,ethusdt,30,0.4431147925556904,0.6561609092950718,-6.428070521787995,0.2130461167393813,9995075265.984669,9694490510.58089,300584755.40378,8136153,203431
task3_maker_q99_win60,2026-02-15,ethusdt,120,0.0761086807860221,0.041722178485192,1.1851456969835263,-0.03438650230083,9995075265.984669,9694490510.58089,300584755.40378,8136153,203431
task3_maker_q99_win60,2026-02-15,ethusdt,300,-0.6170962812992509,-1.3837360882811376,24.108649786014457,-0.7666398069818867,9995075265.984669,9694490510.58089,300584755.40378,8136153,203431
no_filter,2026-02-16,btcusdt,30,-0.4259973832231328,-0.4259973832231328,,0.0,9430790097.4375,9430790097.4375,0.0,4281078,0
no_filter,2026-02-16,btcusdt,120,-0.8882859208816226,-0.8882859208816226,,0.0,9430790097.4375,9430790097.4375,0.0,4281078,0
no_filter,2026-02-16,btcusdt,300,-1.267117039754583,-1.267117039754583,,0.0,9430790097.4375,9430790097.4375,0.0,4281078,0
task3_maker_q90_win30,2026-02-16,btcusdt,30,-0.4259973832231328,-0.6289587492996016,1.8643226998179607,-0.2029613660764688,9430790097.4375,8663092554.8942,767697542.5432999,3992083,288995
task3_maker_q90_win30,2026-02-16,btcusdt,120,-0.8882859208816226,-1.5332351132375857,6.38965133559831,-0.644949192355963,9430790097.4375,8663092554.8942,767697542.5432999,3992083,288995
task3_maker_q90_win30,2026-02-16,btcusdt,300,-1.267117039754583,-2.194905379307687,9.202522123440747,-0.927788339553104,9430790097.4375,8663092554.8942,767697542.5432999,3992083,288995
task3_maker_q90_win60,2026-02-16,btcusdt,30,-0.4259973832231328,-0.6300822508709982,1.1836629420394906,-0.2040848676478654,9430790097.4375,8369625852.1105,1061164245.327,3864906,416172
task3_maker_q90_win60,2026-02-16,btcusdt,120,-0.8882859208816226,-1.676407903168591,5.327798108158506,-0.7881219822869684,9430790097.4375,8369625852.1105,1061164245.327,3864906,416172
task3_maker_q90_win60,2026-02-16,btcusdt,300,-1.267117039754583,-2.3479843684779507,7.257911179978767,-1.0808673287233677,9430790097.4375,8369625852.1105,1061164245.327,3864906,416172
task3_maker_q95_win30,2026-02-16,btcusdt,30,-0.4259973832231328,-0.6813092872601054,3.591104454202082,-0.2553119040369726,9430790097.4375,8867222727.3153,563567370.1222,4072251,208827
task3_maker_q95_win30,2026-02-16,btcusdt,120,-0.8882859208816226,-1.5210663559845248,9.067941769036386,-0.6327804351029022,9430790097.4375,8867222727.3153,563567370.1222,4072251,208827
task3_maker_q95_win30,2026-02-16,btcusdt,300,-1.267117039754583,-2.084268822602412,11.590027012008646,-0.8171517828478292,9430790097.4375,8867222727.3153,563567370.1222,4072251,208827
task3_maker_q95_win60,2026-02-16,btcusdt,30,-0.4259973832231328,-0.7283765135197456,2.8864325260269883,-0.3023791302966128,9430790097.4375,8641903581.8636,788886515.5739,3973055,308023
task3_maker_q95_win60,2026-02-16,btcusdt,120,-0.8882859208816226,-1.6756910516320744,7.737389744090073,-0.7874051307504518,9430790097.4375,8641903581.8636,788886515.5739,3973055,308023
task3_maker_q95_win60,2026-02-16,btcusdt,300,-1.267117039754583,-2.2277973018368407,9.256711209324695,-0.9606802620822577,9430790097.4375,8641903581.8636,788886515.5739,3973055,308023
task3_maker_q99_win30,2026-02-16,btcusdt,30,-0.4259973832231328,-0.5404239558114108,5.814511983860468,-0.1144265725882779,9430790097.4375,9260979890.3963,169810207.04119998,4229693,51385
task3_maker_q99_win30,2026-02-16,btcusdt,120,-0.8882859208816226,-1.1999004528434722,16.106310365982132,-0.3116145319618496,9430790097.4375,9260979890.3963,169810207.04119998,4229693,51385
task3_maker_q99_win30,2026-02-16,btcusdt,300,-1.267117039754583,-1.7290247685067566,23.92405527979057,-0.4619077287521735,9430790097.4375,9260979890.3963,169810207.04119998,4229693,51385
task3_maker_q99_win60,2026-02-16,btcusdt,30,-0.4259973832231328,-0.5825268666911235,5.806956062846162,-0.1565294834679907,9430790097.4375,9199754703.9751,231035393.4624,4203096,77982
task3_maker_q99_win60,2026-02-16,btcusdt,120,-0.8882859208816226,-1.2998346948582828,15.499453258670291,-0.4115487739766602,9430790097.4375,9199754703.9751,231035393.4624,4203096,77982
task3_maker_q99_win60,2026-02-16,btcusdt,300,-1.267117039754583,-1.8488575223263568,21.89760097520798,-0.5817404825717738,9430790097.4375,9199754703.9751,231035393.4624,4203096,77982
no_filter,2026-02-16,ethusdt,30,-0.0813135192846207,-0.0813135192846207,,0.0,7932571896.14237,7932571896.14237,0.0,7420286,0
no_filter,2026-02-16,ethusdt,120,-0.3962786464450834,-0.3962786464450834,,0.0,7932571896.14237,7932571896.14237,0.0,7420286,0
no_filter,2026-02-16,ethusdt,300,0.1402390939658297,0.1402390939658297,,0.0,7932571896.14237,7932571896.14237,0.0,7420286,0
task3_maker_q90_win30,2026-02-16,ethusdt,30,-0.0813135192846207,-0.21127873132187,1.3945432591744384,-0.1299652120372492,7932571896.14237,7290559023.86614,642012872.27623,6912676,507610
task3_maker_q90_win30,2026-02-16,ethusdt,120,-0.3962786464450834,-0.8159035592678534,4.368890911561541,-0.41962491282277,7932571896.14237,7290559023.86614,642012872.27623,6912676,507610
task3_maker_q90_win30,2026-02-16,ethusdt,300,0.1402390939658297,0.2424853567572409,-1.0208473048280329,0.1022462627914112,7932571896.14237,7290559023.86614,642012872.27623,6912676,507610
task3_maker_q90_win60,2026-02-16,ethusdt,30,-0.0813135192846207,-0.2008534725007323,0.7932952736516723,-0.1195399532161115,7932571896.14237,6978731460.273701,953840435.86867,6658492,761794
task3_maker_q90_win60,2026-02-16,ethusdt,120,-0.3962786464450834,-0.9281865642204548,3.495402163214736,-0.5319079177753714,7932571896.14237,6978731460.273701,953840435.86867,6658492,761794
task3_maker_q90_win60,2026-02-16,ethusdt,300,0.1402390939658297,0.1782349243507064,-0.1377557224571893,0.0379958303848767,7932571896.14237,6978731460.273701,953840435.86867,6658492,761794
task3_maker_q95_win30,2026-02-16,ethusdt,30,-0.0813135192846207,-0.1627803336276582,1.3826174198285894,-0.0814668143430374,7932571896.14237,7514400353.90962,418171542.23275006,7094861,325425
task3_maker_q95_win30,2026-02-16,ethusdt,120,-0.3962786464450834,-0.6393125295224502,3.970957553459024,-0.2430338830773667,7932571896.14237,7514400353.90962,418171542.23275006,7094861,325425
task3_maker_q95_win30,2026-02-16,ethusdt,300,0.1402390939658297,0.1602995558072572,-0.2202405808488474,0.0200604618414275,7932571896.14237,7514400353.90962,418171542.23275006,7094861,325425
task3_maker_q95_win60,2026-02-16,ethusdt,30,-0.0813135192846207,-0.1603211401963868,0.8022284824785754,-0.079007620911766,7932571896.14237,7281453638.4841,651118257.6582699,6903882,516404
task3_maker_q95_win60,2026-02-16,ethusdt,120,-0.3962786464450834,-0.7902094275187463,4.009048166960198,-0.3939307810736629,7932571896.14237,7281453638.4841,651118257.6582699,6903882,516404
task3_maker_q95_win60,2026-02-16,ethusdt,300,0.1402390939658297,0.0838882538830186,0.7704103796372059,-0.056350840082811,7932571896.14237,7281453638.4841,651118257.6582699,6903882,516404
task3_maker_q99_win30,2026-02-16,ethusdt,30,-0.0813135192846207,-0.1388705432943681,5.05119757714544,-0.0575570240097473,7932571896.14237,7844600944.607611,87970951.53476,7360078,60208
task3_maker_q99_win30,2026-02-16,ethusdt,120,-0.3962786464450834,-0.5089795192262874,9.653554368356422,-0.1127008727812039,7932571896.14237,7844600944.607611,87970951.53476,7360078,60208
task3_maker_q99_win30,2026-02-16,ethusdt,300,0.1402390939658297,0.1172564260781831,2.1896639902032664,-0.0229826678876465,7932571896.14237,7844600944.607611,87970951.53476,7360078,60208
task3_maker_q99_win60,2026-02-16,ethusdt,30,-0.0813135192846207,-0.157544700295842,3.662130704212988,-0.0762311810112212,7932571896.14237,7774257573.57309,158314322.56928,7305867,114419
task3_maker_q99_win60,2026-02-16,ethusdt,120,-0.3962786464450834,-0.5474483528462006,7.027132045720255,-0.1511697064011172,7932571896.14237,7774257573.57309,158314322.56928,7305867,114419
task3_maker_q99_win60,2026-02-16,ethusdt,300,0.1402390939658297,0.188668021790846,-2.237934610178332,0.0484289278250162,7932571896.14237,7774257573.57309,158314322.56928,7305867,114419
no_filter,2026-02-17,btcusdt,30,-0.1779782203891171,-0.1779782203891171,,0.0,9532691575.8291,9532691575.8291,0.0,4735651,0
no_filter,2026-02-17,btcusdt,120,-0.2712324449824706,-0.2712324449824706,,0.0,9532691575.8291,9532691575.8291,0.0,4735651,0
no_filter,2026-02-17,btcusdt,300,-0.2008916728671629,-0.2008916728671629,,0.0,9532691575.8291,9532691575.8291,0.0,4735651,0
task3_maker_q90_win30,2026-02-17,btcusdt,30,-0.1779782203891171,-0.3055910197365781,1.3084454144313191,-0.1276127993474609,9532691575.8291,8778995171.2404,753696404.5887,4441141,294510
task3_maker_q90_win30,2026-02-17,btcusdt,120,-0.2712324449824706,-0.5818558935823124,3.34688452987584,-0.3106234485998417,9532691575.8291,8778995171.2404,753696404.5887,4441141,294510
task3_maker_q90_win30,2026-02-17,btcusdt,300,-0.2008916728671629,-0.828491387406726,7.10933938286061,-0.6275997145395631,9532691575.8291,8778995171.2404,753696404.5887,4441141,294510
task3_maker_q90_win60,2026-02-17,btcusdt,30,-0.1779782203891171,-0.3088411588404152,0.8198705041618524,-0.1308629384512981,9532691575.8291,8427470400.347701,1105221175.4814,4273111,462540
task3_maker_q90_win60,2026-02-17,btcusdt,120,-0.2712324449824706,-0.6042608637390017,2.2681571394803903,-0.333028418756531,9532691575.8291,8427470400.347701,1105221175.4814,4273111,462540
task3_maker_q90_win60,2026-02-17,btcusdt,300,-0.2008916728671629,-0.8400671167124502,4.67291300363934,-0.6391754438452872,9532691575.8291,8427470400.347701,1105221175.4814,4273111,462540
task3_maker_q95_win30,2026-02-17,btcusdt,30,-0.1779782203891171,-0.2755351665660909,1.60704945732647,-0.0975569461769738,9532691575.8291,9038700353.7708,493991222.0583,4546462,189189
task3_maker_q95_win30,2026-02-17,btcusdt,120,-0.2712324449824706,-0.5065341572770747,4.034151082478489,-0.2353017122946041,9532691575.8291,9038700353.7708,493991222.0583,4546462,189189
task3_maker_q95_win30,2026-02-17,btcusdt,300,-0.2008916728671629,-0.7651393929354491,10.123312157608362,-0.5642477200682862,9532691575.8291,9038700353.7708,493991222.0583,4546462,189189
task3_maker_q95_win60,2026-02-17,btcusdt,30,-0.1779782203891171,-0.2571481669653747,0.7053841544656726,-0.0791699465762575,9532691575.8291,8748611222.3878,784080353.4413,4415972,319679
task3_maker_q95_win60,2026-02-17,btcusdt,120,-0.2712324449824706,-0.4970038931215519,2.247880062065167,-0.2257714481390813,9532691575.8291,8748611222.3878,784080353.4413,4415972,319679
task3_maker_q95_win60,2026-02-17,btcusdt,300,-0.2008916728671629,-0.8606668141772706,7.160746940043486,-0.6597751413101077,9532691575.8291,8748611222.3878,784080353.4413,4415972,319679
task3_maker_q99_win30,2026-02-17,btcusdt,30,-0.1779782203891171,-0.2546257680427921,3.5275585716871976,-0.0766475476536749,9532691575.8291,9339507593.7183,193183982.11080003,4665935,69716
task3_maker_q99_win30,2026-02-17,btcusdt,120,-0.2712324449824706,-0.3779823906767607,4.889609140056486,-0.10674994569429,9532691575.8291,9339507593.7183,193183982.11080003,4665935,69716
task3_maker_q99_win30,2026-02-17,btcusdt,300,-0.2008916728671629,-0.4393128544709044,11.325614881979064,-0.2384211816037414,9532691575.8291,9339507593.7183,193183982.11080003,4665935,69716
task3_maker_q99_win60,2026-02-17,btcusdt,30,-0.1779782203891171,-0.2489980112943642,1.8214096325669888,-0.071019790905247,9532691575.8291,9205698114.1855,326993461.6436,4611354,124297
task3_maker_q99_win60,2026-02-17,btcusdt,120,-0.2712324449824706,-0.3922260989389228,3.1350468318469957,-0.1209936539564522,9532691575.8291,9205698114.1855,326993461.6436,4611354,124297
task3_maker_q99_win60,2026-02-17,btcusdt,300,-0.2008916728671629,-0.5038766927778869,8.328907707215333,-0.302985019910724,9532691575.8291,9205698114.1855,326993461.6436,4611354,124297
no_filter,2026-02-17,ethusdt,30,-0.2973102426202342,-0.2973102426202342,,0.0,8378675925.97901,8378675925.97901,0.0,7923955,0
no_filter,2026-02-17,ethusdt,120,-0.2089613726749514,-0.2089613726749514,,0.0,8378675925.97901,8378675925.97901,0.0,7923955,0
no_filter,2026-02-17,ethusdt,300,0.1195787645654606,0.1195787645654606,,0.0,8378675925.97901,8378675925.97901,0.0,7923955,0
task3_maker_q90_win30,2026-02-17,ethusdt,30,-0.2973102426202342,-0.5371716459701262,2.366662279526007,-0.239861403349892,8378675925.97901,7686583672.29549,692092253.68352,7431916,492039
task3_maker_q90_win30,2026-02-17,ethusdt,120,-0.2089613726749514,-0.5954213068772458,4.083178301516696,-0.3864599342022944,8378675925.97901,7686583672.29549,692092253.68352,7431916,492039
task3_maker_q90_win30,2026-02-17,ethusdt,300,0.1195787645654606,-0.3161746147508567,4.959186190849452,-0.4357533793163173,8378675925.97901,7686583672.29549,692092253.68352,7431916,492039
task3_maker_q90_win60,2026-02-17,ethusdt,30,-0.2973102426202342,-0.6227159581173034,2.1907978522488225,-0.3254057154970692,8378675925.97901,7409614027.4499,969061898.52911,7185355,738600
task3_maker_q90_win60,2026-02-17,ethusdt,120,-0.2089613726749514,-0.6896251712766407,3.466276741641895,-0.4806637986016893,8378675925.97901,7409614027.4499,969061898.52911,7185355,738600
task3_maker_q90_win60,2026-02-17,ethusdt,300,0.1195787645654606,-0.4699447799487037,4.627177228166516,-0.5895235445141643,8378675925.97901,7409614027.4499,969061898.52911,7185355,738600
task3_maker_q95_win30,2026-02-17,ethusdt,30,-0.2973102426202342,-0.4544469322186849,2.3858111541487124,-0.1571366895984507,8378675925.97901,7915127417.99449,463548507.98452,7601779,322176
task3_maker_q95_win30,2026-02-17,ethusdt,120,-0.2089613726749514,-0.3723545340233172,2.5809897738066523,-0.1633931613483658,8378675925.97901,7915127417.99449,463548507.98452,7601779,322176
task3_maker_q95_win30,2026-02-17,ethusdt,300,0.1195787645654606,0.1070482940222598,0.3335375396418616,-0.0125304705432008,8378675925.97901,7915127417.99449,463548507.98452,7601779,322176
task3_maker_q95_win60,2026-02-17,ethusdt,30,-0.2973102426202342,-0.4779207173590465,1.698685914402275,-0.1806104747388123,8378675925.97901,7683430117.8519,695245808.12711,7417040,506915
task3_maker_q95_win60,2026-02-17,ethusdt,120,-0.2089613726749514,-0.219875946465357,-0.0883401995525545,-0.0109145737904056,8378675925.97901,7683430117.8519,695245808.12711,7417040,506915
task3_maker_q95_win60,2026-02-17,ethusdt,300,0.1195787645654606,0.1972713099429808,-0.7390315803056549,0.0776925453775202,8378675925.97901,7683430117.8519,695245808.12711,7417040,506915
task3_maker_q99_win30,2026-02-17,ethusdt,30,-0.2973102426202342,-0.3537201083117626,5.758671586216723,-0.0564098656915284,8378675925.97901,8301351041.17485,77324884.80416,7872030,51925
task3_maker_q99_win30,2026-02-17,ethusdt,120,-0.2089613726749514,-0.3361250750205541,13.442924893174691,-0.1271637023456027,8378675925.97901,8301351041.17485,77324884.80416,7872030,51925
task3_maker_q99_win30,2026-02-17,ethusdt,300,0.1195787645654606,0.0315390112507698,9.571243641851725,-0.0880397533146907,8378675925.97901,8301351041.17485,77324884.80416,7872030,51925
task3_maker_q99_win60,2026-02-17,ethusdt,30,-0.2973102426202342,-0.3872090092232195,5.725111343695962,-0.0898987666029853,8378675925.97901,8255444061.8062,123231864.17281,7833949,90006
task3_maker_q99_win60,2026-02-17,ethusdt,120,-0.2089613726749514,-0.3705078633964968,10.613223510145872,-0.1615464907215454,8378675925.97901,8255444061.8062,123231864.17281,7833949,90006
task3_maker_q99_win60,2026-02-17,ethusdt,300,0.1195787645654606,0.0432046429243052,5.23596885742307,-0.0763741216411553,8378675925.97901,8255444061.8062,123231864.17281,7833949,90006
no_filter,2026-02-18,btcusdt,30,-0.2330937248144238,-0.2330937248144238,,0.0,10392995082.2044,10392995082.2044,0.0,4414934,0
no_filter,2026-02-18,btcusdt,120,-0.3378032775382905,-0.3378032775382905,,0.0,10392995082.2044,10392995082.2044,0.0,4414934,0
no_filter,2026-02-18,btcusdt,300,-0.2076975272580049,-0.2076975272580049,,0.0,10392995082.2044,10392995082.2044,0.0,4414934,0
task3_maker_q90_win30,2026-02-18,btcusdt,30,-0.2330937248144238,-0.4502333607975066,2.120570780659233,-0.2171396359830828,10392995082.2044,9515164238.3327,877830843.8717,4121640,293294
task3_maker_q90_win30,2026-02-18,btcusdt,120,-0.3378032775382905,-0.5542436615552518,2.008281752518126,-0.2164403840169613,10392995082.2044,9515164238.3327,877830843.8717,4121640,293294
task3_maker_q90_win30,2026-02-18,btcusdt,300,-0.2076975272580049,0.3185063544854242,-5.911434634003728,0.5262038817434291,10392995082.2044,9515164238.3327,877830843.8717,4121640,293294
task3_maker_q90_win60,2026-02-18,btcusdt,30,-0.2330937248144238,-0.442342256149934,1.293698684599449,-0.2092485313355101,10392995082.2044,9140306331.563698,1252688750.6407,3966372,448562
task3_maker_q90_win60,2026-02-18,btcusdt,120,-0.3378032775382905,-0.5040148599117924,0.8749678740911272,-0.1662115823735018,10392995082.2044,9140306331.563698,1252688750.6407,3966372,448562
task3_maker_q90_win60,2026-02-18,btcusdt,300,-0.2076975272580049,0.5607429597325542,-5.814662102518474,0.7684404869905591,10392995082.2044,9140306331.563698,1252688750.6407,3966372,448562
task3_maker_q95_win30,2026-02-18,btcusdt,30,-0.2330937248144238,-0.360705420635775,1.7888938984414886,-0.1276116958213511,10392995082.2044,9776011388.8562,616983693.3482,4209188,205746
task3_maker_q95_win30,2026-02-18,btcusdt,120,-0.3378032775382905,-0.6233256222562774,4.186254203768087,-0.2855223447179869,10392995082.2044,9776011388.8562,616983693.3482,4209188,205746
task3_maker_q95_win30,2026-02-18,btcusdt,300,-0.2076975272580049,0.1575763196883124,-5.995405251622828,0.3652738469463173,10392995082.2044,9776011388.8562,616983693.3482,4209188,205746
task3_maker_q95_win60,2026-02-18,btcusdt,30,-0.2330937248144238,-0.3991449357555621,1.4843774628641195,-0.1660512109411382,10392995082.2044,9476749318.4322,916245763.7722,4090300,324634
task3_maker_q95_win60,2026-02-18,btcusdt,120,-0.3378032775382905,-0.6579056503722956,2.973022336644189,-0.3201023728340051,10392995082.2044,9476749318.4322,916245763.7722,4090300,324634
task3_maker_q95_win60,2026-02-18,btcusdt,300,-0.2076975272580049,0.2878108717248224,-5.332751380718908,0.4955083989828273,10392995082.2044,9476749318.4322,916245763.7722,4090300,324634
task3_maker_q99_win30,2026-02-18,btcusdt,30,-0.2330937248144238,-0.2602153010236584,1.1749754217301218,-0.0271215762092345,10392995082.2044,10196593026.5784,196402055.626,4353097,61837
task3_maker_q99_win30,2026-02-18,btcusdt,120,-0.3378032775382905,-0.3934997981909865,2.5537894417019573,-0.0556965206526959,10392995082.2044,10196593026.5784,196402055.626,4353097,61837
task3_maker_q99_win30,2026-02-18,btcusdt,300,-0.2076975272580049,-0.0627750016880242,-7.731631067113342,0.1449225255699807,10392995082.2044,10196593026.5784,196402055.626,4353097,61837
task3_maker_q99_win60,2026-02-18,btcusdt,30,-0.2330937248144238,-0.2593439359669673,0.546580766619685,-0.0262502111525434,10392995082.2044,10054479195.3733,338515886.8311,4307518,107416
task3_maker_q99_win60,2026-02-18,btcusdt,120,-0.3378032775382905,-0.3416048294553409,-0.2248909264580463,-0.0038015519170503,10392995082.2044,10054479195.3733,338515886.8311,4307518,107416
task3_maker_q99_win60,2026-02-18,btcusdt,300,-0.2076975272580049,0.1493509002731206,-10.812623694707357,0.3570484275311256,10392995082.2044,10054479195.3733,338515886.8311,4307518,107416
no_filter,2026-02-18,ethusdt,30,-0.2385473253050399,-0.2385473253050399,,0.0,9242107841.84967,9242107841.84967,0.0,7403537,0
no_filter,2026-02-18,ethusdt,120,-0.0198799771873974,-0.0198799771873974,,0.0,9242107841.84967,9242107841.84967,0.0,7403537,0
no_filter,2026-02-18,ethusdt,300,-0.0704884831328027,-0.0704884831328027,,0.0,9242107841.84967,9242107841.84967,0.0,7403537,0
task3_maker_q90_win30,2026-02-18,ethusdt,30,-0.2385473253050399,-0.2132164765178096,-0.5557144179376605,0.0253308487872302,9242107841.84967,8558569613.13318,683538228.71649,6967372,436165
task3_maker_q90_win30,2026-02-18,ethusdt,120,-0.0198799771873974,0.3075303718188669,-4.119378946384908,0.3274103490062643,9242107841.84967,8558569613.13318,683538228.71649,6967372,436165
task3_maker_q90_win30,2026-02-18,ethusdt,300,-0.0704884831328027,0.3082451786662961,-4.812605709598654,0.3787336617990988,9242107841.84967,8558569613.13318,683538228.71649,6967372,436165
task3_maker_q90_win60,2026-02-18,ethusdt,30,-0.2385473253050399,-0.1998468322798599,-0.5717406798877891,0.03870049302518,9242107841.84967,8280343799.84663,961764042.00304,6758775,644762
task3_maker_q90_win60,2026-02-18,ethusdt,120,-0.0198799771873974,0.3496105500600246,-3.2010226096602223,0.3694905272474221,9242107841.84967,8280343799.84663,961764042.00304,6758775,644762
task3_maker_q90_win60,2026-02-18,ethusdt,300,-0.0704884831328027,0.4854080172188612,-4.856500372760916,0.5558965003516639,9242107841.84967,8280343799.84663,961764042.00304,6758775,644762
task3_maker_q95_win30,2026-02-18,ethusdt,30,-0.2385473253050399,-0.2231736727551057,-0.553537458003684,0.0153736525499341,9242107841.84967,8812021491.18412,430086350.66555,7128961,274576
task3_maker_q95_win30,2026-02-18,ethusdt,120,-0.0198799771873974,0.0429911451195458,-1.3080438077444758,0.0628711223069432,9242107841.84967,8812021491.18412,430086350.66555,7128961,274576
task3_maker_q95_win30,2026-02-18,ethusdt,300,-0.0704884831328027,0.1563448116439733,-4.718066499491277,0.226833294776776,9242107841.84967,8812021491.18412,430086350.66555,7128961,274576
task3_maker_q95_win60,2026-02-18,ethusdt,30,-0.2385473253050399,-0.2291698457785505,-0.3673425464578541,0.0093774795264894,9242107841.84967,8614866160.66037,627241681.1893001,6989633,413904
task3_maker_q95_win60,2026-02-18,ethusdt,120,-0.0198799771873974,0.0438533527182211,-0.8952269504131991,0.0637333299056186,9242107841.84967,8614866160.66037,627241681.1893001,6989633,413904
task3_maker_q95_win60,2026-02-18,ethusdt,300,-0.0704884831328027,0.3931028238215758,-6.43769458953356,0.4635913069543785,9242107841.84967,8614866160.66037,627241681.1893001,6989633,413904
task3_maker_q99_win30,2026-02-18,ethusdt,30,-0.2385473253050399,-0.1853312971668947,-4.18385197299175,0.0532160281381452,9242107841.84967,9119105283.94338,123002557.90629,7320771,82766
task3_maker_q99_win30,2026-02-18,ethusdt,120,-0.0198799771873974,0.0835478539178881,-7.687763452078797,0.1034278311052856,9242107841.84967,9119105283.94338,123002557.90629,7320771,82766
task3_maker_q99_win30,2026-02-18,ethusdt,300,-0.0704884831328027,-0.003307453284334,-5.051123802429693,0.0671810298484686,9242107841.84967,9119105283.94338,123002557.90629,7320771,82766
task3_maker_q99_win60,2026-02-18,ethusdt,30,-0.2385473253050399,-0.1876977648974594,-2.3723649815297336,0.0508495604075804,9242107841.84967,9026991728.320051,215116113.52962,7256684,146853
task3_maker_q99_win60,2026-02-18,ethusdt,120,-0.0198799771873974,0.0848373970540031,-4.414171300037832,0.1047173742414006,9242107841.84967,9026991728.320051,215116113.52962,7256684,146853
task3_maker_q99_win60,2026-02-18,ethusdt,300,-0.0704884831328027,0.048024284179377,-5.043680647466221,0.1185127673121797,9242107841.84967,9026991728.320051,215116113.52962,7256684,146853
no_filter,2026-02-19,btcusdt,30,-0.1487804281131374,-0.1487804281131374,,0.0,9225344261.709,9225344261.709,0.0,4243601,0
no_filter,2026-02-19,btcusdt,120,-0.1256246893565337,-0.1256246893565337,,0.0,9225344261.709,9225344261.709,0.0,4243601,0
no_filter,2026-02-19,btcusdt,300,-0.2067727126807326,-0.2067727126807326,,0.0,9225344261.709,9225344261.709,0.0,4243601,0
task3_maker_q90_win30,2026-02-19,btcusdt,30,-0.1487804281131374,-0.1201169650624584,-0.5841769581375807,0.0286634630506789,9225344261.709,8655525017.8155,569819243.8935,4028156,215445
task3_maker_q90_win30,2026-02-19,btcusdt,120,-0.1256246893565337,-0.0671568134086217,-1.0137487189133016,0.058467875947912,9225344261.709,8655525017.8155,569819243.8935,4028156,215445
task3_maker_q90_win30,2026-02-19,btcusdt,300,-0.2067727126807326,-0.0269472088336288,-2.9383128704939936,0.1798255038471037,9225344261.709,8655525017.8155,569819243.8935,4028156,215445
task3_maker_q90_win60,2026-02-19,btcusdt,30,-0.1487804281131374,-0.1427753876370841,-0.2095096700785386,0.0060050404760533,9225344261.709,8395207731.1231,830136530.5859001,3919697,323904
task3_maker_q90_win60,2026-02-19,btcusdt,120,-0.1256246893565337,-0.0779225765407364,-0.6080382822379855,0.0477021128157972,9225344261.709,8395207731.1231,830136530.5859001,3919697,323904
task3_maker_q90_win60,2026-02-19,btcusdt,300,-0.2067727126807326,0.0591890627114179,-2.896456000536432,0.2659617753921505,9225344261.709,8395207731.1231,830136530.5859001,3919697,323904
task3_maker_q95_win30,2026-02-19,btcusdt,30,-0.1487804281131374,-0.067697540466556,-1.996412903464356,0.0810828876465813,9225344261.709,8837512253.615,387832008.094,4098115,145486
task3_maker_q95_win30,2026-02-19,btcusdt,120,-0.1256246893565337,-0.0823467955746225,-1.1117963013591925,0.0432778937819111,9225344261.709,8837512253.615,387832008.094,4098115,145486
task3_maker_q95_win30,2026-02-19,btcusdt,300,-0.2067727126807326,-0.0630599446940838,-3.481549733599308,0.1437127679866487,9225344261.709,8837512253.615,387832008.094,4098115,145486
task3_maker_q95_win60,2026-02-19,btcusdt,30,-0.1487804281131374,-0.1014773399299786,-0.8398832458133385,0.0473030881831587,9225344261.709,8634358640.3121,590985621.3969,4013038,230563
task3_maker_q95_win60,2026-02-19,btcusdt,120,-0.1256246893565337,-0.122382088455339,-0.1729994106604739,0.0032426009011947,9225344261.709,8634358640.3121,590985621.3969,4013038,230563
task3_maker_q95_win60,2026-02-19,btcusdt,300,-0.2067727126807326,-0.0277128509158811,-2.8228550818389357,0.1790598617648514,9225344261.709,8634358640.3121,590985621.3969,4013038,230563
task3_maker_q99_win30,2026-02-19,btcusdt,30,-0.1487804281131374,-0.1309007274762808,-2.57760610904587,0.0178797006368565,9225344261.709,9157928546.3091,67415715.39989999,4212960,30641
task3_maker_q99_win30,2026-02-19,btcusdt,120,-0.1256246893565337,-0.146269301203611,2.6787938210803017,-0.0206446118470773,9225344261.709,9157928546.3091,67415715.39989999,4212960,30641
task3_maker_q99_win30,2026-02-19,btcusdt,300,-0.2067727126807326,-0.1661761767200332,-5.721513205315231,0.0405965359606993,9225344261.709,9157928546.3091,67415715.39989999,4212960,30641
task3_maker_q99_win60,2026-02-19,btcusdt,30,-0.1487804281131374,-0.1596403877083547,0.7151149229185331,-0.0108599595952173,9225344261.709,9110812958.2496,114531303.4594,4194530,49071
task3_maker_q99_win60,2026-02-19,btcusdt,120,-0.1256246893565337,-0.1692144118702853,3.3418797983189528,-0.0435897225137515,9225344261.709,9110812958.2496,114531303.4594,4194530,49071
task3_maker_q99_win60,2026-02-19,btcusdt,300,-0.2067727126807326,-0.1617142461817158,-3.7911138321688327,0.0450584664990167,9225344261.709,9110812958.2496,114531303.4594,4194530,49071
no_filter,2026-02-19,ethusdt,30,-0.208592809692821,-0.208592809692821,,0.0,7766193325.204,7766193325.204,0.0,7059258,0
no_filter,2026-02-19,ethusdt,120,-0.2197771003883337,-0.2197771003883337,,0.0,7766193325.204,7766193325.204,0.0,7059258,0
no_filter,2026-02-19,ethusdt,300,-0.4151057624063433,-0.4151057624063433,,0.0,7766193325.204,7766193325.204,0.0,7059258,0
task3_maker_q90_win30,2026-02-19,ethusdt,30,-0.208592809692821,-0.1112450488335762,-1.7442500394456122,0.0973477608592448,7766193325.204,7303229932.590441,462963392.61356,6708726,350532
task3_maker_q90_win30,2026-02-19,ethusdt,120,-0.2197771003883337,-0.08063685973419,-2.4147091113980874,0.1391402406541437,7766193325.204,7303229932.590441,462963392.61356,6708726,350532
task3_maker_q90_win30,2026-02-19,ethusdt,300,-0.4151057624063433,0.3606217073068021,-12.652177130747956,0.7757274697131455,7766193325.204,7303229932.590441,462963392.61356,6708726,350532
task3_maker_q90_win60,2026-02-19,ethusdt,30,-0.208592809692821,-0.1042605444037083,-1.267336842432043,0.1043322652891127,7766193325.204,7069536929.00257,696656396.2014301,6514104,545154
task3_maker_q90_win60,2026-02-19,ethusdt,120,-0.2197771003883337,-0.0196394594795268,-2.250735907345401,0.2001376409088069,7766193325.204,7069536929.00257,696656396.2014301,6514104,545154
task3_maker_q90_win60,2026-02-19,ethusdt,300,-0.4151057624063433,0.7229145044682935,-11.963519509112851,1.1380202668746369,7766193325.204,7069536929.00257,696656396.2014301,6514104,545154
task3_maker_q95_win30,2026-02-19,ethusdt,30,-0.208592809692821,-0.1291905001990642,-2.247125063483349,0.0794023094937568,7766193325.204,7475035280.623079,291158044.58092,6835595,223663
task3_maker_q95_win30,2026-02-19,ethusdt,120,-0.2197771003883337,-0.1701947044443024,-1.4927289074143977,0.0495823959440313,7766193325.204,7475035280.623079,291158044.58092,6835595,223663
task3_maker_q95_win30,2026-02-19,ethusdt,300,-0.4151057624063433,-0.0271644115169871,-10.37490367520133,0.3879413508893562,7766193325.204,7475035280.623079,291158044.58092,6835595,223663
task3_maker_q95_win60,2026-02-19,ethusdt,30,-0.208592809692821,-0.1366053886763595,-1.372055897097314,0.0719874210164615,7766193325.204,7313671573.19044,452521752.01356,6706303,352955
task3_maker_q95_win60,2026-02-19,ethusdt,120,-0.2197771003883337,-0.1391144427235293,-1.5234496503951551,0.0806626576648044,7766193325.204,7313671573.19044,452521752.01356,6706303,352955
task3_maker_q95_win60,2026-02-19,ethusdt,300,-0.4151057624063433,0.192333056258563,-10.2325521078116,0.6074388186649063,7766193325.204,7313671573.19044,452521752.01356,6706303,352955
task3_maker_q99_win30,2026-02-19,ethusdt,30,-0.208592809692821,-0.1716383788446699,-3.4693278011494493,0.0369544308481511,7766193325.204,7679164130.687241,87029194.51675999,6997597,61661
task3_maker_q99_win30,2026-02-19,ethusdt,120,-0.2197771003883337,-0.1349806008346109,-7.701935718498769,0.0847964995537228,7766193325.204,7679164130.687241,87029194.51675999,6997597,61661
task3_maker_q99_win30,2026-02-19,ethusdt,300,-0.4151057624063433,-0.3035778651535744,-10.255953226408822,0.1115278972527689,7766193325.204,7679164130.687241,87029194.51675999,6997597,61661
task3_maker_q99_win60,2026-02-19,ethusdt,30,-0.208592809692821,-0.1344130742107272,-4.123392395713075,0.0741797354820938,7766193325.204,7621771877.97788,144421447.22612,6957308,101950
task3_maker_q99_win60,2026-02-19,ethusdt,120,-0.2197771003883337,-0.078793218078718,-7.66013315604507,0.1409838823096157,7766193325.204,7621771877.97788,144421447.22612,6957308,101950
task3_maker_q99_win60,2026-02-19,ethusdt,300,-0.4151057624063433,-0.2218029663285414,-10.616567133815607,0.1933027960778018,7766193325.204,7621771877.97788,144421447.22612,6957308,101950
no_filter,2026-02-20,btcusdt,30,-0.2460750954306874,-0.2460750954306874,,0.0,14131968246.2703,14131968246.2703,0.0,5164151,0
no_filter,2026-02-20,btcusdt,120,-0.2934317676002468,-0.2934317676002468,,0.0,14131968246.2703,14131968246.2703,0.0,5164151,0
no_filter,2026-02-20,btcusdt,300,-0.4382917948131506,-0.4382917948131506,,0.0,14131968246.2703,14131968246.2703,0.0,5164151,0
task3_maker_q90_win30,2026-02-20,btcusdt,30,-0.2460750954306874,-0.1734318761504132,-1.027489879321868,0.0726432192802742,14131968246.2703,12929951914.4011,1202016331.8692,4809133,355018
task3_maker_q90_win30,2026-02-20,btcusdt,120,-0.2934317676002468,0.2306670029134383,-5.931102173126895,0.5240987705136851,14131968246.2703,12929951914.4011,1202016331.8692,4809133,355018
task3_maker_q90_win30,2026-02-20,btcusdt,300,-0.4382917948131506,1.0567597558262398,-16.520389971680235,1.4950515506393904,14131968246.2703,12929951914.4011,1202016331.8692,4809133,355018
task3_maker_q90_win60,2026-02-20,btcusdt,30,-0.2460750954306874,-0.1481307562098254,-0.9542305260225068,0.097944339220862,14131968246.2703,12414877702.8841,1717090543.3862,4641893,522258
task3_maker_q90_win60,2026-02-20,btcusdt,120,-0.2934317676002468,0.3576551148581613,-5.000908639339786,0.6510868824584082,14131968246.2703,12414877702.8841,1717090543.3862,4641893,522258
task3_maker_q90_win60,2026-02-20,btcusdt,300,-0.4382917948131506,1.6339585016605538,-15.42103926819436,2.0722502964737046,14131968246.2703,12414877702.8841,1717090543.3862,4641893,522258
task3_maker_q95_win30,2026-02-20,btcusdt,30,-0.2460750954306874,-0.1741377391810235,-1.431960029369499,0.0719373562496639,14131968246.2703,13323732900.0128,808235346.2574999,4924658,239493
task3_maker_q95_win30,2026-02-20,btcusdt,120,-0.2934317676002468,0.2579157373863518,-9.382377116928629,0.5513475049865987,14131968246.2703,13323732900.0128,808235346.2574999,4924658,239493
task3_maker_q95_win30,2026-02-20,btcusdt,300,-0.4382917948131506,0.8676034265145582,-21.965931244066,1.3058952213277089,14131968246.2703,13323732900.0128,808235346.2574999,4924658,239493
task3_maker_q95_win60,2026-02-20,btcusdt,30,-0.2460750954306874,-0.1233207800423627,-1.5851245569447088,0.1227543153883246,14131968246.2703,12945242562.173,1186725684.0973,4800379,363772
task3_maker_q95_win60,2026-02-20,btcusdt,120,-0.2934317676002468,0.401644198653997,-7.875577416653393,0.6950759662542438,14131968246.2703,12945242562.173,1186725684.0973,4800379,363772
task3_maker_q95_win60,2026-02-20,btcusdt,300,-0.4382917948131506,1.2890612150712066,-19.28089712736887,1.7273530098843572,14131968246.2703,12945242562.173,1186725684.0973,4800379,363772
task3_maker_q99_win30,2026-02-20,btcusdt,30,-0.2460750954306874,-0.3439713018712974,4.72374960172539,-0.0978962064406099,14131968246.2703,13858972533.3716,272995712.8987,5080522,83629
task3_maker_q99_win30,2026-02-20,btcusdt,120,-0.2934317676002468,-0.1315930957333599,-8.509376569168616,0.1618386718668868,14131968246.2703,13858972533.3716,272995712.8987,5080522,83629
task3_maker_q99_win30,2026-02-20,btcusdt,300,-0.4382917948131506,-0.0112337403941464,-22.1184338875364,0.4270580544190042,14131968246.2703,13858972533.3716,272995712.8987,5080522,83629
task3_maker_q99_win60,2026-02-20,btcusdt,30,-0.2460750954306874,-0.1600860164908714,-2.709201678863052,0.085989078939816,14131968246.2703,13655255890.2791,476712355.9912,5021877,142274
task3_maker_q99_win60,2026-02-20,btcusdt,120,-0.2934317676002468,0.3490269035071442,-18.696431905196917,0.6424586711073911,14131968246.2703,13655255890.2791,476712355.9912,5021877,142274
task3_maker_q99_win60,2026-02-20,btcusdt,300,-0.4382917948131506,0.8319029622784805,-36.82256885537524,1.2701947570916312,14131968246.2703,13655255890.2791,476712355.9912,5021877,142274
no_filter,2026-02-20,ethusdt,30,-0.2378377073289172,-0.2378377073289172,,0.0,8622461383.98692,8622461383.98692,0.0,7103706,0
no_filter,2026-02-20,ethusdt,120,0.0543268817657185,0.0543268817657185,,0.0,8622461383.98692,8622461383.98692,0.0,7103706,0
no_filter,2026-02-20,ethusdt,300,0.6596795972012997,0.6596795972012997,,0.0,8622461383.98692,8622461383.98692,0.0,7103706,0
task3_maker_q90_win30,2026-02-20,ethusdt,30,-0.2378377073289172,-0.1829162308867032,-0.9089541257608206,0.0549214764422139,8622461383.98692,7970211256.110821,652250127.8761001,6671461,432245
task3_maker_q90_win30,2026-02-20,ethusdt,120,0.0543268817657185,0.7717178004873076,-8.711876344663736,0.7173909187215891,8622461383.98692,7970211256.110821,652250127.8761001,6671461,432245
task3_maker_q90_win30,2026-02-20,ethusdt,300,0.6596795972012997,2.386157979122714,-20.437131035599297,1.7264783819214142,8622461383.98692,7970211256.110821,652250127.8761001,6671461,432245
task3_maker_q90_win60,2026-02-20,ethusdt,30,-0.2378377073289172,-0.1369713026781911,-1.0759736065174663,0.1008664046507261,8622461383.98692,7696247810.82901,926213573.15791,6477348,626358
task3_maker_q90_win60,2026-02-20,ethusdt,120,0.0543268817657185,1.0049693822145769,-7.844909833169764,0.9506425004488585,8622461383.98692,7696247810.82901,926213573.15791,6477348,626358
task3_maker_q90_win60,2026-02-20,ethusdt,300,0.6596795972012997,2.952768485821514,-18.39443583635736,2.2930888886202143,8622461383.98692,7696247810.82901,926213573.15791,6477348,626358
task3_maker_q95_win30,2026-02-20,ethusdt,30,-0.2378377073289172,-0.2015677696809653,-0.9345896919244726,0.0362699376479518,8622461383.98692,8195821842.55014,426639541.43678,6829780,273926
task3_maker_q95_win30,2026-02-20,ethusdt,120,0.0543268817657185,0.5862403069247575,-10.16382508226198,0.5319134251590389,8622461383.98692,8195821842.55014,426639541.43678,6829780,273926
task3_maker_q95_win30,2026-02-20,ethusdt,300,0.6596795972012997,2.0946557656303635,-26.90646906577386,1.4349761684290638,8622461383.98692,8195821842.55014,426639541.43678,6829780,273926
task3_maker_q95_win60,2026-02-20,ethusdt,30,-0.2378377073289172,-0.1067621032711362,-1.8224869202576144,0.1310756040577809,8622461383.98692,7963734341.52561,658727042.4613099,6676794,426912
task3_maker_q95_win60,2026-02-20,ethusdt,120,0.0543268817657185,0.9205568155161508,-10.418030599248045,0.8662299337504321,8622461383.98692,7963734341.52561,658727042.4613099,6676794,426912
task3_maker_q95_win60,2026-02-20,ethusdt,300,0.6596795972012997,2.71109014078424,-24.14101559432595,2.05141054358294,8622461383.98692,7963734341.52561,658727042.4613099,6676794,426912
task3_maker_q99_win30,2026-02-20,ethusdt,30,-0.2378377073289172,-0.2312624277906439,-1.299272781710523,0.0065752795382732,8622461383.98692,8569376604.7059,53084779.28102,7071968,31738
task3_maker_q99_win30,2026-02-20,ethusdt,120,0.0543268817657185,0.0008935113747207,8.679975897187273,-0.0534333703909978,8622461383.98692,8569376604.7059,53084779.28102,7071968,31738
task3_maker_q99_win30,2026-02-20,ethusdt,300,0.6596795972012997,0.5656354419663083,15.84105163255997,-0.0940441552349913,8622461383.98692,8569376604.7059,53084779.28102,7071968,31738
task3_maker_q99_win60,2026-02-20,ethusdt,30,-0.2378377073289172,-0.2597330883734051,2.126782418914284,-0.0218953810444878,8622461383.98692,8543353547.91074,79107836.07618001,7053535,50171
task3_maker_q99_win60,2026-02-20,ethusdt,120,0.0543268817657185,-0.0454319409241712,10.827910562430878,-0.0997588226898898,8622461383.98692,8543353547.91074,79107836.07618001,7053535,50171
task3_maker_q99_win60,2026-02-20,ethusdt,300,0.6596795972012997,0.527565687362902,14.927492955909669,-0.1321139098383976,8622461383.98692,8543353547.91074,79107836.07618001,7053535,50171
no_filter,2026-02-21,btcusdt,30,0.0856181295961827,0.0856181295961827,,0.0,5310957584.347099,5310957584.347099,0.0,1846628,0
no_filter,2026-02-21,btcusdt,120,0.1589515046217602,0.1589515046217602,,0.0,5310957584.347099,5310957584.347099,0.0,1846628,0
no_filter,2026-02-21,btcusdt,300,0.1487439947194638,0.1487439947194638,,0.0,5310957584.347099,5310957584.347099,0.0,1846628,0
task3_maker_q90_win30,2026-02-21,btcusdt,30,0.0856181295961827,0.1665904859060757,-2.044244739408889,0.0809723563098929,5310957584.347099,5116442522.825399,194515061.5217,1789332,57296
task3_maker_q90_win30,2026-02-21,btcusdt,120,0.1589515046217602,0.2197905915913851,-1.4413342993982807,0.0608390869696248,5310957584.347099,5116442522.825399,194515061.5217,1789332,57296
task3_maker_q90_win30,2026-02-21,btcusdt,300,0.1487439947194638,0.2153509398537612,-1.6032571291760216,0.0666069451342974,5310957584.347099,5116442522.825399,194515061.5217,1789332,57296
task3_maker_q90_win60,2026-02-21,btcusdt,30,0.0856181295961827,0.170816907261439,-1.537759777036338,0.0851987776652562,5310957584.347099,5046124815.307899,264832769.0392,1763145,83483
task3_maker_q90_win60,2026-02-21,btcusdt,120,0.1589515046217602,0.2318965449776146,-1.230943634218966,0.0729450403558544,5310957584.347099,5046124815.307899,264832769.0392,1763145,83483
task3_maker_q90_win60,2026-02-21,btcusdt,300,0.1487439947194638,0.2104533997655498,-1.027067296574511,0.0617094050460859,5310957584.347099,5046124815.307899,264832769.0392,1763145,83483
task3_maker_q95_win30,2026-02-21,btcusdt,30,0.0856181295961827,0.1449538139135754,-2.0146931008733926,0.0593356843173926,5310957584.347099,5165040536.2916,145917048.05550003,1805109,41519
task3_maker_q95_win30,2026-02-21,btcusdt,120,0.1589515046217602,0.1851628738721529,-0.7688549888216412,0.0262113692503926,5310957584.347099,5165040536.2916,145917048.05550003,1805109,41519
task3_maker_q95_win30,2026-02-21,btcusdt,300,0.1487439947194638,0.1952790185330772,-1.4984609587633393,0.0465350238136133,5310957584.347099,5165040536.2916,145917048.05550003,1805109,41519
task3_maker_q95_win60,2026-02-21,btcusdt,30,0.0856181295961827,0.1468885927380444,-1.5833927937858163,0.0612704631418616,5310957584.347099,5122892895.300501,188064689.0466,1789257,57371
task3_maker_q95_win60,2026-02-21,btcusdt,120,0.1589515046217602,0.1906900458825396,-0.705608176179138,0.0317385412607794,5310957584.347099,5122892895.300501,188064689.0466,1789257,57371
task3_maker_q95_win60,2026-02-21,btcusdt,300,0.1487439947194638,0.2111198780601513,-1.550378638157791,0.0623758833406874,5310957584.347099,5122892895.300501,188064689.0466,1789257,57371
task3_maker_q99_win30,2026-02-21,btcusdt,30,0.0856181295961827,0.1306394354501002,-4.219983395990539,0.0450213058539174,5310957584.347099,5255998500.315701,54959084.0314,1830636,15992
task3_maker_q99_win30,2026-02-21,btcusdt,120,0.1589515046217602,0.1724087749620103,-1.12803123850923,0.0134572703402501,5310957584.347099,5255998500.315701,54959084.0314,1830636,15992
task3_maker_q99_win30,2026-02-21,btcusdt,300,0.1487439947194638,0.2117185508476652,-5.873812210525241,0.0629745561282013,5310957584.347099,5255998500.315701,54959084.0314,1830636,15992
task3_maker_q99_win60,2026-02-21,btcusdt,30,0.0856181295961827,0.1264495453017575,-2.892246681017469,0.0408314157055747,5310957584.347099,5239120638.6384,71836945.7087,1825790,20838
task3_maker_q99_win60,2026-02-21,btcusdt,120,0.1589515046217602,0.1817622189558774,-1.5046504632927096,0.0228107143341172,5310957584.347099,5239120638.6384,71836945.7087,1825790,20838
task3_maker_q99_win60,2026-02-21,btcusdt,300,0.1487439947194638,0.2427446021829156,-6.706788597149546,0.0940006074634517,5310957584.347099,5239120638.6384,71836945.7087,1825790,20838
no_filter,2026-02-21,ethusdt,30,0.0630846144801256,0.0630846144801256,,0.0,3621331786.57508,3621331786.57508,0.0,2752416,0
no_filter,2026-02-21,ethusdt,120,0.1771883847979841,0.1771883847979841,,0.0,3621331786.57508,3621331786.57508,0.0,2752416,0
no_filter,2026-02-21,ethusdt,300,0.1585370309917901,0.1585370309917901,,0.0,3621331786.57508,3621331786.57508,0.0,2752416,0
task3_maker_q90_win30,2026-02-21,ethusdt,30,0.0630846144801256,0.1263413969362998,-1.6676794453994803,0.0632567824561742,3621331786.57508,3493644419.95187,127687366.62321,2669522,82894
task3_maker_q90_win30,2026-02-21,ethusdt,120,0.1771883847979841,0.3073730198657537,-3.3847836089553134,0.1301846350677696,3621331786.57508,3493644419.95187,127687366.62321,2669522,82894
task3_maker_q90_win30,2026-02-21,ethusdt,300,0.1585370309917901,0.3491454100676052,-5.056684471064363,0.190608379075815,3621331786.57508,3493644419.95187,127687366.62321,2669522,82894
task3_maker_q90_win60,2026-02-21,ethusdt,30,0.0630846144801256,0.1490335102131035,-1.4484553610268132,0.0859488957329779,3621331786.57508,3426495081.4546995,194836705.12038,2629215,123201
task3_maker_q90_win60,2026-02-21,ethusdt,120,0.1771883847979841,0.3505634349623714,-2.8718713715153283,0.1733750501643873,3621331786.57508,3426495081.4546995,194836705.12038,2629215,123201
task3_maker_q90_win60,2026-02-21,ethusdt,300,0.1585370309917901,0.362442557707603,-3.4274468519807857,0.2039055267158129,3621331786.57508,3426495081.4546995,194836705.12038,2629215,123201
task3_maker_q95_win30,2026-02-21,ethusdt,30,0.0630846144801256,0.1100131596907853,-2.1011682572138866,0.0469285452106597,3621331786.57508,3544475210.64248,76856575.93259999,2704454,47962
task3_maker_q95_win30,2026-02-21,ethusdt,120,0.1771883847979841,0.2902105954844096,-5.035175283098961,0.1130222106864255,3621331786.57508,3544475210.64248,76856575.93259999,2704454,47962
task3_maker_q95_win30,2026-02-21,ethusdt,300,0.1585370309917901,0.3114420362305177,-6.893143245880181,0.1529050052387276,3621331786.57508,3544475210.64248,76856575.93259999,2704454,47962
task3_maker_q95_win60,2026-02-21,ethusdt,30,0.0630846144801256,0.1247997805455118,-1.8755379634038487,0.0617151660653861,3621331786.57508,3509605107.7867804,111726678.7883,2682368,70048
task3_maker_q95_win60,2026-02-21,ethusdt,120,0.1771883847979841,0.3240137848529771,-4.4349524178677004,0.146825400054993,3621331786.57508,3509605107.7867804,111726678.7883,2682368,70048
task3_maker_q95_win60,2026-02-21,ethusdt,300,0.1585370309917901,0.3442495855913776,-5.6751433152917805,0.1857125545995874,3621331786.57508,3509605107.7867804,111726678.7883,2682368,70048
task3_maker_q99_win30,2026-02-21,ethusdt,30,0.0630846144801256,0.0979852594361533,-7.057054659962268,0.0349006449560276,3621331786.57508,3603667760.04623,17664026.52885,2738371,14045
task3_maker_q99_win30,2026-02-21,ethusdt,120,0.1771883847979841,0.2381562883362805,-12.260976153719092,0.0609679035382964,3621331786.57508,3603667760.04623,17664026.52885,2738371,14045
task3_maker_q99_win30,2026-02-21,ethusdt,300,0.1585370309917901,0.2052620760880753,-9.37391800269929,0.0467250450962852,3621331786.57508,3603667760.04623,17664026.52885,2738371,14045
task3_maker_q99_win60,2026-02-21,ethusdt,30,0.0630846144801256,0.1001634895364396,-5.133601936824456,0.0370788750563139,3621331786.57508,3595676278.9408298,25655507.63425,2733000,19416
task3_maker_q99_win60,2026-02-21,ethusdt,120,0.1771883847979841,0.2523727191812654,-10.360062779510251,0.0751843343832813,3621331786.57508,3595676278.9408298,25655507.63425,2733000,19416
task3_maker_q99_win60,2026-02-21,ethusdt,300,0.1585370309917901,0.2211151149566401,-8.611920186295565,0.06257808396485,3621331786.57508,3595676278.9408298,25655507.63425,2733000,19416
no_filter,2026-02-22,btcusdt,30,0.0763758724220189,0.0763758724220189,,0.0,5158888616.0429,5158888616.0429,0.0,1863180,0
no_filter,2026-02-22,btcusdt,120,0.1711911148653207,0.1711911148653207,,0.0,5158888616.0429,5158888616.0429,0.0,1863180,0
no_filter,2026-02-22,btcusdt,300,0.0525550966125727,0.0525550966125727,,0.0,5158888616.0429,5158888616.0429,0.0,1863180,0
task3_maker_q90_win30,2026-02-22,btcusdt,30,0.0763758724220189,0.1784715969752195,-2.7209452077876985,0.1020957245532006,5158888616.0429,4977231232.2963,181657383.7466,1803115,60065
task3_maker_q90_win30,2026-02-22,btcusdt,120,0.1711911148653207,0.2379718194934702,-1.6585336226307998,0.0667807046281495,5158888616.0429,4977231232.2963,181657383.7466,1803115,60065
task3_maker_q90_win30,2026-02-22,btcusdt,300,0.0525550966125727,0.0622364203708886,-0.2127035236870489,0.0096813237583158,5158888616.0429,4977231232.2963,181657383.7466,1803115,60065
task3_maker_q90_win60,2026-02-22,btcusdt,30,0.0763758724220189,0.1879978381500465,-1.8951521029326488,0.1116219657280275,5158888616.0429,4882458543.9976,276430072.0453,1776027,87153
task3_maker_q90_win60,2026-02-22,btcusdt,120,0.1711911148653207,0.2575482922265134,-1.3540964029615226,0.0863571773611926,5158888616.0429,4882458543.9976,276430072.0453,1776027,87153
task3_maker_q90_win60,2026-02-22,btcusdt,300,0.0525550966125727,0.0754525178858165,-0.3518716334601973,0.0228974212732437,5158888616.0429,4882458543.9976,276430072.0453,1776027,87153
task3_maker_q95_win30,2026-02-22,btcusdt,30,0.0763758724220189,0.1547971265933055,-3.6227100401951664,0.0784212541712866,5158888616.0429,5051789807.8773,107098808.1656,1825455,37725
task3_maker_q95_win30,2026-02-22,btcusdt,120,0.1711911148653207,0.2405001268545557,-3.098075521789242,0.069309011989235,5158888616.0429,5051789807.8773,107098808.1656,1825455,37725
task3_maker_q95_win30,2026-02-22,btcusdt,300,0.0525550966125727,0.0829724206909787,-1.3822127630315255,0.0304173240784059,5158888616.0429,5051789807.8773,107098808.1656,1825455,37725
task3_maker_q95_win60,2026-02-22,btcusdt,30,0.0763758724220189,0.1757685385995364,-2.671161883945336,0.0993926661775175,5158888616.0429,4978780352.7707,180108263.2722,1805387,57793
task3_maker_q95_win60,2026-02-22,btcusdt,120,0.1711911148653207,0.2522340717576288,-2.0691007749968278,0.081042956892308,5158888616.0429,4978780352.7707,180108263.2722,1805387,57793
task3_maker_q95_win60,2026-02-22,btcusdt,300,0.0525550966125727,0.0554601780661599,-0.0277508382820373,0.0029050814535872,5158888616.0429,4978780352.7707,180108263.2722,1805387,57793
task3_maker_q99_win30,2026-02-22,btcusdt,30,0.0763758724220189,0.0734224725045277,0.581855155327336,-0.0029533999174911,5158888616.0429,5128921499.986601,29967116.0563,1853681,9499
task3_maker_q99_win30,2026-02-22,btcusdt,120,0.1711911148653207,0.1795971528867546,-1.2675162020762962,0.0084060380214339,5158888616.0429,5128921499.986601,29967116.0563,1853681,9499
task3_maker_q99_win30,2026-02-22,btcusdt,300,0.0525550966125727,0.0102068201481291,7.300532687709436,-0.0423482764644436,5158888616.0429,5128921499.986601,29967116.0563,1853681,9499
task3_maker_q99_win60,2026-02-22,btcusdt,30,0.0763758724220189,0.0929859583716083,-1.4275191484109693,0.0166100859495893,5158888616.0429,5102532617.6746,56355998.368300006,1846906,16274
task3_maker_q99_win60,2026-02-22,btcusdt,120,0.1711911148653207,0.1837992207327614,-0.9703603312696052,0.0126081058674406,5158888616.0429,5102532617.6746,56355998.368300006,1846906,16274
task3_maker_q99_win60,2026-02-22,btcusdt,300,0.0525550966125727,-0.0325739216202863,7.760227834571066,-0.0851290182328591,5158888616.0429,5102532617.6746,56355998.368300006,1846906,16274
no_filter,2026-02-22,ethusdt,30,0.0599138205114364,0.0599138205114364,,0.0,3977471192.80571,3977471192.80571,0.0,2900224,0
no_filter,2026-02-22,ethusdt,120,-0.1891113370056651,-0.1891113370056651,,0.0,3977471192.80571,3977471192.80571,0.0,2900224,0
no_filter,2026-02-22,ethusdt,300,-0.3453326327737774,-0.3453326327737774,,0.0,3977471192.80571,3977471192.80571,0.0,2900224,0
task3_maker_q90_win30,2026-02-22,ethusdt,30,0.0599138205114364,0.0019874067430504,1.381868362322687,-0.057926413768386,3977471192.80571,3810499802.16896,166971390.63675,2821200,79024
task3_maker_q90_win30,2026-02-22,ethusdt,120,-0.1891113370056651,-0.4109818158510963,4.8742555818631805,-0.2218704788454311,3977471192.80571,3810499802.16896,166971390.63675,2821200,79024
task3_maker_q90_win30,2026-02-22,ethusdt,300,-0.3453326327737774,-0.6772625750211252,7.229731421277944,-0.3319299422473477,3977471192.80571,3810499802.16896,166971390.63675,2821200,79024
task3_maker_q90_win60,2026-02-22,ethusdt,30,0.0599138205114364,0.0284955310051199,0.5802028635240603,-0.0314182895063164,3977471192.80571,3750964612.10096,226506580.70475,2785841,114383
task3_maker_q90_win60,2026-02-22,ethusdt,120,-0.1891113370056651,-0.4258529672523557,3.731346402029924,-0.2367416302466905,3977471192.80571,3750964612.10096,226506580.70475,2785841,114383
task3_maker_q90_win60,2026-02-22,ethusdt,300,-0.3453326327737774,-0.7146171798722465,5.770044958695201,-0.369284547098469,3977471192.80571,3750964612.10096,226506580.70475,2785841,114383
task3_maker_q95_win30,2026-02-22,ethusdt,30,0.0599138205114364,0.0802061027878118,-0.8277504101990975,0.0202922822763754,3977471192.80571,3888577102.5755,88894090.23020999,2857183,43041
task3_maker_q95_win30,2026-02-22,ethusdt,120,-0.1891113370056651,-0.3344464006773965,6.16841591066266,-0.1453350636717313,3977471192.80571,3888577102.5755,88894090.23020999,2857183,43041
task3_maker_q95_win30,2026-02-22,ethusdt,300,-0.3453326327737774,-0.4531002335218282,4.368846044156464,-0.1077676007480507,3977471192.80571,3888577102.5755,88894090.23020999,2857183,43041
task3_maker_q95_win60,2026-02-22,ethusdt,30,0.0599138205114364,0.0754505941996843,-0.3504357957222921,0.0155367736882479,3977471192.80571,3832368951.37116,145102241.43455,2830682,69542
task3_maker_q95_win60,2026-02-22,ethusdt,120,-0.1891113370056651,-0.3995457249429955,5.368778097773211,-0.2104343879373303,3977471192.80571,3832368951.37116,145102241.43455,2830682,69542
task3_maker_q95_win60,2026-02-22,ethusdt,300,-0.3453326327737774,-0.4816212398513799,3.254254947859293,-0.1362886070776024,3977471192.80571,3832368951.37116,145102241.43455,2830682,69542
task3_maker_q99_win30,2026-02-22,ethusdt,30,0.0599138205114364,0.0475312749562494,6.110635157723005,-0.012382545555187,3977471192.80571,3969348089.65728,8123103.14843,2896313,3911
task3_maker_q99_win30,2026-02-22,ethusdt,120,-0.1891113370056651,-0.2374650132685202,23.438875282734152,-0.048353676262855,3977471192.80571,3969348089.65728,8123103.14843,2896313,3911
task3_maker_q99_win30,2026-02-22,ethusdt,300,-0.3453326327737774,-0.4109858849576402,31.73607842085432,-0.0656532521838627,3977471192.80571,3969348089.65728,8123103.14843,2896313,3911
task3_maker_q99_win60,2026-02-22,ethusdt,30,0.0599138205114364,0.0232536819958502,9.842235983577742,-0.0366601385155861,3977471192.80571,3962620911.95262,14850280.85309,2892984,7240
task3_maker_q99_win60,2026-02-22,ethusdt,120,-0.1891113370056651,-0.2805744979297032,24.216745881207597,-0.091463160924038,3977471192.80571,3962620911.95262,14850280.85309,2892984,7240
task3_maker_q99_win60,2026-02-22,ethusdt,300,-0.3453326327737774,-0.4619719380003416,30.77847940949043,-0.1166393052265641,3977471192.80571,3962620911.95262,14850280.85309,2892984,7240
no_filter,2026-02-23,btcusdt,30,-0.0036369275611038,-0.0036369275611038,,0.0,16832583977.339298,16832583977.339298,0.0,6626614,0
no_filter,2026-02-23,btcusdt,120,-0.1522331662966569,-0.1522331662966569,,0.0,16832583977.339298,16832583977.339298,0.0,6626614,0
no_filter,2026-02-23,btcusdt,300,0.0363201370304262,0.0363201370304262,,0.0,16832583977.339298,16832583977.339298,0.0,6626614,0
task3_maker_q90_win30,2026-02-23,btcusdt,30,-0.0036369275611038,0.090879824095308,-0.7599611335063406,0.0945167516564118,16832583977.339298,14962714943.288002,1869869034.0513,5987962,638652
task3_maker_q90_win30,2026-02-23,btcusdt,120,-0.1522331662966569,-0.2521310939378945,0.6471512758760138,-0.0998979276412375,16832583977.339298,14962714943.288002,1869869034.0513,5987962,638652
task3_maker_q90_win30,2026-02-23,btcusdt,300,0.0363201370304262,-0.5705978647811506,4.892885431007815,-0.6069180018115768,16832583977.339298,14962714943.288002,1869869034.0513,5987962,638652
task3_maker_q90_win60,2026-02-23,btcusdt,30,-0.0036369275611038,0.0967582918598377,-0.5661728732852837,0.1003952194209415,16832583977.339298,14283434004.194698,2549149973.1446,5723218,903396
task3_maker_q90_win60,2026-02-23,btcusdt,120,-0.1522331662966569,-0.2867930725980266,0.601734847164438,-0.1345599063013696,16832583977.339298,14283434004.194698,2549149973.1446,5723218,903396
task3_maker_q90_win60,2026-02-23,btcusdt,300,0.0363201370304262,-0.5390689440730202,3.260348559546904,-0.5753890811034464,16832583977.339298,14283434004.194698,2549149973.1446,5723218,903396
task3_maker_q95_win30,2026-02-23,btcusdt,30,-0.0036369275611038,0.1289838840565454,-1.3386223677742477,0.1326208116176492,16832583977.339298,15311500958.0266,1521083019.3126998,6112127,514487
task3_maker_q95_win30,2026-02-23,btcusdt,120,-0.1522331662966569,-0.2698737254574215,1.03195830216555,-0.1176405591607645,16832583977.339298,15311500958.0266,1521083019.3126998,6112127,514487
task3_maker_q95_win30,2026-02-23,btcusdt,300,0.0363201370304262,-0.6389770275485648,6.833985386804828,-0.675297164578991,16832583977.339298,15311500958.0266,1521083019.3126998,6112127,514487
task3_maker_q95_win60,2026-02-23,btcusdt,30,-0.0036369275611038,0.0687587970224012,-0.5060853786698818,0.072395724583505,16832583977.339298,14712692769.9793,2119891207.36,5879485,747129
task3_maker_q95_win60,2026-02-23,btcusdt,120,-0.1522331662966569,-0.3335752813576277,1.1063365262834288,-0.1813421150609708,16832583977.339298,14712692769.9793,2119891207.36,5879485,747129
task3_maker_q95_win60,2026-02-23,btcusdt,300,0.0363201370304262,-0.691776289533874,5.089531827219389,-0.7280964265643003,16832583977.339298,14712692769.9793,2119891207.36,5879485,747129
task3_maker_q99_win30,2026-02-23,btcusdt,30,-0.0036369275611038,0.2089245041982698,-5.245317292722159,0.2125614317593736,16832583977.339298,16176588463.4526,655995513.8867,6414984,211630
task3_maker_q99_win30,2026-02-23,btcusdt,120,-0.1522331662966569,-0.1386606954476425,-0.4869248992566328,0.0135724708490143,16832583977.339298,16176588463.4526,655995513.8867,6414984,211630
task3_maker_q99_win30,2026-02-23,btcusdt,300,0.0363201370304262,-0.400762825399373,10.814612149610795,-0.4370829624297992,16832583977.339298,16176588463.4526,655995513.8867,6414984,211630
task3_maker_q99_win60,2026-02-23,btcusdt,30,-0.0036369275611038,0.1294146155636364,-2.076752898072506,0.1330515431247402,16832583977.339298,15817429298.866802,1015154678.4725,6290915,335699
task3_maker_q99_win60,2026-02-23,btcusdt,120,-0.1522331662966569,-0.3881171754397753,3.523146277325344,-0.2358840091431184,16832583977.339298,15817429298.866802,1015154678.4725,6290915,335699
task3_maker_q99_win60,2026-02-23,btcusdt,300,0.0363201370304262,-0.7078073460517788,11.630793474538994,-0.744127483082205,16832583977.339298,15817429298.866802,1015154678.4725,6290915,335699
no_filter,2026-02-23,ethusdt,30,-0.0820040297476508,-0.0820040297476508,,0.0,11789127333.5059,11789127333.5059,0.0,9337217,0
no_filter,2026-02-23,ethusdt,120,-0.1777012388034896,-0.1777012388034896,,0.0,11789127333.5059,11789127333.5059,0.0,9337217,0
no_filter,2026-02-23,ethusdt,300,0.1824335090486768,0.1824335090486768,,0.0,11789127333.5059,11789127333.5059,0.0,9337217,0
task3_maker_q90_win30,2026-02-23,ethusdt,30,-0.0820040297476508,0.0953892047659251,-1.485436290880814,0.1773932345135759,11789127333.5059,10466203686.62517,1322923646.8807302,8498215,839002
task3_maker_q90_win30,2026-02-23,ethusdt,120,-0.1777012388034896,-0.108124387728772,-0.728152881979561,0.0695768510747175,11789127333.5059,10466203686.62517,1322923646.8807302,8498215,839002
task3_maker_q90_win30,2026-02-23,ethusdt,300,0.1824335090486768,-0.1216188180033118,2.587918960776633,-0.3040523270519887,11789127333.5059,10466203686.62517,1322923646.8807302,8498215,839002
task3_maker_q90_win60,2026-02-23,ethusdt,30,-0.0820040297476508,0.1264710343927382,-1.2157211833574837,0.2084750641403891,11789127333.5059,9957989405.19075,1831137928.3151495,8127820,1209397
task3_maker_q90_win60,2026-02-23,ethusdt,120,-0.1777012388034896,-0.6003968579908929,2.120977867997404,-0.4226956191874033,11789127333.5059,9957989405.19075,1831137928.3151495,8127820,1209397
task3_maker_q90_win60,2026-02-23,ethusdt,300,0.1824335090486768,0.2742844602613646,-0.3170650731658345,0.0918509512126878,11789127333.5059,9957989405.19075,1831137928.3151495,8127820,1209397
task3_maker_q95_win30,2026-02-23,ethusdt,30,-0.0820040297476508,0.0319273934549309,-1.3394681199684622,0.1139314232025817,11789127333.5059,10809722018.062,979405315.4439,8726897,610320
task3_maker_q95_win30,2026-02-23,ethusdt,120,-0.1777012388034896,-0.0677688875403503,-1.3910274676976897,0.1099323512631392,11789127333.5059,10809722018.062,979405315.4439,8726897,610320
task3_maker_q95_win30,2026-02-23,ethusdt,300,0.1824335090486768,-0.0692118532908902,2.959849938315568,-0.251645362339567,11789127333.5059,10809722018.062,979405315.4439,8726897,610320
task3_maker_q95_win60,2026-02-23,ethusdt,30,-0.0820040297476508,-0.0217607869053083,-0.5492140782565501,0.0602432428423425,11789127333.5059,10442628463.3742,1346498870.1317,8455499,881718
task3_maker_q95_win60,2026-02-23,ethusdt,120,-0.1777012388034896,-0.09882777413394,-0.7893959868894018,0.0788734646695495,11789127333.5059,10442628463.3742,1346498870.1317,8455499,881718
task3_maker_q95_win60,2026-02-23,ethusdt,300,0.1824335090486768,-0.166168475847568,2.885979045266031,-0.3486019848962448,11789127333.5059,10442628463.3742,1346498870.1317,8455499,881718
task3_maker_q99_win30,2026-02-23,ethusdt,30,-0.0820040297476508,0.1456787962376325,-8.310701013094256,0.2276828259852834,11789127333.5059,11471712329.95664,317415003.54926,9133686,203531
task3_maker_q99_win30,2026-02-23,ethusdt,120,-0.1777012388034896,-0.0156580322959904,-6.034113283892281,0.1620432065074991,11789127333.5059,11471712329.95664,317415003.54926,9133686,203531
task3_maker_q99_win30,2026-02-23,ethusdt,300,0.1824335090486768,0.0607869187808793,4.578869322945891,-0.1216465902677974,11789127333.5059,11471712329.95664,317415003.54926,9133686,203531
task3_maker_q99_win60,2026-02-23,ethusdt,30,-0.0820040297476508,0.0614777191350994,-3.251573391818569,0.1434817488827503,11789127333.5059,11278563339.48229,510563994.02361,8998631,338586
task3_maker_q99_win60,2026-02-23,ethusdt,120,-0.1777012388034896,0.0383803675312608,-4.951030561025268,0.2160816063347504,11789127333.5059,11278563339.48229,510563994.02361,8998631,338586
task3_maker_q99_win60,2026-02-23,ethusdt,300,0.1824335090486768,-0.0252806940707778,4.770923539320043,-0.2077142031194546,11789127333.5059,11278563339.48229,510563994.02361,8998631,338586
no_filter,2026-02-24,btcusdt,30,-0.1461305700196986,-0.1461305700196986,,0.0,13298851195.783,13298851195.783,0.0,5758443,0
no_filter,2026-02-24,btcusdt,120,-0.1132966523563341,-0.1132966523563341,,0.0,13298851195.783,13298851195.783,0.0,5758443,0
no_filter,2026-02-24,btcusdt,300,0.1415505023952722,0.1415505023952722,,0.0,13298851195.783,13298851195.783,0.0,5758443,0
task3_maker_q90_win30,2026-02-24,btcusdt,30,-0.1461305700196986,-0.2275113737133105,0.6502369409101576,-0.0813808036936119,13298851195.783,12065842620.906,1233008574.877,5313345,445098
task3_maker_q90_win30,2026-02-24,btcusdt,120,-0.1132966523563341,0.1344965589287574,-2.538124792901164,0.2477932112850916,13298851195.783,12065842620.906,1233008574.877,5313345,445098
task3_maker_q90_win30,2026-02-24,btcusdt,300,0.1415505023952722,1.0300997295059369,-8.553518902385171,0.8885492271106646,13298851195.783,12065842620.906,1233008574.877,5313345,445098
task3_maker_q90_win60,2026-02-24,btcusdt,30,-0.1461305700196986,-0.1131921320048393,-0.3674234453186463,0.0329384380148592,13298851195.783,11575840052.6181,1723011143.1649,5103255,655188
task3_maker_q90_win60,2026-02-24,btcusdt,120,-0.1132966523563341,0.2892060358119619,-2.817461832870841,0.4025026881682961,13298851195.783,11575840052.6181,1723011143.1649,5103255,655188
task3_maker_q90_win60,2026-02-24,btcusdt,300,0.1415505023952722,1.351016460039088,-7.984098905219423,1.2094659576438156,13298851195.783,11575840052.6181,1723011143.1649,5103255,655188
task3_maker_q95_win30,2026-02-24,btcusdt,30,-0.1461305700196986,-0.2112292882156334,0.7703650585348629,-0.0650987181959347,13298851195.783,12416879769.205502,881971426.5775,5453968,304475
task3_maker_q95_win30,2026-02-24,btcusdt,120,-0.1132966523563341,0.1165451334627421,-3.3491359714708007,0.2298417858190763,13298851195.783,12416879769.205502,881971426.5775,5453968,304475
task3_maker_q95_win30,2026-02-24,btcusdt,300,0.1415505023952722,0.9410950583257748,-11.114878359066804,0.7995445559305026,13298851195.783,12416879769.205502,881971426.5775,5453968,304475
task3_maker_q95_win60,2026-02-24,btcusdt,30,-0.1461305700196986,-0.1342254498311098,-0.2597682836207501,0.0119051201885887,13298851195.783,12037732443.9055,1261118751.8775,5296016,462427
task3_maker_q95_win60,2026-02-24,btcusdt,120,-0.1132966523563341,0.197448970765578,-3.0794508417911666,0.3107456231219122,13298851195.783,12037732443.9055,1261118751.8775,5296016,462427
task3_maker_q95_win60,2026-02-24,btcusdt,300,0.1415505023952722,1.1728594052012309,-9.702582431567931,1.0313089028059583,13298851195.783,12037732443.9055,1261118751.8775,5296016,462427
task3_maker_q99_win30,2026-02-24,btcusdt,30,-0.1461305700196986,-0.0118563447034071,-7.810290765659612,0.1342742253162915,13298851195.783,13069870243.2585,228980952.5245,5681773,76670
task3_maker_q99_win30,2026-02-24,btcusdt,120,-0.1132966523563341,-0.0134449505177445,-5.812673706258969,0.0998517018385896,13298851195.783,13069870243.2585,228980952.5245,5681773,76670
task3_maker_q99_win30,2026-02-24,btcusdt,300,0.1415505023952722,0.4500027723229973,-17.464416717793345,0.308452269927725,13298851195.783,13069870243.2585,228980952.5245,5681773,76670
task3_maker_q99_win60,2026-02-24,btcusdt,30,-0.1461305700196986,0.0094720013153308,-5.819901017736808,0.1556025713350294,13298851195.783,12943866974.4778,354984221.3052,5632849,125594
task3_maker_q99_win60,2026-02-24,btcusdt,120,-0.1132966523563341,0.0022301082317676,-4.325774084583067,0.1155267605881018,13298851195.783,12943866974.4778,354984221.3052,5632849,125594
task3_maker_q99_win60,2026-02-24,btcusdt,300,0.1415505023952722,0.5501287882955215,-14.75652852181604,0.4085782859002492,13298851195.783,12943866974.4778,354984221.3052,5632849,125594
no_filter,2026-02-24,ethusdt,30,-0.1419755157617139,-0.1419755157617139,,0.0,9550086888.23087,9550086888.23087,0.0,8649923,0
no_filter,2026-02-24,ethusdt,120,-0.4647115785925337,-0.4647115785925337,,0.0,9550086888.23087,9550086888.23087,0.0,8649923,0
no_filter,2026-02-24,ethusdt,300,-0.1393616472580935,-0.1393616472580935,,0.0,9550086888.23087,9550086888.23087,0.0,8649923,0
task3_maker_q90_win30,2026-02-24,ethusdt,30,-0.1419755157617139,0.043745574784493,-2.38766809727754,0.185721090546207,9550086888.23087,8820613096.06079,729473792.1700801,8156099,493824
task3_maker_q90_win30,2026-02-24,ethusdt,120,-0.4647115785925337,-0.0395597125327338,-5.605540704784635,0.4251518660597998,9550086888.23087,8820613096.06079,729473792.1700801,8156099,493824
task3_maker_q90_win30,2026-02-24,ethusdt,300,-0.1393616472580935,1.4457363483659238,-19.30596679306853,1.5850979956240174,9550086888.23087,8820613096.06079,729473792.1700801,8156099,493824
task3_maker_q90_win60,2026-02-24,ethusdt,30,-0.1419755157617139,0.0570643103683607,-1.8056168924839304,0.1990398261300747,9550086888.23087,8529596838.26964,1020490049.96123,7902894,747029
task3_maker_q90_win60,2026-02-24,ethusdt,120,-0.4647115785925337,0.1203519324796878,-5.354867905367249,0.5850635110722215,9550086888.23087,8529596838.26964,1020490049.96123,7902894,747029
task3_maker_q90_win60,2026-02-24,ethusdt,300,-0.1393616472580935,1.818683108205504,-16.50535400164436,1.9580447554635976,9550086888.23087,8529596838.26964,1020490049.96123,7902894,747029
task3_maker_q95_win30,2026-02-24,ethusdt,30,-0.1419755157617139,-0.0646457493960125,-1.51726951510348,0.0773297663657013,9550086888.23087,9041692350.51699,508394537.71388,8317409,332514
task3_maker_q95_win30,2026-02-24,ethusdt,120,-0.4647115785925337,-0.0878530115914288,-7.167063727777824,0.3768585670011048,9550086888.23087,9041692350.51699,508394537.71388,8317409,332514
task3_maker_q95_win30,2026-02-24,ethusdt,300,-0.1393616472580935,1.295236236739746,-25.65339012628004,1.4345978839978395,9550086888.23087,9041692350.51699,508394537.71388,8317409,332514
task3_maker_q95_win60,2026-02-24,ethusdt,30,-0.1419755157617139,-0.0475214800270441,-1.282600267677794,0.0944540357346697,9550086888.23087,8819733280.647709,730353607.5831599,8135149,514774
task3_maker_q95_win60,2026-02-24,ethusdt,120,-0.4647115785925337,0.0505879102786488,-6.687456293357897,0.5152994888711825,9550086888.23087,8819733280.647709,730353607.5831599,8135149,514774
task3_maker_q95_win60,2026-02-24,ethusdt,300,-0.1393616472580935,1.4242734506938035,-19.021782941555497,1.5636350979518974,9550086888.23087,8819733280.647709,730353607.5831599,8135149,514774
task3_maker_q99_win30,2026-02-24,ethusdt,30,-0.1419755157617139,-0.2260753117787012,4.605459185630263,-0.0840997960169872,9550086888.23087,9383853912.00449,166232976.22638,8568656,81267
task3_maker_q99_win30,2026-02-24,ethusdt,120,-0.4647115785925337,-0.417838221101584,-3.110713286828997,0.0468733574909497,9550086888.23087,9383853912.00449,166232976.22638,8568656,81267
task3_maker_q99_win30,2026-02-24,ethusdt,300,-0.1393616472580935,0.86012846963905,-56.56059320051166,0.9994901168971436,9550086888.23087,9383853912.00449,166232976.22638,8568656,81267
task3_maker_q99_win60,2026-02-24,ethusdt,30,-0.1419755157617139,-0.1101067884621088,-1.453156968468163,0.0318687272996051,9550086888.23087,9323476505.938831,226610382.29204,8521627,128296
task3_maker_q99_win60,2026-02-24,ethusdt,120,-0.4647115785925337,-0.2388517891979469,-9.757306290086865,0.2258597893945867,9550086888.23087,9323476505.938831,226610382.29204,8521627,128296
task3_maker_q99_win60,2026-02-24,ethusdt,300,-0.1393616472580935,1.2472049200172244,-57.187148616045086,1.386566567275318,9550086888.23087,9323476505.938831,226610382.29204,8521627,128296
no_filter,2026-02-25,btcusdt,30,-0.2940050246195755,-0.2940050246195755,,0.0,18487630910.734497,18487630910.734497,0.0,6996826,0
no_filter,2026-02-25,btcusdt,120,-0.4637439149387564,-0.4637439149387564,,0.0,18487630910.734497,18487630910.734497,0.0,6996826,0
no_filter,2026-02-25,btcusdt,300,-0.1089231106424017,-0.1089231106424017,,0.0,18487630910.734497,18487630910.734497,0.0,6996826,0
task3_maker_q90_win30,2026-02-25,btcusdt,30,-0.2940050246195755,-0.471206067699,1.1078000689068288,-0.1772010430794245,18487630910.734497,16412890727.335602,2074740183.3989,6280720,716106
task3_maker_q90_win30,2026-02-25,btcusdt,120,-0.4637439149387564,-0.806449808708999,2.247339829942577,-0.3427058937702425,18487630910.734497,16412890727.335602,2074740183.3989,6280720,716106
task3_maker_q90_win30,2026-02-25,btcusdt,300,-0.1089231106424017,-0.1551013166407814,0.2563842445147922,-0.0461782059983796,18487630910.734497,16412890727.335602,2074740183.3989,6280720,716106
task3_maker_q90_win60,2026-02-25,btcusdt,30,-0.2940050246195755,-0.3401765426451513,-0.0529840130698863,-0.0461715180255757,18487630910.734497,15515401845.0705,2972229065.664,5950790,1046036
task3_maker_q90_win60,2026-02-25,btcusdt,120,-0.4637439149387564,-0.8617473316883968,1.613882946974119,-0.3980034167496403,18487630910.734497,15515401845.0705,2972229065.664,5950790,1046036
task3_maker_q90_win60,2026-02-25,btcusdt,300,-0.1089231106424017,0.1105769989814929,-1.2547407211336472,0.2195001096238946,18487630910.734497,15515401845.0705,2972229065.664,5950790,1046036
task3_maker_q95_win30,2026-02-25,btcusdt,30,-0.2940050246195755,-0.5135057313165874,1.917645108036354,-0.2195007066970118,18487630910.734497,16818442810.8551,1669188099.8794,6435525,561301
task3_maker_q95_win30,2026-02-25,btcusdt,120,-0.4637439149387564,-0.8703263794922522,3.632908780155077,-0.4065824645534958,18487630910.734497,16818442810.8551,1669188099.8794,6435525,561301
task3_maker_q95_win30,2026-02-25,btcusdt,300,-0.1089231106424017,-0.3170618067712915,1.988245421665369,-0.2081386961288897,18487630910.734497,16818442810.8551,1669188099.8794,6435525,561301
task3_maker_q95_win60,2026-02-25,btcusdt,30,-0.2940050246195755,-0.5518984358863086,1.457110823105256,-0.2578934112667331,18487630910.734497,16114402325.3158,2373228585.4187,6168839,827987
task3_maker_q95_win60,2026-02-25,btcusdt,120,-0.4637439149387564,-0.8272749228346117,2.004659236343798,-0.3635310078958552,18487630910.734497,16114402325.3158,2373228585.4187,6168839,827987
task3_maker_q95_win60,2026-02-25,btcusdt,300,-0.1089231106424017,-0.2429495660334109,0.8011266998463208,-0.1340264553910091,18487630910.734497,16114402325.3158,2373228585.4187,6168839,827987
task3_maker_q99_win30,2026-02-25,btcusdt,30,-0.2940050246195755,-0.417579748646782,3.0236722704585683,-0.1235747240272065,18487630910.734497,17823743501.4349,663887409.2996,6781721,215105
task3_maker_q99_win30,2026-02-25,btcusdt,120,-0.4637439149387564,-0.7252990063127847,6.558366754494379,-0.2615550913740282,18487630910.734497,17823743501.4349,663887409.2996,6781721,215105
task3_maker_q99_win30,2026-02-25,btcusdt,300,-0.1089231106424017,-0.2304143265892594,3.152817118772026,-0.1214912159468576,18487630910.734497,17823743501.4349,663887409.2996,6781721,215105
task3_maker_q99_win60,2026-02-25,btcusdt,30,-0.2940050246195755,-0.5529822646339058,4.178573311781898,-0.2589772400143302,18487630910.734497,17475727837.7725,1011903072.962,6651660,345166
task3_maker_q99_win60,2026-02-25,btcusdt,120,-0.4637439149387564,-0.9575074389455142,8.063631080082711,-0.4937635240067577,18487630910.734497,17475727837.7725,1011903072.962,6651660,345166
task3_maker_q99_win60,2026-02-25,btcusdt,300,-0.1089231106424017,-0.4506666068666344,5.793041701918048,-0.3417434962242326,18487630910.734497,17475727837.7725,1011903072.962,6651660,345166
no_filter,2026-02-25,ethusdt,30,-0.3593289581936978,-0.3593289581936978,,0.0,16054964920.23231,16054964920.23231,0.0,11251053,0
no_filter,2026-02-25,ethusdt,120,-0.8761705678611137,-0.8761705678611137,,0.0,16054964920.23231,16054964920.23231,0.0,11251053,0
no_filter,2026-02-25,ethusdt,300,-0.3965715331133905,-0.3965715331133905,,0.0,16054964920.23231,16054964920.23231,0.0,11251053,0
task3_maker_q90_win30,2026-02-25,ethusdt,30,-0.3593289581936978,-0.7808872035991952,2.6727460602102244,-0.4215582454054973,16054964920.23231,14095259785.13797,1959705135.09434,10076700,1174353
task3_maker_q90_win30,2026-02-25,ethusdt,120,-0.8761705678611137,-1.7950979589801297,5.733252487448725,-0.9189273911190158,16054964920.23231,14095259785.13797,1959705135.09434,10076700,1174353
task3_maker_q90_win30,2026-02-25,ethusdt,300,-0.3965715331133905,-0.9076813191862276,3.279606624717541,-0.5111097860728371,16054964920.23231,14095259785.13797,1959705135.09434,10076700,1174353
task3_maker_q90_win60,2026-02-25,ethusdt,30,-0.3593289581936978,-0.8446354617903101,2.094755590301723,-0.4853065035966123,16054964920.23231,13404218982.47804,2650745937.7542696,9598107,1652946
task3_maker_q90_win60,2026-02-25,ethusdt,120,-0.8761705678611137,-1.9996903142982048,4.805213112817024,-1.1235197464370916,16054964920.23231,13404218982.47804,2650745937.7542696,9598107,1652946
task3_maker_q90_win60,2026-02-25,ethusdt,300,-0.3965715331133905,-1.245054480384305,3.8940136437343034,-0.8484829472709148,16054964920.23231,13404218982.47804,2650745937.7542696,9598107,1652946
task3_maker_q95_win30,2026-02-25,ethusdt,30,-0.3593289581936978,-0.7396401537153549,3.067655166931256,-0.380311195521657,16054964920.23231,14451232509.520647,1603732410.71166,10311234,939819
task3_maker_q95_win30,2026-02-25,ethusdt,120,-0.8761705678611137,-1.7821384836789445,7.287506184072546,-0.9059679158178308,16054964920.23231,14451232509.520647,1603732410.71166,10311234,939819
task3_maker_q95_win30,2026-02-25,ethusdt,300,-0.3965715331133905,-0.9348352679815992,4.453722900090533,-0.5382637348682087,16054964920.23231,14451232509.520647,1603732410.71166,10311234,939819
task3_maker_q95_win60,2026-02-25,ethusdt,30,-0.3593289581936978,-0.8088000671197959,2.4367263378714834,-0.4494711089260981,16054964920.23231,13831521944.88982,2223442975.34249,9885095,1365958
task3_maker_q95_win60,2026-02-25,ethusdt,120,-0.8761705678611137,-1.952251618107928,5.817879527431416,-1.0760810502468146,16054964920.23231,13831521944.88982,2223442975.34249,9885095,1365958
task3_maker_q95_win60,2026-02-25,ethusdt,300,-0.3965715331133905,-1.210134182057358,4.664412605990895,-0.8135626489439676,16054964920.23231,13831521944.88982,2223442975.34249,9885095,1365958
task3_maker_q99_win30,2026-02-25,ethusdt,30,-0.3593289581936978,-0.7300923255564631,6.532793491472472,-0.3707633673627653,16054964920.23231,15235374332.32032,819590587.9119899,10800900,450153
task3_maker_q99_win30,2026-02-25,ethusdt,120,-0.8761705678611137,-1.290817507581611,6.831703870383665,-0.4146469397204974,16054964920.23231,15235374332.32032,819590587.9119899,10800900,450153
task3_maker_q99_win30,2026-02-25,ethusdt,300,-0.3965715331133905,-0.2571514015605154,-2.988253191001683,0.139420131552875,16054964920.23231,15235374332.32032,819590587.9119899,10800900,450153
task3_maker_q99_win60,2026-02-25,ethusdt,30,-0.3593289581936978,-0.7636372651854599,4.868475372187628,-0.4043083069917621,16054964920.23231,14902439020.33503,1152525899.89728,10572429,678624
task3_maker_q99_win60,2026-02-25,ethusdt,120,-0.8761705678611137,-1.456347358382283,6.625655848817246,-0.5801767905211693,16054964920.23231,14902439020.33503,1152525899.89728,10572429,678624
task3_maker_q99_win60,2026-02-25,ethusdt,300,-0.3965715331133905,-0.2934702082015116,-1.7296966347288614,0.1031013249118789,16054964920.23231,14902439020.33503,1152525899.89728,10572429,678624
no_filter,2026-02-26,btcusdt,30,0.0002742223622223,0.0002742223622223,,0.0,11426027357.5474,11426027357.5474,0.0,5337518,0
no_filter,2026-02-26,btcusdt,120,-0.0477577997167043,-0.0477577997167043,,0.0,11426027357.5474,11426027357.5474,0.0,5337518,0
no_filter,2026-02-26,btcusdt,300,0.1687317260881315,0.1687317260881315,,0.0,11426027357.5474,11426027357.5474,0.0,5337518,0
task3_maker_q90_win30,2026-02-26,btcusdt,30,0.0002742223622223,0.1264652327710983,-1.5740743735815308,0.126191010408876,11426027357.5474,10578142408.6629,847884948.8845,5008620,328898
task3_maker_q90_win30,2026-02-26,btcusdt,120,-0.0477577997167043,0.2310557373982448,-3.5262124001258366,0.2788135371149491,11426027357.5474,10578142408.6629,847884948.8845,5008620,328898
task3_maker_q90_win30,2026-02-26,btcusdt,300,0.1687317260881315,0.5075446789372207,-4.058270616449585,0.3388129528490891,11426027357.5474,10578142408.6629,847884948.8845,5008620,328898
task3_maker_q90_win60,2026-02-26,btcusdt,30,0.0002742223622223,0.1417498711492557,-1.1214270758329077,0.1414756487870334,11426027357.5474,10146313824.6735,1279713532.8739002,4830992,506526
task3_maker_q90_win60,2026-02-26,btcusdt,120,-0.0477577997167043,0.3474330449396327,-3.181060861313772,0.3951908446563371,11426027357.5474,10146313824.6735,1279713532.8739002,4830992,506526
task3_maker_q90_win60,2026-02-26,btcusdt,300,0.1687317260881315,0.6921559064783792,-3.9812798673153136,0.5234241803902477,11426027357.5474,10146313824.6735,1279713532.8739002,4830992,506526
task3_maker_q95_win30,2026-02-26,btcusdt,30,0.0002742223622223,0.0654199762259433,-1.2425069346698487,0.065145753863721,11426027357.5474,10856915154.354698,569112203.1926999,5123413,214105
task3_maker_q95_win30,2026-02-26,btcusdt,120,-0.0477577997167043,0.0543264997592277,-1.9952131025274515,0.1020842994759321,11426027357.5474,10856915154.354698,569112203.1926999,5123413,214105
task3_maker_q95_win30,2026-02-26,btcusdt,300,0.1687317260881315,0.4051270627653617,-4.340966183729456,0.2363953366772301,11426027357.5474,10856915154.354698,569112203.1926999,5123413,214105
task3_maker_q95_win60,2026-02-26,btcusdt,30,0.0002742223622223,0.0703672358592088,-0.8389647216203946,0.0700930134969865,11426027357.5474,10545287729.733898,880739627.8134999,4994846,342672
task3_maker_q95_win60,2026-02-26,btcusdt,120,-0.0477577997167043,0.0803226905889321,-1.581293455641947,0.1280804903056364,11426027357.5474,10545287729.733898,880739627.8134999,4994846,342672
task3_maker_q95_win60,2026-02-26,btcusdt,300,0.1687317260881315,0.5087101031409677,-3.9019035612221056,0.3399783770528361,11426027357.5474,10545287729.733898,880739627.8134999,4994846,342672
task3_maker_q99_win30,2026-02-26,btcusdt,30,0.0002742223622223,-0.0220727940398363,1.2836712315856758,-0.0223470164020586,11426027357.5474,11230477835.008198,195549522.5392,5279085,58433
task3_maker_q99_win30,2026-02-26,btcusdt,120,-0.0477577997167043,-0.0796498014509439,1.7838110731688006,-0.0318920017342396,11426027357.5474,11230477835.008198,195549522.5392,5279085,58433
task3_maker_q99_win30,2026-02-26,btcusdt,300,0.1687317260881315,0.2295992942166772,-3.326914112686309,0.0608675681285456,11426027357.5474,11230477835.008198,195549522.5392,5279085,58433
task3_maker_q99_win60,2026-02-26,btcusdt,30,0.0002742223622223,0.0028132038723401,-0.1007101408969512,0.0025389815101178,11426027357.5474,11145796147.2869,280231210.26049995,5246613,90905
task3_maker_q99_win60,2026-02-26,btcusdt,120,-0.0477577997167043,-0.0457110335107576,-0.1291650022600319,0.0020467662059466,11426027357.5474,11145796147.2869,280231210.26049995,5246613,90905
task3_maker_q99_win60,2026-02-26,btcusdt,300,0.1687317260881315,0.2927247188016254,-4.762912465834457,0.1239929927134939,11426027357.5474,11145796147.2869,280231210.26049995,5246613,90905
no_filter,2026-02-26,ethusdt,30,-0.000936673289593,-0.000936673289593,,0.0,10308955542.65344,10308955542.65344,0.0,8529524,0
no_filter,2026-02-26,ethusdt,120,0.2006244350786317,0.2006244350786317,,0.0,10308955542.65344,10308955542.65344,0.0,8529524,0
no_filter,2026-02-26,ethusdt,300,0.5136639039677027,0.5136639039677027,,0.0,10308955542.65344,10308955542.65344,0.0,8529524,0
task3_maker_q90_win30,2026-02-26,ethusdt,30,-0.000936673289593,0.2258187316574504,-2.5223970565825806,0.2267554049470434,10308955542.65344,9458363169.71883,850592372.93461,7977195,552329
task3_maker_q90_win30,2026-02-26,ethusdt,120,0.2006244350786317,0.4368948447283783,-2.4266402945774157,0.2362704096497465,10308955542.65344,9458363169.71883,850592372.93461,7977195,552329
task3_maker_q90_win30,2026-02-26,ethusdt,300,0.5136639039677027,0.7078052278284931,-1.6451364870940208,0.1941413238607904,10308955542.65344,9458363169.71883,850592372.93461,7977195,552329
task3_maker_q90_win60,2026-02-26,ethusdt,30,-0.000936673289593,0.2053502044938525,-1.4906022633623068,0.2062868777834455,10308955542.65344,9055027562.70802,1253927979.94542,7671816,857708
task3_maker_q90_win60,2026-02-26,ethusdt,120,0.2006244350786317,0.5069493869706647,-2.011449086598669,0.3063249518920329,10308955542.65344,9055027562.70802,1253927979.94542,7671816,857708
task3_maker_q90_win60,2026-02-26,ethusdt,300,0.5136639039677027,0.6918987216585691,-0.7734285069499363,0.1782348176908664,10308955542.65344,9055027562.70802,1253927979.94542,7671816,857708
task3_maker_q95_win30,2026-02-26,ethusdt,30,-0.000936673289593,0.1145551686073954,-1.867656288531275,0.1154918418969885,10308955542.65344,9708313134.21239,600642408.44105,8142238,387286
task3_maker_q95_win30,2026-02-26,ethusdt,120,0.2006244350786317,0.1733667277238601,0.6411966534267799,-0.0272577073547716,10308955542.65344,9708313134.21239,600642408.44105,8142238,387286
task3_maker_q95_win30,2026-02-26,ethusdt,300,0.5136639039677027,0.6099609235851504,-1.0428056479642602,0.0962970196174477,10308955542.65344,9708313134.21239,600642408.44105,8142238,387286
task3_maker_q95_win60,2026-02-26,ethusdt,30,-0.000936673289593,0.0062418800217911,-0.0736647918628451,0.0071785533113841,10308955542.65344,9382832789.66896,926122752.98448,7913524,616000
task3_maker_q95_win60,2026-02-26,ethusdt,120,0.2006244350786317,0.2232378232564636,-0.0284787150132108,0.0226133881778319,10308955542.65344,9382832789.66896,926122752.98448,7913524,616000
task3_maker_q95_win60,2026-02-26,ethusdt,300,0.5136639039677027,0.5784256682694439,-0.1424573322820362,0.0647617643017411,10308955542.65344,9382832789.66896,926122752.98448,7913524,616000
task3_maker_q99_win30,2026-02-26,ethusdt,30,-0.000936673289593,0.0319350051874159,-2.653184218091094,0.0328716784770089,10308955542.65344,10182751585.2671,126203957.38634,8442604,86920
task3_maker_q99_win30,2026-02-26,ethusdt,120,0.2006244350786317,0.1961241622679079,0.5637284220419764,-0.0045002728107238,10308955542.65344,10182751585.2671,126203957.38634,8442604,86920
task3_maker_q99_win30,2026-02-26,ethusdt,300,0.5136639039677027,0.6245048720789291,-8.42952668309144,0.1108409681112264,10308955542.65344,10182751585.2671,126203957.38634,8442604,86920
task3_maker_q99_win60,2026-02-26,ethusdt,30,-0.000936673289593,0.0747227361227545,-3.3455323830328374,0.0756594094123475,10308955542.65344,10080911300.091831,228044242.56161,8370406,159118
task3_maker_q99_win60,2026-02-26,ethusdt,120,0.2006244350786317,0.2130542042503561,-0.3488452603332891,0.0124297691717243,10308955542.65344,10080911300.091831,228044242.56161,8370406,159118
task3_maker_q99_win60,2026-02-26,ethusdt,300,0.5136639039677027,0.6076621889014149,-3.641619132925911,0.0939982849337122,10308955542.65344,10080911300.091831,228044242.56161,8370406,159118
no_filter,2026-02-27,btcusdt,30,-0.0309303801509636,-0.0309303801509636,,0.0,12655338207.9051,12655338207.9051,0.0,5402230,0
no_filter,2026-02-27,btcusdt,120,0.2667171233025677,0.2667171233025677,,0.0,12655338207.9051,12655338207.9051,0.0,5402230,0
no_filter,2026-02-27,btcusdt,300,0.3597829635065184,0.3597829635065184,,0.0,12655338207.9051,12655338207.9051,0.0,5402230,0
task3_maker_q90_win30,2026-02-27,btcusdt,30,-0.0309303801509636,0.0272656294241181,-0.6546048075721608,0.0581960095750818,12655338207.9051,11575235385.487,1080102822.4181,5014622,387608
task3_maker_q90_win30,2026-02-27,btcusdt,120,0.2667171233025677,0.5104697947592879,-2.3455291271387937,0.2437526714567202,12655338207.9051,11575235385.487,1080102822.4181,5014622,387608
task3_maker_q90_win30,2026-02-27,btcusdt,300,0.3597829635065184,0.7166112091655202,-3.4642704969282785,0.3568282456590018,12655338207.9051,11575235385.487,1080102822.4181,5014622,387608
task3_maker_q90_win60,2026-02-27,btcusdt,30,-0.0309303801509636,0.0052520152728153,-0.2965218928039727,0.036182395423779,12655338207.9051,11137975576.4626,1517362631.4425,4837708,564522
task3_maker_q90_win60,2026-02-27,btcusdt,120,0.2667171233025677,0.4335225545499417,-0.9576934300852866,0.166805431247374,12655338207.9051,11137975576.4626,1517362631.4425,4837708,564522
task3_maker_q90_win60,2026-02-27,btcusdt,300,0.3597829635065184,0.6097449579178373,-1.4750260209156427,0.2499619944113189,12655338207.9051,11137975576.4626,1517362631.4425,4837708,564522
task3_maker_q95_win30,2026-02-27,btcusdt,30,-0.0309303801509636,-0.0268683974183862,-0.0958097495666658,0.0040619827325774,12655338207.9051,11909693342.036,745644865.8691,5134751,267479
task3_maker_q95_win30,2026-02-27,btcusdt,120,0.2667171233025677,0.4465624715745146,-2.605833932774266,0.1798453482719469,12655338207.9051,11909693342.036,745644865.8691,5134751,267479
task3_maker_q95_win30,2026-02-27,btcusdt,300,0.3597829635065184,0.5706513502504446,-3.0082786119229974,0.2108683867439261,12655338207.9051,11909693342.036,745644865.8691,5134751,267479
task3_maker_q95_win60,2026-02-27,btcusdt,30,-0.0309303801509636,-0.04211902063453,0.0909513013105181,-0.0111886404835663,12655338207.9051,11591269020.0011,1064069187.904,4998429,403801
task3_maker_q95_win60,2026-02-27,btcusdt,120,0.2667171233025677,0.4348151159648042,-1.5644317125247724,0.1680979926622365,12655338207.9051,11591269020.0011,1064069187.904,4998429,403801
task3_maker_q95_win60,2026-02-27,btcusdt,300,0.3597829635065184,0.5159396937046794,-1.3412856226218444,0.156156730198161,12655338207.9051,11591269020.0011,1064069187.904,4998429,403801
task3_maker_q99_win30,2026-02-27,btcusdt,30,-0.0309303801509636,0.0112835121469138,-1.968897423520011,0.0422138922978775,12655338207.9051,12385549182.8321,269789025.07299995,5312879,89351
task3_maker_q99_win30,2026-02-27,btcusdt,120,0.2667171233025677,0.4366865945838648,-7.5362883754009244,0.1699694712812971,12655338207.9051,12385549182.8321,269789025.07299995,5312879,89351
task3_maker_q99_win30,2026-02-27,btcusdt,300,0.3597829635065184,0.5684833502331544,-9.221292113878157,0.208700386726636,12655338207.9051,12385549182.8321,269789025.07299995,5312879,89351
task3_maker_q99_win60,2026-02-27,btcusdt,30,-0.0309303801509636,0.0185319715416504,-1.412440746430515,0.049462351692614,12655338207.9051,12217899547.2188,437438660.6863,5248413,153817
task3_maker_q99_win60,2026-02-27,btcusdt,120,0.2667171233025677,0.4741408240852363,-5.5267395773442525,0.2074237007826686,12655338207.9051,12217899547.2188,437438660.6863,5248413,153817
task3_maker_q99_win60,2026-02-27,btcusdt,300,0.3597829635065184,0.6456346946860047,-7.624211252894337,0.2858517311794862,12655338207.9051,12217899547.2188,437438660.6863,5248413,153817
no_filter,2026-02-27,ethusdt,30,-0.1814438668743039,-0.1814438668743039,,0.0,10795183797.20362,10795183797.20362,0.0,8776781,0
no_filter,2026-02-27,ethusdt,120,0.414999157843433,0.414999157843433,,0.0,10795183797.20362,10795183797.20362,0.0,8776781,0
no_filter,2026-02-27,ethusdt,300,0.6151083646585405,0.6151083646585405,,0.0,10795183797.20362,10795183797.20362,0.0,8776781,0
task3_maker_q90_win30,2026-02-27,ethusdt,30,-0.1814438668743039,-0.1026285621694297,-1.0408452114385254,0.0788153047048742,10795183797.20362,9888329606.34637,906854190.85725,8177672,599109
task3_maker_q90_win30,2026-02-27,ethusdt,120,0.414999157843433,1.1608568723346515,-7.717826377597375,0.7458577144912185,10795183797.20362,9888329606.34637,906854190.85725,8177672,599109
task3_maker_q90_win30,2026-02-27,ethusdt,300,0.6151083646585405,1.830074286337712,-12.632868669758896,1.2149659216791715,10795183797.20362,9888329606.34637,906854190.85725,8177672,599109
task3_maker_q90_win60,2026-02-27,ethusdt,30,-0.1814438668743039,-0.0850487332725156,-0.9407451247173504,0.0963951336017883,10795183797.20362,9579094545.46533,1216089251.7382898,7915248,861533
task3_maker_q90_win60,2026-02-27,ethusdt,120,0.414999157843433,1.2506099120958736,-6.167078931203209,0.8356107542524406,10795183797.20362,9579094545.46533,1216089251.7382898,7915248,861533
task3_maker_q90_win60,2026-02-27,ethusdt,300,0.6151083646585405,1.9647545689144936,-10.01600984892342,1.3496462042559534,10795183797.20362,9579094545.46533,1216089251.7382898,7915248,861533
task3_maker_q95_win30,2026-02-27,ethusdt,30,-0.1814438668743039,-0.1237991900919266,-1.0744084773468416,0.0576446767823772,10795183797.20362,10140566922.38522,654616874.8183999,8362535,414246
task3_maker_q95_win30,2026-02-27,ethusdt,120,0.414999157843433,1.0660087737418134,-9.669688284662849,0.6510096158983804,10795183797.20362,10140566922.38522,654616874.8183999,8362535,414246
task3_maker_q95_win30,2026-02-27,ethusdt,300,0.6151083646585405,1.6972754174859184,-16.14857103703835,1.082167052827378,10795183797.20362,10140566922.38522,654616874.8183999,8362535,414246
task3_maker_q95_win60,2026-02-27,ethusdt,30,-0.1814438668743039,-0.0681977317333782,-1.4235508340214105,0.1132461351409256,10795183797.20362,9893195347.76895,901988449.43467,8164332,612449
task3_maker_q95_win60,2026-02-27,ethusdt,120,0.414999157843433,1.151657647243427,-7.664823089098074,0.736658489399994,10795183797.20362,9893195347.76895,901988449.43467,8164332,612449
task3_maker_q95_win60,2026-02-27,ethusdt,300,0.6151083646585405,1.8753525000941291,-13.20750923710655,1.2602441354355889,10795183797.20362,9893195347.76895,901988449.43467,8164332,612449
task3_maker_q99_win30,2026-02-27,ethusdt,30,-0.1814438668743039,-0.1692778426259902,-0.7975308235874881,0.0121660242483137,10795183797.20362,10586136690.66895,209047106.53467,8650311,126470
task3_maker_q99_win30,2026-02-27,ethusdt,120,0.414999157843433,0.8345253154544428,-20.829787834913702,0.4195261576110097,10795183797.20362,10586136690.66895,209047106.53467,8650311,126470
task3_maker_q99_win30,2026-02-27,ethusdt,300,0.6151083646585405,1.1692751687636276,-27.44787530890248,0.5541668041050871,10795183797.20362,10586136690.66895,209047106.53467,8650311,126470
task3_maker_q99_win60,2026-02-27,ethusdt,30,-0.1814438668743039,-0.1094681921727729,-2.3450944891951258,0.0719756747015309,10795183797.20362,10447634370.733889,347549426.46973,8552716,224065
task3_maker_q99_win60,2026-02-27,ethusdt,120,0.414999157843433,0.9296442185189532,-15.055673544044303,0.5146450606755202,10795183797.20362,10447634370.733889,347549426.46973,8552716,224065
task3_maker_q99_win60,2026-02-27,ethusdt,300,0.6151083646585405,1.3186349026922124,-20.533503831725508,0.7035265380336719,10795183797.20362,10447634370.733889,347549426.46973,8552716,224065
no_filter,2026-02-28,btcusdt,30,-0.6120420147402507,-0.6120420147402507,,0.0,15112081555.0137,15112081555.0137,0.0,6409196,0
no_filter,2026-02-28,btcusdt,120,-0.2389789537990551,-0.2389789537990551,,0.0,15112081555.0137,15112081555.0137,0.0,6409196,0
no_filter,2026-02-28,btcusdt,300,-0.2201487503356782,-0.2201487503356782,,0.0,15112081555.0137,15112081555.0137,0.0,6409196,0
task3_maker_q90_win30,2026-02-28,btcusdt,30,-0.6120420147402507,-0.7877921133881438,0.4935428310603482,-0.1757500986478931,15112081555.0137,13039282529.6099,2072799025.4038,5607239,801957
task3_maker_q90_win30,2026-02-28,btcusdt,120,-0.2389789537990551,-0.1153611982504513,-1.0166167375492114,0.1236177555486037,15112081555.0137,13039282529.6099,2072799025.4038,5607239,801957
task3_maker_q90_win30,2026-02-28,btcusdt,300,-0.2201487503356782,-0.1180980690610044,-0.8621153130227742,0.1020506812746738,15112081555.0137,13039282529.6099,2072799025.4038,5607239,801957
task3_maker_q90_win60,2026-02-28,btcusdt,30,-0.6120420147402507,-0.8057620750986747,0.2305423273118321,-0.193720060358424,15112081555.0137,12287126508.8235,2824955046.1902,5288735,1120461
task3_maker_q90_win60,2026-02-28,btcusdt,120,-0.2389789537990551,-0.1377791488823284,-0.679146951288795,0.1011998049167266,15112081555.0137,12287126508.8235,2824955046.1902,5288735,1120461
task3_maker_q90_win60,2026-02-28,btcusdt,300,-0.2201487503356782,-0.267602567606312,-0.0137486318922993,-0.0474538172706338,15112081555.0137,12287126508.8235,2824955046.1902,5288735,1120461
task3_maker_q95_win30,2026-02-28,btcusdt,30,-0.6120420147402507,-0.7122509857679028,0.2504375662508294,-0.1002089710276521,15112081555.0137,13539022293.4921,1573059261.5216002,5798747,610449
task3_maker_q95_win30,2026-02-28,btcusdt,120,-0.2389789537990551,0.0222917423118869,-2.48768621220241,0.261270696110942,15112081555.0137,13539022293.4921,1573059261.5216002,5798747,610449
task3_maker_q95_win30,2026-02-28,btcusdt,300,-0.2201487503356782,-0.0391631391251724,-1.7778575315103422,0.1809856112105057,15112081555.0137,13539022293.4921,1573059261.5216002,5798747,610449
task3_maker_q95_win60,2026-02-28,btcusdt,30,-0.6120420147402507,-0.7239373681136587,0.0454032039900009,-0.111895353373408,15112081555.0137,12914132080.9826,2197949474.0311003,5545781,863415
task3_maker_q95_win60,2026-02-28,btcusdt,120,-0.2389789537990551,0.000750853388269,-1.6475201556528094,0.2397298071873241,15112081555.0137,12914132080.9826,2197949474.0311003,5545781,863415
task3_maker_q95_win60,2026-02-28,btcusdt,300,-0.2201487503356782,0.1000530949582496,-2.101506339105085,0.3202018452939278,15112081555.0137,12914132080.9826,2197949474.0311003,5545781,863415
task3_maker_q99_win30,2026-02-28,btcusdt,30,-0.6120420147402507,-0.6750471277912911,0.7398594997985153,-0.0630051130510404,15112081555.0137,14439147816.3174,672933738.6963,6161348,247848
task3_maker_q99_win30,2026-02-28,btcusdt,120,-0.2389789537990551,-0.0160964307859664,-5.021372093567252,0.2228825230130887,15112081555.0137,14439147816.3174,672933738.6963,6161348,247848
task3_maker_q99_win30,2026-02-28,btcusdt,300,-0.2201487503356782,0.2092127003948984,-9.432962876341636,0.4293614507305766,15112081555.0137,14439147816.3174,672933738.6963,6161348,247848
task3_maker_q99_win60,2026-02-28,btcusdt,30,-0.6120420147402507,-0.7177821705154034,0.8980986973883863,-0.1057401557751527,15112081555.0137,14123175819.7865,988905735.2272,6035952,373244
task3_maker_q99_win60,2026-02-28,btcusdt,120,-0.2389789537990551,0.0765853986841162,-4.745749087509493,0.3155643524831714,15112081555.0137,14123175819.7865,988905735.2272,6035952,373244
task3_maker_q99_win60,2026-02-28,btcusdt,300,-0.2201487503356782,0.2582114007301246,-7.0519065994594765,0.4783601510658029,15112081555.0137,14123175819.7865,988905735.2272,6035952,373244
no_filter,2026-02-28,ethusdt,30,-0.2708559306595784,-0.2708559306595784,,0.0,11403769335.27199,11403769335.27199,0.0,10063275,0
no_filter,2026-02-28,ethusdt,120,0.2678865400434208,0.2678865400434208,,0.0,11403769335.27199,11403769335.27199,0.0,10063275,0
no_filter,2026-02-28,ethusdt,300,0.545769847837528,0.545769847837528,,0.0,11403769335.27199,11403769335.27199,0.0,10063275,0
task3_maker_q90_win30,2026-02-28,ethusdt,30,-0.2708559306595784,-0.3208791291394683,0.1090357836736188,-0.0500231984798898,11403769335.27199,10076871849.57066,1326897485.7013302,8990455,1072820
task3_maker_q90_win30,2026-02-28,ethusdt,120,0.2678865400434208,1.185632097345603,-6.7017584182925045,0.9177455573021822,11403769335.27199,10076871849.57066,1326897485.7013302,8990455,1072820
task3_maker_q90_win30,2026-02-28,ethusdt,300,0.545769847837528,1.196740336111116,-4.397902333980073,0.6509704882735879,11403769335.27199,10076871849.57066,1326897485.7013302,8990455,1072820
task3_maker_q90_win60,2026-02-28,ethusdt,30,-0.2708559306595784,-0.3320856291776149,0.0412523205147412,-0.0612296985180365,11403769335.27199,9533481680.49884,1870287654.77315,8509626,1553649
task3_maker_q90_win60,2026-02-28,ethusdt,120,0.2678865400434208,1.532544585724409,-6.178498474489292,1.2646580456809884,11403769335.27199,9533481680.49884,1870287654.77315,8509626,1553649
task3_maker_q90_win60,2026-02-28,ethusdt,300,0.545769847837528,1.4925291145715718,-4.280178771465256,0.9467592667340438,11403769335.27199,9533481680.49884,1870287654.77315,8509626,1553649
task3_maker_q95_win30,2026-02-28,ethusdt,30,-0.2708559306595784,-0.2273634514609576,-0.7129909332757149,0.0434924791986208,11403769335.27199,10382455222.76182,1021314112.51017,9268795,794480
task3_maker_q95_win30,2026-02-28,ethusdt,120,0.2678865400434208,1.0826403367552369,-8.01472182531526,0.8147537967118161,11403769335.27199,10382455222.76182,1021314112.51017,9268795,794480
task3_maker_q95_win30,2026-02-28,ethusdt,300,0.545769847837528,1.0465103539619878,-4.544648290302637,0.5007405061244597,11403769335.27199,10382455222.76182,1021314112.51017,9268795,794480
task3_maker_q95_win60,2026-02-28,ethusdt,30,-0.2708559306595784,-0.2656179163073474,-0.3065378973911299,0.005238014352231,11403769335.27199,9944015301.53025,1459754033.74174,8884426,1178849
task3_maker_q95_win60,2026-02-28,ethusdt,120,0.2678865400434208,1.4616170681100775,-7.863945510162611,1.1937305280666568,11403769335.27199,9944015301.53025,1459754033.74174,8884426,1178849
task3_maker_q95_win60,2026-02-28,ethusdt,300,0.545769847837528,1.1663947058283504,-3.6819993117047582,0.6206248579908223,11403769335.27199,9944015301.53025,1459754033.74174,8884426,1178849
task3_maker_q99_win30,2026-02-28,ethusdt,30,-0.2708559306595784,-0.3406930107411728,1.9879585903437471,-0.0698370800815943,11403769335.27199,11061766284.266691,342003051.00530005,9827742,235533
task3_maker_q99_win30,2026-02-28,ethusdt,120,0.2678865400434208,0.4520968208452577,-5.690221340571602,0.184210280801837,11403769335.27199,11061766284.266691,342003051.00530005,9827742,235533
task3_maker_q99_win30,2026-02-28,ethusdt,300,0.545769847837528,0.5098361492558264,1.708011454371928,-0.0359336985817015,11403769335.27199,11061766284.266691,342003051.00530005,9827742,235533
task3_maker_q99_win60,2026-02-28,ethusdt,30,-0.2708559306595784,-0.3683192524501846,1.79258558146217,-0.0974633217906061,11403769335.27199,10889424962.99477,514344372.27722,9689971,373304
task3_maker_q99_win60,2026-02-28,ethusdt,120,0.2678865400434208,0.5460592199724827,-5.621437205118591,0.278172679929062,11403769335.27199,10889424962.99477,514344372.27722,9689971,373304
task3_maker_q99_win60,2026-02-28,ethusdt,300,0.545769847837528,0.6910915357665851,-2.5309034891194826,0.1453216879290571,11403769335.27199,10889424962.99477,514344372.27722,9689971,373304
no_filter,2026-01-01,btcusdt,30,-0.0310867736800933,-0.0310867736800933,,0.0,3965372747.4532,3965372747.4532,0.0,1056983,0
no_filter,2026-01-01,btcusdt,120,-0.0527689850191264,-0.0527689850191264,,0.0,3965372747.4532,3965372747.4532,0.0,1056983,0
no_filter,2026-01-01,btcusdt,300,0.432657795752758,0.432657795752758,,0.0,3965372747.4532,3965372747.4532,0.0,1056983,0
task3_maker_q90_win30,2026-01-01,btcusdt,30,-0.0310867736800933,-0.0659681319989064,1.342377214543741,-0.0348813583188131,3965372747.4532,3867159913.498,98212833.9552,1034256,22727
task3_maker_q90_win30,2026-01-01,btcusdt,120,-0.0527689850191264,-0.0683377038408829,0.5602540070623573,-0.0155687188217565,3965372747.4532,3867159913.498,98212833.9552,1034256,22727
task3_maker_q90_win30,2026-01-01,btcusdt,300,0.432657795752758,0.6145748455161333,-6.730380822475583,0.1819170497633752,3965372747.4532,3867159913.498,98212833.9552,1034256,22727
task3_maker_q90_win60,2026-01-01,btcusdt,30,-0.0310867736800933,-0.0721564363537009,0.983734606535688,-0.0410696626736076,3965372747.4532,3811136643.0656,154236104.3876,1020895,36088
task3_maker_q90_win60,2026-01-01,btcusdt,120,-0.0527689850191264,-0.0453019732525907,-0.2372770304643796,0.0074670117665356,3965372747.4532,3811136643.0656,154236104.3876,1020895,36088
task3_maker_q90_win60,2026-01-01,btcusdt,300,0.432657795752758,0.7239115552403121,-6.764151794459331,0.2912537594875541,3965372747.4532,3811136643.0656,154236104.3876,1020895,36088
task3_maker_q95_win30,2026-01-01,btcusdt,30,-0.0310867736800933,-0.0549600820116735,1.808990209950376,-0.0238733083315802,3965372747.4532,3914584608.5968,50788138.8564,1045073,11910
task3_maker_q95_win30,2026-01-01,btcusdt,120,-0.0527689850191264,-0.0701357748162876,1.2858067055160682,-0.0173667897971612,3965372747.4532,3914584608.5968,50788138.8564,1045073,11910
task3_maker_q95_win30,2026-01-01,btcusdt,300,0.432657795752758,0.5468496410518194,-8.368878352261506,0.1141918452990614,3965372747.4532,3914584608.5968,50788138.8564,1045073,11910
task3_maker_q95_win60,2026-01-01,btcusdt,30,-0.0310867736800933,-0.0779027303331611,1.9619031180422395,-0.0468159566530678,3965372747.4532,3874362753.1413,91009994.3119,1035315,21668
task3_maker_q95_win60,2026-01-01,btcusdt,120,-0.0527689850191264,-0.0600898682902194,0.2588864290930063,-0.007320883271093,3965372747.4532,3874362753.1413,91009994.3119,1035315,21668
task3_maker_q95_win60,2026-01-01,btcusdt,300,0.432657795752758,0.6515924644164054,-8.887552935552124,0.2189346686636473,3965372747.4532,3874362753.1413,91009994.3119,1035315,21668
task3_maker_q99_win30,2026-01-01,btcusdt,30,-0.0310867736800933,-0.0609501359339793,4.005542581227799,-0.029863362253886,3965372747.4532,3936251986.3784,29120761.0748,1051033,5950
task3_maker_q99_win30,2026-01-01,btcusdt,120,-0.0527689850191264,-0.1012110843284658,6.495147435878758,-0.0484420993093394,3965372747.4532,3936251986.3784,29120761.0748,1051033,5950
task3_maker_q99_win30,2026-01-01,btcusdt,300,0.432657795752758,0.4740752124817605,-5.165732591484649,0.0414174167290024,3965372747.4532,3936251986.3784,29120761.0748,1051033,5950
task3_maker_q99_win60,2026-01-01,btcusdt,30,-0.0310867736800933,-0.085418506103721,3.861747717012801,-0.0543317324236277,3965372747.4532,3910790406.883701,54582340.5695,1045436,11547
task3_maker_q99_win60,2026-01-01,btcusdt,120,-0.0527689850191264,-0.1047448495404427,3.671269050701054,-0.0519758645213163,3965372747.4532,3910790406.883701,54582340.5695,1045436,11547
task3_maker_q99_win60,2026-01-01,btcusdt,300,0.432657795752758,0.547056869689078,-7.763963973093407,0.1143990739363199,3965372747.4532,3910790406.883701,54582340.5695,1045436,11547
no_filter,2026-01-01,ethusdt,30,0.0118240605787111,0.0118240605787111,,0.0,3088549091.82189,3088549091.82189,0.0,1630690,0
no_filter,2026-01-01,ethusdt,120,0.1247313301219007,0.1247313301219007,,0.0,3088549091.82189,3088549091.82189,0.0,1630690,0
no_filter,2026-01-01,ethusdt,300,0.5146628627581723,0.5146628627581723,,0.0,3088549091.82189,3088549091.82189,0.0,1630690,0
task3_maker_q90_win30,2026-01-01,ethusdt,30,0.0118240605787111,-0.0388082398456912,1.875068108450744,-0.0506323004244023,3088549091.82189,3006840393.33056,81708698.49133,1593713,36977
task3_maker_q90_win30,2026-01-01,ethusdt,120,0.1247313301219007,0.221651194844535,-3.4418725877592835,0.0969198647226342,3088549091.82189,3006840393.33056,81708698.49133,1593713,36977
task3_maker_q90_win30,2026-01-01,ethusdt,300,0.5146628627581723,0.8809773997705495,-12.965534067191347,0.3663145370123771,3088549091.82189,3006840393.33056,81708698.49133,1593713,36977
task3_maker_q90_win60,2026-01-01,ethusdt,30,0.0118240605787111,-0.0061621351908679,0.4270588004611722,-0.017986195769579,3088549091.82189,2960320642.92236,128228448.89953,1570058,60632
task3_maker_q90_win60,2026-01-01,ethusdt,120,0.1247313301219007,0.3276347528049242,-4.559558278331413,0.2029034226830234,3088549091.82189,2960320642.92236,128228448.89953,1570058,60632
task3_maker_q90_win60,2026-01-01,ethusdt,300,0.5146628627581723,1.0596700432910888,-12.067537272382191,0.5450071805329165,3088549091.82189,2960320642.92236,128228448.89953,1570058,60632
task3_maker_q95_win30,2026-01-01,ethusdt,30,0.0118240605787111,-0.0385028922653477,2.6531035401708736,-0.0503269528440588,3088549091.82189,3030800208.9883804,57748882.83351,1607414,23276
task3_maker_q95_win30,2026-01-01,ethusdt,120,0.1247313301219007,0.1845037922495639,-3.012271185243652,0.0597724621276631,3088549091.82189,3030800208.9883804,57748882.83351,1607414,23276
task3_maker_q95_win30,2026-01-01,ethusdt,300,0.5146628627581723,0.8284391083209329,-15.953068874475903,0.3137762455627606,3088549091.82189,3030800208.9883804,57748882.83351,1607414,23276
task3_maker_q95_win60,2026-01-01,ethusdt,30,0.0118240605787111,-0.0204985194638022,1.143444799156016,-0.0323225800425133,3088549091.82189,3002780417.66169,85768674.1602,1595826,34864
task3_maker_q95_win60,2026-01-01,ethusdt,120,0.1247313301219007,0.2545683336133819,-4.420891129237603,0.1298370034914812,3088549091.82189,3002780417.66169,85768674.1602,1595826,34864
task3_maker_q95_win60,2026-01-01,ethusdt,300,0.5146628627581723,0.9850879712951404,-15.955025140728264,0.4704251085369682,3088549091.82189,3002780417.66169,85768674.1602,1595826,34864
task3_maker_q99_win30,2026-01-01,ethusdt,30,0.0118240605787111,0.030643262656873,-4.436520552216586,0.0188192020781619,3088549091.82189,3075537697.59144,13011394.23045,1626996,3694
task3_maker_q99_win30,2026-01-01,ethusdt,120,0.1247313301219007,0.1985588229042277,-17.326068572576432,0.073827492782327,3088549091.82189,3075537697.59144,13011394.23045,1626996,3694
task3_maker_q99_win30,2026-01-01,ethusdt,300,0.5146628627581723,0.6520566365494138,-31.96146715261068,0.1373937737912415,3088549091.82189,3075537697.59144,13011394.23045,1626996,3694
task3_maker_q99_win60,2026-01-01,ethusdt,30,0.0118240605787111,0.0523845547369304,-4.678019750762526,0.0405604941582193,3088549091.82189,3062066561.08967,26482530.73222,1622062,8628
task3_maker_q99_win60,2026-01-01,ethusdt,120,0.1247313301219007,0.257891306108458,-15.272011294927044,0.1331599759865573,3088549091.82189,3062066561.08967,26482530.73222,1622062,8628
task3_maker_q99_win60,2026-01-01,ethusdt,300,0.5146628627581723,0.7559149008987652,-27.380322184356796,0.2412520381405929,3088549091.82189,3062066561.08967,26482530.73222,1622062,8628
no_filter,2026-01-02,btcusdt,30,-0.162724668200275,-0.162724668200275,,0.0,14073548406.5286,14073548406.5286,0.0,3761809,0
no_filter,2026-01-02,btcusdt,120,-0.0843973539817499,-0.0843973539817499,,0.0,14073548406.5286,14073548406.5286,0.0,3761809,0
no_filter,2026-01-02,btcusdt,300,0.273089786711308,0.273089786711308,,0.0,14073548406.5286,14073548406.5286,0.0,3761809,0
task3_maker_q90_win30,2026-01-02,btcusdt,30,-0.162724668200275,-0.2916160437135921,1.32868365253994,-0.128891375513317,14073548406.5286,12954027729.789,1119520676.7396002,3475981,285828
task3_maker_q90_win30,2026-01-02,btcusdt,120,-0.0843973539817499,-0.2150305355472465,1.4271654885718186,-0.1306331815654966,14073548406.5286,12954027729.789,1119520676.7396002,3475981,285828
task3_maker_q90_win30,2026-01-02,btcusdt,300,0.273089786711308,0.5972228355048552,-3.477469349401287,0.3241330487935472,14073548406.5286,12954027729.789,1119520676.7396002,3475981,285828
task3_maker_q90_win60,2026-01-02,btcusdt,30,-0.162724668200275,-0.3318520116192128,1.067620608475125,-0.1691273434189378,14073548406.5286,12372749248.1188,1700799158.4098,3325011,436798
task3_maker_q90_win60,2026-01-02,btcusdt,120,-0.0843973539817499,-0.2420117152271995,1.0621947994478602,-0.1576143612454495,14073548406.5286,12372749248.1188,1700799158.4098,3325011,436798
task3_maker_q90_win60,2026-01-02,btcusdt,300,0.273089786711308,0.6727015219083026,-2.6339529242110338,0.3996117351969945,14073548406.5286,12372749248.1188,1700799158.4098,3325011,436798
task3_maker_q95_win30,2026-01-02,btcusdt,30,-0.162724668200275,-0.2545831605216395,1.2013838834377244,-0.0918584923213644,14073548406.5286,13185633433.7282,887914972.8004,3540694,221115
task3_maker_q95_win30,2026-01-02,btcusdt,120,-0.0843973539817499,-0.1702121527886903,1.1899616949356684,-0.0858147988069404,14073548406.5286,13185633433.7282,887914972.8004,3540694,221115
task3_maker_q95_win30,2026-01-02,btcusdt,300,0.273089786711308,0.6688252395769174,-5.603624513712298,0.3957354528656094,14073548406.5286,13185633433.7282,887914972.8004,3540694,221115
task3_maker_q95_win60,2026-01-02,btcusdt,30,-0.162724668200275,-0.2826299965451351,0.9874360265169048,-0.1199053283448601,14073548406.5286,12744882485.214,1328665921.3146,3424235,337574
task3_maker_q95_win60,2026-01-02,btcusdt,120,-0.0843973539817499,-0.1708084634151597,0.744478752102265,-0.0864111094334098,14073548406.5286,12744882485.214,1328665921.3146,3424235,337574
task3_maker_q95_win60,2026-01-02,btcusdt,300,0.273089786711308,0.8113162591321474,-4.889707746808524,0.5382264724208394,14073548406.5286,12744882485.214,1328665921.3146,3424235,337574
task3_maker_q99_win30,2026-01-02,btcusdt,30,-0.162724668200275,-0.1689129565333992,0.0622411129270078,-0.0061882883331241,14073548406.5286,13696781622.3094,376766784.2192,3671364,90445
task3_maker_q99_win30,2026-01-02,btcusdt,120,-0.0843973539817499,-0.1167888082813408,1.0931445487364984,-0.0323914542995909,14073548406.5286,13696781622.3094,376766784.2192,3671364,90445
task3_maker_q99_win30,2026-01-02,btcusdt,300,0.273089786711308,0.4669057910642248,-6.772795354230444,0.1938160043529168,14073548406.5286,13696781622.3094,376766784.2192,3671364,90445
task3_maker_q99_win60,2026-01-02,btcusdt,30,-0.162724668200275,-0.1532675130943517,-0.3723837940588603,0.0094571551059233,14073548406.5286,13466127864.4064,607420542.1222,3610454,151355
task3_maker_q99_win60,2026-01-02,btcusdt,120,-0.0843973539817499,-0.1368329156794533,1.0780657658796005,-0.0524355616977034,14073548406.5286,13466127864.4064,607420542.1222,3610454,151355
task3_maker_q99_win60,2026-01-02,btcusdt,300,0.273089786711308,0.5766301477471928,-6.456207348081651,0.3035403610358848,14073548406.5286,13466127864.4064,607420542.1222,3610454,151355
no_filter,2026-01-02,ethusdt,30,0.1412977622023042,0.1412977622023042,,0.0,13583512766.75853,13583512766.75853,0.0,6758826,0
no_filter,2026-01-02,ethusdt,120,0.1049307115057214,0.1049307115057214,,0.0,13583512766.75853,13583512766.75853,0.0,6758826,0
no_filter,2026-01-02,ethusdt,300,0.5068805324633564,0.5068805324633564,,0.0,13583512766.75853,13583512766.75853,0.0,6758826,0
task3_maker_q90_win30,2026-01-02,ethusdt,30,0.1412977622023042,0.2709120291261334,-1.1404087329903003,0.1296142669238291,13583512766.75853,12336016735.5419,1247496031.21663,6210569,548257
task3_maker_q90_win30,2026-01-02,ethusdt,120,0.1049307115057214,0.4386077880632902,-3.19467577835739,0.3336770765575688,13583512766.75853,12336016735.5419,1247496031.21663,6210569,548257
task3_maker_q90_win30,2026-01-02,ethusdt,300,0.5068805324633564,1.196916831484669,-6.31662761493862,0.6900362990213126,13583512766.75853,12336016735.5419,1247496031.21663,6210569,548257
task3_maker_q90_win60,2026-01-02,ethusdt,30,0.1412977622023042,0.397450527233898,-1.49009849779155,0.2561527650315937,13583512766.75853,11740141120.29216,1843371646.46637,5925399,833427
task3_maker_q90_win60,2026-01-02,ethusdt,120,0.1049307115057214,0.3108374734859683,-1.206456738715978,0.2059067619802469,13583512766.75853,11740141120.29216,1843371646.46637,5925399,833427
task3_maker_q90_win60,2026-01-02,ethusdt,300,0.5068805324633564,1.3512478817496991,-4.870760952362169,0.8443673492863429,13583512766.75853,11740141120.29216,1843371646.46637,5925399,833427
task3_maker_q95_win30,2026-01-02,ethusdt,30,0.1412977622023042,0.2532506534426105,-1.382029299611934,0.1119528912403062,13583512766.75853,12653571979.19021,929940787.56832,6361806,397020
task3_maker_q95_win30,2026-01-02,ethusdt,120,0.1049307115057214,0.2420752413576094,-1.7611753924870277,0.137144529851888,13583512766.75853,12653571979.19021,929940787.56832,6361806,397020
task3_maker_q95_win30,2026-01-02,ethusdt,300,0.5068805324633564,1.0468269294032326,-6.840093264060422,0.5399463969398762,13583512766.75853,12653571979.19021,929940787.56832,6361806,397020
task3_maker_q95_win60,2026-01-02,ethusdt,30,0.1412977622023042,0.319842407237334,-1.4515696089033252,0.1785446450350297,13583512766.75853,12214399628.103432,1369113138.6551,6148185,610641
task3_maker_q95_win60,2026-01-02,ethusdt,120,0.1049307115057214,0.0341816985067245,0.7361106291219552,-0.0707490129989969,13583512766.75853,12214399628.103432,1369113138.6551,6148185,610641
task3_maker_q95_win60,2026-01-02,ethusdt,300,0.5068805324633564,1.0910655291596218,-4.704864797363621,0.5841849966962654,13583512766.75853,12214399628.103432,1369113138.6551,6148185,610641
task3_maker_q99_win30,2026-01-02,ethusdt,30,0.1412977622023042,0.2217156884629339,-2.7851148341067704,0.0804179262606296,13583512766.75853,13220220615.82481,363292150.93372,6616891,141935
task3_maker_q99_win30,2026-01-02,ethusdt,120,0.1049307115057214,0.3863439608915202,-10.135712339918571,0.2814132493857987,13583512766.75853,13220220615.82481,363292150.93372,6616891,141935
task3_maker_q99_win30,2026-01-02,ethusdt,300,0.5068805324633564,0.9321877218260451,-14.9700706166875,0.4253071893626888,13583512766.75853,13220220615.82481,363292150.93372,6616891,141935
task3_maker_q99_win60,2026-01-02,ethusdt,30,0.1412977622023042,0.2659298824864998,-3.054386426744712,0.1246321202841955,13583512766.75853,13073639056.1359,509873710.62263,6548280,210546
task3_maker_q99_win60,2026-01-02,ethusdt,120,0.1049307115057214,0.3896243230260222,-7.194879890729693,0.2846936115203007,13583512766.75853,13073639056.1359,509873710.62263,6548280,210546
task3_maker_q99_win60,2026-01-02,ethusdt,300,0.5068805324633564,1.049868116110651,-13.415829214425592,0.5429875836472945,13583512766.75853,13073639056.1359,509873710.62263,6548280,210546
no_filter,2026-01-03,btcusdt,30,-0.1303368031110338,-0.1303368031110338,,0.0,4717389042.4997,4717389042.4997,0.0,1281323,0
no_filter,2026-01-03,btcusdt,120,0.0391876752234203,0.0391876752234203,,0.0,4717389042.4997,4717389042.4997,0.0,1281323,0
no_filter,2026-01-03,btcusdt,300,0.2575715597977407,0.2575715597977407,,0.0,4717389042.4997,4717389042.4997,0.0,1281323,0
task3_maker_q90_win30,2026-01-03,btcusdt,30,-0.1303368031110338,-0.1356789575136804,0.0906714741171381,-0.0053421544026465,4717389042.4997,4606052737.723,111336304.7767,1252591,28732
task3_maker_q90_win30,2026-01-03,btcusdt,120,0.0391876752234203,0.0578059076052102,-0.7310602722515984,0.0186182323817898,4717389042.4997,4606052737.723,111336304.7767,1252591,28732
task3_maker_q90_win30,2026-01-03,btcusdt,300,0.2575715597977407,0.2820059451239544,-0.7532942817811732,0.0244343853262136,4717389042.4997,4606052737.723,111336304.7767,1252591,28732
task3_maker_q90_win60,2026-01-03,btcusdt,30,-0.1303368031110338,-0.1580496489729571,0.6115413950267196,-0.0277128458619233,4717389042.4997,4547516645.4327,169872397.067,1239770,41553
task3_maker_q90_win60,2026-01-03,btcusdt,120,0.0391876752234203,0.0780151970306042,-1.0002325293989274,0.0388275218071838,4717389042.4997,4547516645.4327,169872397.067,1239770,41553
task3_maker_q90_win60,2026-01-03,btcusdt,300,0.2575715597977407,0.2781586713932993,-0.2935493655475237,0.0205871115955585,4717389042.4997,4547516645.4327,169872397.067,1239770,41553
task3_maker_q95_win30,2026-01-03,btcusdt,30,-0.1303368031110338,-0.1376830764850458,0.3252454001438951,-0.007346273374012,4717389042.4997,4642528170.318901,74860872.18079999,1261828,19495
task3_maker_q95_win30,2026-01-03,btcusdt,120,0.0391876752234203,0.06273159255788,-1.4208981650925308,0.0235439173344596,4717389042.4997,4642528170.318901,74860872.18079999,1261828,19495
task3_maker_q95_win30,2026-01-03,btcusdt,300,0.2575715597977407,0.3011539424836565,-2.445208055971632,0.0435823826859157,4717389042.4997,4642528170.318901,74860872.18079999,1261828,19495
task3_maker_q95_win60,2026-01-03,btcusdt,30,-0.1303368031110338,-0.1575059635198165,0.9629483420696606,-0.0271691604087826,4717389042.4997,4603000174.5495,114388867.9502,1253334,27989
task3_maker_q95_win60,2026-01-03,btcusdt,120,0.0391876752234203,0.082687613312722,-1.711246840005103,0.0434999380893016,4717389042.4997,4603000174.5495,114388867.9502,1253334,27989
task3_maker_q95_win60,2026-01-03,btcusdt,300,0.2575715597977407,0.31905026312616,-2.216327231428961,0.0614787033284192,4717389042.4997,4603000174.5495,114388867.9502,1253334,27989
task3_maker_q99_win30,2026-01-03,btcusdt,30,-0.1303368031110338,-0.1491521151913444,2.54822575006287,-0.0188153120803106,4717389042.4997,4684483327.5896,32905714.9101,1273344,7979
task3_maker_q99_win30,2026-01-03,btcusdt,120,0.0391876752234203,0.0369312749042106,0.3604105905918897,-0.0022564003192097,4717389042.4997,4684483327.5896,32905714.9101,1273344,7979
task3_maker_q99_win30,2026-01-03,btcusdt,300,0.2575715597977407,0.2687434176381409,-1.3328628657886818,0.0111718578404001,4717389042.4997,4684483327.5896,32905714.9101,1273344,7979
task3_maker_q99_win60,2026-01-03,btcusdt,30,-0.1303368031110338,-0.1541728345009594,2.500697272402038,-0.0238360313899255,4717389042.4997,4675035244.0961,42353798.4036,1270956,10367
task3_maker_q99_win60,2026-01-03,btcusdt,120,0.0391876752234203,0.0495669617640159,-1.1064836037363577,0.0103792865405956,4717389042.4997,4675035244.0961,42353798.4036,1270956,10367
task3_maker_q99_win60,2026-01-03,btcusdt,300,0.2575715597977407,0.2775616736694595,-1.9489480537025252,0.0199901138717187,4717389042.4997,4675035244.0961,42353798.4036,1270956,10367
no_filter,2026-01-03,ethusdt,30,0.0118363139058201,0.0118363139058201,,0.0,4434897414.4128,4434897414.4128,0.0,2161378,0
no_filter,2026-01-03,ethusdt,120,0.0839606027253923,0.0839606027253923,,0.0,4434897414.4128,4434897414.4128,0.0,2161378,0
no_filter,2026-01-03,ethusdt,300,0.2603478349394773,0.2603478349394773,,0.0,4434897414.4128,4434897414.4128,0.0,2161378,0
task3_maker_q90_win30,2026-01-03,ethusdt,30,0.0118363139058201,0.0940014484062236,-2.2109720442716303,0.0821651345004035,4434897414.4128,4276807118.05656,158090296.35623997,2098943,62435
task3_maker_q90_win30,2026-01-03,ethusdt,120,0.0839606027253923,0.2588013770573968,-4.645996171500886,0.1748407743320044,4434897414.4128,4276807118.05656,158090296.35623997,2098943,62435
task3_maker_q90_win30,2026-01-03,ethusdt,300,0.2603478349394773,0.3729944471912154,-2.7870740765077477,0.1126466122517381,4434897414.4128,4276807118.05656,158090296.35623997,2098943,62435
task3_maker_q90_win60,2026-01-03,ethusdt,30,0.0118363139058201,0.0925049841257285,-1.3815462596762895,0.0806686702199083,4434897414.4128,4192193995.18863,242703419.22417,2063795,97583
task3_maker_q90_win60,2026-01-03,ethusdt,120,0.0839606027253923,0.3206628502501735,-4.004575701761167,0.2367022475247811,4434897414.4128,4192193995.18863,242703419.22417,2063795,97583
task3_maker_q90_win60,2026-01-03,ethusdt,300,0.2603478349394773,0.4216252954924289,-2.5253830124074965,0.1612774605529515,4434897414.4128,4192193995.18863,242703419.22417,2063795,97583
task3_maker_q95_win30,2026-01-03,ethusdt,30,0.0118363139058201,0.0839037352459492,-2.808010587420875,0.072067421340129,4434897414.4128,4324378365.47016,110519048.94264,2119674,41704
task3_maker_q95_win30,2026-01-03,ethusdt,120,0.0839606027253923,0.1920636064003949,-4.145882983579317,0.1081030036750025,4434897414.4128,4324378365.47016,110519048.94264,2119674,41704
task3_maker_q95_win30,2026-01-03,ethusdt,300,0.2603478349394773,0.3070096697704448,-1.565431801844264,0.0466618348309675,4434897414.4128,4324378365.47016,110519048.94264,2119674,41704
task3_maker_q95_win60,2026-01-03,ethusdt,30,0.0118363139058201,0.0630148839681203,-1.3756628768318626,0.0511785700623002,4434897414.4128,4277133310.2979,157764104.1149,2100063,61315
task3_maker_q95_win60,2026-01-03,ethusdt,120,0.0839606027253923,0.2336881334507425,-3.9752936409879895,0.1497275307253501,4434897414.4128,4277133310.2979,157764104.1149,2100063,61315
task3_maker_q95_win60,2026-01-03,ethusdt,300,0.2603478349394773,0.3203823113590472,-1.367243310086933,0.0600344764195698,4434897414.4128,4277133310.2979,157764104.1149,2100063,61315
task3_maker_q99_win30,2026-01-03,ethusdt,30,0.0118363139058201,0.0030534085463821,3.0824407701945864,-0.008782905359438,4434897414.4128,4422248377.54439,12649036.86841,2157025,4353
task3_maker_q99_win30,2026-01-03,ethusdt,120,0.0839606027253923,0.0593766046529564,8.678808314877724,-0.0245839980724359,4434897414.4128,4422248377.54439,12649036.86841,2157025,4353
task3_maker_q99_win30,2026-01-03,ethusdt,300,0.2603478349394773,0.2364345524934569,8.620705670782163,-0.0239132824460203,4434897414.4128,4422248377.54439,12649036.86841,2157025,4353
task3_maker_q99_win60,2026-01-03,ethusdt,30,0.0118363139058201,-0.012351126225163,3.484468446849444,-0.0241874401309831,4434897414.4128,4404221306.178869,30676108.23393,2150394,10984
task3_maker_q99_win60,2026-01-03,ethusdt,120,0.0839606027253923,0.0167341208237103,9.73578154666606,-0.067226481901682,4434897414.4128,4404221306.178869,30676108.23393,2150394,10984
task3_maker_q99_win60,2026-01-03,ethusdt,300,0.2603478349394773,0.1881344476356356,10.628147313595209,-0.0722133873038416,4434897414.4128,4404221306.178869,30676108.23393,2150394,10984
no_filter,2026-01-04,btcusdt,30,-0.0232821129890227,-0.0232821129890227,,0.0,6238277636.3538,6238277636.3538,0.0,1754310,0
no_filter,2026-01-04,btcusdt,120,-0.3806553914425042,-0.3806553914425042,,0.0,6238277636.3538,6238277636.3538,0.0,1754310,0
no_filter,2026-01-04,btcusdt,300,-0.2465500299521015,-0.2465500299521015,,0.0,6238277636.3538,6238277636.3538,0.0,1754310,0
task3_maker_q90_win30,2026-01-04,btcusdt,30,-0.0232821129890227,0.1529950588489854,-3.212677634836423,0.1762771718380082,6238277636.3538,5911547725.5874,326729910.7664,1672132,82178
task3_maker_q90_win30,2026-01-04,btcusdt,120,-0.3806553914425042,-0.5333657526726662,2.3823441346377137,-0.1527103612301619,6238277636.3538,5911547725.5874,326729910.7664,1672132,82178
task3_maker_q90_win30,2026-01-04,btcusdt,300,-0.2465500299521015,-0.3167802870012022,1.0241310514101112,-0.0702302570491007,6238277636.3538,5911547725.5874,326729910.7664,1672132,82178
task3_maker_q90_win60,2026-01-04,btcusdt,30,-0.0232821129890227,0.1147066020203306,-1.81570880721739,0.1379887150093534,6238277636.3538,5792357079.1552,445920557.1986,1636359,117951
task3_maker_q90_win60,2026-01-04,btcusdt,120,-0.3806553914425042,-0.5240410167552785,1.4818753405946918,-0.1433856253127742,6238277636.3538,5792357079.1552,445920557.1986,1636359,117951
task3_maker_q90_win60,2026-01-04,btcusdt,300,-0.2465500299521015,-0.2841535497145085,0.2419069617266247,-0.0376035197624069,6238277636.3538,5792357079.1552,445920557.1986,1636359,117951
task3_maker_q95_win30,2026-01-04,btcusdt,30,-0.0232821129890227,0.1576858606952487,-4.161453100520178,0.1809679736842715,6238277636.3538,5976899506.7617,261378129.5921,1691141,63169
task3_maker_q95_win30,2026-01-04,btcusdt,120,-0.3806553914425042,-0.4729181545859831,1.729105147380314,-0.0922627631434788,6238277636.3538,5976899506.7617,261378129.5921,1691141,63169
task3_maker_q95_win30,2026-01-04,btcusdt,300,-0.2465500299521015,-0.1879291061705858,-1.5870270277117742,0.0586209237815157,6238277636.3538,5976899506.7617,261378129.5921,1691141,63169
task3_maker_q95_win60,2026-01-04,btcusdt,30,-0.0232821129890227,0.124330718175094,-2.5856077024289106,0.1476128311641168,6238277636.3538,5898472932.1256,339804704.2282,1667362,86948
task3_maker_q95_win60,2026-01-04,btcusdt,120,-0.3806553914425042,-0.4656384689620839,1.0945166005889515,-0.0849830775195796,6238277636.3538,5898472932.1256,339804704.2282,1667362,86948
task3_maker_q95_win60,2026-01-04,btcusdt,300,-0.2465500299521015,-0.1654772805557927,-1.653844902262006,0.0810727493963087,6238277636.3538,5898472932.1256,339804704.2282,1667362,86948
task3_maker_q99_win30,2026-01-04,btcusdt,30,-0.0232821129890227,0.1235590548194689,-6.72775127907632,0.1468411678084917,6238277636.3538,6104575332.9121,133702303.4417,1721956,32354
task3_maker_q99_win30,2026-01-04,btcusdt,120,-0.3806553914425042,-0.5053076481097685,5.310713206216817,-0.1246522566672642,6238277636.3538,6104575332.9121,133702303.4417,1721956,32354
task3_maker_q99_win30,2026-01-04,btcusdt,300,-0.2465500299521015,-0.2644959517648729,0.5728242725436058,-0.0179459218127713,6238277636.3538,6104575332.9121,133702303.4417,1721956,32354
task3_maker_q99_win60,2026-01-04,btcusdt,30,-0.0232821129890227,0.0971734434250009,-4.464155968765429,0.1204555564140237,6238277636.3538,6073537242.5239,164740393.8299,1713566,40744
task3_maker_q99_win60,2026-01-04,btcusdt,120,-0.3806553914425042,-0.5454590895353659,5.6952157097651686,-0.1648036980928617,6238277636.3538,6073537242.5239,164740393.8299,1713566,40744
task3_maker_q99_win60,2026-01-04,btcusdt,300,-0.2465500299521015,-0.2928369155060403,1.4599235113371056,-0.0462868855539387,6238277636.3538,6073537242.5239,164740393.8299,1713566,40744
no_filter,2026-01-04,ethusdt,30,0.3688570412451249,0.3688570412451249,,0.0,5674446939.007441,5674446939.007441,0.0,2979127,0
no_filter,2026-01-04,ethusdt,120,0.4093591024159552,0.4093591024159552,,0.0,5674446939.007441,5674446939.007441,0.0,2979127,0
no_filter,2026-01-04,ethusdt,300,0.6614602219286383,0.6614602219286383,,0.0,5674446939.007441,5674446939.007441,0.0,2979127,0
task3_maker_q90_win30,2026-01-04,ethusdt,30,0.3688570412451249,0.7174984614764347,-6.59674079059856,0.3486414202313098,5674446939.007441,5403968059.159269,270478879.84817004,2866264,112863
task3_maker_q90_win30,2026-01-04,ethusdt,120,0.4093591024159552,0.7251609212471428,-5.900127771184337,0.3158018188311876,5674446939.007441,5403968059.159269,270478879.84817004,2866264,112863
task3_maker_q90_win30,2026-01-04,ethusdt,300,0.6614602219286383,1.0540842426146109,-7.182877451447886,0.3926240206859726,5674446939.007441,5403968059.159269,270478879.84817004,2866264,112863
task3_maker_q90_win60,2026-01-04,ethusdt,30,0.3688570412451249,0.7309585954225254,-4.76706177675693,0.3621015541774005,5674446939.007441,5300725869.12765,373721069.87979,2816585,162542
task3_maker_q90_win60,2026-01-04,ethusdt,120,0.4093591024159552,0.8090719006960153,-5.260024137726306,0.39971279828006,5674446939.007441,5300725869.12765,373721069.87979,2816585,162542
task3_maker_q90_win60,2026-01-04,ethusdt,300,0.6614602219286383,1.2090854158986664,-7.105859488455053,0.5476251939700281,5674446939.007441,5300725869.12765,373721069.87979,2816585,162542
task3_maker_q95_win30,2026-01-04,ethusdt,30,0.3688570412451249,0.6998922735959572,-7.431100662508129,0.3310352323508322,5674446939.007441,5443424494.92488,231022444.08256,2885585,93542
task3_maker_q95_win30,2026-01-04,ethusdt,120,0.4093591024159552,0.7126144989436737,-6.736041251357531,0.3032553965277184,5674446939.007441,5443424494.92488,231022444.08256,2885585,93542
task3_maker_q95_win30,2026-01-04,ethusdt,300,0.6614602219286383,1.0125969087358528,-7.612134361591952,0.3511366868072145,5674446939.007441,5443424494.92488,231022444.08256,2885585,93542
task3_maker_q95_win60,2026-01-04,ethusdt,30,0.3688570412451249,0.7167010234009799,-5.817707933979691,0.3478439821558549,5674446939.007441,5372381024.14501,302065914.86243,2851033,128094
task3_maker_q95_win60,2026-01-04,ethusdt,120,0.4093591024159552,0.7866779418171623,-6.301429745689157,0.3773188394012071,5674446939.007441,5372381024.14501,302065914.86243,2851033,128094
task3_maker_q95_win60,2026-01-04,ethusdt,300,0.6614602219286383,1.1677354479890705,-8.342877188071816,0.5062752260604322,5674446939.007441,5372381024.14501,302065914.86243,2851033,128094
task3_maker_q99_win30,2026-01-04,ethusdt,30,0.3688570412451249,0.6010586837582175,-11.86788129646852,0.2322016425130925,5674446939.007441,5568775093.47122,105671845.53622,2938449,40678
task3_maker_q99_win30,2026-01-04,ethusdt,120,0.4093591024159552,0.5448283256238132,-6.729700808042747,0.1354692232078579,5674446939.007441,5568775093.47122,105671845.53622,2938449,40678
task3_maker_q99_win30,2026-01-04,ethusdt,300,0.6614602219286383,0.6989058810380945,-1.311879533322231,0.0374456591094561,5674446939.007441,5568775093.47122,105671845.53622,2938449,40678
task3_maker_q99_win60,2026-01-04,ethusdt,30,0.3688570412451249,0.5874802806792156,-10.047236616439394,0.2186232394340907,5674446939.007441,5557794471.07585,116652467.93159,2931050,48077
task3_maker_q99_win60,2026-01-04,ethusdt,120,0.4093591024159552,0.5395336853264545,-5.792683511880551,0.1301745829104992,5674446939.007441,5557794471.07585,116652467.93159,2931050,48077
task3_maker_q99_win60,2026-01-04,ethusdt,300,0.6614602219286383,0.689837451139778,-0.6905455299480734,0.0283772292111397,5674446939.007441,5557794471.07585,116652467.93159,2931050,48077
no_filter,2026-01-05,btcusdt,30,-0.0227417394575021,-0.0227417394575021,,0.0,15726737986.6588,15726737986.6588,0.0,4065751,0
no_filter,2026-01-05,btcusdt,120,0.130880871447316,0.130880871447316,,0.0,15726737986.6588,15726737986.6588,0.0,4065751,0
no_filter,2026-01-05,btcusdt,300,0.5842728192458735,0.5842728192458735,,0.0,15726737986.6588,15726737986.6588,0.0,4065751,0
task3_maker_q90_win30,2026-01-05,btcusdt,30,-0.0227417394575021,0.1100169239008585,-1.4176785576677935,0.1327586633583606,15726737986.6588,14360064628.463,1366673358.1958,3733292,332459
task3_maker_q90_win30,2026-01-05,btcusdt,120,0.130880871447316,0.4083048931362067,-2.784100134840682,0.2774240216888907,15726737986.6588,14360064628.463,1366673358.1958,3733292,332459
task3_maker_q90_win30,2026-01-05,btcusdt,300,0.5842728192458735,1.389871547124525,-7.8804050992708,0.8055987278786518,15726737986.6588,14360064628.463,1366673358.1958,3733292,332459
task3_maker_q90_win60,2026-01-05,btcusdt,30,-0.0227417394575021,0.1263187968722425,-1.0868910448568012,0.1490605363297446,15726737986.6588,13794478687.0905,1932259299.5683,3581404,484347
task3_maker_q90_win60,2026-01-05,btcusdt,120,0.130880871447316,0.4744535887679537,-2.3218989017457385,0.3435727173206377,15726737986.6588,13794478687.0905,1932259299.5683,3581404,484347
task3_maker_q90_win60,2026-01-05,btcusdt,300,0.5842728192458735,1.5760828276165233,-6.4962996614603465,0.9918100083706498,15726737986.6588,13794478687.0905,1932259299.5683,3581404,484347
task3_maker_q95_win30,2026-01-05,btcusdt,30,-0.0227417394575021,0.1201188362035516,-1.9014246517765916,0.1428605756610537,15726737986.6588,14615344214.8189,1111393771.8399,3798589,267162
task3_maker_q95_win30,2026-01-05,btcusdt,120,0.130880871447316,0.3525195321763296,-2.783770442913866,0.2216386607290135,15726737986.6588,14615344214.8189,1111393771.8399,3798589,267162
task3_maker_q95_win30,2026-01-05,btcusdt,300,0.5842728192458735,1.2526052905802034,-8.204609542692461,0.6683324713343299,15726737986.6588,14615344214.8189,1111393771.8399,3798589,267162
task3_maker_q95_win60,2026-01-05,btcusdt,30,-0.0227417394575021,0.1451147554896669,-1.510038076148934,0.1678564949471691,15726737986.6588,14131818735.1359,1594919251.5229,3670196,395555
task3_maker_q95_win60,2026-01-05,btcusdt,120,0.130880871447316,0.4206492829834484,-2.4366188079796145,0.2897684115361324,15726737986.6588,14131818735.1359,1594919251.5229,3670196,395555
task3_maker_q95_win60,2026-01-05,btcusdt,300,0.5842728192458735,1.422168338029017,-6.839919709071623,0.8378955187831438,15726737986.6588,14131818735.1359,1594919251.5229,3670196,395555
task3_maker_q99_win30,2026-01-05,btcusdt,30,-0.0227417394575021,0.117750675377496,-4.052955367898867,0.1404924148349982,15726737986.6588,15196974590.654202,529763396.0045999,3947858,117893
task3_maker_q99_win30,2026-01-05,btcusdt,120,0.130880871447316,0.3271818359455928,-5.500275965925648,0.1963009644982767,15726737986.6588,15196974590.654202,529763396.0045999,3947858,117893
task3_maker_q99_win30,2026-01-05,btcusdt,300,0.5842728192458735,1.124387539923981,-14.909643423529465,0.5401147206781076,15726737986.6588,15196974590.654202,529763396.0045999,3947858,117893
task3_maker_q99_win60,2026-01-05,btcusdt,30,-0.0227417394575021,0.1166269491337036,-2.7716250692314746,0.1393686885912058,15726737986.6588,14967865549.2533,758872437.4054999,3886693,179058
task3_maker_q99_win60,2026-01-05,btcusdt,120,0.130880871447316,0.4137387216148134,-5.448157267469353,0.2828578501674973,15726737986.6588,14967865549.2533,758872437.4054999,3886693,179058
task3_maker_q99_win60,2026-01-05,btcusdt,300,0.5842728192458735,1.287456524871281,-13.285198047572212,0.7031837056254076,15726737986.6588,14967865549.2533,758872437.4054999,3886693,179058
no_filter,2026-01-05,ethusdt,30,0.2723696062860439,0.2723696062860439,,0.0,13609215617.38143,13609215617.38143,0.0,6669638,0
no_filter,2026-01-05,ethusdt,120,0.3830450136639732,0.3830450136639732,,0.0,13609215617.38143,13609215617.38143,0.0,6669638,0
no_filter,2026-01-05,ethusdt,300,0.5012435877346004,0.5012435877346004,,0.0,13609215617.38143,13609215617.38143,0.0,6669638,0
task3_maker_q90_win30,2026-01-05,ethusdt,30,0.2723696062860439,0.5264909561234717,-2.536237158180397,0.2541213498374278,13609215617.38143,12480028789.87107,1129186827.51036,6208846,460792
task3_maker_q90_win30,2026-01-05,ethusdt,120,0.3830450136639732,0.8664982145266318,-4.960189354933853,0.4834532008626586,13609215617.38143,12480028789.87107,1129186827.51036,6208846,460792
task3_maker_q90_win30,2026-01-05,ethusdt,300,0.5012435877346004,1.4050981867725898,-9.488362333122629,0.9038545990379894,13609215617.38143,12480028789.87107,1129186827.51036,6208846,460792
task3_maker_q90_win60,2026-01-05,ethusdt,30,0.2723696062860439,0.4969901974442719,-1.5242687049037973,0.2246205911582279,13609215617.38143,12096836350.36876,1512379267.01267,6027326,642312
task3_maker_q90_win60,2026-01-05,ethusdt,120,0.3830450136639732,0.8723274999087826,-3.530503852220755,0.4892824862448093,13609215617.38143,12096836350.36876,1512379267.01267,6027326,642312
task3_maker_q90_win60,2026-01-05,ethusdt,300,0.5012435877346004,1.5814950122702358,-8.139197989907599,1.0802514245356354,13609215617.38143,12096836350.36876,1512379267.01267,6027326,642312
task3_maker_q95_win30,2026-01-05,ethusdt,30,0.2723696062860439,0.5192231304530935,-3.413261855892159,0.2468535241670496,13609215617.38143,12754925557.0341,854290060.34733,6312136,357502
task3_maker_q95_win30,2026-01-05,ethusdt,120,0.3830450136639732,0.856135837834373,-6.680408635271154,0.4730908241703997,13609215617.38143,12754925557.0341,854290060.34733,6312136,357502
task3_maker_q95_win30,2026-01-05,ethusdt,300,0.5012435877346004,1.3100961717554105,-11.5752805048032,0.8088525840208101,13609215617.38143,12754925557.0341,854290060.34733,6312136,357502
task3_maker_q95_win60,2026-01-05,ethusdt,30,0.2723696062860439,0.4887296533281719,-2.0550176609138724,0.2163600470421279,13609215617.38143,12451675120.06184,1157540497.31959,6165677,503961
task3_maker_q95_win60,2026-01-05,ethusdt,120,0.3830450136639732,0.8823849328570379,-4.9883596695134536,0.4993399191930647,13609215617.38143,12451675120.06184,1157540497.31959,6165677,503961
task3_maker_q95_win60,2026-01-05,ethusdt,300,0.5012435877346004,1.4854978440693831,-10.086389643066385,0.9842542563347828,13609215617.38143,12451675120.06184,1157540497.31959,6165677,503961
task3_maker_q99_win30,2026-01-05,ethusdt,30,0.2723696062860439,0.4866323833457039,-6.712232295031165,0.2142627770596599,13609215617.38143,13204158922.741447,405056694.63998,6498608,171030
task3_maker_q99_win30,2026-01-05,ethusdt,120,0.3830450136639732,0.6907292226877985,-9.646936585775036,0.3076842090238252,13609215617.38143,13204158922.741447,405056694.63998,6498608,171030
task3_maker_q99_win30,2026-01-05,ethusdt,300,0.5012435877346004,0.9770518711813932,-15.00929672557232,0.4758082834467928,13609215617.38143,13204158922.741447,405056694.63998,6498608,171030
task3_maker_q99_win60,2026-01-05,ethusdt,30,0.2723696062860439,0.4438723761812533,-3.440926435332448,0.1715027698952093,13609215617.38143,13008407625.06931,600807992.31212,6414696,254942
task3_maker_q99_win60,2026-01-05,ethusdt,120,0.3830450136639732,0.7385803297597656,-7.314835800277115,0.3555353160957924,13609215617.38143,13008407625.06931,600807992.31212,6414696,254942
task3_maker_q99_win60,2026-01-05,ethusdt,300,0.5012435877346004,1.137879486986219,-13.282892762294692,0.6366358992516186,13609215617.38143,13008407625.06931,600807992.31212,6414696,254942
no_filter,2026-01-06,btcusdt,30,-0.3007695131936717,-0.3007695131936717,,0.0,15275628113.858,15275628113.858,0.0,3600127,0
no_filter,2026-01-06,btcusdt,120,-0.1928027224774679,-0.1928027224774679,,0.0,15275628113.858,15275628113.858,0.0,3600127,0
no_filter,2026-01-06,btcusdt,300,-0.5284521585576463,-0.5284521585576463,,0.0,15275628113.858,15275628113.858,0.0,3600127,0
task3_maker_q90_win30,2026-01-06,btcusdt,30,-0.3007695131936717,-0.4126163899873704,0.6696754824572184,-0.1118468767936986,15275628113.858,13697004695.2621,1578623418.5959,3296948,303179
task3_maker_q90_win30,2026-01-06,btcusdt,120,-0.1928027224774679,-0.2344063639216957,0.1681733440681762,-0.0416036414442278,15275628113.858,13697004695.2621,1578623418.5959,3296948,303179
task3_maker_q90_win30,2026-01-06,btcusdt,300,-0.5284521585576463,-0.752736507003881,1.4175621584441134,-0.2242843484462346,15275628113.858,13697004695.2621,1578623418.5959,3296948,303179
task3_maker_q90_win60,2026-01-06,btcusdt,30,-0.3007695131936717,-0.4071272168214412,0.3238612092591976,-0.1063577036277694,15275628113.858,13053047468.6721,2222580645.1859,3156058,444069
task3_maker_q90_win60,2026-01-06,btcusdt,120,-0.1928027224774679,-0.2385963246196029,0.0761396278563613,-0.045793602142135,15275628113.858,13053047468.6721,2222580645.1859,3156058,444069
task3_maker_q90_win60,2026-01-06,btcusdt,300,-0.5284521585576463,-0.8553989429642819,1.3916814959098471,-0.3269467844066356,15275628113.858,13053047468.6721,2222580645.1859,3156058,444069
task3_maker_q95_win30,2026-01-06,btcusdt,30,-0.3007695131936717,-0.3815229832755605,0.6483568997073699,-0.0807534700818888,15275628113.858,14077857385.1963,1197770728.6617,3373750,226377
task3_maker_q95_win30,2026-01-06,btcusdt,120,-0.1928027224774679,-0.2179424141770858,0.1026736871443112,-0.0251396916996179,15275628113.858,14077857385.1963,1197770728.6617,3373750,226377
task3_maker_q95_win30,2026-01-06,btcusdt,300,-0.5284521585576463,-0.6282159125793643,0.6441093907622217,-0.099763754021718,15275628113.858,14077857385.1963,1197770728.6617,3373750,226377
task3_maker_q95_win60,2026-01-06,btcusdt,30,-0.3007695131936717,-0.3611701795896994,0.1764540566487892,-0.0604006663960277,15275628113.858,13559451543.8612,1716176569.9968,3261262,338865
task3_maker_q95_win60,2026-01-06,btcusdt,120,-0.1928027224774679,-0.0614192780086418,-1.2308587594177387,0.131383444468826,15275628113.858,13559451543.8612,1716176569.9968,3261262,338865
task3_maker_q95_win60,2026-01-06,btcusdt,300,-0.5284521585576463,-0.627556811092892,0.2545702630952569,-0.0991046525352457,15275628113.858,13559451543.8612,1716176569.9968,3261262,338865
task3_maker_q99_win30,2026-01-06,btcusdt,30,-0.3007695131936717,-0.4094079877891631,2.869928778213774,-0.1086384745954914,15275628113.858,14769574281.8814,506053831.9766,3509260,90867
task3_maker_q99_win30,2026-01-06,btcusdt,120,-0.1928027224774679,-0.28908339109534,2.6172233996577425,-0.096280668617872,15275628113.858,14769574281.8814,506053831.9766,3509260,90867
task3_maker_q99_win30,2026-01-06,btcusdt,300,-0.5284521585576463,-0.5074736891447662,-1.1407250883040458,0.02097846941288,15275628113.858,14769574281.8814,506053831.9766,3509260,90867
task3_maker_q99_win60,2026-01-06,btcusdt,30,-0.3007695131936717,-0.4025712603466695,1.9087058306723663,-0.1018017471529978,15275628113.858,14602802844.7058,672825269.1522,3474524,125603
task3_maker_q99_win60,2026-01-06,btcusdt,120,-0.1928027224774679,-0.2238006688569033,0.4799676390460117,-0.0309979463794354,15275628113.858,14602802844.7058,672825269.1522,3474524,125603
task3_maker_q99_win60,2026-01-06,btcusdt,300,-0.5284521585576463,-0.4167844542357679,-2.952055351089371,0.1116677043218783,15275628113.858,14602802844.7058,672825269.1522,3474524,125603
no_filter,2026-01-06,ethusdt,30,0.0001845543273325,0.0001845543273325,,0.0,13848981096.85716,13848981096.85716,0.0,6393549,0
no_filter,2026-01-06,ethusdt,120,0.0942319729467232,0.0942319729467232,,0.0,13848981096.85716,13848981096.85716,0.0,6393549,0
no_filter,2026-01-06,ethusdt,300,-0.5418387747195126,-0.5418387747195126,,0.0,13848981096.85716,13848981096.85716,0.0,6393549,0
task3_maker_q90_win30,2026-01-06,ethusdt,30,0.0001845543273325,0.0191611564742624,-0.150288881681439,0.0189766021469299,13848981096.85716,12298042499.99519,1550938596.86197,5808435,585114
task3_maker_q90_win30,2026-01-06,ethusdt,120,0.0942319729467232,0.4736984776437521,-2.914717067028718,0.3794665046970288,13848981096.85716,12298042499.99519,1550938596.86197,5808435,585114
task3_maker_q90_win30,2026-01-06,ethusdt,300,-0.5418387747195126,-1.14190575038526,4.216343905440918,-0.6000669756657475,13848981096.85716,12298042499.99519,1550938596.86197,5808435,585114
task3_maker_q90_win60,2026-01-06,ethusdt,30,0.0001845543273325,0.102858001490845,-0.5131137460616143,0.1026734471635125,13848981096.85716,11540559266.527111,2308421830.33005,5514894,878655
task3_maker_q90_win60,2026-01-06,ethusdt,120,0.0942319729467232,0.5193823923788815,-2.0312346762506523,0.4251504194321582,13848981096.85716,11540559266.527111,2308421830.33005,5514894,878655
task3_maker_q90_win60,2026-01-06,ethusdt,300,-0.5418387747195126,-1.4444433776899406,3.970578227215995,-0.902604602970428,13848981096.85716,11540559266.527111,2308421830.33005,5514894,878655
task3_maker_q95_win30,2026-01-06,ethusdt,30,0.0001845543273325,0.0210105247261241,-0.2436839283483031,0.0208259703987915,13848981096.85716,12759353161.60355,1089627935.25361,5970393,423156
task3_maker_q95_win30,2026-01-06,ethusdt,120,0.0942319729467232,0.1634334073862385,-0.7161047601123669,0.0692014344395153,13848981096.85716,12759353161.60355,1089627935.25361,5970393,423156
task3_maker_q95_win30,2026-01-06,ethusdt,300,-0.5418387747195126,-1.2712406584200082,7.999330123182663,-0.7294018837004956,13848981096.85716,12759353161.60355,1089627935.25361,5970393,423156
task3_maker_q95_win60,2026-01-06,ethusdt,30,0.0001845543273325,0.1014099536376081,-0.7324563815481558,0.1012253993102756,13848981096.85716,12167814005.1823,1681167091.67486,5747688,645861
task3_maker_q95_win60,2026-01-06,ethusdt,120,0.0942319729467232,0.23391104624469,-0.916725826978252,0.1396790732979667,13848981096.85716,12167814005.1823,1681167091.67486,5747688,645861
task3_maker_q95_win60,2026-01-06,ethusdt,300,-0.5418387747195126,-1.6824789759089935,7.713793805549649,-1.140640201189481,13848981096.85716,12167814005.1823,1681167091.67486,5747688,645861
task3_maker_q99_win30,2026-01-06,ethusdt,30,0.0001845543273325,0.0917426899163768,-2.390121507489848,0.0915581355890443,13848981096.85716,13338080101.40329,510900995.45387,6210217,183332
task3_maker_q99_win30,2026-01-06,ethusdt,120,0.0942319729467232,0.1214087616077359,-0.6152718003576798,0.0271767886610126,13848981096.85716,13338080101.40329,510900995.45387,6210217,183332
task3_maker_q99_win30,2026-01-06,ethusdt,300,-0.5418387747195126,-0.888573690604532,8.510361403358429,-0.3467349158850193,13848981096.85716,13338080101.40329,510900995.45387,6210217,183332
task3_maker_q99_win60,2026-01-06,ethusdt,30,0.0001845543273325,0.1671965672025977,-2.7522156796963686,0.1670120128752652,13848981096.85716,13056716759.50143,792264337.35573,6104719,288830
task3_maker_q99_win60,2026-01-06,ethusdt,120,0.0942319729467232,0.1073199484134705,-0.1214611746143196,0.0130879754667472,13848981096.85716,13056716759.50143,792264337.35573,6104719,288830
task3_maker_q99_win60,2026-01-06,ethusdt,300,-0.5418387747195126,-1.0461872147168525,7.769951140146883,-0.5043484399973397,13848981096.85716,13056716759.50143,792264337.35573,6104719,288830
no_filter,2026-01-07,btcusdt,30,-0.052177892772684,-0.052177892772684,,0.0,12304093507.0582,12304093507.0582,0.0,3128471,0
no_filter,2026-01-07,btcusdt,120,-0.1508604475921499,-0.1508604475921499,,0.0,12304093507.0582,12304093507.0582,0.0,3128471,0
no_filter,2026-01-07,btcusdt,300,0.1682153157185827,0.1682153157185827,,0.0,12304093507.0582,12304093507.0582,0.0,3128471,0
task3_maker_q90_win30,2026-01-07,btcusdt,30,-0.052177892772684,-0.0619716553227242,0.0782458240563492,-0.0097937625500401,12304093507.0582,11444690166.3674,859403340.6908,2941926,186545
task3_maker_q90_win30,2026-01-07,btcusdt,120,-0.1508604475921499,-0.168501327159673,0.0840634715425115,-0.0176408795675231,12304093507.0582,11444690166.3674,859403340.6908,2941926,186545
task3_maker_q90_win30,2026-01-07,btcusdt,300,0.1682153157185827,0.5660407950629123,-5.12963394295743,0.3978254793443295,12304093507.0582,11444690166.3674,859403340.6908,2941926,186545
task3_maker_q90_win60,2026-01-07,btcusdt,30,-0.052177892772684,-0.0450357870554007,-0.1168097702247188,0.0071421057172833,12304093507.0582,11079734307.4936,1224359199.5646,2847191,281280
task3_maker_q90_win60,2026-01-07,btcusdt,120,-0.1508604475921499,-0.0763685675443917,-0.8249683722014897,0.0744918800477582,12304093507.0582,11079734307.4936,1224359199.5646,2847191,281280
task3_maker_q90_win60,2026-01-07,btcusdt,300,0.1682153157185827,0.7213890723117242,-4.837683485147791,0.5531737565931415,12304093507.0582,11079734307.4936,1224359199.5646,2847191,281280
task3_maker_q95_win30,2026-01-07,btcusdt,30,-0.052177892772684,-0.0412685260732675,-0.2424145842086581,0.0109093666994165,12304093507.0582,11636768135.551,667325371.5072,2986016,142455
task3_maker_q95_win30,2026-01-07,btcusdt,120,-0.1508604475921499,-0.1624287991729153,0.0508675711580701,-0.0115683515807653,12304093507.0582,11636768135.551,667325371.5072,2986016,142455
task3_maker_q95_win30,2026-01-07,btcusdt,300,0.1682153157185827,0.5075562851327667,-5.74918622267528,0.339340969414184,12304093507.0582,11636768135.551,667325371.5072,2986016,142455
task3_maker_q95_win60,2026-01-07,btcusdt,30,-0.052177892772684,-0.0235084791811261,-0.3740667752609203,0.0286694135915579,12304093507.0582,11297838200.6861,1006255306.3721,2900812,227659
task3_maker_q95_win60,2026-01-07,btcusdt,120,-0.1508604475921499,-0.0992007621691,-0.7308750459868606,0.0516596854230499,12304093507.0582,11297838200.6861,1006255306.3721,2900812,227659
task3_maker_q95_win60,2026-01-07,btcusdt,300,0.1682153157185827,0.6809585333813984,-5.588663554852594,0.5127432176628157,12304093507.0582,11297838200.6861,1006255306.3721,2900812,227659
task3_maker_q99_win30,2026-01-07,btcusdt,30,-0.052177892772684,-0.0429612943664779,-0.4867979817876847,0.0092165984062061,12304093507.0582,12048589868.3981,255503638.6601,3076576,51895
task3_maker_q99_win30,2026-01-07,btcusdt,120,-0.1508604475921499,-0.1959343129744566,1.974653383141444,-0.0450738653823067,12304093507.0582,12048589868.3981,255503638.6601,3076576,51895
task3_maker_q99_win30,2026-01-07,btcusdt,300,0.1682153157185827,0.3372564027101211,-7.80312606614999,0.1690410869915384,12304093507.0582,12048589868.3981,255503638.6601,3076576,51895
task3_maker_q99_win60,2026-01-07,btcusdt,30,-0.052177892772684,-0.0332950382782803,-0.6219382947694482,0.0188828544944037,12304093507.0582,11909395351.9069,394698155.1513,3044431,84040
task3_maker_q99_win60,2026-01-07,btcusdt,120,-0.1508604475921499,-0.1598658736935454,0.1208641053457498,-0.0090054261013954,12304093507.0582,11909395351.9069,394698155.1513,3044431,84040
task3_maker_q99_win60,2026-01-07,btcusdt,300,0.1682153157185827,0.4419162050388583,-8.090278058374246,0.2737008893202756,12304093507.0582,11909395351.9069,394698155.1513,3044431,84040
no_filter,2026-01-07,ethusdt,30,0.0533844058287535,0.0533844058287535,,0.0,13236108413.85168,13236108413.85168,0.0,6023222,0
no_filter,2026-01-07,ethusdt,120,0.2110032837428339,0.2110032837428339,,0.0,13236108413.85168,13236108413.85168,0.0,6023222,0
no_filter,2026-01-07,ethusdt,300,0.9525496819949254,0.9525496819949254,,0.0,13236108413.85168,13236108413.85168,0.0,6023222,0
task3_maker_q90_win30,2026-01-07,ethusdt,30,0.0533844058287535,0.3618329434173723,-3.4156891255724795,0.3084485375886187,13236108413.85168,12155331595.33035,1080776818.52133,5588638,434584
task3_maker_q90_win30,2026-01-07,ethusdt,120,0.2110032837428339,0.816987586532237,-6.604409496897679,0.6059843027894032,13236108413.85168,12155331595.33035,1080776818.52133,5588638,434584
task3_maker_q90_win30,2026-01-07,ethusdt,300,0.9525496819949254,2.2974769123619825,-14.173641198993325,1.3449272303670572,13236108413.85168,12155331595.33035,1080776818.52133,5588638,434584
task3_maker_q90_win60,2026-01-07,ethusdt,30,0.0533844058287535,0.5695943596832718,-3.524411109139804,0.5162099538545182,13236108413.85168,11567177835.82488,1668930578.0268002,5349188,674034
task3_maker_q90_win60,2026-01-07,ethusdt,120,0.2110032837428339,0.9716304697206348,-5.060821705748721,0.7606271859778009,13236108413.85168,11567177835.82488,1668930578.0268002,5349188,674034
task3_maker_q90_win60,2026-01-07,ethusdt,300,0.9525496819949254,2.2148868095721777,-7.796572801406516,1.2623371275772524,13236108413.85168,11567177835.82488,1668930578.0268002,5349188,674034
task3_maker_q95_win30,2026-01-07,ethusdt,30,0.0533844058287535,0.3688385198880014,-4.557221395758464,0.3154541140592478,13236108413.85168,12388496950.57621,847611463.27547,5692786,330436
task3_maker_q95_win30,2026-01-07,ethusdt,120,0.2110032837428339,0.8022899232874001,-8.431108165065723,0.5912866395445662,13236108413.85168,12388496950.57621,847611463.27547,5692786,330436
task3_maker_q95_win30,2026-01-07,ethusdt,300,0.9525496819949254,2.217044094675028,-17.529013928497427,1.2644944126801023,13236108413.85168,12388496950.57621,847611463.27547,5692786,330436
task3_maker_q95_win60,2026-01-07,ethusdt,30,0.0533844058287535,0.6016787132430859,-4.968128132730899,0.5482943074143323,13236108413.85168,11933139909.49868,1302968504.353,5513510,509712
task3_maker_q95_win60,2026-01-07,ethusdt,120,0.2110032837428339,1.0269449674619775,-7.261737797322153,0.8159416837191438,13236108413.85168,11933139909.49868,1302968504.353,5513510,509712
task3_maker_q95_win60,2026-01-07,ethusdt,300,0.9525496819949254,2.2737489203991625,-11.147555046192368,1.3211992384042373,13236108413.85168,11933139909.49868,1302968504.353,5513510,509712
task3_maker_q99_win30,2026-01-07,ethusdt,30,0.0533844058287535,0.2631557339878441,-6.252585449385832,0.2097713281590905,13236108413.85168,12809977914.88153,426130498.97015,5862538,160684
task3_maker_q99_win30,2026-01-07,ethusdt,120,0.2110032837428339,0.5931884666856148,-11.277927371828303,0.3821851829427808,13236108413.85168,12809977914.88153,426130498.97015,5862538,160684
task3_maker_q99_win30,2026-01-07,ethusdt,300,0.9525496819949254,1.9386068611119864,-28.689474810095582,0.986057179117061,13236108413.85168,12809977914.88153,426130498.97015,5862538,160684
task3_maker_q99_win60,2026-01-07,ethusdt,30,0.0533844058287535,0.324912939523755,-5.376281141353001,0.2715285336950014,13236108413.85168,12605717471.45308,630390942.3986,5778688,244534
task3_maker_q99_win60,2026-01-07,ethusdt,120,0.2110032837428339,0.7670425527919448,-10.907928568286176,0.5560392690491109,13236108413.85168,12605717471.45308,630390942.3986,5778688,244534
task3_maker_q99_win60,2026-01-07,ethusdt,300,0.9525496819949254,2.1926033645650795,-23.84439031279051,1.2400536825701542,13236108413.85168,12605717471.45308,630390942.3986,5778688,244534
no_filter,2026-01-08,btcusdt,30,0.0196749179665145,0.0196749179665145,,0.0,13520210729.7752,13520210729.7752,0.0,3683212,0
no_filter,2026-01-08,btcusdt,120,0.3281901817206915,0.3281901817206915,,0.0,13520210729.7752,13520210729.7752,0.0,3683212,0
no_filter,2026-01-08,btcusdt,300,0.4383933197731306,0.4383933197731306,,0.0,13520210729.7752,13520210729.7752,0.0,3683212,0
task3_maker_q90_win30,2026-01-08,btcusdt,30,0.0196749179665145,0.124685794993606,-1.2043037775212526,0.1050108770270915,13520210729.7752,12451903486.6731,1068307243.1021,3419854,263358
task3_maker_q90_win30,2026-01-08,btcusdt,120,0.3281901817206915,0.6708546418192983,-3.6658151131147103,0.3426644600986068,13520210729.7752,12451903486.6731,1068307243.1021,3419854,263358
task3_maker_q90_win30,2026-01-08,btcusdt,300,0.4383933197731306,1.0171902976997134,-6.307909444768804,0.5787969779265827,13520210729.7752,12451903486.6731,1068307243.1021,3419854,263358
task3_maker_q90_win60,2026-01-08,btcusdt,30,0.0196749179665145,0.2038120637962643,-1.3725829615513698,0.1841371458297498,13520210729.7752,11940928268.9919,1579282460.7833,3286682,396530
task3_maker_q90_win60,2026-01-08,btcusdt,120,0.3281901817206915,0.8723694691284369,-3.78634030776762,0.5441792874077455,13520210729.7752,11940928268.9919,1579282460.7833,3286682,396530
task3_maker_q90_win60,2026-01-08,btcusdt,300,0.4383933197731306,1.2667722080295274,-5.824965597865201,0.8283788882563967,13520210729.7752,11940928268.9919,1579282460.7833,3286682,396530
task3_maker_q95_win30,2026-01-08,btcusdt,30,0.0196749179665145,0.1049184292265122,-1.3907219652296186,0.0852435112599978,13520210729.7752,12749630956.821,770579772.9541999,3496188,187024
task3_maker_q95_win30,2026-01-08,btcusdt,120,0.3281901817206915,0.5307578395891341,-3.0233938751887868,0.2025676578684426,13520210729.7752,12749630956.821,770579772.9541999,3496188,187024
task3_maker_q95_win30,2026-01-08,btcusdt,300,0.4383933197731306,0.892221549892135,-7.07042361896119,0.4538282301190043,13520210729.7752,12749630956.821,770579772.9541999,3496188,187024
task3_maker_q95_win60,2026-01-08,btcusdt,30,0.0196749179665145,0.1635761677792805,-1.472841782266922,0.143901249812766,13520210729.7752,12331287556.6386,1188923173.1366,3389838,293374
task3_maker_q95_win60,2026-01-08,btcusdt,120,0.3281901817206915,0.6499225889577626,-3.008757839456494,0.3217324072370711,13520210729.7752,12331287556.6386,1188923173.1366,3389838,293374
task3_maker_q95_win60,2026-01-08,btcusdt,300,0.4383933197731306,1.1061345844393409,-6.487293498416682,0.66774126466621,13520210729.7752,12331287556.6386,1188923173.1366,3389838,293374
task3_maker_q99_win30,2026-01-08,btcusdt,30,0.0196749179665145,0.0734720963753194,-2.0264175143011585,0.0537971784088049,13520210729.7752,13173835765.5598,346374964.2154,3601476,81736
task3_maker_q99_win30,2026-01-08,btcusdt,120,0.3281901817206915,0.4060060351312304,-2.6314153865091714,0.0778158534105389,13520210729.7752,13173835765.5598,346374964.2154,3601476,81736
task3_maker_q99_win30,2026-01-08,btcusdt,300,0.4383933197731306,0.6853957200051729,-8.95596074887847,0.2470024002320422,13520210729.7752,13173835765.5598,346374964.2154,3601476,81736
task3_maker_q99_win60,2026-01-08,btcusdt,30,0.0196749179665145,0.1081099336249123,-2.0269063967487804,0.0884350156583978,13520210729.7752,12960186887.9982,560023841.7770001,3551844,131368
task3_maker_q99_win60,2026-01-08,btcusdt,120,0.3281901817206915,0.4340483314151567,-2.121600883075192,0.1058581496944652,13520210729.7752,12960186887.9982,560023841.7770001,3551844,131368
task3_maker_q99_win60,2026-01-08,btcusdt,300,0.4383933197731306,0.8255411227141972,-8.521060733956386,0.3871478029410666,13520210729.7752,12960186887.9982,560023841.7770001,3551844,131368
no_filter,2026-01-08,ethusdt,30,0.3030458746671001,0.3030458746671001,,0.0,12312899623.21822,12312899623.21822,0.0,6088874,0
no_filter,2026-01-08,ethusdt,120,0.6992080891580137,0.6992080891580137,,0.0,12312899623.21822,12312899623.21822,0.0,6088874,0
no_filter,2026-01-08,ethusdt,300,1.0405685541629446,1.0405685541629446,,0.0,12312899623.21822,12312899623.21822,0.0,6088874,0
task3_maker_q90_win30,2026-01-08,ethusdt,30,0.3030458746671001,0.6485559649307335,-3.7873762150822494,0.3455100902636334,12312899623.21822,11353860826.50408,959038796.71414,5673968,414906
task3_maker_q90_win30,2026-01-08,ethusdt,120,0.6992080891580137,1.4828696762017517,-8.578398431930422,0.7836615870437378,12312899623.21822,11353860826.50408,959038796.71414,5673968,414906
task3_maker_q90_win30,2026-01-08,ethusdt,300,1.0405685541629446,2.064201404560474,-11.078007837815328,1.02363285039753,12312899623.21822,11353860826.50408,959038796.71414,5673968,414906
task3_maker_q90_win60,2026-01-08,ethusdt,30,0.3030458746671001,0.7951267425808156,-3.515727653093547,0.4920808679137155,12312899623.21822,10907391160.85693,1405508462.36129,5455926,632948
task3_maker_q90_win60,2026-01-08,ethusdt,120,0.6992080891580137,1.736841133169487,-7.353300875070851,1.0376330440114734,12312899623.21822,10907391160.85693,1405508462.36129,5455926,632948
task3_maker_q90_win60,2026-01-08,ethusdt,300,1.0405685541629446,2.357082816298728,-9.176186741523576,1.3165142621357833,12312899623.21822,10907391160.85693,1405508462.36129,5455926,632948
task3_maker_q95_win30,2026-01-08,ethusdt,30,0.3030458746671001,0.5944278850258484,-5.051466121655407,0.2913820103587483,12312899623.21822,11677436498.8108,635463124.4074199,5818703,270171
task3_maker_q95_win30,2026-01-08,ethusdt,120,0.6992080891580137,1.2063470322865395,-8.62010970757461,0.507138943128526,12312899623.21822,11677436498.8108,635463124.4074199,5818703,270171
task3_maker_q95_win30,2026-01-08,ethusdt,300,1.0405685541629446,1.6898740033707291,-10.891238123881946,0.6493054492077848,12312899623.21822,11677436498.8108,635463124.4074199,5818703,270171
task3_maker_q95_win60,2026-01-08,ethusdt,30,0.3030458746671001,0.6989333362679626,-4.38358448915788,0.3958874616008625,12312899623.21822,11353823286.60475,959076336.61347,5662592,426282
task3_maker_q95_win60,2026-01-08,ethusdt,120,0.6992080891580137,1.418312432914857,-7.813757283832515,0.7191043437568436,12312899623.21822,11353823286.60475,959076336.61347,5662592,426282
task3_maker_q95_win60,2026-01-08,ethusdt,300,1.0405685541629446,1.987200064643531,-10.16592927840735,0.9466315104805864,12312899623.21822,11353823286.60475,959076336.61347,5662592,426282
task3_maker_q99_win30,2026-01-08,ethusdt,30,0.3030458746671001,0.475403684650968,-7.857637401819234,0.1723578099838679,12312899623.21822,12058223762.198551,254675861.01967,5990967,97907
task3_maker_q99_win30,2026-01-08,ethusdt,120,0.6992080891580137,0.85907097698104,-6.8698738997016005,0.1598628878230262,12312899623.21822,12058223762.198551,254675861.01967,5990967,97907
task3_maker_q99_win30,2026-01-08,ethusdt,300,1.0405685541629446,1.2591286859256112,-9.307671611740652,0.2185601317626666,12312899623.21822,12058223762.198551,254675861.01967,5990967,97907
task3_maker_q99_win60,2026-01-08,ethusdt,30,0.3030458746671001,0.5141729179108145,-6.807763123129577,0.2111270432437144,12312899623.21822,11957858814.79874,355040808.41948,5939579,149295
task3_maker_q99_win60,2026-01-08,ethusdt,120,0.6992080891580137,0.8843933726996147,-5.537876275951385,0.185185283541601,12312899623.21822,11957858814.79874,355040808.41948,5939579,149295
task3_maker_q99_win60,2026-01-08,ethusdt,300,1.0405685541629446,1.316746027149584,-8.261154378768866,0.2761774729866395,12312899623.21822,11957858814.79874,355040808.41948,5939579,149295
no_filter,2026-01-09,btcusdt,30,-0.1833513921083317,-0.1833513921083317,,0.0,11701757189.2934,11701757189.2934,0.0,3326504,0
no_filter,2026-01-09,btcusdt,120,-0.2345736543657966,-0.2345736543657966,,0.0,11701757189.2934,11701757189.2934,0.0,3326504,0
no_filter,2026-01-09,btcusdt,300,-0.3701495703189716,-0.3701495703189716,,0.0,11701757189.2934,11701757189.2934,0.0,3326504,0
task3_maker_q90_win30,2026-01-09,btcusdt,30,-0.1833513921083317,-0.2921030187007952,0.9031496562592296,-0.1087516265924634,11701757189.2934,10637057519.52,1064699669.7734,3074804,251700
task3_maker_q90_win30,2026-01-09,btcusdt,120,-0.2345736543657966,-0.6903839076423198,4.319273801153051,-0.4558102532765232,11701757189.2934,10637057519.52,1064699669.7734,3074804,251700
task3_maker_q90_win30,2026-01-09,btcusdt,300,-0.3701495703189716,-1.4046214556274008,9.964912286790447,-1.0344718853084292,11701757189.2934,10637057519.52,1064699669.7734,3074804,251700
task3_maker_q90_win60,2026-01-09,btcusdt,30,-0.1833513921083317,-0.2676467355000664,0.3639896103234492,-0.0842953433917347,11701757189.2934,10140093350.4715,1561663838.8219,2947557,378947
task3_maker_q90_win60,2026-01-09,btcusdt,120,-0.2345736543657966,-0.7976784342389296,3.4217414193813025,-0.563104779873133,11701757189.2934,10140093350.4715,1561663838.8219,2947557,378947
task3_maker_q90_win60,2026-01-09,btcusdt,300,-0.3701495703189716,-1.5259355254481262,7.134524090444502,-1.1557859551291545,11701757189.2934,10140093350.4715,1561663838.8219,2947557,378947
task3_maker_q95_win30,2026-01-09,btcusdt,30,-0.1833513921083317,-0.2820591926683485,1.1375318800770249,-0.0987078005600168,11701757189.2934,10888104062.6865,813653126.6069,3135512,190992
task3_maker_q95_win30,2026-01-09,btcusdt,120,-0.2345736543657966,-0.5958169417018688,4.599494298970279,-0.3612432873360722,11701757189.2934,10888104062.6865,813653126.6069,3135512,190992
task3_maker_q95_win30,2026-01-09,btcusdt,300,-0.3701495703189716,-1.2148050146648957,10.932819808665949,-0.844655444345924,11701757189.2934,10888104062.6865,813653126.6069,3135512,190992
task3_maker_q95_win60,2026-01-09,btcusdt,30,-0.1833513921083317,-0.2695056871038592,0.5460811838554221,-0.0861542949955274,11701757189.2934,10465645284.1733,1236111905.1201,3035553,290951
task3_maker_q95_win60,2026-01-09,btcusdt,120,-0.2345736543657966,-0.8612348144702827,5.071105700275539,-0.6266611601044861,11701757189.2934,10465645284.1733,1236111905.1201,3035553,290951
task3_maker_q95_win60,2026-01-09,btcusdt,300,-0.3701495703189716,-1.516212006856596,9.33308432350296,-1.1460624365376242,11701757189.2934,10465645284.1733,1236111905.1201,3035553,290951
task3_maker_q99_win30,2026-01-09,btcusdt,30,-0.1833513921083317,-0.1613988274189427,-1.3815399591196025,0.0219525646893889,11701757189.2934,11491221231.6051,210535957.6883,3270280,56224
task3_maker_q99_win30,2026-01-09,btcusdt,120,-0.2345736543657966,-0.3468570822749984,5.893945791504255,-0.1122834279092018,11701757189.2934,11491221231.6051,210535957.6883,3270280,56224
task3_maker_q99_win30,2026-01-09,btcusdt,300,-0.3701495703189716,-0.6944581614420947,17.33087313775153,-0.324308591123123,11701757189.2934,11491221231.6051,210535957.6883,3270280,56224
task3_maker_q99_win60,2026-01-09,btcusdt,30,-0.1833513921083317,-0.1803034448576624,-0.2610185975244974,0.0030479472506692,11701757189.2934,11259878093.7991,441879095.4943,3217793,108711
task3_maker_q99_win60,2026-01-09,btcusdt,120,-0.2345736543657966,-0.6261513187438259,9.74353304972938,-0.3915776643780293,11701757189.2934,11259878093.7991,441879095.4943,3217793,108711
task3_maker_q99_win60,2026-01-09,btcusdt,300,-0.3701495703189716,-1.051202005943535,16.984297559702497,-0.6810524356245633,11701757189.2934,11259878093.7991,441879095.4943,3217793,108711
no_filter,2026-01-09,ethusdt,30,-0.3357915605778436,-0.3357915605778436,,0.0,10822158878.93017,10822158878.93017,0.0,5800879,0
no_filter,2026-01-09,ethusdt,120,-0.0617126188040066,-0.0617126188040066,,0.0,10822158878.93017,10822158878.93017,0.0,5800879,0
no_filter,2026-01-09,ethusdt,300,0.0807736741313071,0.0807736741313071,,0.0,10822158878.93017,10822158878.93017,0.0,5800879,0
task3_maker_q90_win30,2026-01-09,ethusdt,30,-0.3357915605778436,-0.2511667957948862,-1.191377989262545,0.0846247647829574,10822158878.93017,9848098310.479,974060568.45117,5347368,453511
task3_maker_q90_win30,2026-01-09,ethusdt,120,-0.0617126188040066,0.3340694662680251,-4.0632100713837485,0.3957820850720317,10822158878.93017,9848098310.479,974060568.45117,5347368,453511
task3_maker_q90_win30,2026-01-09,ethusdt,300,0.0807736741313071,0.6231172944035679,-5.40251295453799,0.5423436202722608,10822158878.93017,9848098310.479,974060568.45117,5347368,453511
task3_maker_q90_win60,2026-01-09,ethusdt,30,-0.3357915605778436,-0.0966444250078746,-1.814150365561125,0.2391471355699689,10822158878.93017,9315271341.90915,1506887537.02102,5086769,714110
task3_maker_q90_win60,2026-01-09,ethusdt,120,-0.0617126188040066,0.3228723777090143,-2.4391386101479107,0.3845849965130209,10822158878.93017,9315271341.90915,1506887537.02102,5086769,714110
task3_maker_q90_win60,2026-01-09,ethusdt,300,0.0807736741313071,0.6021750144392459,-3.1424230433924185,0.5214013403079388,10822158878.93017,9315271341.90915,1506887537.02102,5086769,714110
task3_maker_q95_win30,2026-01-09,ethusdt,30,-0.3357915605778436,-0.355279051547329,-0.0217960297127206,-0.0194874909694853,10822158878.93017,10189752700.45887,632406178.4712999,5518038,282841
task3_maker_q95_win30,2026-01-09,ethusdt,120,-0.0617126188040066,0.0725322635867741,-2.2247562439799773,0.1342448823907807,10822158878.93017,10189752700.45887,632406178.4712999,5518038,282841
task3_maker_q95_win30,2026-01-09,ethusdt,300,0.0807736741313071,0.2179241423600264,-2.1290866997521443,0.1371504682287193,10822158878.93017,10189752700.45887,632406178.4712999,5518038,282841
task3_maker_q95_win60,2026-01-09,ethusdt,30,-0.3357915605778436,-0.1731217279201181,-1.8962708713893337,0.1626698326577254,10822158878.93017,9800518482.622631,1021640396.30754,5335282,465597
task3_maker_q95_win60,2026-01-09,ethusdt,120,-0.0617126188040066,0.2933189591947102,-3.467503496559868,0.3550315779987169,10822158878.93017,9800518482.622631,1021640396.30754,5335282,465597
task3_maker_q95_win60,2026-01-09,ethusdt,300,0.0807736741313071,0.376708709501484,-2.7581085727761785,0.2959350353701769,10822158878.93017,9800518482.622631,1021640396.30754,5335282,465597
task3_maker_q99_win30,2026-01-09,ethusdt,30,-0.3357915605778436,-0.3052711298690311,-2.5780682421236545,0.0305204307088125,10822158878.93017,10676832686.63468,145326192.29549,5742215,58664
task3_maker_q99_win30,2026-01-09,ethusdt,120,-0.0617126188040066,0.015881048577536,-5.762368440643939,0.0775936673815426,10822158878.93017,10676832686.63468,145326192.29549,5742215,58664
task3_maker_q99_win30,2026-01-09,ethusdt,300,0.0807736741313071,0.1431962077180676,-4.505288455856508,0.0624225335867605,10822158878.93017,10676832686.63468,145326192.29549,5742215,58664
task3_maker_q99_win60,2026-01-09,ethusdt,30,-0.3357915605778436,-0.2524457129732643,-3.648686843179816,0.0833458476045793,10822158878.93017,10556576439.375591,265582439.55458,5687287,113592
task3_maker_q99_win60,2026-01-09,ethusdt,120,-0.0617126188040066,-0.010555000235756,-2.0951652513571943,0.0511576185682506,10822158878.93017,10556576439.375591,265582439.55458,5687287,113592
task3_maker_q99_win60,2026-01-09,ethusdt,300,0.0807736741313071,0.1217138407773848,-1.546547768374217,0.0409401666460777,10822158878.93017,10556576439.375591,265582439.55458,5687287,113592
no_filter,2026-01-10,btcusdt,30,0.0161159759023699,0.0161159759023699,,0.0,2141846818.2898,2141846818.2898,0.0,599776,0
no_filter,2026-01-10,btcusdt,120,0.112050317683105,0.112050317683105,,0.0,2141846818.2898,2141846818.2898,0.0,599776,0
no_filter,2026-01-10,btcusdt,300,0.2604766396598387,0.2604766396598387,,0.0,2141846818.2898,2141846818.2898,0.0,599776,0
task3_maker_q90_win30,2026-01-10,btcusdt,30,0.0161159759023699,0.0184838097852512,-1.076401065356832,0.0023678338828813,2141846818.2898,2137214790.226,4632028.0638,598445,1331
task3_maker_q90_win30,2026-01-10,btcusdt,120,0.112050317683105,0.1111750506324033,0.515897975856078,-0.0008752670507016,2141846818.2898,2137214790.226,4632028.0638,598445,1331
task3_maker_q90_win30,2026-01-10,btcusdt,300,0.2604766396598387,0.2616084087551254,-0.2617208980604064,0.0011317690952866,2141846818.2898,2137214790.226,4632028.0638,598445,1331
task3_maker_q90_win60,2026-01-10,btcusdt,30,0.0161159759023699,0.0186084885614668,-0.6477474856258896,0.0024925126590969,2141846818.2898,2133835214.1094,8011604.1804,597633,2143
task3_maker_q90_win60,2026-01-10,btcusdt,120,0.112050317683105,0.1112685888831953,0.320258362360572,-0.0007817287999097,2141846818.2898,2133835214.1094,8011604.1804,597633,2143
task3_maker_q90_win60,2026-01-10,btcusdt,300,0.2604766396598387,0.2627383917155298,-0.3419253354433587,0.002261752055691,2141846818.2898,2133835214.1094,8011604.1804,597633,2143
task3_maker_q95_win30,2026-01-10,btcusdt,30,0.0161159759023699,0.0159207867019387,0.434438187847093,-0.0001951892004311,2141846818.2898,2140847898.3721,998919.9177000002,599474,302
task3_maker_q95_win30,2026-01-10,btcusdt,120,0.112050317683105,0.1125519116244983,-0.9629471032717238,0.0005015939413932,2141846818.2898,2140847898.3721,998919.9177000002,599474,302
task3_maker_q95_win30,2026-01-10,btcusdt,300,0.2604766396598387,0.260264366916995,0.7154116623240322,-0.0002122727428437,2141846818.2898,2140847898.3721,998919.9177000002,599474,302
task3_maker_q95_win60,2026-01-10,btcusdt,30,0.0161159759023699,0.0160784495624309,0.0532551550353724,-3.752633993899315e-05,2141846818.2898,2139684828.1194,2161990.1704,599195,581
task3_maker_q95_win60,2026-01-10,btcusdt,120,0.112050317683105,0.1138720899426791,-1.6909266419106406,0.001821772259574,2141846818.2898,2139684828.1194,2161990.1704,599195,581
task3_maker_q95_win60,2026-01-10,btcusdt,300,0.2604766396598387,0.260361912128408,0.3740205223891682,-0.0001147275314307,2141846818.2898,2139684828.1194,2161990.1704,599195,581
task3_maker_q99_win30,2026-01-10,btcusdt,30,0.0161159759023699,0.016070853968566,0.635148129421988,-4.512193380383847e-05,2141846818.2898,2141690708.101,156110.18879999997,599732,44
task3_maker_q99_win30,2026-01-10,btcusdt,120,0.112050317683105,0.1119009054001171,2.161851811173596,-0.0001494122829879,2141846818.2898,2141690708.101,156110.18879999997,599732,44
task3_maker_q99_win30,2026-01-10,btcusdt,300,0.2604766396598387,0.2603581766922192,1.885681496273785,-0.0001184629676195,2141846818.2898,2141690708.101,156110.18879999997,599732,44
task3_maker_q99_win60,2026-01-10,btcusdt,30,0.0161159759023699,0.0160196848878965,0.9462307302840876,-9.629101447334448e-05,2141846818.2898,2141625104.5142,221713.7756,599672,104
task3_maker_q99_win60,2026-01-10,btcusdt,120,0.112050317683105,0.1118269035627715,2.2700997555873856,-0.0002234141203335,2141846818.2898,2141625104.5142,221713.7756,599672,104
task3_maker_q99_win60,2026-01-10,btcusdt,300,0.2604766396598387,0.260312835020163,1.8427334372629645,-0.0001638046396757,2141846818.2898,2141625104.5142,221713.7756,599672,104
no_filter,2026-01-10,ethusdt,30,-0.0250050099118358,-0.0250050099118358,,0.0,2049696398.15312,2049696398.15312,0.0,1071409,0
no_filter,2026-01-10,ethusdt,120,0.2165563050613732,0.2165563050613732,,0.0,2049696398.15312,2049696398.15312,0.0,1071409,0
no_filter,2026-01-10,ethusdt,300,0.2351135640565848,0.2351135640565848,,0.0,2049696398.15312,2049696398.15312,0.0,1071409,0
task3_maker_q90_win30,2026-01-10,ethusdt,30,-0.0250050099118358,-0.0214020563731001,-0.5695242138280754,0.0036029535387356,2049696398.15312,2036223195.52736,13473202.625759998,1065016,6393
task3_maker_q90_win30,2026-01-10,ethusdt,120,0.2165563050613732,0.2426583990359057,-3.728288189532568,0.0261020939745325,2049696398.15312,2036223195.52736,13473202.625759998,1065016,6393
task3_maker_q90_win30,2026-01-10,ethusdt,300,0.2351135640565848,0.2721716761343317,-5.365528650800946,0.0370581120777468,2049696398.15312,2036223195.52736,13473202.625759998,1065016,6393
task3_maker_q90_win60,2026-01-10,ethusdt,30,-0.0250050099118358,-0.0186086142233095,-0.6716640561051586,0.0063963956885263,2049696398.15312,2029620508.17025,20075889.98287,1061668,9741
task3_maker_q90_win60,2026-01-10,ethusdt,120,0.2165563050613732,0.2512043170545189,-3.286268016481566,0.0346480119931457,2049696398.15312,2029620508.17025,20075889.98287,1061668,9741
task3_maker_q90_win60,2026-01-10,ethusdt,300,0.2351135640565848,0.2839971109201265,-4.706886482317556,0.0488835468635416,2049696398.15312,2029620508.17025,20075889.98287,1061668,9741
task3_maker_q95_win30,2026-01-10,ethusdt,30,-0.0250050099118358,-0.0252306448563349,0.1065616020009707,-0.000225634944499,2049696398.15312,2046187214.99504,3509183.15808,1069561,1848
task3_maker_q95_win30,2026-01-10,ethusdt,120,0.2165563050613732,0.2197724873399205,-1.6587835569530756,0.0032161822785472,2049696398.15312,2046187214.99504,3509183.15808,1069561,1848
task3_maker_q95_win30,2026-01-10,ethusdt,300,0.2351135640565848,0.2423017888545872,-3.956304500377074,0.0071882247980024,2049696398.15312,2046187214.99504,3509183.15808,1069561,1848
task3_maker_q95_win60,2026-01-10,ethusdt,30,-0.0250050099118358,-0.0237012258955712,-0.5050776940957488,0.0013037840162646,2049696398.15312,2044144898.28006,5551499.87306,1068367,3042
task3_maker_q95_win60,2026-01-10,ethusdt,120,0.2165563050613732,0.2216561722621587,-1.6612907198445896,0.0050998672007855,2049696398.15312,2044144898.28006,5551499.87306,1068367,3042
task3_maker_q95_win60,2026-01-10,ethusdt,300,0.2351135640565848,0.2441292263527597,-3.084587509301016,0.0090156622961748,2049696398.15312,2044144898.28006,5551499.87306,1068367,3042
task3_maker_q99_win30,2026-01-10,ethusdt,30,-0.0250050099118358,-0.0257241193433674,3.840465407722639,-0.0007191094315315,2049696398.15312,2049315155.58822,381242.5649,1071044,365
task3_maker_q99_win30,2026-01-10,ethusdt,120,0.2165563050613732,0.2162028708424888,2.11639165385868,-0.0003534342188843,2049696398.15312,2049315155.58822,381242.5649,1071044,365
task3_maker_q99_win30,2026-01-10,ethusdt,300,0.2351135640565848,0.2353115718713649,-0.8292492671505528,0.00019800781478,2049696398.15312,2049315155.58822,381242.5649,1071044,365
task3_maker_q99_win60,2026-01-10,ethusdt,30,-0.0250050099118358,-0.0248527340007994,-0.230422956206231,0.0001522759110364,2049696398.15312,2048178087.85006,1518310.30306,1070341,1068
task3_maker_q99_win60,2026-01-10,ethusdt,120,0.2165563050613732,0.2169017513493862,-0.2494456157656161,0.000345446288013,2049696398.15312,2048178087.85006,1518310.30306,1070341,1068
task3_maker_q99_win60,2026-01-10,ethusdt,300,0.2351135640565848,0.2361676848422594,-1.186879747069994,0.0010541207856746,2049696398.15312,2048178087.85006,1518310.30306,1070341,1068
no_filter,2026-01-11,btcusdt,30,0.0701555538278954,0.0701555538278954,,0.0,3632073527.9824,3632073527.9824,0.0,1038353,0
no_filter,2026-01-11,btcusdt,120,0.0045612142974222,0.0045612142974222,,0.0,3632073527.9824,3632073527.9824,0.0,1038353,0
no_filter,2026-01-11,btcusdt,300,-0.0578298160826565,-0.0578298160826565,,0.0,3632073527.9824,3632073527.9824,0.0,1038353,0
task3_maker_q90_win30,2026-01-11,btcusdt,30,0.0701555538278954,0.183249549784763,-2.47673458699125,0.1130939959568676,3632073527.9824,3477649408.2256,154424119.75680003,997414,40939
task3_maker_q90_win30,2026-01-11,btcusdt,120,0.0045612142974222,0.0350384031663655,-0.6817886771662989,0.0304771888689433,3632073527.9824,3477649408.2256,154424119.75680003,997414,40939
task3_maker_q90_win30,2026-01-11,btcusdt,300,-0.0578298160826565,0.1054526232174194,-3.734969626235514,0.1632824393000759,3632073527.9824,3477649408.2256,154424119.75680003,997414,40939
task3_maker_q90_win60,2026-01-11,btcusdt,30,0.0701555538278954,0.142061697825901,-1.0262384696295943,0.0719061439980056,3632073527.9824,3408527893.573,223545634.4094,979282,59071
task3_maker_q90_win60,2026-01-11,btcusdt,120,0.0045612142974222,-0.0044449297804036,0.141883033996157,-0.0090061440778259,3632073527.9824,3408527893.573,223545634.4094,979282,59071
task3_maker_q90_win60,2026-01-11,btcusdt,300,-0.0578298160826565,0.1502990278480079,-3.2312891049165287,0.2081288439306645,3632073527.9824,3408527893.573,223545634.4094,979282,59071
task3_maker_q95_win30,2026-01-11,btcusdt,30,0.0701555538278954,0.1968736936527655,-3.6126852757506263,0.1267181398248701,3632073527.9824,3511259122.7272005,120814405.2552,1008173,30180
task3_maker_q95_win30,2026-01-11,btcusdt,120,0.0045612142974222,0.1109796485539116,-3.0883042210796257,0.1064184342564894,3632073527.9824,3511259122.7272005,120814405.2552,1008173,30180
task3_maker_q95_win30,2026-01-11,btcusdt,300,-0.0578298160826565,0.1431328973749215,-5.898459163761891,0.2009627134575781,3632073527.9824,3511259122.7272005,120814405.2552,1008173,30180
task3_maker_q95_win60,2026-01-11,btcusdt,30,0.0701555538278954,0.1763809562457699,-1.9999830145349493,0.1062254024178745,3632073527.9824,3454796897.1885,177276630.79389998,992487,45866
task3_maker_q95_win60,2026-01-11,btcusdt,120,0.0045612142974222,0.1020347604994897,-1.895019703214296,0.0974735462020675,3632073527.9824,3454796897.1885,177276630.79389998,992487,45866
task3_maker_q95_win60,2026-01-11,btcusdt,300,-0.0578298160826565,0.1946017647330939,-4.977259062053252,0.2524315808157505,3632073527.9824,3454796897.1885,177276630.79389998,992487,45866
task3_maker_q99_win30,2026-01-11,btcusdt,30,0.0701555538278954,0.0889209633432212,-1.7563805724801858,0.0187654095153257,3632073527.9824,3595137912.9518995,36935615.0305,1028382,9971
task3_maker_q99_win30,2026-01-11,btcusdt,120,0.0045612142974222,0.0013193184305282,0.3201120107655009,-0.0032418958668939,3632073527.9824,3595137912.9518995,36935615.0305,1028382,9971
task3_maker_q99_win30,2026-01-11,btcusdt,300,-0.0578298160826565,0.0073696721927235,-6.4040393488147584,0.0651994882753801,3632073527.9824,3595137912.9518995,36935615.0305,1028382,9971
task3_maker_q99_win60,2026-01-11,btcusdt,30,0.0701555538278954,0.0826610435011552,-0.6614371301353095,0.0125054896732597,3632073527.9824,3571032042.321,61041485.661400005,1021150,17203
task3_maker_q99_win60,2026-01-11,btcusdt,120,0.0045612142974222,-0.0223139238167213,1.576803080751492,-0.0268751381141435,3632073527.9824,3571032042.321,61041485.661400005,1021150,17203
task3_maker_q99_win60,2026-01-11,btcusdt,300,-0.0578298160826565,0.0441815007147781,-6.025667541784607,0.1020113167974346,3632073527.9824,3571032042.321,61041485.661400005,1021150,17203
no_filter,2026-01-11,ethusdt,30,-0.2249118452096558,-0.2249118452096558,,0.0,4446707518.174561,4446707518.174561,0.0,2132705,0
no_filter,2026-01-11,ethusdt,120,-0.3691140804479061,-0.3691140804479061,,0.0,4446707518.174561,4446707518.174561,0.0,2132705,0
no_filter,2026-01-11,ethusdt,300,-0.5947457498038627,-0.5947457498038627,,0.0,4446707518.174561,4446707518.174561,0.0,2132705,0
task3_maker_q90_win30,2026-01-11,ethusdt,30,-0.2249118452096558,-0.3771920142181234,2.706823807318401,-0.1522801690084675,4446707518.174561,4227141403.21816,219566114.9564,2035724,96981
task3_maker_q90_win30,2026-01-11,ethusdt,120,-0.3691140804479061,-0.3544652287279516,-0.6511374137264511,0.0146488517199545,4446707518.174561,4227141403.21816,219566114.9564,2035724,96981
task3_maker_q90_win30,2026-01-11,ethusdt,300,-0.5947457498038627,-0.5359304544707425,-1.727072430059169,0.0588152953331202,4446707518.174561,4227141403.21816,219566114.9564,2035724,96981
task3_maker_q90_win60,2026-01-11,ethusdt,30,-0.2249118452096558,-0.3773944714095484,1.845476543889998,-0.1524826261998926,4446707518.174561,4141676036.07451,305031482.10005,1998849,133856
task3_maker_q90_win60,2026-01-11,ethusdt,120,-0.3691140804479061,-0.4471257226160356,0.6901174017522997,-0.0780116421681295,4446707518.174561,4141676036.07451,305031482.10005,1998849,133856
task3_maker_q90_win60,2026-01-11,ethusdt,300,-0.5947457498038627,-0.523875615246436,-1.55701081159049,0.0708701345574267,4446707518.174561,4141676036.07451,305031482.10005,1998849,133856
task3_maker_q95_win30,2026-01-11,ethusdt,30,-0.2249118452096558,-0.2844595290073379,2.020855673573408,-0.059547683797682,4446707518.174561,4331846377.73849,114861140.43607,2081802,50903
task3_maker_q95_win30,2026-01-11,ethusdt,120,-0.3691140804479061,-0.3496426249135632,-1.1034560328742342,0.0194714555343429,4446707518.174561,4331846377.73849,114861140.43607,2081802,50903
task3_maker_q95_win30,2026-01-11,ethusdt,300,-0.5947457498038627,-0.5053913155076105,-3.964638135266729,0.0893544342962522,4446707518.174561,4331846377.73849,114861140.43607,2081802,50903
task3_maker_q95_win60,2026-01-11,ethusdt,30,-0.2249118452096558,-0.2814773992300469,1.1287447905071868,-0.056565554020391,4446707518.174561,4268345217.42318,178362300.75138,2055651,77054
task3_maker_q95_win60,2026-01-11,ethusdt,120,-0.3691140804479061,-0.4797552067642973,2.278612038655925,-0.1106411263163911,4446707518.174561,4268345217.42318,178362300.75138,2055651,77054
task3_maker_q95_win60,2026-01-11,ethusdt,300,-0.5947457498038627,-0.54876447253614,-1.6951126103450167,0.0459812772677227,4446707518.174561,4268345217.42318,178362300.75138,2055651,77054
task3_maker_q99_win30,2026-01-11,ethusdt,30,-0.2249118452096558,-0.2524832141978527,3.212093147224107,-0.0275713689881968,4446707518.174561,4411320272.81569,35387245.35887,2115774,16931
task3_maker_q99_win30,2026-01-11,ethusdt,120,-0.3691140804479061,-0.4992288913422788,15.850800673330893,-0.1301148108943726,4446707518.174561,4411320272.81569,35387245.35887,2115774,16931
task3_maker_q99_win30,2026-01-11,ethusdt,300,-0.5947457498038627,-0.6438016149941583,5.52048391613628,-0.0490558651902955,4446707518.174561,4411320272.81569,35387245.35887,2115774,16931
task3_maker_q99_win60,2026-01-11,ethusdt,30,-0.2249118452096558,-0.2931355754324566,4.750520481091785,-0.0682237302228007,4446707518.174561,4386558497.16683,60149021.00772999,2105350,27355
task3_maker_q99_win60,2026-01-11,ethusdt,120,-0.3691140804479061,-0.6500552206843284,20.119411339599075,-0.2809411402364222,4446707518.174561,4386558497.16683,60149021.00772999,2105350,27355
task3_maker_q99_win60,2026-01-11,ethusdt,300,-0.5947457498038627,-0.7295508489013088,9.236344482426595,-0.1348050990974461,4446707518.174561,4386558497.16683,60149021.00772999,2105350,27355
no_filter,2026-01-12,btcusdt,30,-0.1775611737819322,-0.1775611737819322,,0.0,13992793576.8332,13992793576.8332,0.0,3781259,0
no_filter,2026-01-12,btcusdt,120,-0.4243920266112664,-0.4243920266112664,,0.0,13992793576.8332,13992793576.8332,0.0,3781259,0
no_filter,2026-01-12,btcusdt,300,-0.5105844350710328,-0.5105844350710328,,0.0,13992793576.8332,13992793576.8332,0.0,3781259,0
task3_maker_q90_win30,2026-01-12,btcusdt,30,-0.1775611737819322,-0.1922681556253799,-0.0043058686604829,-0.0147069818434476,13992793576.8332,12897936920.2315,1094856656.6016998,3529858,251401
task3_maker_q90_win30,2026-01-12,btcusdt,120,-0.4243920266112664,-0.5469978633422204,1.0199635779994791,-0.1226058367309539,13992793576.8332,12897936920.2315,1094856656.6016998,3529858,251401
task3_maker_q90_win30,2026-01-12,btcusdt,300,-0.5105844350710328,-0.7635316501005298,2.469255166694807,-0.252947215029497,13992793576.8332,12897936920.2315,1094856656.6016998,3529858,251401
task3_maker_q90_win60,2026-01-12,btcusdt,30,-0.1775611737819322,-0.2391595671450149,0.3283015666019822,-0.0615983933630826,13992793576.8332,12473863818.062302,1518929758.7708998,3424501,356758
task3_maker_q90_win60,2026-01-12,btcusdt,120,-0.4243920266112664,-0.581252192216676,0.8637862666521962,-0.1568601656054095,13992793576.8332,12473863818.062302,1518929758.7708998,3424501,356758
task3_maker_q90_win60,2026-01-12,btcusdt,300,-0.5105844350710328,-0.853682688260595,2.3070316276788296,-0.3430982531895622,13992793576.8332,12473863818.062302,1518929758.7708998,3424501,356758
task3_maker_q95_win30,2026-01-12,btcusdt,30,-0.1775611737819322,-0.1538605571315083,-0.6085783794112649,0.0237006166504239,13992793576.8332,13263466903.9301,729326672.9031,3612417,168842
task3_maker_q95_win30,2026-01-12,btcusdt,120,-0.4243920266112664,-0.5249691670300382,1.404694475773581,-0.1005771404187717,13992793576.8332,13263466903.9301,729326672.9031,3612417,168842
task3_maker_q95_win30,2026-01-12,btcusdt,300,-0.5105844350710328,-0.8386007729023095,5.454690115297062,-0.3280163378312767,13992793576.8332,13263466903.9301,729326672.9031,3612417,168842
task3_maker_q95_win60,2026-01-12,btcusdt,30,-0.1775611737819322,-0.226446143214112,0.4091175355109737,-0.0488849694321797,13992793576.8332,12916524889.4116,1076268687.4216,3526608,254651
task3_maker_q95_win60,2026-01-12,btcusdt,120,-0.4243920266112664,-0.6283816552996521,2.023730033362068,-0.2039896286883856,13992793576.8332,12916524889.4116,1076268687.4216,3526608,254651
task3_maker_q95_win60,2026-01-12,btcusdt,300,-0.5105844350710328,-0.9841914766759916,5.173272404940088,-0.4736070416049589,13992793576.8332,12916524889.4116,1076268687.4216,3526608,254651
task3_maker_q99_win30,2026-01-12,btcusdt,30,-0.1775611737819322,-0.1126344795712031,-4.305537981494042,0.0649266942107291,13992793576.8332,13776116558.3184,216677018.5148,3726916,54343
task3_maker_q99_win30,2026-01-12,btcusdt,120,-0.4243920266112664,-0.3706189727023576,-3.8432311052709487,0.0537730539089088,13992793576.8332,13776116558.3184,216677018.5148,3726916,54343
task3_maker_q99_win30,2026-01-12,btcusdt,300,-0.5105844350710328,-0.5571992159221,2.4531385233972585,-0.0466147808510671,13992793576.8332,13776116558.3184,216677018.5148,3726916,54343
task3_maker_q99_win60,2026-01-12,btcusdt,30,-0.1775611737819322,-0.1000827850032124,-3.040970957031954,0.0774783887787198,13992793576.8332,13624150147.5598,368643429.27340007,3690684,90575
task3_maker_q99_win60,2026-01-12,btcusdt,120,-0.4243920266112664,-0.3673688351683396,-2.5318282655881688,0.0570231914429268,13992793576.8332,13624150147.5598,368643429.27340007,3690684,90575
task3_maker_q99_win60,2026-01-12,btcusdt,300,-0.5105844350710328,-0.5825197921023972,2.147968592838172,-0.0719353570313644,13992793576.8332,13624150147.5598,368643429.27340007,3690684,90575
no_filter,2026-01-12,ethusdt,30,0.1273581813950594,0.1273581813950594,,0.0,11561359608.38831,11561359608.38831,0.0,5697939,0
no_filter,2026-01-12,ethusdt,120,0.1236978053532981,0.1236978053532981,,0.0,11561359608.38831,11561359608.38831,0.0,5697939,0
no_filter,2026-01-12,ethusdt,300,0.0991893641129514,0.0991893641129514,,0.0,11561359608.38831,11561359608.38831,0.0,5697939,0
task3_maker_q90_win30,2026-01-12,ethusdt,30,0.1273581813950594,0.2332753250094106,-1.1107762206148746,0.1059171436143512,11561359608.38831,10650273876.59069,911085731.79762,5331997,365942
task3_maker_q90_win30,2026-01-12,ethusdt,120,0.1236978053532981,0.2888741466563391,-1.8071559128139951,0.1651763413030409,11561359608.38831,10650273876.59069,911085731.79762,5331997,365942
task3_maker_q90_win30,2026-01-12,ethusdt,300,0.0991893641129514,0.105117468252363,0.0298918979687783,0.0059281041394115,11561359608.38831,10650273876.59069,911085731.79762,5331997,365942
task3_maker_q90_win60,2026-01-12,ethusdt,30,0.1273581813950594,0.1918847244793457,-0.3915652595403696,0.0645265430842863,11561359608.38831,10282733180.56003,1278626427.82828,5163042,534897
task3_maker_q90_win60,2026-01-12,ethusdt,120,0.1236978053532981,0.2344407328198032,-0.7668985017372016,0.110742927466505,11561359608.38831,10282733180.56003,1278626427.82828,5163042,534897
task3_maker_q90_win60,2026-01-12,ethusdt,300,0.0991893641129514,0.011035501721237,0.8081240662912964,-0.0881538623917144,11561359608.38831,10282733180.56003,1278626427.82828,5163042,534897
task3_maker_q95_win30,2026-01-12,ethusdt,30,0.1273581813950594,0.2932983500859396,-2.4460393232689843,0.1659401686908801,11561359608.38831,10861010037.62427,700349570.76404,5428826,269113
task3_maker_q95_win30,2026-01-12,ethusdt,120,0.1236978053532981,0.2686111268492724,-2.123615686445107,0.1449133214959743,11561359608.38831,10861010037.62427,700349570.76404,5428826,269113
task3_maker_q95_win30,2026-01-12,ethusdt,300,0.0991893641129514,0.0220809076600572,1.294986084038058,-0.0771084564528941,11561359608.38831,10861010037.62427,700349570.76404,5428826,269113
task3_maker_q95_win60,2026-01-12,ethusdt,30,0.1273581813950594,0.2994924310924922,-1.680666557594953,0.1721342496974328,11561359608.38831,10556336288.01782,1005023320.37049,5299460,398479
task3_maker_q95_win60,2026-01-12,ethusdt,120,0.1236978053532981,0.2227444494003846,-0.9166458976915274,0.0990466440470864,11561359608.38831,10556336288.01782,1005023320.37049,5299460,398479
task3_maker_q95_win60,2026-01-12,ethusdt,300,0.0991893641129514,-0.0347867228165537,1.5064170368590928,-0.1339760869295052,11561359608.38831,10556336288.01782,1005023320.37049,5299460,398479
task3_maker_q99_win30,2026-01-12,ethusdt,30,0.1273581813950594,0.2433254914928742,-5.541592045697935,0.1159673100978148,11561359608.38831,11329594891.56412,231764716.82419,5614105,83834
task3_maker_q99_win30,2026-01-12,ethusdt,120,0.1236978053532981,0.2522516432234469,-6.160532705580896,0.1285538378701488,11561359608.38831,11329594891.56412,231764716.82419,5614105,83834
task3_maker_q99_win30,2026-01-12,ethusdt,300,0.0991893641129514,0.1538923049592495,-2.574911196395957,0.054702940846298,11561359608.38831,11329594891.56412,231764716.82419,5614105,83834
task3_maker_q99_win60,2026-01-12,ethusdt,30,0.1273581813950594,0.2838443296995073,-4.983105851484848,0.1564861483044479,11561359608.38831,11217860510.800018,343499097.58829,5568117,129822
task3_maker_q99_win60,2026-01-12,ethusdt,120,0.1236978053532981,0.221939685246662,-3.0846474645473307,0.0982418798933639,11561359608.38831,11217860510.800018,343499097.58829,5568117,129822
task3_maker_q99_win60,2026-01-12,ethusdt,300,0.0991893641129514,0.1146595388020186,-0.4060296101379466,0.0154701746890671,11561359608.38831,11217860510.800018,343499097.58829,5568117,129822
no_filter,2026-01-13,btcusdt,30,-0.8408175015140437,-0.8408175015140437,,0.0,16988625303.8118,16988625303.8118,0.0,4315548,0
no_filter,2026-01-13,btcusdt,120,-0.3333077605030597,-0.3333077605030597,,0.0,16988625303.8118,16988625303.8118,0.0,4315548,0
no_filter,2026-01-13,btcusdt,300,-0.5100784890416682,-0.5100784890416682,,0.0,16988625303.8118,16988625303.8118,0.0,4315548,0
task3_maker_q90_win30,2026-01-13,btcusdt,30,-0.8408175015140437,-1.5539875137367083,4.722459130449408,-0.7131700122226649,16988625303.8118,15058269036.5776,1930356267.2342,3897122,418426
task3_maker_q90_win30,2026-01-13,btcusdt,120,-0.3333077605030597,-1.096099663043042,5.617057921904082,-0.7627919025399823,16988625303.8118,15058269036.5776,1930356267.2342,3897122,418426
task3_maker_q90_win30,2026-01-13,btcusdt,300,-0.5100784890416682,-1.3954210504483695,6.396276936372328,-0.8853425614067013,16988625303.8118,15058269036.5776,1930356267.2342,3897122,418426
task3_maker_q90_win60,2026-01-13,btcusdt,30,-0.8408175015140437,-1.6948532290870189,3.8213210032448486,-0.8540357275729752,16988625303.8118,14358379709.543798,2630245594.268,3724256,591292
task3_maker_q90_win60,2026-01-13,btcusdt,120,-0.3333077605030597,-1.1467790806430436,4.107391664238053,-0.8134713201399839,16988625303.8118,14358379709.543798,2630245594.268,3724256,591292
task3_maker_q90_win60,2026-01-13,btcusdt,300,-0.5100784890416682,-1.3397815353378753,4.019229120425723,-0.8297030462962071,16988625303.8118,14358379709.543798,2630245594.268,3724256,591292
task3_maker_q95_win30,2026-01-13,btcusdt,30,-0.8408175015140437,-1.1075148361410945,2.167298895788992,-0.2666973346270508,16988625303.8118,15605089793.5848,1383535510.2269998,4007449,308099
task3_maker_q95_win30,2026-01-13,btcusdt,120,-0.3333077605030597,0.1011626039207513,-5.233759537395059,0.434470364423811,16988625303.8118,15605089793.5848,1383535510.2269998,4007449,308099
task3_maker_q95_win30,2026-01-13,btcusdt,300,-0.5100784890416682,-0.1451091334389692,-4.626618703576858,0.364969355602699,16988625303.8118,15605089793.5848,1383535510.2269998,4007449,308099
task3_maker_q95_win60,2026-01-13,btcusdt,30,-0.8408175015140437,-1.2434188320530437,2.2862859489548373,-0.402601330539,16988625303.8118,15050887284.4327,1937738019.3791,3870478,445070
task3_maker_q95_win60,2026-01-13,btcusdt,120,-0.3333077605030597,0.0400370775224564,-3.233168845515649,0.3733448380255161,16988625303.8118,15050887284.4327,1937738019.3791,3870478,445070
task3_maker_q95_win60,2026-01-13,btcusdt,300,-0.5100784890416682,-0.1522081169472679,-3.2897455952053303,0.3578703720944002,16988625303.8118,15050887284.4327,1937738019.3791,3870478,445070
task3_maker_q99_win30,2026-01-13,btcusdt,30,-0.8408175015140437,-0.9729593356239188,2.0213189761328425,-0.1321418341098751,16988625303.8118,16238892689.499798,749732614.312,4159811,155737
task3_maker_q99_win30,2026-01-13,btcusdt,120,-0.3333077605030597,0.3785768703607947,-15.752429067518175,0.7118846308638545,16988625303.8118,16238892689.499798,749732614.312,4159811,155737
task3_maker_q99_win30,2026-01-13,btcusdt,300,-0.5100784890416682,0.2211376728748412,-16.34791261752831,0.7312161619165094,16988625303.8118,16238892689.499798,749732614.312,4159811,155737
task3_maker_q99_win60,2026-01-13,btcusdt,30,-0.8408175015140437,-1.0436105252244356,2.2360965740937733,-0.2027930237103919,16988625303.8118,15938173361.0883,1050451942.7235,4089733,225815
task3_maker_q99_win60,2026-01-13,btcusdt,120,-0.3333077605030597,0.3471048291279518,-10.656991662204971,0.6804125896310116,16988625303.8118,15938173361.0883,1050451942.7235,4089733,225815
task3_maker_q99_win60,2026-01-13,btcusdt,300,-0.5100784890416682,0.2065034265298362,-11.382548074074,0.7165819155715044,16988625303.8118,15938173361.0883,1050451942.7235,4089733,225815
no_filter,2026-01-13,ethusdt,30,-0.7509770040012531,-0.7509770040012531,,0.0,13882426573.66765,13882426573.66765,0.0,6714779,0
no_filter,2026-01-13,ethusdt,120,-2.541449032847779,-2.541449032847779,,0.0,13882426573.66765,13882426573.66765,0.0,6714779,0
no_filter,2026-01-13,ethusdt,300,-3.54711532489498,-3.54711532489498,,0.0,13882426573.66765,13882426573.66765,0.0,6714779,0
task3_maker_q90_win30,2026-01-13,ethusdt,30,-0.7509770040012531,-2.16195629838358,10.706939939724958,-1.4109792943823265,13882426573.66765,12360321174.043491,1522105399.62416,6047553,667226
task3_maker_q90_win30,2026-01-13,ethusdt,120,-2.541449032847779,-5.391449274080379,20.60209827763063,-2.8500002412326007,13882426573.66765,12360321174.043491,1522105399.62416,6047553,667226
task3_maker_q90_win30,2026-01-13,ethusdt,300,-3.54711532489498,-6.494675870308518,20.38867455552076,-2.9475605454135376,13882426573.66765,12360321174.043491,1522105399.62416,6047553,667226
task3_maker_q90_win60,2026-01-13,ethusdt,30,-0.7509770040012531,-2.3675089224144763,8.58430074539513,-1.6165319184132232,13882426573.66765,11833323608.76468,2049102964.90297,5783109,931670
task3_maker_q90_win60,2026-01-13,ethusdt,120,-2.541449032847779,-5.8525270693299865,16.579629102638904,-3.311078036482208,13882426573.66765,11833323608.76468,2049102964.90297,5783109,931670
task3_maker_q90_win60,2026-01-13,ethusdt,300,-3.54711532489498,-6.790404143526924,15.182488216221962,-3.243288818631944,13882426573.66765,11833323608.76468,2049102964.90297,5783109,931670
task3_maker_q95_win30,2026-01-13,ethusdt,30,-0.7509770040012531,-1.8265962598729448,10.207977354761333,-1.0756192558716915,13882426573.66765,12641650970.05973,1240775603.6079202,6171747,543032
task3_maker_q95_win30,2026-01-13,ethusdt,120,-2.541449032847779,-4.326539950599426,15.645962346309917,-1.7850909177516474,13882426573.66765,12641650970.05973,1240775603.6079202,6171747,543032
task3_maker_q95_win30,2026-01-13,ethusdt,300,-3.54711532489498,-5.241713325220068,13.718308328164175,-1.6945980003250876,13882426573.66765,12641650970.05973,1240775603.6079202,6171747,543032
task3_maker_q95_win60,2026-01-13,ethusdt,30,-0.7509770040012531,-1.809010777907029,6.910266473397277,-1.058033773905776,13882426573.66765,12197874545.4006,1684552028.2670498,5954752,760027
task3_maker_q95_win60,2026-01-13,ethusdt,120,-2.541449032847779,-4.317877216561387,10.321702570812484,-1.776428183713608,13882426573.66765,12197874545.4006,1684552028.2670498,5954752,760027
task3_maker_q95_win60,2026-01-13,ethusdt,300,-3.54711532489498,-5.190272324301067,8.351016998017737,-1.643156999406087,13882426573.66765,12197874545.4006,1684552028.2670498,5954752,760027
task3_maker_q99_win30,2026-01-13,ethusdt,30,-0.7509770040012531,-1.872857187372207,22.76771026505271,-1.121880183370954,13882426573.66765,13250362425.78751,632064147.8801401,6444536,270243
task3_maker_q99_win30,2026-01-13,ethusdt,120,-2.541449032847779,-3.874260457893053,25.39912390790564,-1.332811425045274,13882426573.66765,13250362425.78751,632064147.8801401,6444536,270243
task3_maker_q99_win30,2026-01-13,ethusdt,300,-3.54711532489498,-4.274577829866419,11.703143488820732,-0.7274625049714389,13882426573.66765,13250362425.78751,632064147.8801401,6444536,270243
task3_maker_q99_win60,2026-01-13,ethusdt,30,-0.7509770040012531,-1.895120443040128,17.679646951634364,-1.1441434390388745,13882426573.66765,13070999956.84246,811426616.8251901,6358664,356115
task3_maker_q99_win60,2026-01-13,ethusdt,120,-2.541449032847779,-3.853354100329081,18.591590880882062,-1.3119050674813018,13882426573.66765,13070999956.84246,811426616.8251901,6358664,356115
task3_maker_q99_win60,2026-01-13,ethusdt,300,-3.54711532489498,-4.211250889208032,7.151222334323836,-0.6641355643130522,13882426573.66765,13070999956.84246,811426616.8251901,6358664,356115
no_filter,2026-01-14,btcusdt,30,0.0311647168828137,0.0311647168828137,,0.0,15733426017.5577,15733426017.5577,0.0,4348837,0
no_filter,2026-01-14,btcusdt,120,0.0585162659806371,0.0585162659806371,,0.0,15733426017.5577,15733426017.5577,0.0,4348837,0
no_filter,2026-01-14,btcusdt,300,0.1808939863780576,0.1808939863780576,,0.0,15733426017.5577,15733426017.5577,0.0,4348837,0
task3_maker_q90_win30,2026-01-14,btcusdt,30,0.0311647168828137,0.032385119735112,0.0180470736310452,0.0012204028522982,15733426017.5577,14394253451.8616,1339172565.6961,4018335,330502
task3_maker_q90_win30,2026-01-14,btcusdt,120,0.0585162659806371,0.1127953760202774,-0.5249091170251338,0.0542791100396402,15733426017.5577,14394253451.8616,1339172565.6961,4018335,330502
task3_maker_q90_win30,2026-01-14,btcusdt,300,0.1808939863780576,0.3104996972557886,-1.212188204051248,0.1296057108777309,15733426017.5577,14394253451.8616,1339172565.6961,4018335,330502
task3_maker_q90_win60,2026-01-14,btcusdt,30,0.0311647168828137,0.0690655744174264,-0.2296094645809806,0.0379008575346127,15733426017.5577,13736907192.2065,1996518825.3512,3841360,507477
task3_maker_q90_win60,2026-01-14,btcusdt,120,0.0585162659806371,0.2080723211221924,-0.97049364037508,0.1495560551415552,15733426017.5577,13736907192.2065,1996518825.3512,3841360,507477
task3_maker_q90_win60,2026-01-14,btcusdt,300,0.1808939863780576,0.413109522116702,-1.4168486557275812,0.2322155357386444,15733426017.5577,13736907192.2065,1996518825.3512,3841360,507477
task3_maker_q95_win30,2026-01-14,btcusdt,30,0.0311647168828137,0.0081077947900139,0.3694803802727237,-0.0230569220927997,15733426017.5577,14729574611.7985,1003851405.7592,4104296,244541
task3_maker_q95_win30,2026-01-14,btcusdt,120,0.0585162659806371,0.0665702094380769,-0.0596597513013689,0.0080539434574398,15733426017.5577,14729574611.7985,1003851405.7592,4104296,244541
task3_maker_q95_win30,2026-01-14,btcusdt,300,0.1808939863780576,0.2698469256715419,-1.124318068658357,0.0889529392934843,15733426017.5577,14729574611.7985,1003851405.7592,4104296,244541
task3_maker_q95_win60,2026-01-14,btcusdt,30,0.0311647168828137,0.0376902622655156,-0.0306634342146017,0.0065255453827019,15733426017.5577,14231397732.477,1502028285.0807,3974079,374758
task3_maker_q95_win60,2026-01-14,btcusdt,120,0.0585162659806371,0.1378810340593229,-0.6934479890819032,0.0793647680786857,15733426017.5577,14231397732.477,1502028285.0807,3974079,374758
task3_maker_q95_win60,2026-01-14,btcusdt,300,0.1808939863780576,0.3437774661827324,-1.3623922540842344,0.1628834798046748,15733426017.5577,14231397732.477,1502028285.0807,3974079,374758
task3_maker_q99_win30,2026-01-14,btcusdt,30,0.0311647168828137,0.0148013238406351,0.8355937299834205,-0.0163633930421785,15733426017.5577,15419762986.6883,313663030.8694,4269921,78916
task3_maker_q99_win30,2026-01-14,btcusdt,120,0.0585162659806371,0.0229777256140009,1.8056009250412544,-0.0355385403666362,15733426017.5577,15419762986.6883,313663030.8694,4269921,78916
task3_maker_q99_win30,2026-01-14,btcusdt,300,0.1808939863780576,0.0984193332226505,4.235371176567602,-0.082474653155407,15733426017.5577,15419762986.6883,313663030.8694,4269921,78916
task3_maker_q99_win60,2026-01-14,btcusdt,30,0.0311647168828137,0.0278650628028618,0.1238256664279805,-0.0032996540799519,15733426017.5577,15192424175.2468,541001842.3109,4218072,130765
task3_maker_q99_win60,2026-01-14,btcusdt,120,0.0585162659806371,0.047446936075614,0.369365401973435,-0.0110693299050231,15733426017.5577,15192424175.2468,541001842.3109,4218072,130765
task3_maker_q99_win60,2026-01-14,btcusdt,300,0.1808939863780576,0.1564507548858134,0.8673092848134303,-0.0244432314922441,15733426017.5577,15192424175.2468,541001842.3109,4218072,130765
no_filter,2026-01-14,ethusdt,30,0.0577406398991709,0.0577406398991709,,0.0,15061498577.86014,15061498577.86014,0.0,7698663,0
no_filter,2026-01-14,ethusdt,120,-0.0079804944348061,-0.0079804944348061,,0.0,15061498577.86014,15061498577.86014,0.0,7698663,0
no_filter,2026-01-14,ethusdt,300,0.552464120718391,0.552464120718391,,0.0,15061498577.86014,15061498577.86014,0.0,7698663,0
task3_maker_q90_win30,2026-01-14,ethusdt,30,0.0577406398991709,0.2573960103998156,-2.360645464615825,0.1996553705006446,15061498577.86014,13912888402.064651,1148610175.79549,7171911,526752
task3_maker_q90_win30,2026-01-14,ethusdt,120,-0.0079804944348061,0.506771125756564,-6.243065292934484,0.5147516201913702,15061498577.86014,13912888402.064651,1148610175.79549,7171911,526752
task3_maker_q90_win30,2026-01-14,ethusdt,300,0.552464120718391,1.524197300322135,-11.217948129936705,0.971733179603744,15061498577.86014,13912888402.064651,1148610175.79549,7171911,526752
task3_maker_q90_win60,2026-01-14,ethusdt,30,0.0577406398991709,0.2876079859393617,-1.8307399828526991,0.2298673460401907,15061498577.86014,13427136916.562807,1634361661.29733,6931807,766856
task3_maker_q90_win60,2026-01-14,ethusdt,120,-0.0079804944348061,0.6408064473541464,-5.338104972613889,0.6487869417889526,15061498577.86014,13427136916.562807,1634361661.29733,6931807,766856
task3_maker_q90_win60,2026-01-14,ethusdt,300,0.552464120718391,1.7673451603484194,-9.428419818702984,1.2148810396300282,15061498577.86014,13427136916.562807,1634361661.29733,6931807,766856
task3_maker_q95_win30,2026-01-14,ethusdt,30,0.0577406398991709,0.1906969679289389,-2.444890017357113,0.1329563280297679,15061498577.86014,14301697608.77146,759800969.08868,7354726,343937
task3_maker_q95_win30,2026-01-14,ethusdt,120,-0.0079804944348061,0.3741595000562849,-7.20098348834294,0.3821399944910911,15061498577.86014,14301697608.77146,759800969.08868,7354726,343937
task3_maker_q95_win30,2026-01-14,ethusdt,300,0.552464120718391,1.2778618739503218,-13.101663387500729,0.7253977532319308,15061498577.86014,14301697608.77146,759800969.08868,7354726,343937
task3_maker_q95_win60,2026-01-14,ethusdt,30,0.0577406398991709,0.2400411502186444,-2.114267656988788,0.1823005103194734,15061498577.86014,13895245931.429798,1166252646.43034,7161122,537541
task3_maker_q95_win60,2026-01-14,ethusdt,120,-0.0079804944348061,0.5317461014609922,-6.438520059477069,0.5397265958957984,15061498577.86014,13895245931.429798,1166252646.43034,7161122,537541
task3_maker_q95_win60,2026-01-14,ethusdt,300,0.552464120718391,1.44745758101136,-10.1108808036054,0.8949934602929691,15061498577.86014,13895245931.429798,1166252646.43034,7161122,537541
task3_maker_q99_win30,2026-01-14,ethusdt,30,0.0577406398991709,0.0678978906811445,-0.6401427691989354,0.0101572507819735,15061498577.86014,14845432712.047329,216065865.81281,7604899,93764
task3_maker_q99_win30,2026-01-14,ethusdt,120,-0.0079804944348061,0.0198354863215434,-1.919158222969416,0.0278159807563495,15061498577.86014,14845432712.047329,216065865.81281,7604899,93764
task3_maker_q99_win30,2026-01-14,ethusdt,300,0.552464120718391,0.8128016277477098,-17.334780254912015,0.2603375070293188,15061498577.86014,14845432712.047329,216065865.81281,7604899,93764
task3_maker_q99_win60,2026-01-14,ethusdt,30,0.0577406398991709,0.1469109544361083,-3.538088349018051,0.0891703145369373,15061498577.86014,14697037568.51164,364461009.3485,7535600,163063
task3_maker_q99_win60,2026-01-14,ethusdt,120,-0.0079804944348061,0.1079539920863948,-4.683085540469849,0.1159344865212009,15061498577.86014,14697037568.51164,364461009.3485,7535600,163063
task3_maker_q99_win60,2026-01-14,ethusdt,300,0.552464120718391,0.98666756410234,-16.956965299999084,0.4342034433839489,15061498577.86014,14697037568.51164,364461009.3485,7535600,163063
no_filter,2026-01-15,btcusdt,30,-0.1279513781246305,-0.1279513781246305,,0.0,12994148917.7207,12994148917.7207,0.0,3798583,0
no_filter,2026-01-15,btcusdt,120,-0.5320675046926714,-0.5320675046926714,,0.0,12994148917.7207,12994148917.7207,0.0,3798583,0
no_filter,2026-01-15,btcusdt,300,-0.0575942669345785,-0.0575942669345785,,0.0,12994148917.7207,12994148917.7207,0.0,3798583,0
task3_maker_q90_win30,2026-01-15,btcusdt,30,-0.1279513781246305,-0.1912338621452543,0.6034217638094865,-0.0632824840206237,12994148917.7207,11959358507.397602,1034790410.3231,3524393,274190
task3_maker_q90_win30,2026-01-15,btcusdt,120,-0.5320675046926714,-0.73088812139278,1.765757262581756,-0.1988206167001086,12994148917.7207,11959358507.397602,1034790410.3231,3524393,274190
task3_maker_q90_win30,2026-01-15,btcusdt,300,-0.0575942669345785,0.3316732293693009,-4.556466209632211,0.3892674963038794,12994148917.7207,11959358507.397602,1034790410.3231,3524393,274190
task3_maker_q90_win60,2026-01-15,btcusdt,30,-0.1279513781246305,-0.2216965630725146,0.6170698908567968,-0.093745184947884,12994148917.7207,11541850858.081402,1452298059.6393,3402603,395980
task3_maker_q90_win60,2026-01-15,btcusdt,120,-0.5320675046926714,-0.6657431175014539,0.5302929220538874,-0.1336756128087824,12994148917.7207,11541850858.081402,1452298059.6393,3402603,395980
task3_maker_q90_win60,2026-01-15,btcusdt,300,-0.0575942669345785,0.4864992535547091,-4.381669634697245,0.5440935204892876,12994148917.7207,11541850858.081402,1452298059.6393,3402603,395980
task3_maker_q95_win30,2026-01-15,btcusdt,30,-0.1279513781246305,-0.1610359694608795,0.4024274095132501,-0.033084591336249,12994148917.7207,12231178114.7417,762970802.9790001,3600948,197635
task3_maker_q95_win30,2026-01-15,btcusdt,120,-0.5320675046926714,-0.7711461502457895,3.300600122658037,-0.239078645553118,12994148917.7207,12231178114.7417,762970802.9790001,3600948,197635
task3_maker_q95_win30,2026-01-15,btcusdt,300,-0.0575942669345785,0.1863511375500746,-3.968280863164167,0.2439454044846531,12994148917.7207,12231178114.7417,762970802.9790001,3600948,197635
task3_maker_q95_win60,2026-01-15,btcusdt,30,-0.1279513781246305,-0.2037813091846162,0.6807100961458953,-0.0758299310599856,12994148917.7207,11880124054.7592,1114024862.9615002,3500911,297672
task3_maker_q95_win60,2026-01-15,btcusdt,120,-0.5320675046926714,-0.7598018296842068,1.8965246411181649,-0.2277343249915354,12994148917.7207,11880124054.7592,1114024862.9615002,3500911,297672
task3_maker_q95_win60,2026-01-15,btcusdt,300,-0.0575942669345785,0.3157044605492815,-4.038506488410976,0.37329872748386,12994148917.7207,11880124054.7592,1114024862.9615002,3500911,297672
task3_maker_q99_win30,2026-01-15,btcusdt,30,-0.1279513781246305,-0.1368759398943464,0.3648579252436024,-0.0089245617697158,12994148917.7207,12763016254.1338,231132663.5869,3741916,56667
task3_maker_q99_win30,2026-01-15,btcusdt,120,-0.5320675046926714,-0.6256429537107978,4.635116389924591,-0.0935754490181264,12994148917.7207,12763016254.1338,231132663.5869,3741916,56667
task3_maker_q99_win30,2026-01-15,btcusdt,300,-0.0575942669345785,0.0140496272935031,-4.013729987226913,0.0716438942280816,12994148917.7207,12763016254.1338,231132663.5869,3741916,56667
task3_maker_q99_win60,2026-01-15,btcusdt,30,-0.1279513781246305,-0.1619674598289694,1.0372288690218032,-0.0340160817043389,12994148917.7207,12625560371.6841,368588546.0366,3705722,92861
task3_maker_q99_win60,2026-01-15,btcusdt,120,-0.5320675046926714,-0.662524917815132,3.936595352638243,-0.1304574131224606,12994148917.7207,12625560371.6841,368588546.0366,3705722,92861
task3_maker_q99_win60,2026-01-15,btcusdt,300,-0.0575942669345785,0.0667020225286525,-4.315215192676845,0.124296289463231,12994148917.7207,12625560371.6841,368588546.0366,3705722,92861
no_filter,2026-01-15,ethusdt,30,-0.1311189672923929,-0.1311189672923929,,0.0,13010362217.70432,13010362217.70432,0.0,6747184,0
no_filter,2026-01-15,ethusdt,120,-0.1104308388573404,-0.1104308388573404,,0.0,13010362217.70432,13010362217.70432,0.0,6747184,0
no_filter,2026-01-15,ethusdt,300,0.202644463327975,0.202644463327975,,0.0,13010362217.70432,13010362217.70432,0.0,6747184,0
task3_maker_q90_win30,2026-01-15,ethusdt,30,-0.1311189672923929,-0.1985823462098933,0.6491086669908134,-0.0674633789175004,13010362217.70432,11974934234.537651,1035427983.16667,6283089,464095
task3_maker_q90_win30,2026-01-15,ethusdt,120,-0.1104308388573404,-0.2445279907177542,1.440429868669801,-0.1340971518604137,13010362217.70432,11974934234.537651,1035427983.16667,6283089,464095
task3_maker_q90_win30,2026-01-15,ethusdt,300,0.202644463327975,0.1215309532544025,1.1407386277264504,-0.0811135100735725,13010362217.70432,11974934234.537651,1035427983.16667,6283089,464095
task3_maker_q90_win60,2026-01-15,ethusdt,30,-0.1311189672923929,-0.1847007420296262,0.2759967505715623,-0.0535817747372332,13010362217.70432,11497182074.997711,1513180142.70661,6047692,699492
task3_maker_q90_win60,2026-01-15,ethusdt,120,-0.1104308388573404,-0.2407530423169216,0.8797606520973582,-0.1303222034595812,13010362217.70432,11497182074.997711,1513180142.70661,6047692,699492
task3_maker_q90_win60,2026-01-15,ethusdt,300,0.202644463327975,0.1498848832955939,0.6035131244430374,-0.0527595800323811,13010362217.70432,11497182074.997711,1513180142.70661,6047692,699492
task3_maker_q95_win30,2026-01-15,ethusdt,30,-0.1311189672923929,-0.2144237107613536,1.3170159641240378,-0.0833047434689606,13010362217.70432,12302645874.21516,707716343.48916,6437814,309370
task3_maker_q95_win30,2026-01-15,ethusdt,120,-0.1104308388573404,-0.1482523610758772,0.547042735914706,-0.0378215222185367,13010362217.70432,12302645874.21516,707716343.48916,6437814,309370
task3_maker_q95_win30,2026-01-15,ethusdt,300,0.202644463327975,0.3011404196958381,-1.5095681800338925,0.098495956367863,13010362217.70432,12302645874.21516,707716343.48916,6437814,309370
task3_maker_q95_win60,2026-01-15,ethusdt,30,-0.1311189672923929,-0.2136329136375006,0.7503869556496071,-0.0825139463451077,13010362217.70432,11896758272.22138,1113603945.48294,6245820,501364
task3_maker_q95_win60,2026-01-15,ethusdt,120,-0.1104308388573404,-0.0904632247784061,-0.3237471430367998,0.0199676140789342,13010362217.70432,11896758272.22138,1113603945.48294,6245820,501364
task3_maker_q95_win60,2026-01-15,ethusdt,300,0.202644463327975,0.2881766605999935,-0.7111057793544628,0.0855321972720184,13010362217.70432,11896758272.22138,1113603945.48294,6245820,501364
task3_maker_q99_win30,2026-01-15,ethusdt,30,-0.1311189672923929,-0.201810924176271,3.863535970446332,-0.070691956883878,13010362217.70432,12784126182.06511,226236035.63921,6656151,91033
task3_maker_q99_win30,2026-01-15,ethusdt,120,-0.1104308388573404,-0.2295940492766851,6.623233468672847,-0.1191632104193446,13010362217.70432,12784126182.06511,226236035.63921,6656151,91033
task3_maker_q99_win30,2026-01-15,ethusdt,300,0.202644463327975,0.1812782152092509,1.4100065496345249,-0.0213662481187241,13010362217.70432,12784126182.06511,226236035.63921,6656151,91033
task3_maker_q99_win60,2026-01-15,ethusdt,30,-0.1311189672923929,-0.2431139746207682,3.590361747307953,-0.1119950073283752,13010362217.70432,12630264437.61886,380097780.08546,6590452,156732
task3_maker_q99_win60,2026-01-15,ethusdt,120,-0.1104308388573404,-0.1856326990558237,2.388450844414092,-0.0752018601984833,13010362217.70432,12630264437.61886,380097780.08546,6590452,156732
task3_maker_q99_win60,2026-01-15,ethusdt,300,0.202644463327975,0.2051296186456603,0.1200652679854903,0.0024851553176852,13010362217.70432,12630264437.61886,380097780.08546,6590452,156732
no_filter,2026-01-16,btcusdt,30,0.0558584750786153,0.0558584750786153,,0.0,8690245815.4679,8690245815.4679,0.0,2400862,0
no_filter,2026-01-16,btcusdt,120,0.090791530043172,0.090791530043172,,0.0,8690245815.4679,8690245815.4679,0.0,2400862,0
no_filter,2026-01-16,btcusdt,300,0.2234714575047966,0.2234714575047966,,0.0,8690245815.4679,8690245815.4679,0.0,2400862,0
task3_maker_q90_win30,2026-01-16,btcusdt,30,0.0558584750786153,0.1459685101191767,-1.4301118395065076,0.0901100350405614,8690245815.4679,8193394017.8239,496851797.64400005,2286037,114825
task3_maker_q90_win30,2026-01-16,btcusdt,120,0.090791530043172,0.1297435338711783,-0.5515511497257234,0.0389520038280062,8690245815.4679,8193394017.8239,496851797.64400005,2286037,114825
task3_maker_q90_win30,2026-01-16,btcusdt,300,0.2234714575047966,0.4498638586435715,-3.509879521533624,0.2263924011387748,8690245815.4679,8193394017.8239,496851797.64400005,2286037,114825
task3_maker_q90_win60,2026-01-16,btcusdt,30,0.0558584750786153,0.1731301223503832,-1.3210945342895768,0.1172716472717678,8690245815.4679,8008206848.0022,682038967.4656999,2237333,163529
task3_maker_q90_win60,2026-01-16,btcusdt,120,0.090791530043172,0.1573682805636665,-0.6909239068578296,0.0665767505204944,8690245815.4679,8008206848.0022,682038967.4656999,2237333,163529
task3_maker_q90_win60,2026-01-16,btcusdt,300,0.2234714575047966,0.54667447993629,-3.57143877636107,0.3232030224314934,8690245815.4679,8008206848.0022,682038967.4656999,2237333,163529
task3_maker_q95_win30,2026-01-16,btcusdt,30,0.0558584750786153,0.1607777111114632,-2.461054933611192,0.1049192360328478,8690245815.4679,8342483743.875799,347762071.5921,2321910,78952
task3_maker_q95_win30,2026-01-16,btcusdt,120,0.090791530043172,0.1586918128419888,-1.5380721435034677,0.0679002827988167,8690245815.4679,8342483743.875799,347762071.5921,2321910,78952
task3_maker_q95_win30,2026-01-16,btcusdt,300,0.2234714575047966,0.4695285821989057,-5.679206639125384,0.2460571246941091,8690245815.4679,8342483743.875799,347762071.5921,2321910,78952
task3_maker_q95_win60,2026-01-16,btcusdt,30,0.0558584750786153,0.1597967181288027,-1.6705379895655614,0.1039382430501873,8690245815.4679,8196757450.7787,493488364.6892,2283518,117344
task3_maker_q95_win60,2026-01-16,btcusdt,120,0.090791530043172,0.1248932200651802,-0.4756317167300011,0.0341016900220081,8690245815.4679,8196757450.7787,493488364.6892,2283518,117344
task3_maker_q95_win60,2026-01-16,btcusdt,300,0.2234714575047966,0.513096911664574,-4.587157868709334,0.2896254541597775,8690245815.4679,8196757450.7787,493488364.6892,2283518,117344
task3_maker_q99_win30,2026-01-16,btcusdt,30,0.0558584750786153,0.0669179976070527,-1.0877403666820444,0.0110595225284374,8690245815.4679,8607009100.3093,83236715.1586,2381020,19842
task3_maker_q99_win30,2026-01-16,btcusdt,120,0.090791530043172,0.063161706229175,2.94782576732523,-0.027629823813997,8690245815.4679,8607009100.3093,83236715.1586,2381020,19842
task3_maker_q99_win30,2026-01-16,btcusdt,300,0.2234714575047966,0.3346494226745174,-11.2727745938483,0.1111779651697208,8690245815.4679,8607009100.3093,83236715.1586,2381020,19842
task3_maker_q99_win60,2026-01-16,btcusdt,30,0.0558584750786153,0.0695839051939065,-0.9614936171368366,0.0137254301152912,8690245815.4679,8574563571.3673,115682244.1006,2372032,28830
task3_maker_q99_win60,2026-01-16,btcusdt,120,0.090791530043172,0.0478062736516863,3.2769314292639287,-0.0429852563914857,8690245815.4679,8574563571.3673,115682244.1006,2372032,28830
task3_maker_q99_win60,2026-01-16,btcusdt,300,0.2234714575047966,0.3244520481606125,-7.26138069750299,0.1009805906558159,8690245815.4679,8574563571.3673,115682244.1006,2372032,28830
no_filter,2026-01-16,ethusdt,30,0.0019899432750521,0.0019899432750521,,0.0,7840453207.00027,7840453207.00027,0.0,4174819,0
no_filter,2026-01-16,ethusdt,120,0.2099131134885727,0.2099131134885727,,0.0,7840453207.00027,7840453207.00027,0.0,4174819,0
no_filter,2026-01-16,ethusdt,300,0.6292290847055473,0.6292290847055473,,0.0,7840453207.00027,7840453207.00027,0.0,4174819,0
task3_maker_q90_win30,2026-01-16,ethusdt,30,0.0019899432750521,0.1567240577634873,-2.647311327464834,0.1547341144884351,7840453207.00027,7407796190.414721,432657016.58555007,3984228,190591
task3_maker_q90_win30,2026-01-16,ethusdt,120,0.2099131134885727,0.433861179701738,-3.624444283132084,0.2239480662131653,7840453207.00027,7407796190.414721,432657016.58555007,3984228,190591
task3_maker_q90_win30,2026-01-16,ethusdt,300,0.6292290847055473,1.058679043222399,-6.723657023050099,0.4294499585168516,7840453207.00027,7407796190.414721,432657016.58555007,3984228,190591
task3_maker_q90_win60,2026-01-16,ethusdt,30,0.0019899432750521,0.1719237091996681,-1.9829907664953836,0.1699337659246159,7840453207.00027,7222165216.897301,618287990.10297,3889601,285218
task3_maker_q90_win60,2026-01-16,ethusdt,120,0.2099131134885727,0.4824782324371753,-2.9738950033118816,0.2725651189486026,7840453207.00027,7222165216.897301,618287990.10297,3889601,285218
task3_maker_q90_win60,2026-01-16,ethusdt,300,0.6292290847055473,1.104958925811159,-4.927727489043895,0.4757298411056117,7840453207.00027,7222165216.897301,618287990.10297,3889601,285218
task3_maker_q95_win30,2026-01-16,ethusdt,30,0.0019899432750521,0.0579233255784967,-1.8944254770041065,0.0559333823034446,7840453207.00027,7615829888.626369,224623318.3739,4080282,94537
task3_maker_q95_win30,2026-01-16,ethusdt,120,0.2099131134885727,0.2378431444706151,-0.7370516374694295,0.0279300309820424,7840453207.00027,7615829888.626369,224623318.3739,4080282,94537
task3_maker_q95_win30,2026-01-16,ethusdt,300,0.6292290847055473,0.8280684106129176,-6.112397262203708,0.1988393259073703,7840453207.00027,7615829888.626369,224623318.3739,4080282,94537
task3_maker_q95_win60,2026-01-16,ethusdt,30,0.0019899432750521,0.0631798090841018,-1.2757604917347058,0.0611898658090497,7840453207.00027,7482142773.49917,358310433.50109994,4016803,158016
task3_maker_q95_win60,2026-01-16,ethusdt,120,0.2099131134885727,0.2883787114553223,-1.4285845463720763,0.0784655979667496,7840453207.00027,7482142773.49917,358310433.50109994,4016803,158016
task3_maker_q95_win60,2026-01-16,ethusdt,300,0.6292290847055473,0.8449305804495889,-3.8749919390712817,0.2157014957440416,7840453207.00027,7482142773.49917,358310433.50109994,4016803,158016
task3_maker_q99_win30,2026-01-16,ethusdt,30,0.0019899432750521,0.0059230202098676,-0.3458943101956337,0.0039330769348154,7840453207.00027,7752802306.93969,87650900.06058,4141543,33276
task3_maker_q99_win30,2026-01-16,ethusdt,120,0.2099131134885727,0.2081232471965286,0.3682284246660066,-0.0017898662920441,7840453207.00027,7752802306.93969,87650900.06058,4141543,33276
task3_maker_q99_win30,2026-01-16,ethusdt,300,0.6292290847055473,0.6378909538138404,-0.1369211631386963,0.0086618691082931,7840453207.00027,7752802306.93969,87650900.06058,4141543,33276
task3_maker_q99_win60,2026-01-16,ethusdt,30,0.0019899432750521,0.0052120367870911,-0.1667920966057351,0.0032220935120389,7840453207.00027,7693580728.34869,146872478.65158,4116779,58040
task3_maker_q99_win60,2026-01-16,ethusdt,120,0.2099131134885727,0.2329621104358503,-0.9974561659665284,0.0230489969472775,7840453207.00027,7693580728.34869,146872478.65158,4116779,58040
task3_maker_q99_win60,2026-01-16,ethusdt,300,0.6292290847055473,0.6150474260700672,1.3721030157214529,-0.01418165863548,7840453207.00027,7693580728.34869,146872478.65158,4116779,58040
no_filter,2026-01-17,btcusdt,30,-0.1302003007138434,-0.1302003007138434,,0.0,3179483118.2510004,3179483118.2510004,0.0,818622,0
no_filter,2026-01-17,btcusdt,120,-0.0585330818240863,-0.0585330818240863,,0.0,3179483118.2510004,3179483118.2510004,0.0,818622,0
no_filter,2026-01-17,btcusdt,300,0.377588962487512,0.377588962487512,,0.0,3179483118.2510004,3179483118.2510004,0.0,818622,0
task3_maker_q90_win30,2026-01-17,btcusdt,30,-0.1302003007138434,-0.1154395752768728,-1.2064262232363092,0.0147607254369706,3179483118.2510004,3136465655.6379,43017462.6131,810487,8135
task3_maker_q90_win30,2026-01-17,btcusdt,120,-0.0585330818240863,-0.0036999001533535,-4.056499969048942,0.0548331816707327,3179483118.2510004,3136465655.6379,43017462.6131,810487,8135
task3_maker_q90_win30,2026-01-17,btcusdt,300,0.377588962487512,0.4724093462772924,-6.53590288815651,0.0948203837897803,3179483118.2510004,3136465655.6379,43017462.6131,810487,8135
task3_maker_q90_win60,2026-01-17,btcusdt,30,-0.1302003007138434,-0.0657905324247086,-2.132927060366455,0.0644097682891348,3179483118.2510004,3080413817.236,99069301.015,800134,18488
task3_maker_q90_win60,2026-01-17,btcusdt,120,-0.0585330818240863,0.0807555780550318,-4.389508551318481,0.1392886598791181,3179483118.2510004,3080413817.236,99069301.015,800134,18488
task3_maker_q90_win60,2026-01-17,btcusdt,300,0.377588962487512,0.5827579616328766,-6.001838502536903,0.2051689991453645,3179483118.2510004,3080413817.236,99069301.015,800134,18488
task3_maker_q95_win30,2026-01-17,btcusdt,30,-0.1302003007138434,-0.1293492680099111,-0.3090288344603854,0.0008510327039323,3179483118.2510004,3164423842.6267,15059275.6243,814888,3734
task3_maker_q95_win30,2026-01-17,btcusdt,120,-0.0585330818240863,-0.0525577471637138,-1.314137397641573,0.0059753346603724,3179483118.2510004,3164423842.6267,15059275.6243,814888,3734
task3_maker_q95_win30,2026-01-17,btcusdt,300,0.377588962487512,0.4006465056078516,-4.467520525027262,0.0230575431203395,3179483118.2510004,3164423842.6267,15059275.6243,814888,3734
task3_maker_q95_win60,2026-01-17,btcusdt,30,-0.1302003007138434,-0.1100430205889026,-1.7718065386640969,0.0201572801249408,3179483118.2510004,3140915818.4096003,38567299.8414,809322,9300
task3_maker_q95_win60,2026-01-17,btcusdt,120,-0.0585330818240863,-0.0211941488724332,-3.099410862551951,0.037338932951653,3179483118.2510004,3140915818.4096003,38567299.8414,809322,9300
task3_maker_q95_win60,2026-01-17,btcusdt,300,0.377588962487512,0.4589281259918765,-6.246661798070514,0.0813391635043644,3179483118.2510004,3140915818.4096003,38567299.8414,809322,9300
task3_maker_q99_win30,2026-01-17,btcusdt,30,-0.1302003007138434,-0.1277327268080815,-1.633683001909222,0.0024675739057619,3179483118.2510004,3174273378.1247,5209740.126300001,817429,1193
task3_maker_q99_win30,2026-01-17,btcusdt,120,-0.0585330818240863,-0.0528641554680742,-3.512586754021112,0.005668926356012,3179483118.2510004,3174273378.1247,5209740.126300001,817429,1193
task3_maker_q99_win30,2026-01-17,btcusdt,300,0.377588962487512,0.3905736753635854,-7.533943552740929,0.0129847128760733,3179483118.2510004,3174273378.1247,5209740.126300001,817429,1193
task3_maker_q99_win60,2026-01-17,btcusdt,30,-0.1302003007138434,-0.1275228333934684,-1.130344402317676,0.002677467320375,3179483118.2510004,3170994108.4325,8489009.818500001,816101,2521
task3_maker_q99_win60,2026-01-17,btcusdt,120,-0.0585330818240863,-0.0502127743021542,-3.1665099479711656,0.0083203075219321,3179483118.2510004,3170994108.4325,8489009.818500001,816101,2521
task3_maker_q99_win60,2026-01-17,btcusdt,300,0.377588962487512,0.3958942302768253,-6.460180995875927,0.0183052677893132,3179483118.2510004,3170994108.4325,8489009.818500001,816101,2521
no_filter,2026-01-17,ethusdt,30,0.1408301458272181,0.1408301458272181,,0.0,3504692636.68885,3504692636.68885,0.0,1576756,0
no_filter,2026-01-17,ethusdt,120,0.3064469069388927,0.3064469069388927,,0.0,3504692636.68885,3504692636.68885,0.0,1576756,0
no_filter,2026-01-17,ethusdt,300,0.5366641374975132,0.5366641374975132,,0.0,3504692636.68885,3504692636.68885,0.0,1576756,0
task3_maker_q90_win30,2026-01-17,ethusdt,30,0.1408301458272181,0.1765385890016781,-1.9039194914653987,0.03570844317446,3504692636.68885,3444539000.79677,60153635.89208,1553596,23160
task3_maker_q90_win30,2026-01-17,ethusdt,120,0.3064469069388927,0.3778345091844438,-3.781375490851421,0.071387602245551,3504692636.68885,3444539000.79677,60153635.89208,1553596,23160
task3_maker_q90_win30,2026-01-17,ethusdt,300,0.5366641374975132,0.6184834600066599,-4.148503154919321,0.0818193225091467,3504692636.68885,3444539000.79677,60153635.89208,1553596,23160
task3_maker_q90_win60,2026-01-17,ethusdt,30,0.1408301458272181,0.1811531613784042,-1.364039156287664,0.0403230155511861,3504692636.68885,3413234910.63389,91457726.05495998,1539947,36809
task3_maker_q90_win60,2026-01-17,ethusdt,120,0.3064469069388927,0.4030620633854033,-3.2992651428163677,0.0966151564465105,3504692636.68885,3413234910.63389,91457726.05495998,1539947,36809
task3_maker_q90_win60,2026-01-17,ethusdt,300,0.5366641374975132,0.6214731600407593,-2.628438790027605,0.084809022543246,3504692636.68885,3413234910.63389,91457726.05495998,1539947,36809
task3_maker_q95_win30,2026-01-17,ethusdt,30,0.1408301458272181,0.1643752275852474,-1.5635182540327714,0.0235450817580293,3504692636.68885,3456936061.67687,47756575.01198,1559271,17485
task3_maker_q95_win30,2026-01-17,ethusdt,120,0.3064469069388927,0.3515579289324507,-2.9589865683366816,0.0451110219935579,3504692636.68885,3456936061.67687,47756575.01198,1559271,17485
task3_maker_q95_win30,2026-01-17,ethusdt,300,0.5366641374975132,0.5950375588619199,-3.688789327443285,0.0583734213644067,3504692636.68885,3456936061.67687,47756575.01198,1559271,17485
task3_maker_q95_win60,2026-01-17,ethusdt,30,0.1408301458272181,0.1675904657594394,-1.126931501603719,0.0267603199322213,3504692636.68885,3432243733.8610897,72448902.82776001,1549341,27415
task3_maker_q95_win60,2026-01-17,ethusdt,120,0.3064469069388927,0.3775632755575239,-3.062668442489495,0.0711163686186311,3504692636.68885,3432243733.8610897,72448902.82776001,1549341,27415
task3_maker_q95_win60,2026-01-17,ethusdt,300,0.5366641374975132,0.5969914569914909,-2.321323440397221,0.0603273194939777,3504692636.68885,3432243733.8610897,72448902.82776001,1549341,27415
task3_maker_q99_win30,2026-01-17,ethusdt,30,0.1408301458272181,0.1421979125869179,-0.2941544011369913,0.0013677667596998,3504692636.68885,3493707013.51083,10985623.17802,1573885,2871
task3_maker_q99_win30,2026-01-17,ethusdt,120,0.3064469069388927,0.3449081575028531,-11.925207016213797,0.0384612505639603,3504692636.68885,3493707013.51083,10985623.17802,1573885,2871
task3_maker_q99_win30,2026-01-17,ethusdt,300,0.5366641374975132,0.5690401150873232,-9.759718520256785,0.03237597758981,3504692636.68885,3493707013.51083,10985623.17802,1573885,2871
task3_maker_q99_win60,2026-01-17,ethusdt,30,0.1408301458272181,0.1424171380216466,-0.2092577514553118,0.0015869921944285,3504692636.68885,3488877120.64058,15815516.04827,1572548,4208
task3_maker_q99_win60,2026-01-17,ethusdt,120,0.3064469069388927,0.3632582811407996,-12.226049853852205,0.0568113742019069,3504692636.68885,3488877120.64058,15815516.04827,1572548,4208
task3_maker_q99_win60,2026-01-17,ethusdt,300,0.5366641374975132,0.5771267802548252,-8.389329053352633,0.040462642757312,3504692636.68885,3488877120.64058,15815516.04827,1572548,4208
no_filter,2026-01-18,btcusdt,30,0.0950767995189432,0.0950767995189432,,0.0,5198807449.2672,5198807449.2672,0.0,1329656,0
no_filter,2026-01-18,btcusdt,120,-0.5888123561900542,-0.5888123561900542,,0.0,5198807449.2672,5198807449.2672,0.0,1329656,0
no_filter,2026-01-18,btcusdt,300,0.0006617385430982,0.0006617385430982,,0.0,5198807449.2672,5198807449.2672,0.0,1329656,0
task3_maker_q90_win30,2026-01-18,btcusdt,30,0.0950767995189432,0.1881815343700692,-0.811676739653546,0.093104734851126,5198807449.2672,4714705250.3043,484102198.9629,1195977,133679
task3_maker_q90_win30,2026-01-18,btcusdt,120,-0.5888123561900542,-1.0850924485766311,4.244494251813627,-0.4962800923865769,5198807449.2672,4714705250.3043,484102198.9629,1195977,133679
task3_maker_q90_win30,2026-01-18,btcusdt,300,0.0006617385430982,-1.1540706734742363,11.246681643633224,-1.1547324120173346,5198807449.2672,4714705250.3043,484102198.9629,1195977,133679
task3_maker_q90_win60,2026-01-18,btcusdt,30,0.0950767995189432,0.2392146820688696,-1.0062615080460025,0.1441378825499263,5198807449.2672,4597153958.442101,601653490.8251,1166090,163566
task3_maker_q90_win60,2026-01-18,btcusdt,120,-0.5888123561900542,-1.161130034293978,3.784190575736227,-0.5723176781039236,5198807449.2672,4597153958.442101,601653490.8251,1166090,163566
task3_maker_q90_win60,2026-01-18,btcusdt,300,0.0006617385430982,-1.691854275716838,12.93295052824376,-1.6925160142599365,5198807449.2672,4597153958.442101,601653490.8251,1166090,163566
task3_maker_q95_win30,2026-01-18,btcusdt,30,0.0950767995189432,0.2029576906700993,-1.078521616995849,0.1078808911511561,5198807449.2672,4761147646.8848,437659802.3824,1206678,122978
task3_maker_q95_win30,2026-01-18,btcusdt,120,-0.5888123561900542,-1.0631335424937738,4.571161641294841,-0.4743211863037195,5198807449.2672,4761147646.8848,437659802.3824,1206678,122978
task3_maker_q95_win30,2026-01-18,btcusdt,300,0.0006617385430982,-0.996568034536436,10.849175039640407,-0.9972297730795344,5198807449.2672,4761147646.8848,437659802.3824,1206678,122978
task3_maker_q95_win60,2026-01-18,btcusdt,30,0.0950767995189432,0.2495215146617068,-1.2173120125638206,0.1544447151427636,5198807449.2672,4651418587.0131,547388862.2541001,1179413,150243
task3_maker_q95_win60,2026-01-18,btcusdt,120,-0.5888123561900542,-1.1203455561553837,3.927873269732662,-0.5315331999653294,5198807449.2672,4651418587.0131,547388862.2541001,1179413,150243
task3_maker_q95_win60,2026-01-18,btcusdt,300,0.0006617385430982,-1.5752831317235576,13.392200673917852,-1.575944870266656,5198807449.2672,4651418587.0131,547388862.2541001,1179413,150243
task3_maker_q99_win30,2026-01-18,btcusdt,30,0.0950767995189432,0.1656586385527978,-1.1433077978409767,0.0705818390338546,5198807449.2672,4918478343.5316,280329105.7356,1249732,79924
task3_maker_q99_win30,2026-01-18,btcusdt,120,-0.5888123561900542,-0.8934479040284458,4.756131547445185,-0.3046355478383915,5198807449.2672,4918478343.5316,280329105.7356,1249732,79924
task3_maker_q99_win30,2026-01-18,btcusdt,300,0.0006617385430982,-0.4299353626220912,7.555647908498662,-0.4305971011651894,5198807449.2672,4918478343.5316,280329105.7356,1249732,79924
task3_maker_q99_win60,2026-01-18,btcusdt,30,0.0950767995189432,0.2353649211777949,-1.848394493508124,0.1402881216588517,5198807449.2672,4848800185.0967,350007264.17050004,1231587,98069
task3_maker_q99_win60,2026-01-18,btcusdt,120,-0.5888123561900542,-0.7614546609675372,1.8028752601926648,-0.172642304777483,5198807449.2672,4848800185.0967,350007264.17050004,1231587,98069
task3_maker_q99_win60,2026-01-18,btcusdt,300,0.0006617385430982,-0.6857328164166316,9.509578797809716,-0.6863945549597299,5198807449.2672,4848800185.0967,350007264.17050004,1231587,98069
no_filter,2026-01-18,ethusdt,30,-0.6355287847572082,-0.6355287847572082,,0.0,5620398466.25384,5620398466.25384,0.0,2658487,0
no_filter,2026-01-18,ethusdt,120,-0.3059110309680167,-0.3059110309680167,,0.0,5620398466.25384,5620398466.25384,0.0,2658487,0
no_filter,2026-01-18,ethusdt,300,-0.0455032150332394,-0.0455032150332394,,0.0,5620398466.25384,5620398466.25384,0.0,2658487,0
task3_maker_q90_win30,2026-01-18,ethusdt,30,-0.6355287847572082,-0.7179335429042775,0.2869748140986739,-0.0824047581470692,5620398466.25384,5159513079.96538,460885386.28846,2466699,191788
task3_maker_q90_win30,2026-01-18,ethusdt,120,-0.3059110309680167,-0.1611955509899903,-1.9259698005311148,0.1447154799780264,5620398466.25384,5159513079.96538,460885386.28846,2466699,191788
task3_maker_q90_win30,2026-01-18,ethusdt,300,-0.0455032150332394,-0.1478049244111065,1.099742486698699,-0.1023017093778671,5620398466.25384,5159513079.96538,460885386.28846,2466699,191788
task3_maker_q90_win60,2026-01-18,ethusdt,30,-0.6355287847572082,-0.6885470379161649,-0.1955796904127678,-0.0530182531589566,5620398466.25384,5015929001.395411,604469464.85843,2401977,256510
task3_maker_q90_win60,2026-01-18,ethusdt,120,-0.3059110309680167,-0.172401695306653,-1.41378063833968,0.1335093356613637,5620398466.25384,5015929001.395411,604469464.85843,2401977,256510
task3_maker_q90_win60,2026-01-18,ethusdt,300,-0.0455032150332394,-0.3680050551580247,2.6306391328091903,-0.3225018401247853,5620398466.25384,5015929001.395411,604469464.85843,2401977,256510
task3_maker_q95_win30,2026-01-18,ethusdt,30,-0.6355287847572082,-0.7030853560980493,0.3332179545443846,-0.0675565713408411,5620398466.25384,5254004915.2055,366393551.0483401,2516031,142456
task3_maker_q95_win30,2026-01-18,ethusdt,120,-0.3059110309680167,-0.1657151320815275,-2.316290143083134,0.1401958988864892,5620398466.25384,5254004915.2055,366393551.0483401,2516031,142456
task3_maker_q95_win30,2026-01-18,ethusdt,300,-0.0455032150332394,-0.051890908216328,0.046094934783387,-0.0063876931830886,5620398466.25384,5254004915.2055,366393551.0483401,2516031,142456
task3_maker_q95_win60,2026-01-18,ethusdt,30,-0.6355287847572082,-0.6561931881370892,-0.4248886821221776,-0.0206644033798809,5620398466.25384,5118280357.690729,502118108.56311,2456294,202193
task3_maker_q95_win60,2026-01-18,ethusdt,120,-0.3059110309680167,-0.0373422904231052,-3.043534084146524,0.2685687405449115,5620398466.25384,5118280357.690729,502118108.56311,2456294,202193
task3_maker_q95_win60,2026-01-18,ethusdt,300,-0.0455032150332394,-0.1509592945882362,1.029450608341108,-0.1054560795549968,5620398466.25384,5118280357.690729,502118108.56311,2456294,202193
task3_maker_q99_win30,2026-01-18,ethusdt,30,-0.6355287847572082,-0.6488575620744139,0.5092680901210584,-0.0133287773172057,5620398466.25384,5555713741.026791,64684725.22705001,2631554,26933
task3_maker_q99_win30,2026-01-18,ethusdt,120,-0.3059110309680167,-0.3100079089440672,0.0459661886840793,-0.0040968779760504,5620398466.25384,5555713741.026791,64684725.22705001,2631554,26933
task3_maker_q99_win30,2026-01-18,ethusdt,300,-0.0455032150332394,0.0399954229665853,-7.3889054836118335,0.0854986379998247,5620398466.25384,5555713741.026791,64684725.22705001,2631554,26933
task3_maker_q99_win60,2026-01-18,ethusdt,30,-0.6355287847572082,-0.6736086038374715,1.225399783447902,-0.0380798190802632,5620398466.25384,5507695563.94603,112702902.30781,2613500,44987
task3_maker_q99_win60,2026-01-18,ethusdt,120,-0.3059110309680167,-0.2658794357068575,-2.262221251226567,0.0400315952611591,5620398466.25384,5507695563.94603,112702902.30781,2613500,44987
task3_maker_q99_win60,2026-01-18,ethusdt,300,-0.0455032150332394,0.0727278359745219,-5.823354732802001,0.1182310510077613,5620398466.25384,5507695563.94603,112702902.30781,2613500,44987
no_filter,2026-01-19,btcusdt,30,-0.4158252365436874,-0.4158252365436874,,0.0,9203663768.932,9203663768.932,0.0,2825417,0
no_filter,2026-01-19,btcusdt,120,-0.3029943147734737,-0.3029943147734737,,0.0,9203663768.932,9203663768.932,0.0,2825417,0
no_filter,2026-01-19,btcusdt,300,0.4207189325727157,0.4207189325727157,,0.0,9203663768.932,9203663768.932,0.0,2825417,0
task3_maker_q90_win30,2026-01-19,btcusdt,30,-0.4158252365436874,-0.4347730787473267,-0.2977516016679588,-0.0189478422036392,9203663768.932,7930946728.4635,1272717040.4685,2522553,302864
task3_maker_q90_win30,2026-01-19,btcusdt,120,-0.3029943147734737,0.1040174109682476,-2.839291238659502,0.4070117257417213,9203663768.932,7930946728.4635,1272717040.4685,2522553,302864
task3_maker_q90_win30,2026-01-19,btcusdt,300,0.4207189325727157,0.6009746089405215,-0.7025458005292907,0.1802556763678057,9203663768.932,7930946728.4635,1272717040.4685,2522553,302864
task3_maker_q90_win60,2026-01-19,btcusdt,30,-0.4158252365436874,-0.1384214403669248,-1.6648864271952106,0.2774037961767626,9203663768.932,7531086087.644199,1672577681.2877998,2411903,413514
task3_maker_q90_win60,2026-01-19,btcusdt,120,-0.3029943147734737,-0.0621632631406902,-1.3873800522585664,0.2408310516327835,9203663768.932,7531086087.644199,1672577681.2877998,2411903,413514
task3_maker_q90_win60,2026-01-19,btcusdt,300,0.4207189325727157,0.4908452391483204,0.1049624461996714,0.0701263065756047,9203663768.932,7531086087.644199,1672577681.2877998,2411903,413514
task3_maker_q95_win30,2026-01-19,btcusdt,30,-0.4158252365436874,-0.0766484677163991,-3.3542072459405343,0.3391767688272882,9203663768.932,8251226558.878201,952437210.0538,2604101,221316
task3_maker_q95_win30,2026-01-19,btcusdt,120,-0.3029943147734737,0.556160870958618,-7.746092937841891,0.8591551857320917,9203663768.932,8251226558.878201,952437210.0538,2604101,221316
task3_maker_q95_win30,2026-01-19,btcusdt,300,0.4207189325727157,1.1444608717030162,-5.8492573418618194,0.7237419391303006,9203663768.932,8251226558.878201,952437210.0538,2604101,221316
task3_maker_q95_win60,2026-01-19,btcusdt,30,-0.4158252365436874,-0.1676467692582524,-1.842653321741095,0.248178467285435,9203663768.932,7839996764.6458,1363667004.2862,2500740,324677
task3_maker_q95_win60,2026-01-19,btcusdt,120,-0.3029943147734737,-0.2581769138846229,-0.5606585956162461,0.0448174008888508,9203663768.932,7839996764.6458,1363667004.2862,2500740,324677
task3_maker_q95_win60,2026-01-19,btcusdt,300,0.4207189325727157,0.4540001804101994,0.2293783233557111,0.0332812478374837,9203663768.932,7839996764.6458,1363667004.2862,2500740,324677
task3_maker_q99_win30,2026-01-19,btcusdt,30,-0.4158252365436874,-0.4330215799672631,-0.1260130935891745,-0.0171963434235757,9203663768.932,8688142635.3215,515521133.6105,2708348,117069
task3_maker_q99_win30,2026-01-19,btcusdt,120,-0.3029943147734737,-0.2856508435090248,-0.5952860217725805,0.0173434712644488,9203663768.932,8688142635.3215,515521133.6105,2708348,117069
task3_maker_q99_win30,2026-01-19,btcusdt,300,0.4207189325727157,0.7746153005381798,-5.543541157934564,0.3538963679654641,9203663768.932,8688142635.3215,515521133.6105,2708348,117069
task3_maker_q99_win60,2026-01-19,btcusdt,30,-0.4158252365436874,-0.8621872012076043,4.516222627010111,-0.4463619646639168,9203663768.932,8439838479.819,763825289.113,2648543,176874
task3_maker_q99_win60,2026-01-19,btcusdt,120,-0.3029943147734737,-1.3390264231130415,11.144575933190286,-1.0360321083395678,9203663768.932,8439838479.819,763825289.113,2648543,176874
task3_maker_q99_win60,2026-01-19,btcusdt,300,0.4207189325727157,-0.0363140974019621,5.470676046990685,-0.4570330299746779,9203663768.932,8439838479.819,763825289.113,2648543,176874
no_filter,2026-01-19,ethusdt,30,-0.4923184667841633,-0.4923184667841633,,0.0,10393640977.42283,10393640977.42283,0.0,5321605,0
no_filter,2026-01-19,ethusdt,120,0.4873176685748953,0.4873176685748953,,0.0,10393640977.42283,10393640977.42283,0.0,5321605,0
no_filter,2026-01-19,ethusdt,300,1.095728039250408,1.095728039250408,,0.0,10393640977.42283,10393640977.42283,0.0,5321605,0
task3_maker_q90_win30,2026-01-19,ethusdt,30,-0.4923184667841633,-0.48709398914547,-0.5268027027936704,0.0052244776386932,10393640977.42283,9026149062.367722,1367491915.05511,4844235,477370
task3_maker_q90_win30,2026-01-19,ethusdt,120,0.4873176685748953,-0.5149882593111055,7.10305163496492,-1.0023059278860007,10393640977.42283,9026149062.367722,1367491915.05511,4844235,477370
task3_maker_q90_win30,2026-01-19,ethusdt,300,1.095728039250408,0.4231644372985711,5.534993279729421,-0.672563601951837,10393640977.42283,9026149062.367722,1367491915.05511,4844235,477370
task3_maker_q90_win60,2026-01-19,ethusdt,30,-0.4923184667841633,-0.4250874711043546,-0.8236438473679741,0.0672309956798086,10393640977.42283,8640376261.89761,1753264715.52522,4659453,662152
task3_maker_q90_win60,2026-01-19,ethusdt,120,0.4873176685748953,-0.4242970489706129,4.9799046097984885,-0.9116147175455082,10393640977.42283,8640376261.89761,1753264715.52522,4659453,662152
task3_maker_q90_win60,2026-01-19,ethusdt,300,1.095728039250408,0.0287695216422435,6.353874722028636,-1.0669585176081646,10393640977.42283,8640376261.89761,1753264715.52522,4659453,662152
task3_maker_q95_win30,2026-01-19,ethusdt,30,-0.4923184667841633,-0.4391666975233257,-0.9845724480421404,0.0531517692608375,10393640977.42283,9380742953.36192,1012898024.06091,4963918,357687
task3_maker_q95_win30,2026-01-19,ethusdt,120,0.4873176685748953,0.5654148431103115,-0.2359629601733042,0.0780971745354162,10393640977.42283,9380742953.36192,1012898024.06091,4963918,357687
task3_maker_q95_win30,2026-01-19,ethusdt,300,1.095728039250408,1.7649301065649563,-5.101946779156271,0.6692020673145485,10393640977.42283,9380742953.36192,1012898024.06091,4963918,357687
task3_maker_q95_win60,2026-01-19,ethusdt,30,-0.4923184667841633,-0.3626352515154242,-1.289426325381151,0.1296832152687391,10393640977.42283,8939288623.03622,1454352354.38661,4792724,528881
task3_maker_q95_win60,2026-01-19,ethusdt,120,0.4873176685748953,-0.0785025979639594,3.965175462869447,-0.5658202665388548,10393640977.42283,8939288623.03622,1454352354.38661,4792724,528881
task3_maker_q95_win60,2026-01-19,ethusdt,300,1.095728039250408,1.235996412421218,0.2335576933396549,0.1402683731708098,10393640977.42283,8939288623.03622,1454352354.38661,4792724,528881
task3_maker_q99_win30,2026-01-19,ethusdt,30,-0.4923184667841633,-0.5463802881020493,0.5179163722636643,-0.054061821317886,10393640977.42283,9865687463.812622,527953513.61021,5150338,171267
task3_maker_q99_win30,2026-01-19,ethusdt,120,0.4873176685748953,0.6021776419152439,-1.6590315266960285,0.1148599733403486,10393640977.42283,9865687463.812622,527953513.61021,5150338,171267
task3_maker_q99_win30,2026-01-19,ethusdt,300,1.095728039250408,1.3131624573515372,-2.9673948637358456,0.2174344181011291,10393640977.42283,9865687463.812622,527953513.61021,5150338,171267
task3_maker_q99_win60,2026-01-19,ethusdt,30,-0.4923184667841633,-0.7742130294290047,2.7666038801090256,-0.2818945626448414,10393640977.42283,9566173488.28898,827467489.13385,5047047,274558
task3_maker_q99_win60,2026-01-19,ethusdt,120,0.4873176685748953,0.0557870911532729,5.476149765697929,-0.4315305774216224,10393640977.42283,9566173488.28898,827467489.13385,5047047,274558
task3_maker_q99_win60,2026-01-19,ethusdt,300,1.095728039250408,0.7933947503461297,4.590938099975206,-0.3023332889042783,10393640977.42283,9566173488.28898,827467489.13385,5047047,274558
no_filter,2026-01-20,btcusdt,30,-0.5947282400466387,-0.5947282400466387,,0.0,15333244816.5256,15333244816.5256,0.0,4631076,0
no_filter,2026-01-20,btcusdt,120,-0.2581107444140404,-0.2581107444140404,,0.0,15333244816.5256,15333244816.5256,0.0,4631076,0
no_filter,2026-01-20,btcusdt,300,0.3200366390605967,0.3200366390605967,,0.0,15333244816.5256,15333244816.5256,0.0,4631076,0
task3_maker_q90_win30,2026-01-20,btcusdt,30,-0.5947282400466387,-0.6153162363334485,-0.4048224480973904,-0.0205879962868097,15333244816.5256,13833529361.7714,1499715454.7542,4230821,400255
task3_maker_q90_win30,2026-01-20,btcusdt,120,-0.2581107444140404,0.2593383864541356,-5.031114664855209,0.5174491308681761,15333244816.5256,13833529361.7714,1499715454.7542,4230821,400255
task3_maker_q90_win30,2026-01-20,btcusdt,300,0.3200366390605967,1.5030618568469998,-10.59230945571674,1.1830252177864031,15333244816.5256,13833529361.7714,1499715454.7542,4230821,400255
task3_maker_q90_win60,2026-01-20,btcusdt,30,-0.5947282400466387,-0.5752918530063208,-0.7192333033994297,0.0194363870403179,15333244816.5256,13262799645.7702,2070445170.7554,4061554,569522
task3_maker_q90_win60,2026-01-20,btcusdt,120,-0.2581107444140404,0.4997361669201002,-5.1127052486110856,0.7578469113341406,15333244816.5256,13262799645.7702,2070445170.7554,4061554,569522
task3_maker_q90_win60,2026-01-20,btcusdt,300,0.3200366390605967,1.8525188464315825,-9.496694933528447,1.5324822073709858,15333244816.5256,13262799645.7702,2070445170.7554,4061554,569522
task3_maker_q95_win30,2026-01-20,btcusdt,30,-0.5947282400466387,-0.5986342604915087,-0.5482252895691618,-0.0039060204448699,15333244816.5256,14145123602.3115,1188121214.2141,4319703,311373
task3_maker_q95_win30,2026-01-20,btcusdt,120,-0.2581107444140404,0.2341680767466557,-6.118914077282945,0.4922788211606962,15333244816.5256,14145123602.3115,1188121214.2141,4319703,311373
task3_maker_q95_win30,2026-01-20,btcusdt,300,0.3200366390605967,1.4967802434677162,-13.689631342146564,1.1767436044071196,15333244816.5256,14145123602.3115,1188121214.2141,4319703,311373
task3_maker_q95_win60,2026-01-20,btcusdt,30,-0.5947282400466387,-0.5622484029959249,-0.8603328753979324,0.0324798370507137,15333244816.5256,13662506018.6059,1670738797.9197,4184911,446165
task3_maker_q95_win60,2026-01-20,btcusdt,120,-0.2581107444140404,0.487797348817446,-6.357791811132069,0.7459080932314864,15333244816.5256,13662506018.6059,1670738797.9197,4184911,446165
task3_maker_q95_win60,2026-01-20,btcusdt,300,0.3200366390605967,1.8502943598719763,-12.193682050321556,1.5302577208113797,15333244816.5256,13662506018.6059,1670738797.9197,4184911,446165
task3_maker_q99_win30,2026-01-20,btcusdt,30,-0.5947282400466387,-0.5673395841608572,-1.1247364641508204,0.0273886558857815,15333244816.5256,14579819418.9887,753425397.5369,4446768,184308
task3_maker_q99_win30,2026-01-20,btcusdt,120,-0.2581107444140404,0.1658440251004108,-8.462219607145789,0.4239547695144512,15333244816.5256,14579819418.9887,753425397.5369,4446768,184308
task3_maker_q99_win30,2026-01-20,btcusdt,300,0.3200366390605967,1.2622749420452564,-17.913572623491344,0.9422383029846596,15333244816.5256,14579819418.9887,753425397.5369,4446768,184308
task3_maker_q99_win60,2026-01-20,btcusdt,30,-0.5947282400466387,-0.5365702617222327,-1.3707692242467269,0.058157978324406,15333244816.5256,14264254611.8583,1068990204.6673,4361006,270070
task3_maker_q99_win60,2026-01-20,btcusdt,120,-0.2581107444140404,0.3654021732080598,-8.578062575508989,0.6235129176221001,15333244816.5256,14264254611.8583,1068990204.6673,4361006,270070
task3_maker_q99_win60,2026-01-20,btcusdt,300,0.3200366390605967,1.6067363587204797,-16.849262321866263,1.286699719659883,15333244816.5256,14264254611.8583,1068990204.6673,4361006,270070
no_filter,2026-01-20,ethusdt,30,0.1753312892215743,0.1753312892215743,,0.0,16479428640.91059,16479428640.91059,0.0,8125895,0
no_filter,2026-01-20,ethusdt,120,0.5080775656975477,0.5080775656975477,,0.0,16479428640.91059,16479428640.91059,0.0,8125895,0
no_filter,2026-01-20,ethusdt,300,1.1043685522263147,1.1043685522263147,,0.0,16479428640.91059,16479428640.91059,0.0,8125895,0
task3_maker_q90_win30,2026-01-20,ethusdt,30,0.1753312892215743,0.5989351219882709,-3.0062985944618945,0.4236038327666966,16479428640.91059,14543146645.58728,1936281995.32331,7323147,802748
task3_maker_q90_win30,2026-01-20,ethusdt,120,0.5080775656975477,1.584882466521485,-7.5796553260989,1.076804900823937,16479428640.91059,14543146645.58728,1936281995.32331,7323147,802748
task3_maker_q90_win30,2026-01-20,ethusdt,300,1.1043685522263147,2.73948044432461,-11.17673104285544,1.6351118920982952,16479428640.91059,14543146645.58728,1936281995.32331,7323147,802748
task3_maker_q90_win60,2026-01-20,ethusdt,30,0.1753312892215743,0.6440547028533741,-2.238624495468194,0.4687234136317998,16479428640.91059,13799874824.528,2679553816.3825903,6984686,1141209
task3_maker_q90_win60,2026-01-20,ethusdt,120,0.5080775656975477,1.724938609832834,-5.7588352259930415,1.2168610441352865,16479428640.91059,13799874824.528,2679553816.3825903,6984686,1141209
task3_maker_q90_win60,2026-01-20,ethusdt,300,1.1043685522263147,2.9613171535808505,-8.459036406316262,1.856948601354536,16479428640.91059,13799874824.528,2679553816.3825903,6984686,1141209
task3_maker_q95_win30,2026-01-20,ethusdt,30,0.1753312892215743,0.594539715662371,-3.699957184551641,0.4192084264407967,16479428640.91059,14870784948.82753,1608643692.08306,7483874,642021
task3_maker_q95_win30,2026-01-20,ethusdt,120,0.5080775656975477,1.5555038047597325,-9.174644859106962,1.047426239062185,16479428640.91059,14870784948.82753,1608643692.08306,7483874,642021
task3_maker_q95_win30,2026-01-20,ethusdt,300,1.1043685522263147,2.8048220462360582,-14.615133752324809,1.7004534940097435,16479428640.91059,14870784948.82753,1608643692.08306,7483874,642021
task3_maker_q95_win60,2026-01-20,ethusdt,30,0.1753312892215743,0.6565756328824716,-2.9775028696206736,0.4812443436608973,16479428640.91059,14297133510.318611,2182295130.59198,7228932,896963
task3_maker_q95_win60,2026-01-20,ethusdt,120,0.5080775656975477,1.694527902569662,-7.264857740729906,1.1864503368721144,16479428640.91059,14297133510.318611,2182295130.59198,7228932,896963
task3_maker_q95_win60,2026-01-20,ethusdt,300,1.1043685522263147,3.056626447721061,-11.685694252381868,1.9522578954947465,16479428640.91059,14297133510.318611,2182295130.59198,7228932,896963
task3_maker_q99_win30,2026-01-20,ethusdt,30,0.1753312892215743,0.6034085117350109,-6.583676492778458,0.4280772225134366,16479428640.91059,15497880762.07248,981547878.83811,7744644,381251
task3_maker_q99_win30,2026-01-20,ethusdt,120,0.5080775656975477,1.396901470339218,-13.52576346192717,0.8888239046416703,16479428640.91059,15497880762.07248,981547878.83811,7744644,381251
task3_maker_q99_win30,2026-01-20,ethusdt,300,1.1043685522263147,2.4297622813739173,-19.822571865028653,1.3253937291476026,16479428640.91059,15497880762.07248,981547878.83811,7744644,381251
task3_maker_q99_win60,2026-01-20,ethusdt,30,0.1753312892215743,0.5975772239877019,-4.456752975723767,0.4222459347661276,16479428640.91059,15102713729.94371,1376714910.9668798,7594478,531417
task3_maker_q99_win60,2026-01-20,ethusdt,120,0.5080775656975477,1.5697558453561118,-11.138649729295883,1.061678279658564,16479428640.91059,15102713729.94371,1376714910.9668798,7594478,531417
task3_maker_q99_win60,2026-01-20,ethusdt,300,1.1043685522263147,2.6899217397640007,-16.28932400113161,1.585553187537686,16479428640.91059,15102713729.94371,1376714910.9668798,7594478,531417
no_filter,2026-01-21,btcusdt,30,-0.2483930740001603,-0.2483930740001603,,0.0,16474562600.3757,16474562600.3757,0.0,5516112,0
no_filter,2026-01-21,btcusdt,120,-0.3899741179813513,-0.3899741179813513,,0.0,16474562600.3757,16474562600.3757,0.0,5516112,0
no_filter,2026-01-21,btcusdt,300,-0.2387170266331652,-0.2387170266331652,,0.0,16474562600.3757,16474562600.3757,0.0,5516112,0
task3_maker_q90_win30,2026-01-21,btcusdt,30,-0.2483930740001603,-0.3719673247802261,0.7639224144339691,-0.1235742507800657,16474562600.3757,14682283244.389,1792279355.9867,4988175,527937
task3_maker_q90_win30,2026-01-21,btcusdt,120,-0.3899741179813513,-0.762968201352006,2.6655790033758286,-0.3729940833706547,16474562600.3757,14682283244.389,1792279355.9867,4988175,527937
task3_maker_q90_win30,2026-01-21,btcusdt,300,-0.2387170266331652,-0.5208939741944192,2.072865626647242,-0.2821769475612539,16474562600.3757,14682283244.389,1792279355.9867,4988175,527937
task3_maker_q90_win60,2026-01-21,btcusdt,30,-0.2483930740001603,-0.3958548164090524,0.5275048999673485,-0.1474617424088921,16474562600.3757,13843553619.3802,2631008980.9955,4709482,806630
task3_maker_q90_win60,2026-01-21,btcusdt,120,-0.3899741179813513,-0.8666573052109243,2.1181850367520427,-0.476683187229573,16474562600.3757,13843553619.3802,2631008980.9955,4709482,806630
task3_maker_q90_win60,2026-01-21,btcusdt,300,-0.2387170266331652,-0.6419490258843151,1.8829647475472624,-0.4032319992511499,16474562600.3757,13843553619.3802,2631008980.9955,4709482,806630
task3_maker_q95_win30,2026-01-21,btcusdt,30,-0.2483930740001603,-0.4218107954721304,1.780204776806279,-0.1734177214719701,16474562600.3757,15177123497.5957,1297439102.78,5138497,377615
task3_maker_q95_win30,2026-01-21,btcusdt,120,-0.3899741179813513,-0.8001101482524217,4.407696284352106,-0.4101360302710704,16474562600.3757,15177123497.5957,1297439102.78,5138497,377615
task3_maker_q95_win30,2026-01-21,btcusdt,300,-0.2387170266331652,-0.640317547427956,4.4591070852972825,-0.4016005207947907,16474562600.3757,15177123497.5957,1297439102.78,5138497,377615
task3_maker_q95_win60,2026-01-21,btcusdt,30,-0.2483930740001603,-0.4138072325584124,0.9517371406158738,-0.1654141585582521,16474562600.3757,14478929237.088,1995633363.2877,4922796,593316
task3_maker_q95_win60,2026-01-21,btcusdt,120,-0.3899741179813513,-0.934211463650962,3.558633958578891,-0.5442373456696108,16474562600.3757,14478929237.088,1995633363.2877,4922796,593316
task3_maker_q95_win60,2026-01-21,btcusdt,300,-0.2387170266331652,-0.7765837337276847,3.663670122365592,-0.5378667070945196,16474562600.3757,14478929237.088,1995633363.2877,4922796,593316
task3_maker_q99_win30,2026-01-21,btcusdt,30,-0.2483930740001603,-0.3960737298044072,4.5106584468031725,-0.1476806558042469,16474562600.3757,15978718498.5699,495844101.8058,5381920,134192
task3_maker_q99_win30,2026-01-21,btcusdt,120,-0.3899741179813513,-0.6368230044437077,7.5648020991859,-0.2468488864623563,16474562600.3757,15978718498.5699,495844101.8058,5381920,134192
task3_maker_q99_win30,2026-01-21,btcusdt,300,-0.2387170266331652,-0.5864503813714409,10.96709013672888,-0.3477333547382756,16474562600.3757,15978718498.5699,495844101.8058,5381920,134192
task3_maker_q99_win60,2026-01-21,btcusdt,30,-0.2483930740001603,-0.4016998394106837,2.631509314088598,-0.1533067654105234,16474562600.3757,15641892719.7303,832669880.6454,5286663,229449
task3_maker_q99_win60,2026-01-21,btcusdt,120,-0.3899741179813513,-0.7193834344954443,5.798054666966855,-0.329409316514093,16474562600.3757,15641892719.7303,832669880.6454,5286663,229449
task3_maker_q99_win60,2026-01-21,btcusdt,300,-0.2387170266331652,-0.676437897258172,7.983968888457676,-0.4377208706250068,16474562600.3757,15641892719.7303,832669880.6454,5286663,229449
no_filter,2026-01-21,ethusdt,30,-0.3011973995368585,-0.3011973995368585,,0.0,17846882831.24551,17846882831.24551,0.0,9669745,0
no_filter,2026-01-21,ethusdt,120,-0.3683198971765424,-0.3683198971765424,,0.0,17846882831.24551,17846882831.24551,0.0,9669745,0
no_filter,2026-01-21,ethusdt,300,-0.5522197740234037,-0.5522197740234037,,0.0,17846882831.24551,17846882831.24551,0.0,9669745,0
task3_maker_q90_win30,2026-01-21,ethusdt,30,-0.3011973995368585,-0.3622080826780544,0.1293090855695517,-0.0610106831411959,17846882831.24551,15631598027.751831,2215284803.49368,8600329,1069416
task3_maker_q90_win30,2026-01-21,ethusdt,120,-0.3683198971765424,-0.9146584720998954,3.4867803485291744,-0.5463385749233529,17846882831.24551,15631598027.751831,2215284803.49368,8600329,1069416
task3_maker_q90_win30,2026-01-21,ethusdt,300,-0.5522197740234037,-1.5535678854314263,6.513540411165049,-1.0013481114080225,17846882831.24551,15631598027.751831,2215284803.49368,8600329,1069416
task3_maker_q90_win60,2026-01-21,ethusdt,30,-0.3011973995368585,-0.4666540380299739,0.4326299247151113,-0.1654566384931153,17846882831.24551,14563286811.33582,3283596019.90969,8062822,1606923
task3_maker_q90_win60,2026-01-21,ethusdt,120,-0.3683198971765424,-1.2392239204240905,3.494282261797067,-0.870904023247548,17846882831.24551,14563286811.33582,3283596019.90969,8062822,1606923
task3_maker_q90_win60,2026-01-21,ethusdt,300,-0.5522197740234037,-2.069992785701017,6.179352425949589,-1.5177730116776136,17846882831.24551,14563286811.33582,3283596019.90969,8062822,1606923
task3_maker_q95_win30,2026-01-21,ethusdt,30,-0.3011973995368585,-0.3465894857307898,0.1611696197424777,-0.0453920861939312,17846882831.24551,16251426964.40525,1595455866.84026,8932919,736826
task3_maker_q95_win30,2026-01-21,ethusdt,120,-0.3683198971765424,-0.5478584285421941,1.4604723561397333,-0.1795385313656516,17846882831.24551,16251426964.40525,1595455866.84026,8932919,736826
task3_maker_q95_win30,2026-01-21,ethusdt,300,-0.5522197740234037,-0.9915927790686766,3.923264913475898,-0.4393730050452729,17846882831.24551,16251426964.40525,1595455866.84026,8932919,736826
task3_maker_q95_win60,2026-01-21,ethusdt,30,-0.3011973995368585,-0.3821587215422302,0.2042049906917485,-0.0809613220053716,17846882831.24551,15382700281.15612,2464182550.08939,8504402,1165343
task3_maker_q95_win60,2026-01-21,ethusdt,120,-0.3683198971765424,-0.8709005049776516,2.769047850454527,-0.5025806078011091,17846882831.24551,15382700281.15612,2464182550.08939,8504402,1165343
task3_maker_q95_win60,2026-01-21,ethusdt,300,-0.5522197740234037,-1.5225724285153632,5.50522270341504,-0.9703526544919596,17846882831.24551,15382700281.15612,2464182550.08939,8504402,1165343
task3_maker_q99_win30,2026-01-21,ethusdt,30,-0.3011973995368585,-0.1735370673892178,-4.478514375706831,0.1276603321476407,17846882831.24551,17317649149.65679,529233681.58872,9436759,232986
task3_maker_q99_win30,2026-01-21,ethusdt,120,-0.3683198971765424,0.0248913513860108,-13.23502638468352,0.3932112485625533,17846882831.24551,17317649149.65679,529233681.58872,9436759,232986
task3_maker_q99_win30,2026-01-21,ethusdt,300,-0.5522197740234037,0.1921613575035395,-24.909950050581973,0.7443811315269432,17846882831.24551,17317649149.65679,529233681.58872,9436759,232986
task3_maker_q99_win60,2026-01-21,ethusdt,30,-0.3011973995368585,-0.0931683696129761,-4.007440629882638,0.2080290299238824,17846882831.24551,16898387306.23228,948495525.01323,9238441,431304
task3_maker_q99_win60,2026-01-21,ethusdt,120,-0.3683198971765424,0.206194127899781,-10.60385633628282,0.5745140250763235,17846882831.24551,16898387306.23228,948495525.01323,9238441,431304
task3_maker_q99_win60,2026-01-21,ethusdt,300,-0.5522197740234037,0.5909202501312457,-20.918391636723065,1.1431400241546494,17846882831.24551,16898387306.23228,948495525.01323,9238441,431304
no_filter,2026-01-22,btcusdt,30,-0.0164353311152397,-0.0164353311152397,,0.0,8690556672.4113,8690556672.4113,0.0,3188220,0
no_filter,2026-01-22,btcusdt,120,0.1727680375432468,0.1727680375432468,,0.0,8690556672.4113,8690556672.4113,0.0,3188220,0
no_filter,2026-01-22,btcusdt,300,0.534827299291555,0.534827299291555,,0.0,8690556672.4113,8690556672.4113,0.0,3188220,0
task3_maker_q90_win30,2026-01-22,btcusdt,30,-0.0164353311152397,0.0692586810662809,-1.46548944398164,0.0856940121815206,8690556672.4113,8205311792.684501,485244879.7268,3041174,147046
task3_maker_q90_win30,2026-01-22,btcusdt,120,0.1727680375432468,0.3921827181420312,-3.5374532165562123,0.2194146805987843,8690556672.4113,8205311792.684501,485244879.7268,3041174,147046
task3_maker_q90_win30,2026-01-22,btcusdt,300,0.534827299291555,1.0699736957877932,-8.514300721297596,0.5351463964962382,8690556672.4113,8205311792.684501,485244879.7268,3041174,147046
task3_maker_q90_win60,2026-01-22,btcusdt,30,-0.0164353311152397,0.0955982623990297,-1.3172029167706414,0.1120335935142695,8690556672.4113,8001405001.245601,689151671.1657,2967494,220726
task3_maker_q90_win60,2026-01-22,btcusdt,120,0.1727680375432468,0.4827236351117919,-3.4259757112079816,0.309955597568545,8690556672.4113,8001405001.245601,689151671.1657,2967494,220726
task3_maker_q90_win60,2026-01-22,btcusdt,300,0.534827299291555,1.2617552727577703,-7.905179981833352,0.7269279734662153,8690556672.4113,8001405001.245601,689151671.1657,2967494,220726
task3_maker_q95_win30,2026-01-22,btcusdt,30,-0.0164353311152397,0.0444157347434716,-1.7164680158555523,0.0608510658587114,8690556672.4113,8390236088.3626,300320584.04870003,3104780,83440
task3_maker_q95_win30,2026-01-22,btcusdt,120,0.1727680375432468,0.2114326828293636,-0.9074293230569512,0.0386646452861167,8690556672.4113,8390236088.3626,300320584.04870003,3104780,83440
task3_maker_q95_win30,2026-01-22,btcusdt,300,0.534827299291555,0.7308998500799075,-4.942969025501735,0.1960725507883525,8690556672.4113,8390236088.3626,300320584.04870003,3104780,83440
task3_maker_q95_win60,2026-01-22,btcusdt,30,-0.0164353311152397,0.041557760430432,-1.149719022535758,0.0579930915456718,8690556672.4113,8267487696.424801,423068975.9865,3062213,126007
task3_maker_q95_win60,2026-01-22,btcusdt,120,0.1727680375432468,0.2151466910687748,-0.6553829650122633,0.0423786535255279,8690556672.4113,8267487696.424801,423068975.9865,3062213,126007
task3_maker_q95_win60,2026-01-22,btcusdt,300,0.534827299291555,0.8722135186338691,-6.058273532202333,0.337386219342314,8690556672.4113,8267487696.424801,423068975.9865,3062213,126007
task3_maker_q99_win30,2026-01-22,btcusdt,30,-0.0164353311152397,-0.0154301792248232,-0.1239683037478988,0.0010051518904164,8690556672.4113,8610075002.892601,80481669.5187,3168499,19721
task3_maker_q99_win30,2026-01-22,btcusdt,120,0.1727680375432468,0.0868963879682105,9.359472884556665,-0.0858716495750363,8690556672.4113,8610075002.892601,80481669.5187,3168499,19721
task3_maker_q99_win30,2026-01-22,btcusdt,300,0.534827299291555,0.3735083809978993,17.79301781894959,-0.1613189182936557,8690556672.4113,8610075002.892601,80481669.5187,3168499,19721
task3_maker_q99_win60,2026-01-22,btcusdt,30,-0.0164353311152397,-0.015075365130495,-0.1222865931786257,0.0013599659847447,8690556672.4113,8580317645.416201,110239026.9951,3160315,27905
task3_maker_q99_win60,2026-01-22,btcusdt,120,0.1727680375432468,0.0486680174760823,9.831938850309278,-0.1241000200671645,8690556672.4113,8580317645.416201,110239026.9951,3160315,27905
task3_maker_q99_win60,2026-01-22,btcusdt,300,0.534827299291555,0.3024652517910726,18.620438453878812,-0.2323620475004824,8690556672.4113,8580317645.416201,110239026.9951,3160315,27905
no_filter,2026-01-22,ethusdt,30,-0.0728895352572663,-0.0728895352572663,,0.0,9952748859.68369,9952748859.68369,0.0,6462617,0
no_filter,2026-01-22,ethusdt,120,-0.2891540171301117,-0.2891540171301117,,0.0,9952748859.68369,9952748859.68369,0.0,6462617,0
no_filter,2026-01-22,ethusdt,300,-0.0286539335714122,-0.0286539335714122,,0.0,9952748859.68369,9952748859.68369,0.0,6462617,0
task3_maker_q90_win30,2026-01-22,ethusdt,30,-0.0728895352572663,-0.1831527289318238,1.1290272480096846,-0.1102631936745575,9952748859.68369,9116413986.118967,836334873.5647199,6016701,445916
task3_maker_q90_win30,2026-01-22,ethusdt,120,-0.2891540171301117,-0.6821113771614257,3.99425217119337,-0.392957360031314,9952748859.68369,9116413986.118967,836334873.5647199,6016701,445916
task3_maker_q90_win30,2026-01-22,ethusdt,300,-0.0286539335714122,0.5772297773221929,-6.6330499841740895,0.6058837108936052,9952748859.68369,9116413986.118967,836334873.5647199,6016701,445916
task3_maker_q90_win60,2026-01-22,ethusdt,30,-0.0728895352572663,-0.1698215920671903,0.6500553051813227,-0.096932056809924,9952748859.68369,8776059504.09944,1176689355.58425,5799148,663469
task3_maker_q90_win60,2026-01-22,ethusdt,120,-0.2891540171301117,-0.6267320908073322,2.228592274880459,-0.3375780736772205,9952748859.68369,8776059504.09944,1176689355.58425,5799148,663469
task3_maker_q90_win60,2026-01-22,ethusdt,300,-0.0286539335714122,0.9791055574619032,-7.544789961451125,1.0077594910333154,9952748859.68369,8776059504.09944,1176689355.58425,5799148,663469
task3_maker_q95_win30,2026-01-22,ethusdt,30,-0.0728895352572663,-0.1389652619739282,1.118783335705377,-0.0660757267166618,9952748859.68369,9429881956.91358,522866902.77011,6192986,269631
task3_maker_q95_win30,2026-01-22,ethusdt,120,-0.2891540171301117,-0.6123218094287587,5.539163127266536,-0.323167792298647,9952748859.68369,9429881956.91358,522866902.77011,6192986,269631
task3_maker_q95_win30,2026-01-22,ethusdt,300,-0.0286539335714122,0.2853885730377953,-5.692396945586301,0.3140425066092076,9952748859.68369,9429881956.91358,522866902.77011,6192986,269631
task3_maker_q95_win60,2026-01-22,ethusdt,30,-0.0728895352572663,-0.1161414331542936,0.4280790866660589,-0.0432518978970272,9952748859.68369,9161754654.58482,790994205.09887,6036056,426561
task3_maker_q95_win60,2026-01-22,ethusdt,120,-0.2891540171301117,-0.5849459189791687,3.136879721278075,-0.295791901849057,9952748859.68369,9161754654.58482,790994205.09887,6036056,426561
task3_maker_q95_win60,2026-01-22,ethusdt,300,-0.0286539335714122,0.5598114731945022,-6.844602324528175,0.5884654067659144,9952748859.68369,9161754654.58482,790994205.09887,6036056,426561
task3_maker_q99_win30,2026-01-22,ethusdt,30,-0.0728895352572663,-0.1286698310663122,3.6651235170663488,-0.0557802958090459,9952748859.68369,9806413193.88377,146335665.79992,6393636,68981
task3_maker_q99_win30,2026-01-22,ethusdt,120,-0.2891540171301117,-0.4361302324980349,9.560184417846909,-0.1469762153679232,9952748859.68369,9806413193.88377,146335665.79992,6393636,68981
task3_maker_q99_win30,2026-01-22,ethusdt,300,-0.0286539335714122,-0.0577869057907976,1.9236381586369584,-0.0291329722193854,9952748859.68369,9806413193.88377,146335665.79992,6393636,68981
task3_maker_q99_win60,2026-01-22,ethusdt,30,-0.0728895352572663,-0.1123874847446263,1.5572455072784197,-0.03949794948736,9952748859.68369,9717300007.391998,235448852.29169,6344967,117650
task3_maker_q99_win60,2026-01-22,ethusdt,120,-0.2891540171301117,-0.4899408202520471,7.997595246968395,-0.2007868031219354,9952748859.68369,9717300007.391998,235448852.29169,6344967,117650
task3_maker_q99_win60,2026-01-22,ethusdt,300,-0.0286539335714122,0.0443800157022306,-3.0428661028344943,0.0730339492736429,9952748859.68369,9717300007.391998,235448852.29169,6344967,117650
no_filter,2026-01-23,btcusdt,30,-0.2460659058975877,-0.2460659058975877,,0.0,10260028769.2721,10260028769.2721,0.0,3316204,0
no_filter,2026-01-23,btcusdt,120,-0.0448736638186898,-0.0448736638186898,,0.0,10260028769.2721,10260028769.2721,0.0,3316204,0
no_filter,2026-01-23,btcusdt,300,0.3734467919544949,0.3734467919544949,,0.0,10260028769.2721,10260028769.2721,0.0,3316204,0
task3_maker_q90_win30,2026-01-23,btcusdt,30,-0.2460659058975877,-0.2498637851972154,-0.2047384760703134,-0.0037978792996276,10260028769.2721,9396514443.7121,863514325.56,3087536,228668
task3_maker_q90_win30,2026-01-23,btcusdt,120,-0.0448736638186898,0.0201590902675761,-0.7525413828107065,0.0650327540862659,10260028769.2721,9396514443.7121,863514325.56,3087536,228668
task3_maker_q90_win30,2026-01-23,btcusdt,300,0.3734467919544949,0.9467194087466684,-5.864740884178042,0.5732726167921733,10260028769.2721,9396514443.7121,863514325.56,3087536,228668
task3_maker_q90_win60,2026-01-23,btcusdt,30,-0.2460659058975877,-0.2669125339372248,-0.0969364443691255,-0.020846628039637,10260028769.2721,9001692941.142,1258335828.1301,2974718,341486
task3_maker_q90_win60,2026-01-23,btcusdt,120,-0.0448736638186898,0.0976116716802012,-1.0641637532398802,0.142485335498891,10260028769.2721,9001692941.142,1258335828.1301,2974718,341486
task3_maker_q90_win60,2026-01-23,btcusdt,300,0.3734467919544949,1.2002439749708889,-5.541170116931035,0.8267971830163939,10260028769.2721,9001692941.142,1258335828.1301,2974718,341486
task3_maker_q95_win30,2026-01-23,btcusdt,30,-0.2460659058975877,-0.2482371556893138,-0.2117988496501229,-0.002171249791726,10260028769.2721,9648664308.3549,611364460.9172,3152835,163369
task3_maker_q95_win30,2026-01-23,btcusdt,120,-0.0448736638186898,0.1035093862329749,-2.3866817513389065,0.1483830500516647,10260028769.2721,9648664308.3549,611364460.9172,3152835,163369
task3_maker_q95_win30,2026-01-23,btcusdt,300,0.3734467919544949,0.8290478607604914,-6.816931537923806,0.4556010688059965,10260028769.2721,9648664308.3549,611364460.9172,3152835,163369
task3_maker_q95_win60,2026-01-23,btcusdt,30,-0.2460659058975877,-0.2518813816190935,-0.1873648579183154,-0.0058154757215057,10260028769.2721,9335196729.5549,924832039.7172,3064583,251621
task3_maker_q95_win60,2026-01-23,btcusdt,120,-0.0448736638186898,0.1475139787930978,-1.986822488024132,0.1923876426117876,10260028769.2721,9335196729.5549,924832039.7172,3064583,251621
task3_maker_q95_win60,2026-01-23,btcusdt,300,0.3734467919544949,0.9860940630388636,-5.810576420678124,0.6126472710843687,10260028769.2721,9335196729.5549,924832039.7172,3064583,251621
task3_maker_q99_win30,2026-01-23,btcusdt,30,-0.2460659058975877,-0.210365236284754,-2.117343044084568,0.0357006696128337,10260028769.2721,10067950027.8144,192078741.4577,3264882,51322
task3_maker_q99_win30,2026-01-23,btcusdt,120,-0.0448736638186898,0.061615924280988,-5.626604590071159,0.1064895880996779,10260028769.2721,10067950027.8144,192078741.4577,3264882,51322
task3_maker_q99_win30,2026-01-23,btcusdt,300,0.3734467919544949,0.6629864706723295,-14.80299071631895,0.2895396787178346,10260028769.2721,10067950027.8144,192078741.4577,3264882,51322
task3_maker_q99_win60,2026-01-23,btcusdt,30,-0.2460659058975877,-0.1740227778503019,-2.1836994082400345,0.0720431280472858,10260028769.2721,9892226031.6495,367802737.6226,3218903,97301
task3_maker_q99_win60,2026-01-23,btcusdt,120,-0.0448736638186898,0.129892759888328,-4.745298074000184,0.1747664237070178,10260028769.2721,9892226031.6495,367802737.6226,3218903,97301
task3_maker_q99_win60,2026-01-23,btcusdt,300,0.3734467919544949,0.8333598441108886,-11.996129074294576,0.4599130521563936,10260028769.2721,9892226031.6495,367802737.6226,3218903,97301
no_filter,2026-01-23,ethusdt,30,-0.1079483836498818,-0.1079483836498818,,0.0,9596959507.5243,9596959507.5243,0.0,6484605,0
no_filter,2026-01-23,ethusdt,120,-0.2131974100074129,-0.2131974100074129,,0.0,9596959507.5243,9596959507.5243,0.0,6484605,0
no_filter,2026-01-23,ethusdt,300,0.3830485579113928,0.3830485579113928,,0.0,9596959507.5243,9596959507.5243,0.0,6484605,0
task3_maker_q90_win30,2026-01-23,ethusdt,30,-0.1079483836498818,-0.0370810949212842,-0.8412486961268272,0.0708672887285975,9596959507.5243,8751227225.70044,845732281.8238599,6020782,463823
task3_maker_q90_win30,2026-01-23,ethusdt,120,-0.2131974100074129,0.0492333273544157,-2.9287033248446392,0.2624307373618286,9596959507.5243,8751227225.70044,845732281.8238599,6020782,463823
task3_maker_q90_win30,2026-01-23,ethusdt,300,0.3830485579113928,1.0858823577689511,-6.889534523807787,0.7028337998575583,9596959507.5243,8751227225.70044,845732281.8238599,6020782,463823
task3_maker_q90_win60,2026-01-23,ethusdt,30,-0.1079483836498818,0.0202576767626958,-1.053286192461932,0.1282060604125776,9596959507.5243,8450859747.96126,1146099759.56304,5825245,659360
task3_maker_q90_win60,2026-01-23,ethusdt,120,-0.2131974100074129,0.0952262731125455,-2.48738451043063,0.3084236831199585,9596959507.5243,8450859747.96126,1146099759.56304,5825245,659360
task3_maker_q90_win60,2026-01-23,ethusdt,300,0.3830485579113928,1.334440340517868,-6.632116093406147,0.9513917826064752,9596959507.5243,8450859747.96126,1146099759.56304,5825245,659360
task3_maker_q95_win30,2026-01-23,ethusdt,30,-0.1079483836498818,0.0486715675043445,-2.524746873806329,0.1566199511542263,9596959507.5243,9012882194.18539,584077313.33891,6183798,300807
task3_maker_q95_win30,2026-01-23,ethusdt,120,-0.2131974100074129,0.162433813316593,-6.009553280985345,0.3756312233240059,9596959507.5243,9012882194.18539,584077313.33891,6183798,300807
task3_maker_q95_win30,2026-01-23,ethusdt,300,0.3830485579113928,1.1982068000564303,-12.195637582239074,0.8151582421450375,9596959507.5243,9012882194.18539,584077313.33891,6183798,300807
task3_maker_q95_win60,2026-01-23,ethusdt,30,-0.1079483836498818,0.0954691366669012,-2.272821510106327,0.203417520316783,9596959507.5243,8772656245.48127,824303262.04303,6030714,453891
task3_maker_q95_win60,2026-01-23,ethusdt,120,-0.2131974100074129,0.3083326156672474,-5.76358626277163,0.5215300256746603,9596959507.5243,8772656245.48127,824303262.04303,6030714,453891
task3_maker_q95_win60,2026-01-23,ethusdt,300,0.3830485579113928,1.4185875190506838,-10.637685864953918,1.0355389611392911,9596959507.5243,8772656245.48127,824303262.04303,6030714,453891
task3_maker_q99_win30,2026-01-23,ethusdt,30,-0.1079483836498818,0.028081431393953,-6.540823973948985,0.1360298150438348,9596959507.5243,9398224323.16164,198735184.36266,6378681,105924
task3_maker_q99_win30,2026-01-23,ethusdt,120,-0.2131974100074129,-0.0045852899447267,-10.078503883881211,0.2086121200626861,9596959507.5243,9398224323.16164,198735184.36266,6378681,105924
task3_maker_q99_win30,2026-01-23,ethusdt,300,0.3830485579113928,0.818986193354763,-20.23252438124673,0.4359376354433701,9596959507.5243,9398224323.16164,198735184.36266,6378681,105924
task3_maker_q99_win60,2026-01-23,ethusdt,30,-0.1079483836498818,-0.014064796461058,-3.002096992912719,0.0938835871888237,9596959507.5243,9295424274.48959,301535233.03471005,6314483,170122
task3_maker_q99_win60,2026-01-23,ethusdt,120,-0.2131974100074129,0.0360258800103642,-7.896001825545594,0.2492232900177771,9596959507.5243,9295424274.48959,301535233.03471005,6314483,170122
task3_maker_q99_win60,2026-01-23,ethusdt,300,0.3830485579113928,0.8146506728314794,-12.921946468946386,0.4316021149200866,9596959507.5243,9295424274.48959,301535233.03471005,6314483,170122
no_filter,2026-01-24,btcusdt,30,-0.2487249320217548,-0.2487249320217548,,0.0,2457569544.7313995,2457569544.7313995,0.0,704903,0
no_filter,2026-01-24,btcusdt,120,-0.179571735638628,-0.179571735638628,,0.0,2457569544.7313995,2457569544.7313995,0.0,704903,0
no_filter,2026-01-24,btcusdt,300,-0.1247738890682575,-0.1247738890682575,,0.0,2457569544.7313995,2457569544.7313995,0.0,704903,0
task3_maker_q90_win30,2026-01-24,btcusdt,30,-0.2487249320217548,-0.2972599045937559,1.974910155737161,-0.048534972572001,2457569544.7313995,2405074323.2998,52495221.4316,694159,10744
task3_maker_q90_win30,2026-01-24,btcusdt,120,-0.179571735638628,-0.1159915977610339,-3.0925027208047164,0.063580137877594,2457569544.7313995,2405074323.2998,52495221.4316,694159,10744
task3_maker_q90_win30,2026-01-24,btcusdt,300,-0.1247738890682575,0.0151039039197036,-6.533290305244022,0.1398777929879612,2457569544.7313995,2405074323.2998,52495221.4316,694159,10744
task3_maker_q90_win60,2026-01-24,btcusdt,30,-0.2487249320217548,-0.2660096547539918,0.2581985174826858,-0.0172847227322369,2457569544.7313995,2376536072.8673,81033471.86410001,688851,16052
task3_maker_q90_win60,2026-01-24,btcusdt,120,-0.179571735638628,-0.0730781903289929,-3.3027965726581043,0.1064935453096351,2457569544.7313995,2376536072.8673,81033471.86410001,688851,16052
task3_maker_q90_win60,2026-01-24,btcusdt,300,-0.1247738890682575,0.1155002834838968,-7.1714945257723866,0.2402741725521544,2457569544.7313995,2376536072.8673,81033471.86410001,688851,16052
task3_maker_q95_win30,2026-01-24,btcusdt,30,-0.2487249320217548,-0.2672063774058691,1.5146950213175483,-0.0184814453841142,2457569544.7313995,2432080234.632,25489310.0994,698533,6370
task3_maker_q95_win30,2026-01-24,btcusdt,120,-0.179571735638628,-0.1667951034791112,-1.398662971107412,0.0127766321595168,2457569544.7313995,2432080234.632,25489310.0994,698533,6370
task3_maker_q95_win30,2026-01-24,btcusdt,300,-0.1247738890682575,-0.079358468858481,-4.458117765735366,0.0454154202097764,2457569544.7313995,2432080234.632,25489310.0994,698533,6370
task3_maker_q95_win60,2026-01-24,btcusdt,30,-0.2487249320217548,-0.2976887854451254,1.5277820726005722,-0.0489638534233705,2457569544.7313995,2391651168.4201,65918376.3113,691261,13642
task3_maker_q95_win60,2026-01-24,btcusdt,120,-0.179571735638628,-0.1334009573194307,-1.8547403622518444,0.0461707783191972,2457569544.7313995,2391651168.4201,65918376.3113,691261,13642
task3_maker_q95_win60,2026-01-24,btcusdt,300,-0.1247738890682575,0.0330592955474098,-5.851279023522198,0.1578331846156674,2457569544.7313995,2391651168.4201,65918376.3113,691261,13642
task3_maker_q99_win30,2026-01-24,btcusdt,30,-0.2487249320217548,-0.2487249320217548,,0.0,2457569544.7313995,2457569544.7313995,0.0,704903,0
task3_maker_q99_win30,2026-01-24,btcusdt,120,-0.179571735638628,-0.179571735638628,,0.0,2457569544.7313995,2457569544.7313995,0.0,704903,0
task3_maker_q99_win30,2026-01-24,btcusdt,300,-0.1247738890682575,-0.1247738890682575,,0.0,2457569544.7313995,2457569544.7313995,0.0,704903,0
task3_maker_q99_win60,2026-01-24,btcusdt,30,-0.2487249320217548,-0.2487249320217548,,0.0,2457569544.7313995,2457569544.7313995,0.0,704903,0
task3_maker_q99_win60,2026-01-24,btcusdt,120,-0.179571735638628,-0.179571735638628,,0.0,2457569544.7313995,2457569544.7313995,0.0,704903,0
task3_maker_q99_win60,2026-01-24,btcusdt,300,-0.1247738890682575,-0.1247738890682575,,0.0,2457569544.7313995,2457569544.7313995,0.0,704903,0
no_filter,2026-01-24,ethusdt,30,-0.155096666692638,-0.155096666692638,,0.0,2233520686.41148,2233520686.41148,0.0,1450204,0
no_filter,2026-01-24,ethusdt,120,0.0371626463822302,0.0371626463822302,,0.0,2233520686.41148,2233520686.41148,0.0,1450204,0
no_filter,2026-01-24,ethusdt,300,0.1288715637598529,0.1288715637598529,,0.0,2233520686.41148,2233520686.41148,0.0,1450204,0
task3_maker_q90_win30,2026-01-24,ethusdt,30,-0.155096666692638,-0.1056698887881795,-2.4615586829070315,0.0494267779044584,2233520686.41148,2186661203.40538,46859483.0061,1427087,23117
task3_maker_q90_win30,2026-01-24,ethusdt,120,0.0371626463822302,0.2007084686604026,-7.594575512319971,0.1635458222781723,2233520686.41148,2186661203.40538,46859483.0061,1427087,23117
task3_maker_q90_win30,2026-01-24,ethusdt,300,0.1288715637598529,0.323930449517249,-8.973399108105145,0.195058885757396,2233520686.41148,2186661203.40538,46859483.0061,1427087,23117
task3_maker_q90_win60,2026-01-24,ethusdt,30,-0.155096666692638,-0.1041323312661229,-1.8627510369039768,0.0509643354265151,2233520686.41148,2168793808.95964,64726877.45184,1416180,34024
task3_maker_q90_win60,2026-01-24,ethusdt,120,0.0371626463822302,0.2287258548448001,-6.381517149305273,0.1915632084625699,2233520686.41148,2168793808.95964,64726877.45184,1416180,34024
task3_maker_q90_win60,2026-01-24,ethusdt,300,0.1288715637598529,0.360448714962583,-7.630549430999018,0.2315771512027301,2233520686.41148,2168793808.95964,64726877.45184,1416180,34024
task3_maker_q95_win30,2026-01-24,ethusdt,30,-0.155096666692638,-0.1375396131916926,-1.567052323954297,0.0175570535009454,2233520686.41148,2206088931.59632,27431754.81516,1436652,13552
task3_maker_q95_win30,2026-01-24,ethusdt,120,0.0371626463822302,0.1492656086327504,-8.97826877193005,0.1121029622505201,2233520686.41148,2206088931.59632,27431754.81516,1436652,13552
task3_maker_q95_win30,2026-01-24,ethusdt,300,0.1288715637598529,0.2608238075338324,-10.482858763029222,0.1319522437739794,2233520686.41148,2206088931.59632,27431754.81516,1436652,13552
task3_maker_q95_win60,2026-01-24,ethusdt,30,-0.155096666692638,-0.1162357277346121,-2.292097281130326,0.0388609389580258,2233520686.41148,2193629953.97004,39890732.44144,1430569,19635
task3_maker_q95_win60,2026-01-24,ethusdt,120,0.0371626463822302,0.2192793033509515,-9.977608439356503,0.1821166569687212,2233520686.41148,2193629953.97004,39890732.44144,1430569,19635
task3_maker_q95_win60,2026-01-24,ethusdt,300,0.1288715637598529,0.3333259565210494,-11.114273215296652,0.2044543927611965,2233520686.41148,2193629953.97004,39890732.44144,1430569,19635
task3_maker_q99_win30,2026-01-24,ethusdt,30,-0.155096666692638,-0.1560466425270201,1.1955174970336642,-0.0009499758343821,2233520686.41148,2231950808.50811,1569877.90337,1449106,1098
task3_maker_q99_win30,2026-01-24,ethusdt,120,0.0371626463822302,0.0342354629248739,4.198842653644784,-0.0029271834573563,2233520686.41148,2231950808.50811,1569877.90337,1449106,1098
task3_maker_q99_win30,2026-01-24,ethusdt,300,0.1288715637598529,0.1285566320065695,0.5766211497988875,-0.0003149317532834,2233520686.41148,2231950808.50811,1569877.90337,1449106,1098
task3_maker_q99_win60,2026-01-24,ethusdt,30,-0.155096666692638,-0.1561329005700823,1.2696877969584732,-0.0010362338774443,2233520686.41148,2231897445.98213,1623240.4293500003,1449072,1132
task3_maker_q99_win60,2026-01-24,ethusdt,120,0.0371626463822302,0.0341763970065686,4.143148570644846,-0.0029862493756616,2233520686.41148,2231897445.98213,1623240.4293500003,1449072,1132
task3_maker_q99_win60,2026-01-24,ethusdt,300,0.1288715637598529,0.1286403389188032,0.4467974377434,-0.0002312248410497,2233520686.41148,2231897445.98213,1623240.4293500003,1449072,1132
no_filter,2026-01-25,btcusdt,30,0.3865175186062501,0.3865175186062501,,0.0,9638205865.3693,9638205865.3693,0.0,2890811,0
no_filter,2026-01-25,btcusdt,120,0.905276371550544,0.905276371550544,,0.0,9638205865.3693,9638205865.3693,0.0,2890811,0
no_filter,2026-01-25,btcusdt,300,0.6285311914731798,0.6285311914731798,,0.0,9638205865.3693,9638205865.3693,0.0,2890811,0
task3_maker_q90_win30,2026-01-25,btcusdt,30,0.3865175186062501,0.7962687260181532,-2.995882897339736,0.4097512074119031,9638205865.3693,8596774276.4281,1041431588.9412,2608790,282021
task3_maker_q90_win30,2026-01-25,btcusdt,120,0.905276371550544,1.4686616326287771,-3.7453372372417095,0.5633852610782331,9638205865.3693,8596774276.4281,1041431588.9412,2608790,282021
task3_maker_q90_win30,2026-01-25,btcusdt,300,0.6285311914731798,0.9080455213189792,-1.678794249993797,0.2795143298457995,9638205865.3693,8596774276.4281,1041431588.9412,2608790,282021
task3_maker_q90_win60,2026-01-25,btcusdt,30,0.3865175186062501,0.8049467342293342,-2.129542509817151,0.418429215623084,9638205865.3693,8263892795.917,1374313069.4523,2503691,387120
task3_maker_q90_win60,2026-01-25,btcusdt,120,0.905276371550544,1.4195482650515394,-2.1870960218366213,0.5142718935009953,9638205865.3693,8263892795.917,1374313069.4523,2503691,387120
task3_maker_q90_win60,2026-01-25,btcusdt,300,0.6285311914731798,0.7814578300378019,-0.2910331893280786,0.152926638564622,9638205865.3693,8263892795.917,1374313069.4523,2503691,387120
task3_maker_q95_win30,2026-01-25,btcusdt,30,0.3865175186062501,0.7771441374860176,-3.515850660633735,0.3906266188797674,9638205865.3693,8761209748.1354,876996117.2339001,2659166,231645
task3_maker_q95_win30,2026-01-25,btcusdt,120,0.905276371550544,1.420516130613599,-4.241979712054476,0.5152397590630549,9638205865.3693,8761209748.1354,876996117.2339001,2659166,231645
task3_maker_q95_win30,2026-01-25,btcusdt,300,0.6285311914731798,0.8508977687328082,-1.5929156154879562,0.2223665772596283,9638205865.3693,8761209748.1354,876996117.2339001,2659166,231645
task3_maker_q95_win60,2026-01-25,btcusdt,30,0.3865175186062501,0.8017728020047448,-2.6554999017111163,0.4152552833984946,9638205865.3693,8480554661.3508,1157651204.0185,2570905,319906
task3_maker_q95_win60,2026-01-25,btcusdt,120,0.905276371550544,1.364494170170471,-2.458795318733152,0.4592177986199268,9638205865.3693,8480554661.3508,1157651204.0185,2570905,319906
task3_maker_q95_win60,2026-01-25,btcusdt,300,0.6285311914731798,0.7595140351628829,-0.3310040828424355,0.130982843689703,9638205865.3693,8480554661.3508,1157651204.0185,2570905,319906
task3_maker_q99_win30,2026-01-25,btcusdt,30,0.3865175186062501,0.7588843811234314,-7.323652422420014,0.3723668625171812,9638205865.3693,9194168483.8372,444037381.5321,2779759,111052
task3_maker_q99_win30,2026-01-25,btcusdt,120,0.905276371550544,1.254874344667143,-6.333444511253415,0.3495979731165992,9638205865.3693,9194168483.8372,444037381.5321,2779759,111052
task3_maker_q99_win30,2026-01-25,btcusdt,300,0.6285311914731798,0.9481744302229403,-5.9899516525714365,0.3196432387497605,9638205865.3693,9194168483.8372,444037381.5321,2779759,111052
task3_maker_q99_win60,2026-01-25,btcusdt,30,0.3865175186062501,0.8118442513430482,-5.849995602768835,0.425326732736798,9638205865.3693,9022852344.4299,615353520.9394001,2729945,160866
task3_maker_q99_win60,2026-01-25,btcusdt,120,0.905276371550544,1.301260265995407,-4.900986351857467,0.3959838944448626,9638205865.3693,9022852344.4299,615353520.9394001,2729945,160866
task3_maker_q99_win60,2026-01-25,btcusdt,300,0.6285311914731798,0.8937818841528488,-3.260806811586852,0.2652506926796689,9638205865.3693,9022852344.4299,615353520.9394001,2729945,160866
no_filter,2026-01-25,ethusdt,30,0.5401578824970519,0.5401578824970519,,0.0,9616520425.135998,9616520425.135998,0.0,5810665,0
no_filter,2026-01-25,ethusdt,120,1.2531455638937363,1.2531455638937363,,0.0,9616520425.135998,9616520425.135998,0.0,5810665,0
no_filter,2026-01-25,ethusdt,300,1.4079404756814062,1.4079404756814062,,0.0,9616520425.135998,9616520425.135998,0.0,5810665,0
task3_maker_q90_win30,2026-01-25,ethusdt,30,0.5401578824970519,1.3497532381999335,-5.871398121628115,0.8095953557028817,9616520425.135998,8538369603.15996,1078150821.97604,5230804,579861
task3_maker_q90_win30,2026-01-25,ethusdt,120,1.2531455638937363,3.0211910996058866,-12.74881589773077,1.76804553571215,9616520425.135998,8538369603.15996,1078150821.97604,5230804,579861
task3_maker_q90_win30,2026-01-25,ethusdt,300,1.4079404756814062,2.414027676609035,-6.559724343962593,1.0060872009276287,9616520425.135998,8538369603.15996,1078150821.97604,5230804,579861
task3_maker_q90_win60,2026-01-25,ethusdt,30,0.5401578824970519,1.364481175996049,-4.183115044838638,0.8243232934989968,9616520425.135998,8187591304.614,1428929120.522,5001454,809211
task3_maker_q90_win60,2026-01-25,ethusdt,120,1.2531455638937363,3.03903341191506,-8.979776143331055,1.7858878480213236,9616520425.135998,8187591304.614,1428929120.522,5001454,809211
task3_maker_q90_win60,2026-01-25,ethusdt,300,1.4079404756814062,2.332015248263745,-3.8868963809181794,0.9240747725823386,9616520425.135998,8187591304.614,1428929120.522,5001454,809211
task3_maker_q95_win30,2026-01-25,ethusdt,30,0.5401578824970519,1.373536891487123,-7.355222732285648,0.8333790089900714,9616520425.135998,8698382384.078491,918138041.05751,5333723,476942
task3_maker_q95_win30,2026-01-25,ethusdt,120,1.2531455638937363,2.991830179119862,-15.219043749961196,1.7386846152261253,9616520425.135998,8698382384.078491,918138041.05751,5333723,476942
task3_maker_q95_win30,2026-01-25,ethusdt,300,1.4079404756814062,2.3979855640497574,-7.971684777823677,0.9900450883683511,9616520425.135998,8698382384.078491,918138041.05751,5333723,476942
task3_maker_q95_win60,2026-01-25,ethusdt,30,0.5401578824970519,1.412817411329305,-5.383053560039761,0.8726595288322532,9616520425.135998,8381660578.83225,1234859846.30375,5126681,683984
task3_maker_q95_win60,2026-01-25,ethusdt,120,1.2531455638937363,3.111117359044784,-11.357912280940512,1.8579717951510475,9616520425.135998,8381660578.83225,1234859846.30375,5126681,683984
task3_maker_q95_win60,2026-01-25,ethusdt,300,1.4079404756814062,2.3545200263560746,-5.017006070573879,0.9465795506746684,9616520425.135998,8381660578.83225,1234859846.30375,5126681,683984
task3_maker_q99_win30,2026-01-25,ethusdt,30,0.5401578824970519,1.180595968966415,-12.71996546781608,0.6404380864693631,9616520425.135998,9173460195.692982,443060229.44302,5583217,227448
task3_maker_q99_win30,2026-01-25,ethusdt,120,1.2531455638937363,2.526335370232088,-25.10795668328727,1.273189806338351,9616520425.135998,9173460195.692982,443060229.44302,5583217,227448
task3_maker_q99_win30,2026-01-25,ethusdt,300,1.4079404756814062,2.389703965080012,-18.91924687513227,0.9817634893986052,9616520425.135998,9173460195.692982,443060229.44302,5583217,227448
task3_maker_q99_win60,2026-01-25,ethusdt,30,0.5401578824970519,1.2567598742436774,-9.394699861012736,0.7166019917466255,9616520425.135998,8969546408.27758,646974016.85842,5461345,349320
task3_maker_q99_win60,2026-01-25,ethusdt,120,1.2531455638937363,2.7019576038796336,-18.832957573024988,1.448812039985897,9616520425.135998,8969546408.27758,646974016.85842,5461345,349320
task3_maker_q99_win60,2026-01-25,ethusdt,300,1.4079404756814062,2.4611179468659667,-13.193146983460812,1.0531774711845605,9616520425.135998,8969546408.27758,646974016.85842,5461345,349320
no_filter,2026-01-26,btcusdt,30,-0.1516416777612345,-0.1516416777612345,,0.0,10662750389.6195,10662750389.6195,0.0,3655855,0
no_filter,2026-01-26,btcusdt,120,-0.1108458045127249,-0.1108458045127249,,0.0,10662750389.6195,10662750389.6195,0.0,3655855,0
no_filter,2026-01-26,btcusdt,300,-0.1466500417477277,-0.1466500417477277,,0.0,10662750389.6195,10662750389.6195,0.0,3655855,0
task3_maker_q90_win30,2026-01-26,btcusdt,30,-0.1516416777612345,-0.1502641597733225,-0.1693244113775339,0.0013775179879119,10662750389.6195,9892134619.832298,770615769.7872,3434786,221069
task3_maker_q90_win30,2026-01-26,btcusdt,120,-0.1108458045127249,-0.0039688965722731,-1.4827886099270515,0.1068769079404518,10662750389.6195,9892134619.832298,770615769.7872,3434786,221069
task3_maker_q90_win30,2026-01-26,btcusdt,300,-0.1466500417477277,0.1507413453293868,-3.964162933493821,0.2973913870771146,10662750389.6195,9892134619.832298,770615769.7872,3434786,221069
task3_maker_q90_win60,2026-01-26,btcusdt,30,-0.1516416777612345,-0.1198456739480935,-0.4312596057961073,0.031796003813141,10662750389.6195,9574061614.4096,1088688775.2099,3327408,328447
task3_maker_q90_win60,2026-01-26,btcusdt,120,-0.1108458045127249,0.1322606797705017,-2.248753820457285,0.2431064842832266,10662750389.6195,9574061614.4096,1088688775.2099,3327408,328447
task3_maker_q90_win60,2026-01-26,btcusdt,300,-0.1466500417477277,0.3608626847178695,-4.609778737404411,0.5075127264655972,10662750389.6195,9574061614.4096,1088688775.2099,3327408,328447
task3_maker_q95_win30,2026-01-26,btcusdt,30,-0.1516416777612345,-0.0904080775745304,-1.3802821755129864,0.061233600186704,10662750389.6195,10156562541.2922,506187848.3273,3514567,141288
task3_maker_q95_win30,2026-01-26,btcusdt,120,-0.1108458045127249,0.0522304914856602,-3.3829405511233186,0.1630762959983852,10662750389.6195,10156562541.2922,506187848.3273,3514567,141288
task3_maker_q95_win30,2026-01-26,btcusdt,300,-0.1466500417477277,0.0849843129631686,-4.79434914813143,0.2316343547108964,10662750389.6195,10156562541.2922,506187848.3273,3514567,141288
task3_maker_q95_win60,2026-01-26,btcusdt,30,-0.1516416777612345,-0.0665633385969148,-1.2808995258494735,0.0850783391643197,10662750389.6195,9915701011.0409,747049378.5785999,3436575,219280
task3_maker_q95_win60,2026-01-26,btcusdt,120,-0.1108458045127249,0.1338672355464004,-3.3589595280607334,0.2447130400591253,10662750389.6195,9915701011.0409,747049378.5785999,3436575,219280
task3_maker_q95_win60,2026-01-26,btcusdt,300,-0.1466500417477277,0.1864984389038788,-4.568580935672315,0.3331484806516066,10662750389.6195,9915701011.0409,747049378.5785999,3436575,219280
task3_maker_q99_win30,2026-01-26,btcusdt,30,-0.1516416777612345,-0.1505063885626595,-0.2281994870653613,0.0011352891985749,10662750389.6195,10506941114.6938,155809274.9257,3616542,39313
task3_maker_q99_win30,2026-01-26,btcusdt,120,-0.1108458045127249,-0.0936258145164956,-1.272069492719197,0.0172199899962293,10662750389.6195,10506941114.6938,155809274.9257,3616542,39313
task3_maker_q99_win30,2026-01-26,btcusdt,300,-0.1466500417477277,-0.1839333468352051,2.3675359160657137,-0.0372833050874774,10662750389.6195,10506941114.6938,155809274.9257,3616542,39313
task3_maker_q99_win60,2026-01-26,btcusdt,30,-0.1516416777612345,-0.148524440318069,-0.2789693801284942,0.0031172374431654,10662750389.6195,10407943075.4381,254807314.1814,3585953,69902
task3_maker_q99_win60,2026-01-26,btcusdt,120,-0.1108458045127249,-0.0620560443782861,-2.103728339203267,0.0487897601344387,10662750389.6195,10407943075.4381,254807314.1814,3585953,69902
task3_maker_q99_win60,2026-01-26,btcusdt,300,-0.1466500417477277,-0.1560729450913232,0.2382409568508366,-0.0094229033435954,10662750389.6195,10407943075.4381,254807314.1814,3585953,69902
no_filter,2026-01-26,ethusdt,30,-0.3329150149172735,-0.3329150149172735,,0.0,13525800239.78038,13525800239.78038,0.0,8044766,0
no_filter,2026-01-26,ethusdt,120,-0.3790593846446362,-0.3790593846446362,,0.0,13525800239.78038,13525800239.78038,0.0,8044766,0
no_filter,2026-01-26,ethusdt,300,-0.4500989883588115,-0.4500989883588115,,0.0,13525800239.78038,13525800239.78038,0.0,8044766,0
task3_maker_q90_win30,2026-01-26,ethusdt,30,-0.3329150149172735,-0.2861121112315091,-0.9602139775112248,0.0468029036857643,13525800239.78038,12586703706.21189,939096533.56849,7564404,480362
task3_maker_q90_win30,2026-01-26,ethusdt,120,-0.3790593846446362,-0.1490501591124901,-3.461871287343716,0.230009225532146,13525800239.78038,12586703706.21189,939096533.56849,7564404,480362
task3_maker_q90_win30,2026-01-26,ethusdt,300,-0.4500989883588115,-0.1429865471533796,-4.566324705064936,0.3071124412054319,13525800239.78038,12586703706.21189,939096533.56849,7564404,480362
task3_maker_q90_win60,2026-01-26,ethusdt,30,-0.3329150149172735,-0.1508817557034414,-1.9495538700786077,0.1820332592138321,13525800239.78038,12156931794.30622,1368868445.4741602,7318040,726726
task3_maker_q90_win60,2026-01-26,ethusdt,120,-0.3790593846446362,-0.1099766226222395,-2.768785582034404,0.2690827620223966,13525800239.78038,12156931794.30622,1368868445.4741602,7318040,726726
task3_maker_q90_win60,2026-01-26,ethusdt,300,-0.4500989883588115,0.1294017118651469,-5.596649418875215,0.5795007002239585,13525800239.78038,12156931794.30622,1368868445.4741602,7318040,726726
task3_maker_q95_win30,2026-01-26,ethusdt,30,-0.3329150149172735,-0.3086712447718878,-0.7447632398277724,0.0242437701453856,13525800239.78038,12773857081.54007,751943158.24031,7667632,377134
task3_maker_q95_win30,2026-01-26,ethusdt,120,-0.3790593846446362,-0.2063321836314136,-3.313313863401685,0.1727272010132225,13525800239.78038,12773857081.54007,751943158.24031,7667632,377134
task3_maker_q95_win30,2026-01-26,ethusdt,300,-0.4500989883588115,-0.2378129256843027,-4.056371344573814,0.2122860626745087,13525800239.78038,12773857081.54007,751943158.24031,7667632,377134
task3_maker_q95_win60,2026-01-26,ethusdt,30,-0.3329150149172735,-0.1978320610575639,-1.843936681855258,0.1350829538597095,13525800239.78038,12415843420.13395,1109956819.64643,7462764,582002
task3_maker_q95_win60,2026-01-26,ethusdt,120,-0.3790593846446362,-0.1641833195451491,-2.7826371921665296,0.214876065099487,13525800239.78038,12415843420.13395,1109956819.64643,7462764,582002
task3_maker_q95_win60,2026-01-26,ethusdt,300,-0.4500989883588115,-0.0315631573417874,-5.131790430444205,0.4185358310170241,13525800239.78038,12415843420.13395,1109956819.64643,7462764,582002
task3_maker_q99_win30,2026-01-26,ethusdt,30,-0.3329150149172735,-0.2219668180680286,-6.53217002566081,0.1109481968492448,13525800239.78038,13287984895.61824,237815344.16214,7927310,117456
task3_maker_q99_win30,2026-01-26,ethusdt,120,-0.3790593846446362,-0.2186537363827081,-9.341760419709644,0.160405648261928,13525800239.78038,13287984895.61824,237815344.16214,7927310,117456
task3_maker_q99_win30,2026-01-26,ethusdt,300,-0.4500989883588115,-0.2620395893810395,-10.957959454216454,0.188059398977772,13525800239.78038,13287984895.61824,237815344.16214,7927310,117456
task3_maker_q99_win60,2026-01-26,ethusdt,30,-0.3329150149172735,-0.2307694373316655,-3.914852206275703,0.1021455775856079,13525800239.78038,13150781336.98957,375018902.79081,7853118,191648
task3_maker_q99_win60,2026-01-26,ethusdt,120,-0.3790593846446362,-0.2573216663545934,-4.648033833085744,0.1217377182900427,13525800239.78038,13150781336.98957,375018902.79081,7853118,191648
task3_maker_q99_win60,2026-01-26,ethusdt,300,-0.4500989883588115,-0.3166809681077199,-5.128666382373246,0.1334180202510916,13525800239.78038,13150781336.98957,375018902.79081,7853118,191648
no_filter,2026-01-27,btcusdt,30,0.0131413099096243,0.0131413099096243,,0.0,9431793152.5379,9431793152.5379,0.0,3132674,0
no_filter,2026-01-27,btcusdt,120,0.1484751277649784,0.1484751277649784,,0.0,9431793152.5379,9431793152.5379,0.0,3132674,0
no_filter,2026-01-27,btcusdt,300,0.1999187550293943,0.1999187550293943,,0.0,9431793152.5379,9431793152.5379,0.0,3132674,0
task3_maker_q90_win30,2026-01-27,btcusdt,30,0.0131413099096243,0.0358103657964396,-0.345426574178759,0.0226690558868153,9431793152.5379,8870961229.7403,560831922.7976,2964019,168655
task3_maker_q90_win30,2026-01-27,btcusdt,120,0.1484751277649784,-0.006264083187337,2.596063229082791,-0.1547392109523155,9431793152.5379,8870961229.7403,560831922.7976,2964019,168655
task3_maker_q90_win30,2026-01-27,btcusdt,300,0.1999187550293943,0.0306275523179701,2.877683045438962,-0.1692912027114241,9431793152.5379,8870961229.7403,560831922.7976,2964019,168655
task3_maker_q90_win60,2026-01-27,btcusdt,30,0.0131413099096243,0.0164414282418175,-0.0223794080625872,0.0033001183321932,9431793152.5379,8630006368.655201,801786783.8827,2893125,239549
task3_maker_q90_win60,2026-01-27,btcusdt,120,0.1484751277649784,-0.0439740827465754,2.219896041333381,-0.1924492105115539,9431793152.5379,8630006368.655201,801786783.8827,2893125,239549
task3_maker_q90_win60,2026-01-27,btcusdt,300,0.1999187550293943,0.0282829651386224,2.0473150823592623,-0.1716357898907719,9431793152.5379,8630006368.655201,801786783.8827,2893125,239549
task3_maker_q95_win30,2026-01-27,btcusdt,30,0.0131413099096243,0.0489793727853974,-0.8346200837983991,0.0358380628757731,9431793152.5379,9049247426.0627,382545726.4752,3026970,105704
task3_maker_q95_win30,2026-01-27,btcusdt,120,0.1484751277649784,0.0302835657768993,2.944336155825086,-0.118191561988079,9431793152.5379,9049247426.0627,382545726.4752,3026970,105704
task3_maker_q95_win30,2026-01-27,btcusdt,300,0.1999187550293943,0.0456075784877887,3.850201376138109,-0.1543111765416055,9431793152.5379,9049247426.0627,382545726.4752,3026970,105704
task3_maker_q95_win60,2026-01-27,btcusdt,30,0.0131413099096243,0.0227998140907308,-0.1427281456304821,0.0096585041811065,9431793152.5379,8881451000.3568,550342152.1810999,2975350,157324
task3_maker_q95_win60,2026-01-27,btcusdt,120,0.1484751277649784,-0.018268098107212,2.8393861989161517,-0.1667432258721904,9431793152.5379,8881451000.3568,550342152.1810999,2975350,157324
task3_maker_q95_win60,2026-01-27,btcusdt,300,0.1999187550293943,0.0234737923858819,3.047396971567062,-0.1764449626435123,9431793152.5379,8881451000.3568,550342152.1810999,2975350,157324
task3_maker_q99_win30,2026-01-27,btcusdt,30,0.0131413099096243,0.068381820753258,-4.054941925294139,0.0552405108436337,9431793152.5379,9305434635.9608,126358516.57709998,3097768,34906
task3_maker_q99_win30,2026-01-27,btcusdt,120,0.1484751277649784,0.1460836137044764,0.324593670256753,-0.0023915140605019,9431793152.5379,9305434635.9608,126358516.57709998,3097768,34906
task3_maker_q99_win30,2026-01-27,btcusdt,300,0.1999187550293943,0.2075177871606622,-0.3596976341906616,0.0075990321312679,9431793152.5379,9305434635.9608,126358516.57709998,3097768,34906
task3_maker_q99_win60,2026-01-27,btcusdt,30,0.0131413099096243,0.0750917502382003,-3.007808556048356,0.0619504403285759,9431793152.5379,9242262619.3266,189530533.2113,3074067,58607
task3_maker_q99_win60,2026-01-27,btcusdt,120,0.1484751277649784,0.1324641454768208,0.9292343046283924,-0.0160109822881575,9431793152.5379,9242262619.3266,189530533.2113,3074067,58607
task3_maker_q99_win60,2026-01-27,btcusdt,300,0.1999187550293943,0.2262355047303508,-1.0833906300191984,0.0263167497009565,9431793152.5379,9242262619.3266,189530533.2113,3074067,58607
no_filter,2026-01-27,ethusdt,30,-0.1673377907500295,-0.1673377907500295,,0.0,10952908877.24689,10952908877.24689,0.0,6647131,0
no_filter,2026-01-27,ethusdt,120,-0.244924195985288,-0.244924195985288,,0.0,10952908877.24689,10952908877.24689,0.0,6647131,0
no_filter,2026-01-27,ethusdt,300,-0.2158116778672574,-0.2158116778672574,,0.0,10952908877.24689,10952908877.24689,0.0,6647131,0
task3_maker_q90_win30,2026-01-27,ethusdt,30,-0.1673377907500295,-0.100599294767466,-0.9477779895799752,0.0667384959825634,10952908877.24689,10090067696.77634,862841180.4705501,6172812,474319
task3_maker_q90_win30,2026-01-27,ethusdt,120,-0.244924195985288,-0.4251969194740588,1.8631856451467372,-0.1802727234887708,10952908877.24689,10090067696.77634,862841180.4705501,6172812,474319
task3_maker_q90_win30,2026-01-27,ethusdt,300,-0.2158116778672574,-0.8017561864071328,6.636225396322292,-0.5859445085398753,10952908877.24689,10090067696.77634,862841180.4705501,6172812,474319
task3_maker_q90_win60,2026-01-27,ethusdt,30,-0.1673377907500295,-0.1597082392393641,-0.2299842884383635,0.0076295515106653,10952908877.24689,9763801301.86303,1189107575.38386,5980812,666319
task3_maker_q90_win60,2026-01-27,ethusdt,120,-0.244924195985288,-0.6242698600019289,2.8698954930458926,-0.3793456640166408,10952908877.24689,9763801301.86303,1189107575.38386,5980812,666319
task3_maker_q90_win60,2026-01-27,ethusdt,300,-0.2158116778672574,-1.0867185524535623,6.935233233390858,-0.8709068745863051,10952908877.24689,9763801301.86303,1189107575.38386,5980812,666319
task3_maker_q95_win30,2026-01-27,ethusdt,30,-0.1673377907500295,-0.0856501755722947,-1.5332565022756277,0.0816876151777347,10952908877.24689,10334842356.71786,618066520.52903,6314624,332507
task3_maker_q95_win30,2026-01-27,ethusdt,120,-0.244924195985288,-0.3832080663737212,2.067354423665552,-0.1382838703884332,10952908877.24689,10334842356.71786,618066520.52903,6314624,332507
task3_maker_q95_win30,2026-01-27,ethusdt,300,-0.2158116778672574,-0.658800130227018,7.191507225389064,-0.4429884523597606,10952908877.24689,10334842356.71786,618066520.52903,6314624,332507
task3_maker_q95_win60,2026-01-27,ethusdt,30,-0.1673377907500295,-0.1158400526740918,-0.7684834941365177,0.0514977380759377,10952908877.24689,10088654375.17733,864254502.06956,6170482,476649
task3_maker_q95_win60,2026-01-27,ethusdt,120,-0.244924195985288,-0.5418463492694399,3.221120786880345,-0.2969221532841518,10952908877.24689,10088654375.17733,864254502.06956,6170482,476649
task3_maker_q95_win60,2026-01-27,ethusdt,300,-0.2158116778672574,-0.8211433634043146,6.85037327471674,-0.6053316855370572,10952908877.24689,10088654375.17733,864254502.06956,6170482,476649
task3_maker_q99_win30,2026-01-27,ethusdt,30,-0.1673377907500295,-0.1840397510527786,0.8805335279639941,-0.016701960302749,10952908877.24689,10781070026.062908,171838851.18398,6550478,96653
task3_maker_q99_win30,2026-01-27,ethusdt,120,-0.244924195985288,-0.1791060118539994,-4.374318958686526,0.0658181841312885,10952908877.24689,10781070026.062908,171838851.18398,6550478,96653
task3_maker_q99_win30,2026-01-27,ethusdt,300,-0.2158116778672574,-0.0068124360986532,-13.328303092797269,0.2089992417686042,10952908877.24689,10781070026.062908,171838851.18398,6550478,96653
task3_maker_q99_win60,2026-01-27,ethusdt,30,-0.1673377907500295,-0.1977790263939507,1.1652016793010542,-0.0304412356439211,10952908877.24689,10708283198.59603,244625678.65086,6507520,139611
task3_maker_q99_win60,2026-01-27,ethusdt,120,-0.244924195985288,-0.15328316463496,-4.256433215491399,0.0916410313503279,10952908877.24689,10708283198.59603,244625678.65086,6507520,139611
task3_maker_q99_win60,2026-01-27,ethusdt,300,-0.2158116778672574,0.1118779213970586,-14.560148092217783,0.327689599264316,10952908877.24689,10708283198.59603,244625678.65086,6507520,139611
no_filter,2026-01-28,btcusdt,30,-0.1163112805533254,-0.1163112805533254,,0.0,10129705775.081202,10129705775.081202,0.0,3491626,0
no_filter,2026-01-28,btcusdt,120,-0.1041460499809892,-0.1041460499809892,,0.0,10129705775.081202,10129705775.081202,0.0,3491626,0
no_filter,2026-01-28,btcusdt,300,0.1385251761074499,0.1385251761074499,,0.0,10129705775.081202,10129705775.081202,0.0,3491626,0
task3_maker_q90_win30,2026-01-28,btcusdt,30,-0.1163112805533254,-0.0168358988775081,-1.6555230551689262,0.0994753816758173,10129705775.081202,9514788922.666,614916852.4152,3315643,175983
task3_maker_q90_win30,2026-01-28,btcusdt,120,-0.1041460499809892,0.0654452566818278,-2.728282109479136,0.1695913066628171,10129705775.081202,9514788922.666,614916852.4152,3315643,175983
task3_maker_q90_win30,2026-01-28,btcusdt,300,0.1385251761074499,0.6534533189191395,-7.829109098266739,0.5149281428116895,10129705775.081202,9514788922.666,614916852.4152,3315643,175983
task3_maker_q90_win60,2026-01-28,btcusdt,30,-0.1163112805533254,-0.0598979083276079,-0.6876153443859578,0.0564133722257175,10129705775.081202,9219342561.3158,910363213.7654,3226755,264871
task3_maker_q90_win60,2026-01-28,btcusdt,120,-0.1041460499809892,0.0642421163520103,-1.8094304520985485,0.1683881663329996,10129705775.081202,9219342561.3158,910363213.7654,3226755,264871
task3_maker_q90_win60,2026-01-28,btcusdt,300,0.1385251761074499,0.7262859899504129,-5.8137894660046765,0.587760813842963,10129705775.081202,9219342561.3158,910363213.7654,3226755,264871
task3_maker_q95_win30,2026-01-28,btcusdt,30,-0.1163112805533254,0.010204489494403,-3.3157229707557883,0.1265157700477285,10129705775.081202,9744379413.6954,385326361.3858,3389933,101693
task3_maker_q95_win30,2026-01-28,btcusdt,120,-0.1041460499809892,0.0535590478312349,-4.092293403900624,0.1577050978122242,10129705775.081202,9744379413.6954,385326361.3858,3389933,101693
task3_maker_q95_win30,2026-01-28,btcusdt,300,0.1385251761074499,0.5041369159292552,-9.10729828147302,0.3656117398218053,10129705775.081202,9744379413.6954,385326361.3858,3389933,101693
task3_maker_q95_win60,2026-01-28,btcusdt,30,-0.1163112805533254,-0.0299654415415238,-1.5526851147937764,0.0863458390118016,10129705775.081202,9555300676.4566,574405098.6246,3335784,155842
task3_maker_q95_win60,2026-01-28,btcusdt,120,-0.1041460499809892,0.045612859759039,-2.5954042490651803,0.1497589097400283,10129705775.081202,9555300676.4566,574405098.6246,3335784,155842
task3_maker_q95_win60,2026-01-28,btcusdt,300,0.1385251761074499,0.5799146876717483,-7.204044568712294,0.4413895115642983,10129705775.081202,9555300676.4566,574405098.6246,3335784,155842
task3_maker_q99_win30,2026-01-28,btcusdt,30,-0.1163112805533254,-0.0575396432984893,-4.926683272659239,0.058771637254836,10129705775.081202,10007437992.7711,122267782.3101,3459459,32167
task3_maker_q99_win30,2026-01-28,btcusdt,120,-0.1041460499809892,-0.0383013774668242,-5.493435565910944,0.065844672514165,10129705775.081202,10007437992.7711,122267782.3101,3459459,32167
task3_maker_q99_win30,2026-01-28,btcusdt,300,0.1385251761074499,0.2072164837886958,-5.483757237741852,0.0686913076812459,10129705775.081202,10007437992.7711,122267782.3101,3459459,32167
task3_maker_q99_win60,2026-01-28,btcusdt,30,-0.1163112805533254,-0.0646485933805149,-2.572582688142097,0.0516626871728105,10129705775.081202,9921036886.3318,208668888.7494,3436567,55059
task3_maker_q99_win60,2026-01-28,btcusdt,120,-0.1041460499809892,-0.0214117861076975,-4.037696894909219,0.0827342638732917,10129705775.081202,9921036886.3318,208668888.7494,3436567,55059
task3_maker_q99_win60,2026-01-28,btcusdt,300,0.1385251761074499,0.2442016067710705,-4.885797198507581,0.1056764306636206,10129705775.081202,9921036886.3318,208668888.7494,3436567,55059
no_filter,2026-01-28,ethusdt,30,-0.0588887687088697,-0.0588887687088697,,0.0,8568024341.45563,8568024341.45563,0.0,5683929,0
no_filter,2026-01-28,ethusdt,120,0.3213326307530569,0.3213326307530569,,0.0,8568024341.45563,8568024341.45563,0.0,5683929,0
no_filter,2026-01-28,ethusdt,300,0.387204332426968,0.387204332426968,,0.0,8568024341.45563,8568024341.45563,0.0,5683929,0
task3_maker_q90_win30,2026-01-28,ethusdt,30,-0.0588887687088697,0.2023458369058951,-4.880477392204008,0.2612346056147648,8568024341.45563,8127665832.24778,440358509.20785,5438036,245893
task3_maker_q90_win30,2026-01-28,ethusdt,120,0.3213326307530569,0.7389396817511956,-7.386411147853646,0.4176070509981387,8568024341.45563,8127665832.24778,440358509.20785,5438036,245893
task3_maker_q90_win30,2026-01-28,ethusdt,300,0.387204332426968,1.0413688380035275,-11.686663639849032,0.6541645055765595,8568024341.45563,8127665832.24778,440358509.20785,5438036,245893
task3_maker_q90_win60,2026-01-28,ethusdt,30,-0.0588887687088697,0.1666883187382941,-2.762939010108421,0.2255770874471638,8568024341.45563,7908298799.8855295,659725541.5701,5303145,380784
task3_maker_q90_win60,2026-01-28,ethusdt,120,0.3213326307530569,0.8669594899477905,-6.219236081329356,0.5456268591947335,8568024341.45563,7908298799.8855295,659725541.5701,5303145,380784
task3_maker_q90_win60,2026-01-28,ethusdt,300,0.387204332426968,1.2236464767676871,-9.639441582358373,0.8364421443407191,8568024341.45563,7908298799.8855295,659725541.5701,5303145,380784
task3_maker_q95_win30,2026-01-28,ethusdt,30,-0.0588887687088697,0.2005311189384421,-7.2081049906705745,0.2594198876473118,8568024341.45563,8268007458.572559,300016882.88307,5524525,159404
task3_maker_q95_win30,2026-01-28,ethusdt,120,0.3213326307530569,0.7163760770027756,-10.565461901159583,0.3950434462497187,8568024341.45563,8268007458.572559,300016882.88307,5524525,159404
task3_maker_q95_win30,2026-01-28,ethusdt,300,0.387204332426968,0.913103487536552,-14.105773846396763,0.5258991551095842,8568024341.45563,8268007458.572559,300016882.88307,5524525,159404
task3_maker_q95_win60,2026-01-28,ethusdt,30,-0.0588887687088697,0.2300902818004601,-5.074631047610574,0.2889790505093298,8568024341.45563,8101274179.63147,466750161.82416,5423982,259947
task3_maker_q95_win60,2026-01-28,ethusdt,120,0.3213326307530569,0.7958248779481024,-7.914319126952582,0.4744922471950455,8568024341.45563,8101274179.63147,466750161.82416,5423982,259947
task3_maker_q95_win60,2026-01-28,ethusdt,300,0.387204332426968,1.0809317233391098,-11.65366090848731,0.6937273909121418,8568024341.45563,8101274179.63147,466750161.82416,5423982,259947
task3_maker_q99_win30,2026-01-28,ethusdt,30,-0.0588887687088697,0.0911652138019409,-12.645924079319196,0.1500539825108106,8568024341.45563,8467085567.68262,100938773.77301,5635829,48100
task3_maker_q99_win30,2026-01-28,ethusdt,120,0.3213326307530569,0.6056228409654191,-23.52589124513462,0.2842902102123621,8568024341.45563,8467085567.68262,100938773.77301,5635829,48100
task3_maker_q99_win30,2026-01-28,ethusdt,300,0.387204332426968,0.6826064648183,-24.3921251396942,0.295402132391332,8568024341.45563,8467085567.68262,100938773.77301,5635829,48100
task3_maker_q99_win60,2026-01-28,ethusdt,30,-0.0588887687088697,0.1271344452128921,-10.408459451408188,0.1860232139217618,8568024341.45563,8416741799.569819,151282541.88581002,5603755,80174
task3_maker_q99_win60,2026-01-28,ethusdt,120,0.3213326307530569,0.6710529150160719,-19.13567343235072,0.349720284263015,8568024341.45563,8416741799.569819,151282541.88581002,5603755,80174
task3_maker_q99_win60,2026-01-28,ethusdt,300,0.387204332426968,0.7505488584418544,-19.82779881091477,0.3633445260148863,8568024341.45563,8416741799.569819,151282541.88581002,5603755,80174
no_filter,2026-01-29,btcusdt,30,0.134376843174822,0.134376843174822,,0.0,17337945894.413902,17337945894.413902,0.0,5246035,0
no_filter,2026-01-29,btcusdt,120,0.1491516989296606,0.1491516989296606,,0.0,17337945894.413902,17337945894.413902,0.0,5246035,0
no_filter,2026-01-29,btcusdt,300,-0.3102964023277049,-0.3102964023277049,,0.0,17337945894.413902,17337945894.413902,0.0,5246035,0
task3_maker_q90_win30,2026-01-29,btcusdt,30,0.134376843174822,0.3956581004598204,-1.396864310426052,0.2612812572849984,17337945894.413902,14810736039.4515,2527209854.9624004,4563743,682292
task3_maker_q90_win30,2026-01-29,btcusdt,120,0.1491516989296606,0.1001999401187634,0.4360339208359526,-0.0489517588108972,17337945894.413902,14810736039.4515,2527209854.9624004,4563743,682292
task3_maker_q90_win30,2026-01-29,btcusdt,300,-0.3102964023277049,-1.3559153187068569,5.817562642674057,-1.0456189163791518,17337945894.413902,14810736039.4515,2527209854.9624004,4563743,682292
task3_maker_q90_win60,2026-01-29,btcusdt,30,0.134376843174822,0.4271448991464868,-1.0024574592846742,0.2927680559716648,17337945894.413902,13787310513.8037,3550635380.6102,4254362,991673
task3_maker_q90_win60,2026-01-29,btcusdt,120,0.1491516989296606,0.0175081445926107,0.6603307883673865,-0.1316435543370498,17337945894.413902,13787310513.8037,3550635380.6102,4254362,991673
task3_maker_q90_win60,2026-01-29,btcusdt,300,-0.3102964023277049,-1.7183283243683378,5.157168217817494,-1.408031922040633,17337945894.413902,13787310513.8037,3550635380.6102,4254362,991673
task3_maker_q95_win30,2026-01-29,btcusdt,30,0.134376843174822,0.323658150268744,-1.3032595948507435,0.189281307093922,17337945894.413902,15320788560.5148,2017157333.8991,4710938,535097
task3_maker_q95_win30,2026-01-29,btcusdt,120,0.1491516989296606,0.1401466110939566,0.217547477672909,-0.009005087835704,17337945894.413902,15320788560.5148,2017157333.8991,4710938,535097
task3_maker_q95_win30,2026-01-29,btcusdt,300,-0.3102964023277049,-1.209541891868561,6.519686454101891,-0.899245489540856,17337945894.413902,15320788560.5148,2017157333.8991,4710938,535097
task3_maker_q95_win60,2026-01-29,btcusdt,30,0.134376843174822,0.4009745977577239,-1.246859132667332,0.2665977545829019,17337945894.413902,14532895021.1451,2805050873.2688,4480465,765570
task3_maker_q95_win60,2026-01-29,btcusdt,120,0.1491516989296606,0.1782233596665139,-0.0014678130390088,0.0290716607368532,17337945894.413902,14532895021.1451,2805050873.2688,4480465,765570
task3_maker_q95_win60,2026-01-29,btcusdt,300,-0.3102964023277049,-1.4962403768837778,5.834048232355641,-1.1859439745560727,17337945894.413902,14532895021.1451,2805050873.2688,4480465,765570
task3_maker_q99_win30,2026-01-29,btcusdt,30,0.134376843174822,0.2466897385647119,-1.5679447414093657,0.1123128953898899,17337945894.413902,16264851050.794102,1073094843.6198,4964490,281545
task3_maker_q99_win30,2026-01-29,btcusdt,120,0.1491516989296606,-0.0536467633817451,3.2229590165555004,-0.2027984623114058,17337945894.413902,16264851050.794102,1073094843.6198,4964490,281545
task3_maker_q99_win30,2026-01-29,btcusdt,300,-0.3102964023277049,-0.9105408294860476,8.78758181397904,-0.6002444271583426,17337945894.413902,16264851050.794102,1073094843.6198,4964490,281545
task3_maker_q99_win60,2026-01-29,btcusdt,30,0.134376843174822,0.2370840914798443,-0.9704762374016432,0.1027072483050223,17337945894.413902,15863292685.388702,1474653209.0252,4837305,408730
task3_maker_q99_win60,2026-01-29,btcusdt,120,0.1491516989296606,-0.3320389202672146,5.325465413276995,-0.4811906191968752,17337945894.413902,15863292685.388702,1474653209.0252,4837305,408730
task3_maker_q99_win60,2026-01-29,btcusdt,300,-0.3102964023277049,-1.3798257473034312,11.194955768911475,-1.0695293449757264,17337945894.413902,15863292685.388702,1474653209.0252,4837305,408730
no_filter,2026-01-29,ethusdt,30,-0.0284090294768756,-0.0284090294768756,,0.0,15233587098.39992,15233587098.39992,0.0,8707125,0
no_filter,2026-01-29,ethusdt,120,0.5375112796193257,0.5375112796193257,,0.0,15233587098.39992,15233587098.39992,0.0,8707125,0
no_filter,2026-01-29,ethusdt,300,0.0988883044215052,0.0988883044215052,,0.0,15233587098.39992,15233587098.39992,0.0,8707125,0
task3_maker_q90_win30,2026-01-29,ethusdt,30,-0.0284090294768756,0.1395078668643686,-1.0418250273802268,0.1679168963412443,15233587098.39992,13068256158.94188,2165330939.45804,7639268,1067857
task3_maker_q90_win30,2026-01-29,ethusdt,120,0.5375112796193257,0.5043756582265794,0.7374921603499655,-0.0331356213927462,15233587098.39992,13068256158.94188,2165330939.45804,7639268,1067857
task3_maker_q90_win30,2026-01-29,ethusdt,300,0.0988883044215052,-0.7593747839398479,5.278697859665741,-0.8582630883613532,15233587098.39992,13068256158.94188,2165330939.45804,7639268,1067857
task3_maker_q90_win60,2026-01-29,ethusdt,30,-0.0284090294768756,0.0995110235736714,-0.5275803064547957,0.1279200530505471,15233587098.39992,12126095132.7735,3107491965.62642,7128589,1578536
task3_maker_q90_win60,2026-01-29,ethusdt,120,0.5375112796193257,0.0523484200897333,2.430720032729752,-0.4851628595295922,15233587098.39992,12126095132.7735,3107491965.62642,7128589,1578536
task3_maker_q90_win60,2026-01-29,ethusdt,300,0.0988883044215052,-1.3327408065353754,5.685409842156702,-1.4316291109568806,15233587098.39992,12126095132.7735,3107491965.62642,7128589,1578536
task3_maker_q95_win30,2026-01-29,ethusdt,30,-0.0284090294768756,0.1510620385032363,-1.554206055627043,0.179471067980112,15233587098.39992,13630327086.01326,1603260012.38666,7945861,761264
task3_maker_q95_win30,2026-01-29,ethusdt,120,0.5375112796193257,0.6688356965872433,-0.578960623767117,0.1313244169679176,15233587098.39992,13630327086.01326,1603260012.38666,7945861,761264
task3_maker_q95_win30,2026-01-29,ethusdt,300,0.0988883044215052,-0.4223463487643535,4.530233661131193,-0.5212346531858588,15233587098.39992,13630327086.01326,1603260012.38666,7945861,761264
task3_maker_q95_win60,2026-01-29,ethusdt,30,-0.0284090294768756,0.1806932597625547,-1.1864640231922363,0.2091022892394304,15233587098.39992,12903659170.34235,2329927928.05757,7557183,1149942
task3_maker_q95_win60,2026-01-29,ethusdt,120,0.5375112796193257,0.2748381677675241,1.99225340607411,-0.2626731118518015,15233587098.39992,12903659170.34235,2329927928.05757,7557183,1149942
task3_maker_q95_win60,2026-01-29,ethusdt,300,0.0988883044215052,-1.2033951568793004,7.311223812931752,-1.3022834613008056,15233587098.39992,12903659170.34235,2329927928.05757,7557183,1149942
task3_maker_q99_win30,2026-01-29,ethusdt,30,-0.0284090294768756,0.1225706504596272,-2.8002000606123807,0.1509796799365029,15233587098.39992,14446675523.13041,786911575.26951,8361926,345199
task3_maker_q99_win30,2026-01-29,ethusdt,120,0.5375112796193257,0.6375056792205368,-1.2982561567335853,0.0999943996012111,15233587098.39992,14446675523.13041,786911575.26951,8361926,345199
task3_maker_q99_win30,2026-01-29,ethusdt,300,0.0988883044215052,-0.1856423074913605,5.322501167525087,-0.2845306119128657,15233587098.39992,14446675523.13041,786911575.26951,8361926,345199
task3_maker_q99_win60,2026-01-29,ethusdt,30,-0.0284090294768756,0.1921020572121221,-2.7372802896471127,0.2205110866889978,15233587098.39992,14086869310.31697,1146717788.08295,8165856,541269
task3_maker_q99_win60,2026-01-29,ethusdt,120,0.5375112796193257,0.2862145583930479,3.624569060369177,-0.2512967212262778,15233587098.39992,14086869310.31697,1146717788.08295,8165856,541269
task3_maker_q99_win60,2026-01-29,ethusdt,300,0.0988883044215052,-0.7197254441255636,10.1551593514501,-0.8186137485470689,15233587098.39992,14086869310.31697,1146717788.08295,8165856,541269
no_filter,2026-01-30,btcusdt,30,0.175979837358549,0.175979837358549,,0.0,19363486756.1627,19363486756.1627,0.0,7256125,0
no_filter,2026-01-30,btcusdt,120,-0.0021517658003508,-0.0021517658003508,,0.0,19363486756.1627,19363486756.1627,0.0,7256125,0
no_filter,2026-01-30,btcusdt,300,-0.992776692087915,-0.992776692087915,,0.0,19363486756.1627,19363486756.1627,0.0,7256125,0
task3_maker_q90_win30,2026-01-30,btcusdt,30,0.175979837358549,0.275136917984411,-0.5303503548645306,0.099157080625862,19363486756.1627,16979803137.3171,2383683618.8456,6509477,746648
task3_maker_q90_win30,2026-01-30,btcusdt,120,-0.0021517658003508,-0.7913523755749431,5.619597229694669,-0.7892006097745923,19363486756.1627,16979803137.3171,2383683618.8456,6509477,746648
task3_maker_q90_win30,2026-01-30,btcusdt,300,-0.992776692087915,-3.052563807207227,13.67979958565076,-2.059787115119312,19363486756.1627,16979803137.3171,2383683618.8456,6509477,746648
task3_maker_q90_win60,2026-01-30,btcusdt,30,0.175979837358549,0.197712712326158,0.0730903303631484,0.021732874967609,19363486756.1627,15986691753.6924,3376795002.4703,6128485,1127640
task3_maker_q90_win60,2026-01-30,btcusdt,120,-0.0021517658003508,-0.8632952236724014,4.074742154807242,-0.8611434578720506,19363486756.1627,15986691753.6924,3376795002.4703,6128485,1127640
task3_maker_q90_win60,2026-01-30,btcusdt,300,-0.992776692087915,-3.374739949023901,10.284103405578524,-2.381963256935986,19363486756.1627,15986691753.6924,3376795002.4703,6128485,1127640
task3_maker_q95_win30,2026-01-30,btcusdt,30,0.175979837358549,0.237647498339643,-0.474486983782829,0.061667660981094,19363486756.1627,17686695410.331497,1676791345.8312,6760362,495763
task3_maker_q95_win30,2026-01-30,btcusdt,120,-0.0021517658003508,-0.7405350993990856,7.786271731192517,-0.7383833335987348,19363486756.1627,17686695410.331497,1676791345.8312,6760362,495763
task3_maker_q95_win30,2026-01-30,btcusdt,300,-0.992776692087915,-2.6869306323922597,16.87705833233038,-1.6941539403043442,19363486756.1627,17686695410.331497,1676791345.8312,6760362,495763
task3_maker_q95_win60,2026-01-30,btcusdt,30,0.175979837358549,0.243331731428595,-0.2872487966640072,0.067351894070046,19363486756.1627,16905485680.404802,2458001075.7579,6474127,781998
task3_maker_q95_win60,2026-01-30,btcusdt,120,-0.0021517658003508,-0.7672607300859668,5.260066695878555,-0.765108964285616,19363486756.1627,16905485680.404802,2458001075.7579,6474127,781998
task3_maker_q95_win60,2026-01-30,btcusdt,300,-0.992776692087915,-3.05756878121324,13.208320874542844,-2.064792089125325,19363486756.1627,16905485680.404802,2458001075.7579,6474127,781998
task3_maker_q99_win30,2026-01-30,btcusdt,30,0.175979837358549,0.5184405398390253,-11.01508450855276,0.3424607024804763,19363486756.1627,18788533890.567497,574952865.5952001,7098967,157158
task3_maker_q99_win30,2026-01-30,btcusdt,120,-0.0021517658003508,0.0443188118066512,-1.520735417661179,0.046470577607002,19363486756.1627,18788533890.567497,574952865.5952001,7098967,157158
task3_maker_q99_win30,2026-01-30,btcusdt,300,-0.992776692087915,-1.5651005417908448,17.709845192215163,-0.5723238497029298,19363486756.1627,18788533890.567497,574952865.5952001,7098967,157158
task3_maker_q99_win60,2026-01-30,btcusdt,30,0.175979837358549,0.484286653911036,-7.120344614068414,0.308306816552487,19363486756.1627,18578452643.5574,785034112.6053,7025944,230181
task3_maker_q99_win60,2026-01-30,btcusdt,120,-0.0021517658003508,0.0097805121358978,-0.2845385525766085,0.0119322779362486,19363486756.1627,18578452643.5574,785034112.6053,7025944,230181
task3_maker_q99_win60,2026-01-30,btcusdt,300,-0.992776692087915,-1.7196421947531106,16.209069829822962,-0.7268655026651957,19363486756.1627,18578452643.5574,785034112.6053,7025944,230181
no_filter,2026-01-30,ethusdt,30,-0.2872048197085159,-0.2872048197085159,,0.0,18026448907.53639,18026448907.53639,0.0,13376998,0
no_filter,2026-01-30,ethusdt,120,-0.8435096028889011,-0.8435096028889011,,0.0,18026448907.53639,18026448907.53639,0.0,13376998,0
no_filter,2026-01-30,ethusdt,300,-1.2355660686459404,-1.2355660686459404,,0.0,18026448907.53639,18026448907.53639,0.0,13376998,0
task3_maker_q90_win30,2026-01-30,ethusdt,30,-0.2872048197085159,-0.6593599820131748,2.984968354592834,-0.3721551623046588,18026448907.53639,16185605986.88763,1840842920.6487603,12205345,1171653
task3_maker_q90_win30,2026-01-30,ethusdt,120,-0.8435096028889011,-1.1794467782860665,2.1102170276322005,-0.3359371753971654,18026448907.53639,16185605986.88763,1840842920.6487603,12205345,1171653
task3_maker_q90_win30,2026-01-30,ethusdt,300,-1.2355660686459404,-2.0241292886098727,5.697873732719331,-0.7885632199639323,18026448907.53639,16185605986.88763,1840842920.6487603,12205345,1171653
task3_maker_q90_win60,2026-01-30,ethusdt,30,-0.2872048197085159,-0.6166267484401401,1.5922458482708557,-0.3294219287316241,18026448907.53639,15338060461.708942,2688388445.82745,11576174,1800824
task3_maker_q90_win60,2026-01-30,ethusdt,120,-0.8435096028889011,-1.1755790891166096,1.0510461727670897,-0.3320694862277085,18026448907.53639,15338060461.708942,2688388445.82745,11576174,1800824
task3_maker_q90_win60,2026-01-30,ethusdt,300,-1.2355660686459404,-2.240540117942768,4.498111575478467,-1.0049740492968278,18026448907.53639,15338060461.708942,2688388445.82745,11576174,1800824
task3_maker_q95_win30,2026-01-30,ethusdt,30,-0.2872048197085159,-0.5935206159129586,3.483547290215252,-0.3063157962044426,18026448907.53639,16672096667.89109,1354352239.6453,12556942,820056
task3_maker_q95_win30,2026-01-30,ethusdt,120,-0.8435096028889011,-1.3262374419456475,5.098877437534217,-0.4827278390567464,18026448907.53639,16672096667.89109,1354352239.6453,12556942,820056
task3_maker_q95_win30,2026-01-30,ethusdt,300,-1.2355660686459404,-2.278145978856219,11.598608482266505,-1.0425799102102786,18026448907.53639,16672096667.89109,1354352239.6453,12556942,820056
task3_maker_q95_win60,2026-01-30,ethusdt,30,-0.2872048197085159,-0.7487659361525321,3.299628570438323,-0.4615611164440161,18026448907.53639,15971237176.13573,2055211731.40066,12061880,1315118
task3_maker_q95_win60,2026-01-30,ethusdt,120,-0.8435096028889011,-1.5710264066314863,4.810089607679179,-0.7275168037425854,18026448907.53639,15971237176.13573,2055211731.40066,12061880,1315118
task3_maker_q95_win60,2026-01-30,ethusdt,300,-1.2355660686459404,-2.774270191341187,10.721843531539324,-1.5387041226952465,18026448907.53639,15971237176.13573,2055211731.40066,12061880,1315118
task3_maker_q99_win30,2026-01-30,ethusdt,30,-0.2872048197085159,-0.3941993356233066,3.908766581972512,-0.1069945159147907,18026448907.53639,17578215941.8423,448232965.69409,13159169,217829
task3_maker_q99_win30,2026-01-30,ethusdt,120,-0.8435096028889011,-0.7584031133791173,-4.18110492754005,0.0851064895097838,18026448907.53639,17578215941.8423,448232965.69409,13159169,217829
task3_maker_q99_win30,2026-01-30,ethusdt,300,-1.2355660686459404,-1.3647515131888983,3.8306602344609546,-0.1291854445429578,18026448907.53639,17578215941.8423,448232965.69409,13159169,217829
task3_maker_q99_win60,2026-01-30,ethusdt,30,-0.2872048197085159,-0.4810699940264072,4.480758464283775,-0.1938651743178913,18026448907.53639,17322131801.62373,704317105.91266,13000669,376329
task3_maker_q99_win60,2026-01-30,ethusdt,120,-0.8435096028889011,-0.7898098636768867,-2.1642129516141617,0.0536997392120144,18026448907.53639,17322131801.62373,704317105.91266,13000669,376329
task3_maker_q99_win60,2026-01-30,ethusdt,300,-1.2355660686459404,-1.5006170957956215,5.283157937770389,-0.2650510271496811,18026448907.53639,17322131801.62373,704317105.91266,13000669,376329
no_filter,2026-01-31,btcusdt,30,0.0691775640015479,0.0691775640015479,,0.0,19094474308.4742,19094474308.4742,0.0,7436381,0
no_filter,2026-01-31,btcusdt,120,2.1914200577311096,2.1914200577311096,,0.0,19094474308.4742,19094474308.4742,0.0,7436381,0
no_filter,2026-01-31,btcusdt,300,2.016448962335236,2.016448962335236,,0.0,19094474308.4742,19094474308.4742,0.0,7436381,0
task3_maker_q90_win30,2026-01-31,btcusdt,30,0.0691775640015479,-1.1960805169077025,5.493942791455233,-1.2652580809092504,19094474308.4742,15483210669.1816,3611263639.2926,6250123,1186258
task3_maker_q90_win30,2026-01-31,btcusdt,120,2.1914200577311096,0.9223044049059396,7.632724536984591,-1.26911565282517,19094474308.4742,15483210669.1816,3611263639.2926,6250123,1186258
task3_maker_q90_win30,2026-01-31,btcusdt,300,2.016448962335236,0.7579247102468338,7.412343051966419,-1.258524252088402,19094474308.4742,15483210669.1816,3611263639.2926,6250123,1186258
task3_maker_q90_win60,2026-01-31,btcusdt,30,0.0691775640015479,-1.120981907133228,3.5382983921349824,-1.190159471134776,19094474308.4742,14217010840.9641,4877463467.510099,5765171,1671210
task3_maker_q90_win60,2026-01-31,btcusdt,120,2.1914200577311096,1.109258771804802,5.345743782792229,-1.0821612859263077,19094474308.4742,14217010840.9641,4877463467.510099,5765171,1671210
task3_maker_q90_win60,2026-01-31,btcusdt,300,2.016448962335236,1.3715289014625929,3.8962857992602697,-0.6449200608726431,19094474308.4742,14217010840.9641,4877463467.510099,5765171,1671210
task3_maker_q95_win30,2026-01-31,btcusdt,30,0.0691775640015479,-0.0594217708048879,0.8005038912214376,-0.1285993348064358,19094474308.4742,16238952252.3442,2855522056.13,6516077,920304
task3_maker_q95_win30,2026-01-31,btcusdt,120,2.1914200577311096,3.538902641650823,-5.4715238492030975,1.347482583919713,19094474308.4742,16238952252.3442,2855522056.13,6516077,920304
task3_maker_q95_win30,2026-01-31,btcusdt,300,2.016448962335236,3.512965648655401,-6.494030920606059,1.4965166863201649,19094474308.4742,16238952252.3442,2855522056.13,6516077,920304
task3_maker_q95_win60,2026-01-31,btcusdt,30,0.0691775640015479,-0.0548856309063003,0.5524779698218768,-0.1240631949078482,19094474308.4742,15194139344.451,3900334964.0232,6126278,1310103
task3_maker_q95_win60,2026-01-31,btcusdt,120,2.1914200577311096,3.812318236115521,-4.122948583093414,1.6208981783844116,19094474308.4742,15194139344.451,3900334964.0232,6126278,1310103
task3_maker_q95_win60,2026-01-31,btcusdt,300,2.016448962335236,4.013298028254587,-5.762473421838472,1.996849065919351,19094474308.4742,15194139344.451,3900334964.0232,6126278,1310103
task3_maker_q99_win30,2026-01-31,btcusdt,30,0.0691775640015479,0.6478186113553269,-6.476238292650229,0.578641047353779,19094474308.4742,17543553707.8382,1550920600.636,6965831,470550
task3_maker_q99_win30,2026-01-31,btcusdt,120,2.1914200577311096,4.679131872396424,-25.94883793633212,2.487711814665314,19094474308.4742,17543553707.8382,1550920600.636,6965831,470550
task3_maker_q99_win30,2026-01-31,btcusdt,300,2.016448962335236,4.512521612107332,-26.21838431796641,2.4960726497720955,19094474308.4742,17543553707.8382,1550920600.636,6965831,470550
task3_maker_q99_win60,2026-01-31,btcusdt,30,0.0691775640015479,0.7399524422891395,-5.32307234290825,0.6707748782875915,19094474308.4742,16981981924.8866,2112492383.5876,6777612,658769
task3_maker_q99_win60,2026-01-31,btcusdt,120,2.1914200577311096,4.920474076636057,-19.747000350855963,2.7290540189049475,19094474308.4742,16981981924.8866,2112492383.5876,6777612,658769
task3_maker_q99_win60,2026-01-31,btcusdt,300,2.016448962335236,4.950678449510587,-21.57134359105497,2.934229487175351,19094474308.4742,16981981924.8866,2112492383.5876,6777612,658769
no_filter,2026-01-31,ethusdt,30,0.050787754618549,0.050787754618549,,0.0,21794117072.29702,21794117072.29702,0.0,15242016,0
no_filter,2026-01-31,ethusdt,120,2.4097190438372125,2.4097190438372125,,0.0,21794117072.29702,21794117072.29702,0.0,15242016,0
no_filter,2026-01-31,ethusdt,300,3.0529152703336133,3.0529152703336133,,0.0,21794117072.29702,21794117072.29702,0.0,15242016,0
task3_maker_q90_win30,2026-01-31,ethusdt,30,0.050787754618549,-0.444951379270919,1.995937110112808,-0.495739133889468,21794117072.29702,17367779380.79763,4426337691.49939,12832934,2409082
task3_maker_q90_win30,2026-01-31,ethusdt,120,2.4097190438372125,1.08827913587332,7.59470003400746,-1.3214399079638923,21794117072.29702,17367779380.79763,4426337691.49939,12832934,2409082
task3_maker_q90_win30,2026-01-31,ethusdt,300,3.0529152703336133,-1.00117689387338,18.960101573038948,-4.054092164206994,21794117072.29702,17367779380.79763,4426337691.49939,12832934,2409082
task3_maker_q90_win60,2026-01-31,ethusdt,30,0.050787754618549,-0.0039491578324635,0.1935907767583712,-0.0547369124510126,21794117072.29702,15755122068.04945,6038995004.24757,11759495,3482521
task3_maker_q90_win60,2026-01-31,ethusdt,120,2.4097190438372125,0.8674451320017796,6.433354388169293,-1.5422739118354327,21794117072.29702,15755122068.04945,6038995004.24757,11759495,3482521
task3_maker_q90_win60,2026-01-31,ethusdt,300,3.0529152703336133,-1.4534311358328806,14.809513455980742,-4.506346406166494,21794117072.29702,15755122068.04945,6038995004.24757,11759495,3482521
task3_maker_q95_win30,2026-01-31,ethusdt,30,0.050787754618549,0.4585340704099484,-2.119053423362786,0.4077463157913993,21794117072.29702,18346524715.63614,3447592356.66088,13416775,1825241
task3_maker_q95_win30,2026-01-31,ethusdt,120,2.4097190438372125,6.349582346026561,-18.556448638427074,3.939863302189349,21794117072.29702,18346524715.63614,3447592356.66088,13416775,1825241
task3_maker_q95_win30,2026-01-31,ethusdt,300,3.0529152703336133,5.632516647172638,-10.674554662481723,2.5796013768390247,21794117072.29702,18346524715.63614,3447592356.66088,13416775,1825241
task3_maker_q95_win60,2026-01-31,ethusdt,30,0.050787754618549,0.7520016604330609,-2.4139721830714107,0.7012139058145119,21794117072.29702,16967059518.61621,4827057553.68081,12528288,2713728
task3_maker_q95_win60,2026-01-31,ethusdt,120,2.4097190438372125,6.6242914099527885,-12.40446110341832,4.214572366115576,21794117072.29702,16967059518.61621,4827057553.68081,12528288,2713728
task3_maker_q95_win60,2026-01-31,ethusdt,300,3.0529152703336133,5.262711024384181,-4.714494930601524,2.209795754050568,21794117072.29702,16967059518.61621,4827057553.68081,12528288,2713728
task3_maker_q99_win30,2026-01-31,ethusdt,30,0.050787754618549,0.1623616197463631,-1.030278978130046,0.111573865127814,21794117072.29702,19755234710.6417,2038882361.65532,14338682,903334
task3_maker_q99_win30,2026-01-31,ethusdt,120,2.4097190438372125,6.317218043303356,-35.4510037314482,3.907498999466144,21794117072.29702,19755234710.6417,2038882361.65532,14338682,903334
task3_maker_q99_win30,2026-01-31,ethusdt,300,3.0529152703336133,5.8650419519835975,-24.194474611910643,2.812126681649984,21794117072.29702,19755234710.6417,2038882361.65532,14338682,903334
task3_maker_q99_win60,2026-01-31,ethusdt,30,0.050787754618549,0.0213838546947636,0.2562559338925345,-0.0294038999237854,21794117072.29702,19065687028.54766,2728430043.74936,13937271,1304745
task3_maker_q99_win60,2026-01-31,ethusdt,120,2.4097190438372125,6.475750188655452,-26.00283909853796,4.06603114481824,21794117072.29702,19065687028.54766,2728430043.74936,13937271,1304745
task3_maker_q99_win60,2026-01-31,ethusdt,300,3.0529152703336133,5.200849489662195,-11.956390787354886,2.1479342193285818,21794117072.29702,19065687028.54766,2728430043.74936,13937271,1304745
