date,symbol,horizon_s,strategy,pnl_all,pnl_kept,pnl_filtered,score,all_clipped_turnover,kept_clipped_turnover,filtered_clipped_turnover,kept_trade_count,filtered_trade_count,split,all_weighted_pnl_sum,kept_weighted_pnl_sum,filtered_weighted_pnl_sum
2025-12-01,btcusdt,30,synthetic_maker_q90_30s_60s,0.025823717273245297,0.0035216757281563388,0.42783632479083106,-0.022302041545088958,23084398443.0136,21871079001.2815,1213319441.7320995,5552184,365174,train,596124978.8153272,77022848.06740284,519102130.7479243
2025-12-01,btcusdt,120,synthetic_maker_q90_30s_60s,-0.1696298313137473,-0.2572741943422684,1.4102317631541557,-0.0876443630285211,23084398443.0136,21871079001.2815,1213319441.7320995,5552184,365174,train,-3915802613.8677273,-5626864229.450803,1711061615.5830746
2025-12-01,btcusdt,300,synthetic_maker_q90_30s_60s,-0.4101264276152537,-0.7807973232118108,6.271520764565885,-0.37067089559655714,23084398443.0136,21871079001.2815,1213319441.7320995,5552184,365174,train,-9467521867.080292,-17076879939.954641,7609358072.87435
2025-12-01,ethusdt,30,synthetic_maker_q90_30s_60s,0.6900913885137601,0.6971290109510392,0.5770686457026518,0.007037622437279123,17668497026.029182,16632816259.556982,1035680766.4721999,8704107,603913,train,12192877645.643719,11595218748.355322,597658897.2883968
2025-12-01,ethusdt,120,synthetic_maker_q90_30s_60s,0.8551952485310531,0.8204853292860483,1.412629284071504,-0.03470991924500477,17668497026.029182,16632816259.556982,1035680766.4721999,8704107,603913,train,15110014705.3452,13646981725.676949,1463032979.6682503
2025-12-01,ethusdt,300,synthetic_maker_q90_30s_60s,0.1843434470864685,-0.16097350653512502,5.730061420069696,-0.34531695362159354,17668497026.029182,16632816259.556982,1035680766.4721999,8704107,603913,train,3257071646.6152363,-2677442756.8553295,5934514403.470566
2025-12-02,btcusdt,30,synthetic_maker_q90_30s_60s,0.0510315669818101,0.07178536683018302,-0.4131865793975945,0.020753799848372924,18647536756.4074,17849537514.352497,797999242.0549002,4624994,227067,train,951613021.03037,1281335598.2169073,-329722577.18653727
2025-12-02,btcusdt,120,synthetic_maker_q90_30s_60s,0.250936291124896,0.2893005341135001,-0.6071898302376503,0.03836424298860408,18647536756.4074,17849537514.352497,797999242.0549002,4624994,227067,train,4679343712.268046,5163880736.581134,-484537024.3130884
2025-12-02,btcusdt,300,synthetic_maker_q90_30s_60s,-0.0255852898748402,-0.11745508413633507,2.02934565828461,-0.09186979426149487,18647536756.4074,17849537514.352497,797999242.0549002,4624994,227067,train,-477102633.3644207,-2096518930.5429418,1619416297.1785214
2025-12-02,ethusdt,30,synthetic_maker_q90_30s_60s,0.1882547218675244,0.1932243528691242,0.0694535231260106,0.004969631001599806,13899909242.75878,13341801811.18053,558107431.5782499,7121026,336499,train,2616723548.479386,2577961021.0734673,38762527.40591836
2025-12-02,ethusdt,120,synthetic_maker_q90_30s_60s,0.0321671102297127,0.059474383944384444,-0.6206251897662588,0.027307273714671745,13899909242.75878,13341801811.18053,558107431.5782499,7121026,336499,train,447119912.794824,793495443.4280347,-346375530.63321066
2025-12-02,ethusdt,300,synthetic_maker_q90_30s_60s,-0.1329075629702041,0.0528110367234274,-4.572591769925616,0.1857185996936315,13899909242.75878,13341801811.18053,558107431.5782499,7121026,336499,train,-1847403062.9620843,704594385.4069452,-2551997448.3690295
2025-12-03,btcusdt,30,synthetic_maker_q90_30s_60s,-0.0861875433727873,-0.1749253851169678,1.9665125329748103,-0.0887378417441805,17083045254.2078,16375150547.8194,707894706.3884001,4772253,214611,train,-1472345703.786323,-2864429515.9256353,1392083812.1393123
2025-12-03,btcusdt,120,synthetic_maker_q90_30s_60s,0.0722233416811517,0.10596314726953893,-0.7082520467883625,0.033739805588387226,17083045254.2078,16375150547.8194,707894706.3884001,4772253,214611,train,1233794614.349227,1735162489.0594583,-501367874.71023124
2025-12-03,btcusdt,300,synthetic_maker_q90_30s_60s,0.7210239016955634,0.811670281322734,-1.3758248239894841,0.09064637962717059,17083045254.2078,16375150547.8194,707894706.3884001,4772253,214611,train,12317283942.030787,13291223051.850695,-973939109.8199081
2025-12-03,ethusdt,30,synthetic_maker_q90_30s_60s,-0.1777366175938894,-0.24863001347768665,1.4111040524936918,-0.07089339588379726,15623047708.6988,14955729414.261059,667318294.4377398,7612497,344515,train,-2776787656.2520885,-3718443205.836362,941655549.5842733
2025-12-03,ethusdt,120,synthetic_maker_q90_30s_60s,-0.2107088740122401,-0.0694859610911048,-3.375752737408536,0.14122291292113529,15623047708.6988,14955729414.261059,667318294.4377398,7612497,344515,train,-3291914791.3394313,-1039213232.1684356,-2252701559.1709957
2025-12-03,ethusdt,300,synthetic_maker_q90_30s_60s,0.12103533689293582,0.48979517341463286,-8.143495067615845,0.368759836521697,15623047708.6988,14955729414.261059,667318294.4377398,7612497,344515,train,1890940842.716768,7325244082.00032,-5434303239.283553
2025-12-04,btcusdt,30,synthetic_maker_q90_30s_60s,-0.277944484374133,-0.179966340579834,-2.7104202267224755,0.097978143794299,12734406440.3688,12241335409.838598,493071030.5302001,3761032,141424,train,-3539458031.8789444,-2203028337.518995,-1336429694.3599496
2025-12-04,btcusdt,120,synthetic_maker_q90_30s_60s,-0.3903172811647167,-0.15924625854892915,-6.127052388665635,0.23107102261578755,12734406440.3688,12241335409.838598,493071030.5302001,3761032,141424,train,-4970458899.051208,-1949386863.659319,-3021072035.3918886
2025-12-04,btcusdt,300,synthetic_maker_q90_30s_60s,-0.264996755493728,-0.07455680404779343,-4.992995718597029,0.19043995144593456,12734406440.3688,12241335409.838598,493071030.5302001,3761032,141424,train,-3374576389.8361654,-912674845.4346514,-2461901544.401514
2025-12-04,ethusdt,30,synthetic_maker_q90_30s_60s,-0.0688506708782295,-0.02686109945625466,-0.9859476337195269,0.04198957142197485,14691893578.95238,14048670790.686089,643222788.26629,6816558,319398,train,-1011546729.3824236,-377362743.3367988,-634183986.0456249
2025-12-04,ethusdt,120,synthetic_maker_q90_30s_60s,0.0565337631268303,0.15849554038861713,-2.1704200514993555,0.10196177726178683,14691893578.95238,14048670790.686089,643222788.26629,6816558,319398,train,830588031.4770929,2226651668.7115726,-1396063637.2344801
2025-12-04,ethusdt,300,synthetic_maker_q90_30s_60s,-0.2072815661397804,-0.25154815693050514,0.7595479249625328,-0.04426659079072473,14691893578.95238,14048670790.686089,643222788.26629,6816558,319398,train,-3045358710.604233,-3533917244.720508,488558534.1162751
2025-12-05,btcusdt,30,synthetic_maker_q90_30s_60s,0.10900737013848968,0.03470640237084603,1.861164690660532,-0.07430096776764365,14779615610.8184,14178375631.6969,601239979.1214998,3942588,173024,train,1611087029.3930817,492080409.63867086,1119006619.7544107
2025-12-05,btcusdt,120,synthetic_maker_q90_30s_60s,0.1775151561726784,0.1454909722996148,0.932705968523948,-0.032024183873063605,14779615610.8184,14178375631.6969,601239979.1214998,3942588,173024,train,2623605773.326584,2062825656.2847471,560780117.0418367
2025-12-05,btcusdt,300,synthetic_maker_q90_30s_60s,0.2901203365832086,0.1848607966936023,2.7723393293305834,-0.10525953988960632,14779615610.8184,14178375631.6969,601239979.1214998,3942588,173024,train,4287867055.5810785,2621025815.096646,1666841240.4844327
2025-12-05,ethusdt,30,synthetic_maker_q90_30s_60s,0.3413098518131935,0.3960453990892678,-0.8898480312499671,0.05473554727607427,15472618635.1133,14814008653.28651,658609981.8267899,7149091,372040,train,5280957173.512577,5867019969.202723,-586062795.6901456
2025-12-05,ethusdt,120,synthetic_maker_q90_30s_60s,0.1862633883487474,0.10483062785867932,2.0179174049107638,-0.08143276049006808,15472618635.1133,14814008653.28651,658609981.8267899,7149091,372040,train,2881982373.6041746,1552961828.2279334,1329020545.376241
2025-12-05,ethusdt,300,synthetic_maker_q90_30s_60s,0.1515721760056285,-0.130547787123748,6.497251243108792,-0.2821199631293765,15472618635.1133,14814008653.28651,658609981.8267899,7149091,372040,train,2345218475.029361,-1933936048.1186082,4279154523.1479692
2025-12-06,btcusdt,30,synthetic_maker_q90_30s_60s,-0.2934914452791037,-0.2843513538418695,-0.7165787246435861,0.00914009143723421,4779649451.4916,4678576645.8904,101072805.60120001,1505916,31362,train,-1402786225.445745,-1330359603.311888,-72426622.13385701
2025-12-06,btcusdt,120,synthetic_maker_q90_30s_60s,0.0163390053439972,0.04297229544520649,-1.2164939840002933,0.02663329010120929,4779649451.4916,4678576645.8904,101072805.60120001,1505916,31362,train,78094717.93035454,201049177.8902455,-122954459.95989096
2025-12-06,btcusdt,300,synthetic_maker_q90_30s_60s,0.335425662947527,0.3666505067814873,-1.1099465542792881,0.031224843833960292,4779649451.4916,4678576645.8904,101072805.60120001,1505916,31362,train,1603217085.923354,1715402498.2317462,-112185412.30839229
2025-12-06,ethusdt,30,synthetic_maker_q90_30s_60s,-0.1640318197776641,-0.1755099105060614,0.4725035412161275,-0.011478090728397311,4654730132.84645,4572282130.20233,82448002.64411998,2738202,48320,train,-763523854.2647313,-802480827.4802747,38956973.21554333
2025-12-06,ethusdt,120,synthetic_maker_q90_30s_60s,-0.1190768199263453,-0.15572399734009157,1.9132493618793047,-0.03664717741374626,4654730132.84645,4572282130.20233,82448002.64411998,2738202,48320,train,-554270461.8346901,-712014050.2817758,157743588.44708577
2025-12-06,ethusdt,300,synthetic_maker_q90_30s_60s,0.0360007195014735,0.07430443487899792,-2.0881913497348012,0.03830371537752442,4654730132.84645,4572282130.20233,82448002.64411998,2738202,48320,train,167573633.86766154,339740839.7920249,-172167205.92436334
2025-12-07,btcusdt,30,synthetic_maker_q90_30s_60s,-0.0167270128561642,0.043592768528602985,-1.3744005665835008,0.060319781384767186,10767751009.3826,10309703449.631401,458047559.75119996,2856814,137846,train,-180112309.56591782,449428516.0783214,-629540825.6442392
2025-12-07,btcusdt,120,synthetic_maker_q90_30s_60s,-0.337482124029935,-0.4099060564432917,1.2926308411901561,-0.0724239324133567,10767751009.3826,10309703449.631401,458047559.75119996,2856814,137846,train,-3633923481.6719165,-4226009884.1382084,592086402.4662919
2025-12-07,btcusdt,300,synthetic_maker_q90_30s_60s,-0.374167426328043,-0.5265820605220739,3.0563708365065545,-0.1524146341940309,10767751009.3826,10309703449.631401,458047559.75119996,2856814,137846,train,-4028941682.521875,-5428904885.878436,1399963203.356561
2025-12-07,ethusdt,30,synthetic_maker_q90_30s_60s,-0.5155704052233445,-0.558212939525917,0.31922887406639466,-0.04264253430257248,11987217123.807867,11404653916.224207,582563207.5836601,5353151,325379,train,-6180254390.021836,-6366225386.851275,185970996.82943916
2025-12-07,ethusdt,120,synthetic_maker_q90_30s_60s,-1.115505517642375,-1.3267328216625898,3.0196239732836005,-0.21122730402021483,11987217123.807867,11404653916.224207,582563207.5836601,5353151,325379,train,-13371806842.784836,-15130928670.357447,1759121827.5726109
2025-12-07,ethusdt,300,synthetic_maker_q90_30s_60s,-1.6925487129048955,-2.153713792840695,7.3355328179054355,-0.4611650799357996,11987217123.807867,11404653916.224207,582563207.5836601,5353151,325379,train,-20288948914.21253,-24562360441.946724,4273411527.7341957
2025-12-08,btcusdt,30,synthetic_maker_q90_30s_60s,-0.1113216378413432,-0.08880376636932641,-0.7042047911542827,0.022517871472016796,12956057419.4553,12481987952.5458,474069466.9094999,3657841,130537,train,-1442289531.9002504,-1108447541.962624,-333841989.9376265
2025-12-08,btcusdt,120,synthetic_maker_q90_30s_60s,-0.0448697800540986,0.048407206639476265,-2.500801463967499,0.09327698669357487,12956057419.4553,12481987952.5458,474069466.9094999,3657841,130537,train,-581335446.7792315,604218170.0903378,-1185553616.8695693
2025-12-08,btcusdt,300,synthetic_maker_q90_30s_60s,0.44571275737583455,0.7924950259992688,-8.68487337240022,0.34678226862343425,12956057419.4553,12481987952.5458,474069466.9094999,3657841,130537,train,5774680077.145061,9891913366.975344,-4117233289.830283
2025-12-08,ethusdt,30,synthetic_maker_q90_30s_60s,-0.0776379805329861,-0.05127848653970561,-0.883336153836135,0.026359493993280483,12595702562.06043,12196672111.31705,399030450.74337995,6831949,237591,train,-977904910.3125308,-625426886.6893742,-352478023.62315655
2025-12-08,ethusdt,120,synthetic_maker_q90_30s_60s,0.0307336017792833,0.08258740879495009,-1.554217824146679,0.05185380701566679,12595702562.06043,12196672111.31705,399030450.74337995,6831949,237591,train,387111306.6726637,1007291545.5953083,-620180238.9226446
2025-12-08,ethusdt,300,synthetic_maker_q90_30s_60s,0.6561531492413784,0.8888597741517372,-6.4567035184022465,0.23270662491035887,12595702562.06043,12196672111.31705,399030450.74337995,6831949,237591,train,8264709903.00365,10841131218.268066,-2576421315.2644157
2025-12-09,btcusdt,30,synthetic_maker_q90_30s_60s,-0.2822137362408394,-0.29072938339891213,-0.09779649052414514,-0.008515647158072737,15254386612.9971,14581090462.8511,673296150.1459999,3890315,187719,train,-4304997440.116156,-4239151439.548459,-65846000.56769668
2025-12-09,btcusdt,120,synthetic_maker_q90_30s_60s,-0.0342663526554677,0.011103912167557552,-1.0168175458630777,0.04537026482302525,15254386612.9971,14581090462.8511,673296150.1459999,3890315,187719,train,-522712191.2238042,161907147.8067097,-684619339.0305139
2025-12-09,btcusdt,300,synthetic_maker_q90_30s_60s,-0.2779053631939199,-0.38083761275577604,1.951224332677262,-0.10293224956185615,15254386612.9971,14581090462.8511,673296150.1459999,3890315,187719,train,-4239275851.985429,-5553027683.248227,1313751831.2627983
2025-12-09,ethusdt,30,synthetic_maker_q90_30s_60s,-0.2860533408343006,-0.31396490449956477,0.23146096898355492,-0.02791156366526415,16713570877.23268,15858272439.271389,855298437.9612901,7551673,421784,train,-4780972786.70328,-4978940991.923922,197968205.22064114
2025-12-09,ethusdt,120,synthetic_maker_q90_30s_60s,0.18146354989458902,0.15717443291452685,0.6318132959987565,-0.02428911698006217,16713570877.23268,15858272439.271389,855298437.9612901,7551673,421784,train,3032903902.797462,2492514977.646551,540388925.1509106
2025-12-09,ethusdt,300,synthetic_maker_q90_30s_60s,0.0949863176907914,-0.24332683271539465,6.367723260503158,-0.33831315040618604,16713570877.23268,15858272439.271389,855298437.9612901,7551673,421784,train,1587560553.0923824,-3858743204.9857426,5446303758.078125
2025-12-10,btcusdt,30,synthetic_maker_q90_30s_60s,-0.1824572519165939,-0.16545867118364047,-0.5826726761410455,0.016998580732953433,13470706686.3873,12921868698.1662,548837988.2211001,3760225,156826,train,-2457828123.3727136,-2138035224.0080576,-319792899.364656
2025-12-10,btcusdt,120,synthetic_maker_q90_30s_60s,-0.1660297585524035,-0.08638211058937839,-2.041257915465919,0.07964764796302512,13470706686.3873,12921868698.1662,548837988.2211001,3760225,156826,train,-2236538178.671131,-1116218290.9064198,-1120319887.7647114
2025-12-10,btcusdt,300,synthetic_maker_q90_30s_60s,-0.1318345547788081,0.18222564888699605,-7.526083499248715,0.3140602036658041,13470706686.3873,12921868698.1662,548837988.2211001,3760225,156826,train,-1775904618.555783,2354695908.355899,-4130600526.911682
2025-12-10,ethusdt,30,synthetic_maker_q90_30s_60s,0.0069412134723234,-0.029913670977442273,0.6792812556670978,-0.036854884449765674,15128259323.7465,14342085835.53397,786173488.2125299,7936021,495742,train,105008477.43079129,-429024436.8143984,534032914.24518967
2025-12-10,ethusdt,120,synthetic_maker_q90_30s_60s,0.4962018149260046,0.7070612924305213,-3.3504869515464724,0.21085947750451667,15128259323.7465,14342085835.53397,786173488.2125299,7936021,495742,train,7506669733.1142645,10140733747.022121,-2634064013.907856
2025-12-10,ethusdt,300,synthetic_maker_q90_30s_60s,1.3826842313772572,1.5803881039364367,-2.224008124413163,0.19770387255917954,15128259323.7465,14342085835.53397,786173488.2125299,7936021,495742,train,20917605615.130253,22666061840.113155,-1748456224.9829025
2025-12-11,btcusdt,30,synthetic_maker_q90_30s_60s,-0.282985807446621,-0.33403213504715096,0.9821241263461532,-0.05104632760052996,15703317180.4207,15094273484.9873,609043695.4334002,4227023,186243,train,-4443815891.891747,-5041972399.175908,598156507.2841607
2025-12-11,btcusdt,120,synthetic_maker_q90_30s_60s,-0.0627122394855855,-0.19726118853370056,3.2718902681467332,-0.13454894904811504,15703317180.4207,15094273484.9873,609043695.4334002,4227023,186243,train,-984790187.7366523,-2977514327.7013173,1992724139.964665
2025-12-11,btcusdt,300,synthetic_maker_q90_30s_60s,-0.2918849884242064,-0.5109582058477868,5.137530145205077,-0.21907321742358044,15703317180.4207,15094273484.9873,609043695.4334002,4227023,186243,train,-4583562553.428738,-7712542898.464932,3128980345.036193
2025-12-11,ethusdt,30,synthetic_maker_q90_30s_60s,-0.0553013759410477,0.004415845258527219,-1.4061452069477418,0.05971722119957491,15498484303.572948,14842343675.014559,656140628.5583901,7892849,379956,train,-857087506.9883144,65541492.94274449,-922628999.9310589
2025-12-11,ethusdt,120,synthetic_maker_q90_30s_60s,0.2777894091453214,0.2993673842356876,-0.21031894470830387,0.021577975090366186,15498484303.572948,14842343675.014559,656140628.5583901,7892849,379956,train,4305314797.337567,4443313601.916211,-137998804.5786438
2025-12-11,ethusdt,300,synthetic_maker_q90_30s_60s,0.1415796747581972,0.20167353056446438,-1.2177838851436773,0.060093855806267193,15498484303.572948,14842343675.014559,656140628.5583901,7892849,379956,train,2194270366.9448824,2993307850.791333,-799037483.8464508
2025-12-12,btcusdt,30,synthetic_maker_q90_30s_60s,-0.0930593607436245,-0.1487408424055588,1.3210211010386188,-0.05568148166193429,12201885610.1803,11739620906.1071,462264704.0732001,3342679,140895,train,-1135499674.7502093,-1746161103.0962794,610661428.34607
2025-12-12,btcusdt,120,synthetic_maker_q90_30s_60s,0.1170478686783266,0.1954755650266487,-1.8746928278443002,0.0784276963483221,12201885610.1803,11739620906.1071,462264704.0732001,3342679,140895,train,1428204704.5283468,2294809029.819943,-866604325.2915962
2025-12-12,btcusdt,300,synthetic_maker_q90_30s_60s,-0.2459846400568446,-0.43799225275234016,4.630218462343152,-0.19200761269549557,12201885610.1803,11739620906.1071,462264704.0732001,3342679,140895,train,-3001476439.8349924,-5141863007.124317,2140386567.289325
2025-12-12,ethusdt,30,synthetic_maker_q90_30s_60s,0.2745113520519178,0.04722611940592321,4.469024523145287,-0.2272852326459946,13684952227.52412,12981530844.00926,703421383.5148597,6802845,397406,train,3756674738.7435503,613067325.7108564,3143607413.032694
2025-12-12,ethusdt,120,synthetic_maker_q90_30s_60s,0.110267319208669,-0.17641143897926503,5.4008786497075825,-0.28667875818793404,13684952227.52412,12981530844.00926,703421383.5148597,6802845,397406,train,1509002995.627788,-2290090536.3453865,3799093531.973175
2025-12-12,ethusdt,300,synthetic_maker_q90_30s_60s,-0.1437628825229178,-0.6729963528045068,9.62315745733532,-0.529233470281589,13684952227.52412,12981530844.00926,703421383.5148597,6802845,397406,train,-1967388179.4172924,-8736522911.837442,6769134732.420151
2025-12-13,btcusdt,30,synthetic_maker_q90_30s_60s,-0.0554000165621605,-0.046483020280503426,-1.1015695720425638,0.008916996281657076,2973507541.5984,2948377133.4365,25130408.161899984,909231,7332,train,-164732367.05226052,-137049474.0881014,-27682892.964159116
2025-12-13,btcusdt,120,synthetic_maker_q90_30s_60s,0.187960945927496,0.22016501942747144,-3.5903204611683295,0.03220407349997545,2973507541.5984,2948377133.4365,25130408.161899984,909231,7332,train,558903290.2413784,649129508.8625596,-90226218.6211811
2025-12-13,btcusdt,300,synthetic_maker_q90_30s_60s,0.250872196312242,0.29935125264406415,-5.436840483023638,0.048479056331822146,2973507541.5984,2948377133.4365,25130408.161899984,909231,7332,train,745970367.7118059,882600388.1613314,-136630020.44952548
2025-12-13,ethusdt,30,synthetic_maker_q90_30s_60s,0.0561709198197932,0.047388197167328505,0.4791766946242695,-0.008782722652464693,4234057177.31861,4147935036.26557,86122141.05304,2325859,44864,train,237830886.21958357,196563163.33582276,41267722.88376081
2025-12-13,ethusdt,120,synthetic_maker_q90_30s_60s,-0.0527715402119866,0.01821571834274528,-3.4717591929489533,0.07098725855473188,4234057177.31861,4147935036.26557,86122141.05304,2325859,44864,train,-223437718.59271953,75557616.32461855,-298995334.9173381
2025-12-13,ethusdt,300,synthetic_maker_q90_30s_60s,0.1384634851319427,0.30417914340086305,-7.842965873064481,0.16571565826892035,4234057177.31861,4147935036.26557,86122141.05304,2325859,44864,train,586262313.0194507,1261715326.2136889,-675453013.1942382
2025-12-14,btcusdt,30,synthetic_maker_q90_30s_60s,0.17427734628863212,0.22304570934773046,-1.7848081584253173,0.048768363059098346,7442384029.8624,7261617445.0929,180766584.76950002,2102554,56984,train,1297038938.7853148,1619672614.0526001,-322633675.26728535
2025-12-14,btcusdt,120,synthetic_maker_q90_30s_60s,0.9980723788742252,1.1119796305871976,-3.577722905504413,0.11390725171297245,7442384029.8624,7261617445.0929,180766584.76950002,2102554,56984,train,7428037933.180308,8074770684.059953,-646732750.8796453
2025-12-14,btcusdt,300,synthetic_maker_q90_30s_60s,1.270323144705671,1.3044535863730256,-0.100738940338515,0.03413044166735446,7442384029.8624,7261617445.0929,180766584.76950002,2102554,56984,train,9454232684.92207,9472442919.120361,-18210234.19829178
2025-12-14,ethusdt,30,synthetic_maker_q90_30s_60s,-0.3800341749717481,-0.17633555161253864,-6.653788563124447,0.20369862335920944,7670937482.59599,7429706955.36525,241230527.23074007,4039812,126067,train,-2915218397.4582253,-1310121474.2938464,-1605096923.164379
2025-12-14,ethusdt,120,synthetic_maker_q90_30s_60s,0.5962441294932043,0.9742629181641661,-11.046431678121143,0.37801878867096184,7670937482.59599,7429706955.36525,241230527.23074007,4039812,126067,train,4573751441.707238,7238487979.43875,-2664736537.731512
2025-12-14,ethusdt,300,synthetic_maker_q90_30s_60s,0.935342244561114,1.2866302637551787,-9.884047280903706,0.3512880191940647,7670937482.59599,7429706955.36525,241230527.23074007,4039812,126067,train,7174951882.859315,9559285819.605278,-2384333936.745964
2025-12-15,btcusdt,30,synthetic_maker_q90_30s_60s,0.0145915429291433,0.06745164232220995,-0.9451188572977639,0.05286009939306664,15548287461.9883,14736606674.387701,811680787.6006,4109590,252732,train,226873503.9762628,994008322.443891,-767134818.4676281
2025-12-15,btcusdt,120,synthetic_maker_q90_30s_60s,0.1352699586369278,-0.040263903942907596,3.3222044412452774,-0.17553386257983541,15548287461.9883,14736606674.387701,811680787.6006,4109590,252732,train,2103216201.8582206,-593353315.5819573,2696569517.440178
2025-12-15,btcusdt,300,synthetic_maker_q90_30s_60s,-0.1870282146223997,-0.40951727484299555,3.852409234078716,-0.22248906022059584,15548287461.9883,14736606674.387701,811680787.6006,4109590,252732,train,-2907968444.4515142,-6034895005.728351,3126926561.2768364
2025-12-15,ethusdt,30,synthetic_maker_q90_30s_60s,0.1841088851768592,0.2645904036556713,-1.1317985488212081,0.08048151847881213,17235111128.16028,16241757584.160238,993353544.00004,8334916,588210,train,3173137095.704869,4297413195.270518,-1124276099.5656495
2025-12-15,ethusdt,120,synthetic_maker_q90_30s_60s,0.6677111782179538,0.6350962937834305,1.2009785630483738,-0.03261488443452332,17235111128.16028,16241757584.160238,993353544.00004,8334916,588210,train,11508076358.101267,10315080046.22909,1192996311.8721776
2025-12-15,ethusdt,300,synthetic_maker_q90_30s_60s,-0.3309094199469924,-0.47767244880598453,2.0687292096653933,-0.14676302885899212,17235111128.16028,16241757584.160238,993353544.00004,8334916,588210,train,-5703260626.141472,-7758240118.138992,2054979491.9975204
2025-12-16,btcusdt,30,synthetic_maker_q90_30s_60s,-0.0339756813495719,-0.08732183537912659,1.2676320615594474,-0.05334615402955469,11776866870.928,11313197549.4097,463669321.5182997,3799696,148719,train,-400127076.1029796,-987889174.0210922,587762097.9181125
2025-12-16,btcusdt,120,synthetic_maker_q90_30s_60s,0.2182513324488603,0.21535269872459295,0.28897590796883726,-0.002898633724267352,11776866870.928,11313197549.4097,463669321.5182997,3799696,148719,train,2570316886.652876,2436327623.4698305,133989263.18304539
2025-12-16,btcusdt,300,synthetic_maker_q90_30s_60s,0.4232036274984491,0.4790569954410804,-0.9395783294051122,0.05585336794263129,11776866870.928,11313197549.4097,463669321.5182997,3799696,148719,train,4984012780.343039,5419666426.851604,-435653646.5085659
2025-12-16,ethusdt,30,synthetic_maker_q90_30s_60s,0.1164376713414285,0.2280089494244939,-2.4310716057719275,0.1115712780830654,12641484717.50637,12111065808.59312,530418908.91324985,7961575,359094,train,1471945042.804698,2761431391.428226,-1289486348.623528
2025-12-16,ethusdt,120,synthetic_maker_q90_30s_60s,0.5754586225812132,0.7372722608543031,-3.1192354935627282,0.16181363827308992,12641484717.50637,12111065808.59312,530418908.91324985,7961575,359094,train,7274651382.917672,8929152870.056698,-1654501487.1390247
2025-12-16,ethusdt,300,synthetic_maker_q90_30s_60s,1.2537230242724255,1.9712310919134644,-15.12915337657309,0.7175080676410388,12641484717.50637,12111065808.59312,530418908.91324985,7961575,359094,train,15848920451.325735,23873709478.10884,-8024789026.783108
2025-12-17,btcusdt,30,synthetic_maker_q90_30s_60s,-0.3648504154551116,-0.42960848310608585,0.8258898460876264,-0.06475806765097425,16966673510.7515,16091539736.7967,875133773.9548001,4821685,304572,train,-6190297879.288921,-6913061977.166534,722764097.8776135
2025-12-17,btcusdt,120,synthetic_maker_q90_30s_60s,-0.5015981903929391,-0.7370452687969885,3.8276896634285196,-0.23544707840404944,16966673510.7515,16091539736.7967,875133773.9548001,4821685,304572,train,-8510452729.980766,-11860193230.664745,3349740500.683979
2025-12-17,btcusdt,300,synthetic_maker_q90_30s_60s,-1.1471616757660594,-1.627592196530703,7.686764114479447,-0.48043052076464354,16966673510.7515,16091539736.7967,875133773.9548001,4821685,304572,train,-19463517616.769302,-26190464505.77403,6726946889.004726
2025-12-17,ethusdt,30,synthetic_maker_q90_30s_60s,-0.1111034990904864,-0.0005729897077624307,-1.718402746644354,0.11053050938272398,16118590395.227629,15081470156.90255,1037120238.3250799,8501239,617304,train,-1790831793.3160958,-8641527.177831411,-1782190266.1382644
2025-12-17,ethusdt,120,synthetic_maker_q90_30s_60s,-0.0572227957970338,-0.14475861041645666,1.2156949692395598,-0.08753581461942286,16118590395.227629,15081470156.90255,1037120238.3250799,8501239,617304,train,-922350806.7221409,-2183172662.950474,1260821856.228333
2025-12-17,ethusdt,300,synthetic_maker_q90_30s_60s,-0.3059158156435479,-0.43400663296893627,1.5567398027502266,-0.12809081732538835,16118590395.227629,15081470156.90255,1037120238.3250799,8501239,617304,train,-4930931727.780317,-6545458083.01877,1614526355.238453
2025-12-18,btcusdt,30,synthetic_maker_q90_30s_60s,-0.0681220484228598,-0.08425731032427938,0.2147926450036248,-0.01613526190141959,18342032717.479897,17352387019.735397,989645697.7444997,5049360,323032,train,-1249496840.953844,-1462065457.988843,212568617.0349989
2025-12-18,btcusdt,120,synthetic_maker_q90_30s_60s,-0.109075489912991,-0.09984891584721815,-0.2708536741868526,0.009226574065772847,18342032717.479897,17352387019.735397,989645697.7444997,5049360,323032,train,-2000666204.6592293,-1732617031.2819202,-268049173.3773091
2025-12-18,btcusdt,300,synthetic_maker_q90_30s_60s,-0.166369899478835,-0.423610873903569,4.344077582610115,-0.25724097442473404,18342032717.479897,17352387019.735397,989645697.7444997,5049360,323032,train,-3051562139.444633,-7350659829.743059,4299097690.298427
2025-12-18,ethusdt,30,synthetic_maker_q90_30s_60s,0.0824762195315126,0.10847878483147588,-0.2967529918407402,0.02600256529996328,17090076952.006647,15993455542.957067,1096621409.04958,9407807,705136,train,1409524938.504144,1734950622.556215,-325425684.0520711
2025-12-18,ethusdt,120,synthetic_maker_q90_30s_60s,0.0967366678865616,0.07749876261059858,0.3773080485213737,-0.019237905275963016,17090076952.006647,15993455542.957067,1096621409.04958,9407807,705136,train,1653237098.262048,1239473014.446792,413764083.8152561
2025-12-18,ethusdt,300,synthetic_maker_q90_30s_60s,-0.5362175311965509,-0.9485278207312822,5.477039397001304,-0.41231028953473126,17090076952.006647,15993455542.957067,1096621409.04958,9407807,705136,train,-9163998871.16408,-15170237532.123713,6006238660.959633
2025-12-19,btcusdt,30,synthetic_maker_q90_30s_60s,-0.30848244380769674,-0.3403333473532802,0.4995722245273805,-0.03185090354558345,14596045821.62,14042534494.661701,553511326.9583001,4417977,199428,train,-4502623884.982459,-4779142769.892119,276518884.9096602
2025-12-19,btcusdt,120,synthetic_maker_q90_30s_60s,-0.4063150487213547,-0.4131225295269421,-0.2336098494266519,-0.006807480805587407,14596045821.62,14042534494.661701,553511326.9583001,4417977,199428,train,-5930593069.150657,-5801287371.403982,-129305697.74667478
2025-12-19,btcusdt,300,synthetic_maker_q90_30s_60s,-0.150144921439645,0.14230663327015328,-7.569615571837332,0.2924515547097983,14596045821.62,14042534494.661701,553511326.9583001,4417977,199428,train,-2191522153.2165937,1998345806.5152998,-4189867959.7318935
2025-12-19,ethusdt,30,synthetic_maker_q90_30s_60s,-0.3414354868533807,-0.45611879976072023,2.3986579081788566,-0.11468331290733952,13853683735.62835,13297147617.63575,556536117.9926,8629047,398493,train,-4730139250.987027,-6065079011.597138,1334939760.6101112
2025-12-19,ethusdt,120,synthetic_maker_q90_30s_60s,-0.8416006541656672,-0.9098029552802974,0.7879361116687127,-0.06820230111463021,13853683735.62835,13297147617.63575,556536117.9926,8629047,398493,train,-11659269294.509083,-12097784199.323372,438514904.8142891
2025-12-19,ethusdt,300,synthetic_maker_q90_30s_60s,0.8072605257121479,1.2978793393922645,-10.914945057323498,0.4906188136801166,13853683735.62835,13297147617.63575,556536117.9926,8629047,398493,train,11183532015.473175,17258093165.77851,-6074561150.305336
2025-12-20,btcusdt,30,synthetic_maker_q90_30s_60s,0.1974863870756255,0.25563085389398504,-2.4956483938240406,0.05814446681835955,2942997809.3007,2880801636.8797,62196172.421,895122,13802,train,581202004.530276,736421782.3347476,-155219777.80447173
2025-12-20,btcusdt,120,synthetic_maker_q90_30s_60s,0.4327834879557285,0.5199272681092775,-3.6035411722007864,0.08714378015354896,2942997809.3007,2880801636.8797,62196172.421,895122,13802,train,1273680856.955225,1497807325.0275972,-224126468.07237256
2025-12-20,btcusdt,300,synthetic_maker_q90_30s_60s,0.4667664736380008,0.5779137752414346,-4.681353031635983,0.11114730160343383,2942997809.3007,2880801636.8797,62196172.421,895122,13802,train,1373692709.3716493,1664854949.690852,-291162240.31920266
2025-12-20,ethusdt,30,synthetic_maker_q90_30s_60s,-0.1645439169382508,-0.1764222777060074,0.8500930216607324,-0.011878360767756613,2854873447.02256,2821838170.5187,33035276.503860004,1748957,17698,train,-469752059.33609784,-497835117.360662,28083058.024564147
2025-12-20,ethusdt,120,synthetic_maker_q90_30s_60s,-0.0329593111265706,-0.042244931184989655,0.760208474671116,-0.009285620058419056,2854873447.02256,2821838170.5187,33035276.503860004,1748957,17698,train,-94094662.16740163,-119208359.32873958,25113697.16133797
2025-12-20,ethusdt,300,synthetic_maker_q90_30s_60s,-0.0954431155144979,-0.1073276761624239,0.9197234102520867,-0.011884560647926007,2854873447.02256,2821838170.5187,33035276.503860004,1748957,17698,train,-272478016.183447,-302861333.34819776,30383317.164750755
2025-12-21,btcusdt,30,synthetic_maker_q90_30s_60s,0.2777100501481615,0.2593420103533035,1.1006611932794126,-0.018368039794858015,5628290708.8631,5505411461.8241005,122879247.03899997,1749864,39239,train,1563032895.006803,1427784476.3315816,135248418.67522144
2025-12-21,btcusdt,120,synthetic_maker_q90_30s_60s,0.1930848051055146,0.2022871940646921,-0.21921376339026916,0.009202388959177493,5628290708.8631,5505411461.8241005,122879247.03899997,1749864,39239,train,1086737414.5980103,1113674236.783992,-26936822.185981773
2025-12-21,btcusdt,300,synthetic_maker_q90_30s_60s,0.5308618332661165,0.6030070974176089,-2.7014932937952714,0.07214526415149247,5628290708.8631,5505411461.8241005,122879247.03899997,1749864,39239,train,2987844723.8617153,3319802185.684186,-331957461.8224709
2025-12-21,ethusdt,30,synthetic_maker_q90_30s_60s,0.0342186167223773,0.07176388371863195,-1.2779883231324614,0.03754526699625465,5286766455.66963,5139707568.03274,147058887.63688993,3087097,94259,train,180905835.04728016,368845376.26007414,-187939541.212794
2025-12-21,ethusdt,120,synthetic_maker_q90_30s_60s,0.1773502335296069,0.26643552683998734,-2.936180431535215,0.08908529331038043,5286766455.66963,5139707568.03274,147058887.63688993,3087097,94259,train,937609265.5295011,1369400693.6922731,-431791428.1627722
2025-12-21,ethusdt,300,synthetic_maker_q90_30s_60s,0.6693230197988183,0.8456803465077406,-5.4943648832537795,0.17635732670892235,5286766455.66963,5139707568.03274,147058887.63688993,3087097,94259,train,3538554489.079892,4346549677.082384,-807995188.0024915
2025-12-22,btcusdt,30,synthetic_maker_q90_30s_60s,-0.19085623067669702,-0.18246283083285408,-0.4244930178589489,0.008393399843842936,12779680336.4176,12336491954.5961,443188381.82149994,3722011,148344,train,-2439081618.2617664,-2250951244.5823336,-188130373.67943263
2025-12-22,btcusdt,120,synthetic_maker_q90_30s_60s,0.115055911961872,0.25710044202676163,-3.8388636270337817,0.14204453006488965,12779680336.4176,12336491954.5961,443188381.82149994,3722011,148344,train,1470377775.68773,3171717534.586246,-1701339758.8985157
2025-12-22,btcusdt,300,synthetic_maker_q90_30s_60s,0.7550500212031427,1.0257309841727709,-6.779564284823661,0.2706809629696282,12779680336.4176,12336491954.5961,443188381.82149994,3722011,148344,train,9649297908.981495,12653922033.827328,-3004624124.845833
2025-12-22,ethusdt,30,synthetic_maker_q90_30s_60s,-0.2581090509171903,-0.2923983057899388,0.699932486402662,-0.03428925487274853,11498721524.86319,11101391726.998499,397329797.86469007,6787499,262237,train,-2967924099.5435047,-3246028132.884804,278104033.34129965
2025-12-22,ethusdt,120,synthetic_maker_q90_30s_60s,-0.3327824402638852,-0.2702924833691008,-2.078751391549286,0.062489956894784426,11498721524.86319,11101391726.998499,397329797.86469007,6787499,262237,train,-3826572608.9588356,-3000622738.7436147,-825949870.2152209
2025-12-22,ethusdt,300,synthetic_maker_q90_30s_60s,0.4097396600712085,0.5602309358936718,-3.7949855162919395,0.1504912758224633,11498721524.86319,11101391726.998499,397329797.86469007,6787499,262237,train,4711482248.850931,6219343076.938634,-1507860828.0877028
2025-12-23,btcusdt,30,synthetic_maker_q90_30s_60s,-0.12345141437084571,-0.09665140801845314,-1.1615034946397307,0.026800006352392575,10802373840.5243,10530501632.933899,271872207.5904,3184631,89235,train,-1333568329.1753492,-1017787809.9636813,-315780519.2116679
2025-12-23,btcusdt,120,synthetic_maker_q90_30s_60s,-0.1723611142427748,-0.12474513648158919,-2.0166839893611614,0.04761597776118562,10802373840.5243,10530501632.933899,271872207.5904,3184631,89235,train,-1861909191.6197708,-1313628863.4199371,-548280328.1998336
2025-12-23,btcusdt,300,synthetic_maker_q90_30s_60s,-0.0341270803912715,0.05135671257103327,-3.345194546085106,0.08548379296230477,10802373840.5243,10530501632.933899,271872207.5904,3184631,89235,train,-368653480.472141,540811945.5913827,-909465426.0635238
2025-12-23,ethusdt,30,synthetic_maker_q90_30s_60s,-0.1513960974507896,-0.12751923031495088,-1.0416981427851273,0.023876867135838725,11139674435.23058,10848724247.255009,290950187.97556996,6190268,189624,train,-1686503236.3662386,-1383420965.9091036,-303082270.4571349
2025-12-23,ethusdt,120,synthetic_maker_q90_30s_60s,-0.0668733162409398,0.07804207337381844,-5.470365618662281,0.14491538961475825,11139674435.23058,10848724247.255009,290950187.97556996,6190268,189624,train,-744946971.328287,846656933.7165986,-1591603905.0448856
2025-12-23,ethusdt,300,synthetic_maker_q90_30s_60s,0.11956135292824668,0.2642495418105079,-5.275459265344049,0.14468818888226123,11139674435.23058,10848724247.255009,290950187.97556996,6190268,189624,train,1331874546.6563704,2866770411.5656834,-1534895864.9093132
2025-12-24,btcusdt,30,synthetic_maker_q90_30s_60s,-0.2663001184032859,-0.27910510629339336,0.2942446837028756,-0.012804987890107478,6644074082.4541,6495687722.7637,148386359.69039994,2126764,48534,train,-1769317714.8377297,-1812979612.3106525,43661897.47292286
2025-12-24,btcusdt,120,synthetic_maker_q90_30s_60s,-0.2790811351262561,-0.22092383343919708,-2.8249463436662716,0.058157301687059015,6644074082.4541,6495687722.7637,148386359.69039994,2126764,48534,train,-1854235736.7942286,-1435052232.536885,-419183504.25734353
2025-12-24,btcusdt,300,synthetic_maker_q90_30s_60s,0.7195519274615332,0.9889959704126724,-11.075496926228773,0.2694440429511392,6644074082.4541,6495687722.7637,148386359.69039994,2126764,48534,train,4780756312.227065,6424208982.872367,-1643452670.6453016
2025-12-24,ethusdt,30,synthetic_maker_q90_30s_60s,-0.0304976984433285,-0.055302456790873436,0.9194384212336689,-0.024804758347544937,7111685714.8468,6930710801.84431,180974913.00248998,4138673,107944,train,-216890046.35512477,-383285334.64903474,166395288.29390997
2025-12-24,ethusdt,120,synthetic_maker_q90_30s_60s,-0.1154256317704625,-0.10801539433924547,-0.3992119961714792,0.007410237431217034,7111685714.8468,6930710801.84431,180974913.00248998,4138673,107944,train,-820870816.5891651,-748623460.3124813,-72247356.2766838
2025-12-24,ethusdt,300,synthetic_maker_q90_30s_60s,0.5945017520753224,0.8755731393292521,-10.169556466885517,0.28107138725392966,7111685714.8468,6930710801.84431,180974913.00248998,4138673,107944,train,4227909617.6854644,6068344214.55398,-1840434596.8685157
2025-12-25,btcusdt,30,synthetic_maker_q90_30s_60s,-0.1378484472592764,-0.0979545876788982,-1.8470145355653227,0.039893859580378194,4820501259.8751,4710551683.475,109949576.40010002,1430606,34939,train,-664498613.6851681,-461420147.89493346,-203078465.7902347
2025-12-25,btcusdt,120,synthetic_maker_q90_30s_60s,-0.1186974565163608,-0.08267061126365911,-1.6621896836974457,0.03602684525270168,4820501259.8751,4710551683.475,109949576.40010002,1430606,34939,train,-572181238.6810871,-389424187.06193674,-182757051.6191504
2025-12-25,btcusdt,300,synthetic_maker_q90_30s_60s,-0.3719190916058736,-0.3684854442405925,-0.519026282979916,0.003433647365281123,4820501259.8751,4710551683.475,109949576.40010002,1430606,34939,train,-1792836449.6577165,-1735769729.7035563,-57066719.95416021
2025-12-25,ethusdt,30,synthetic_maker_q90_30s_60s,0.0820960466645157,0.09307997431215967,-0.26268810136984905,0.01098392764764397,5111681956.52001,4953864691.26778,157817265.25223,2704932,81678,train,419648880.43662965,461105598.2091198,-41456717.772490144
2025-12-25,ethusdt,120,synthetic_maker_q90_30s_60s,0.1668512759838957,0.15575862283293357,0.5150483042951246,-0.01109265315096214,5111681956.52001,4953864691.26778,157817265.25223,2704932,81678,train,852890656.8692201,771607142.0125651,81283514.85665494
2025-12-25,ethusdt,300,synthetic_maker_q90_30s_60s,-0.0182033536127163,-0.026245273481390358,0.23423152937526096,-0.008041919868674058,5111681956.52001,4953864691.26778,157817265.25223,2704932,81678,train,-93049754.21027525,-130015533.6121263,36965779.40185106
2025-12-26,btcusdt,30,synthetic_maker_q90_30s_60s,-0.0949292027908492,-0.1488836660030968,1.320379504806868,-0.0539544632122476,12087820359.9366,11643929931.126,443890428.8105998,3184854,130449,train,-1147487150.2477772,-1733590974.8292253,586103824.5814481
2025-12-26,btcusdt,120,synthetic_maker_q90_30s_60s,-0.2582303208291458,-0.2424031406271482,-0.6734016453678842,0.01582718020199761,12087820359.9366,11643929931.126,443890428.8105998,3184854,130449,train,-3121441729.6715093,-2822525184.5473957,-298916545.12411356
2025-12-26,btcusdt,300,synthetic_maker_q90_30s_60s,-0.2868594411813662,-0.7683730580016239,12.343984684386427,-0.48151361682025773,12087820359.9366,11643929931.126,443890428.8105998,3184854,130449,train,-3467505393.5521536,-8946882048.335922,5479376654.783768
2025-12-26,ethusdt,30,synthetic_maker_q90_30s_60s,0.1123307795996819,0.02648740071554094,2.282604252599885,-0.08584337888414095,9878474588.76572,9502606806.823261,375867781.94246006,4954288,196544,train,1109656751.8117003,251699354.33455467,857957397.4771457
2025-12-26,ethusdt,120,synthetic_maker_q90_30s_60s,-0.0157024114357481,0.006696207664463029,-0.5819793858152423,0.02239861910021113,9878474588.76572,9502606806.823261,375867781.94246006,4954288,196544,train,-155115872.35038185,63631428.53222847,-218747300.88261035
2025-12-26,ethusdt,300,synthetic_maker_q90_30s_60s,0.2766127215833679,-0.22338654296253163,12.91748444015978,-0.49999926454589955,9878474588.76572,9502606806.823261,375867781.94246006,4954288,196544,train,2732511741.090627,-2122754483.7084699,4855266224.799097
2025-12-27,btcusdt,30,synthetic_maker_q90_30s_60s,-0.1409882299761708,-0.13847101068088896,-0.40288461670579373,0.0025172192952818417,2257770615.0788,2236276623.7444,21493991.334400006,682095,5745,train,-318319082.7121705,-309659484.2519331,-8659598.460237399
2025-12-27,btcusdt,120,synthetic_maker_q90_30s_60s,0.0633279195031781,0.09219038035161328,-2.9395785902707208,0.028862460848435176,2257770615.0788,2236276623.7444,21493991.334400006,682095,5745,train,142979915.76835117,206163192.51441783,-63183276.74606666
2025-12-27,btcusdt,300,synthetic_maker_q90_30s_60s,0.3298226179014301,0.40232334856708984,-7.21329427786657,0.07250073066565976,2257770615.0788,2236276623.7444,21493991.334400006,682095,5745,train,744663814.8862119,899706299.5871531,-155042484.7009412
2025-12-27,ethusdt,30,synthetic_maker_q90_30s_60s,-0.1678836281467627,-0.15323972175074554,-1.5619235101167661,0.014643906396017148,2514802790.9086,2488660276.1876597,26142514.720940024,1294678,12064,train,-422194216.6113404,-381361608.2551305,-40832608.356209874
2025-12-27,ethusdt,120,synthetic_maker_q90_30s_60s,0.0834817719259349,0.16840954198601704,-8.001293925816361,0.08492777006008215,2514802790.9086,2488660276.1876597,26142514.720940024,1294678,12064,train,209940193.02933627,419114137.27155846,-209173944.24222222
2025-12-27,ethusdt,300,synthetic_maker_q90_30s_60s,0.3880325927972942,0.5181503820501295,-11.998647755115499,0.13011778925283535,2514802790.9086,2488660276.1876597,26142514.720940024,1294678,12064,train,975825447.3301357,1289500272.8996167,-313674825.5694809
2025-12-28,btcusdt,30,synthetic_maker_q90_30s_60s,0.0396993070851516,0.06740918431480047,-2.501198366923926,0.027709877229648877,3026182793.2062,2993536640.767,32646152.439200014,850964,9474,train,120137360.00329475,201791863.1705714,-81654503.16727662
2025-12-28,btcusdt,120,synthetic_maker_q90_30s_60s,0.2218047148419065,0.2781352616766499,-4.943507070621844,0.05633054683474342,3026182793.2062,2993536640.767,32646152.439200014,850964,9474,train,671221611.5065854,832608096.9183692,-161386485.4117838
2025-12-28,btcusdt,300,synthetic_maker_q90_30s_60s,0.3011586734770006,0.3811872814779691,-7.037181451186979,0.0800286080009685,3026182793.2062,2993536640.767,32646152.439200014,850964,9474,train,911361195.7009037,1141098094.0986645,-229736898.39776087
2025-12-28,ethusdt,30,synthetic_maker_q90_30s_60s,-0.047935070454843305,-0.051360129039769505,0.18708032806456276,-0.0034250585849261994,3263751844.58501,3216869946.22716,46881898.357850015,1807916,25153,train,-156448174.61730725,-165218855.5423833,8770680.925076067
2025-12-28,ethusdt,120,synthetic_maker_q90_30s_60s,0.3290545212086852,0.37240334713739326,-2.6453884987793037,0.043348825928708035,3263751844.58501,3216869946.22716,46881898.357850015,1807916,25153,train,1073952300.5638838,1197973135.2806807,-124020834.71679676
2025-12-28,ethusdt,300,synthetic_maker_q90_30s_60s,0.3930421008576653,0.45165655812420413,-3.6288745151441506,0.058614457266538855,3263751844.58501,3216869946.22716,46881898.357850015,1807916,25153,train,1282791881.6737726,1452920407.8461528,-170128526.17238033
2025-12-29,btcusdt,30,synthetic_maker_q90_30s_60s,0.0490996159298983,0.04610698573638247,0.11880909102007776,-0.0029926301935158314,15197169143.2177,14571609442.346699,625559700.871,3400533,155354,train,746175168.1536907,671852988.7144154,74322179.43927526
2025-12-29,btcusdt,120,synthetic_maker_q90_30s_60s,0.025610444148361996,-0.12609957730593183,3.5595004598319004,-0.15171002145429383,15197169143.2177,14571609442.346699,625559700.871,3400533,155354,train,389206251.55558723,-1837473791.3470438,2226680042.902631
2025-12-29,btcusdt,300,synthetic_maker_q90_30s_60s,-0.4000457198145215,-0.8805921692062528,10.793666358653779,-0.4805464493917313,15197169143.2177,14571609442.346699,625559700.871,3400533,155354,train,-6079562469.04156,-12831645167.662395,6752082698.620834
2025-12-29,ethusdt,30,synthetic_maker_q90_30s_60s,0.1069538305199847,0.11700077886284214,-0.21504259568681228,0.01004694834285745,13916224763.83084,13495148476.675789,421076287.1550498,6332387,217597,train,1488393544.8687775,1578942882.640765,-90549337.77198744
2025-12-29,ethusdt,120,synthetic_maker_q90_30s_60s,0.1763309903654011,0.0721733340554957,3.514498158081398,-0.1041576563099054,13916224763.83084,13495148476.675789,421076287.1550498,6332387,217597,train,2453861694.753812,973989859.1356356,1479871835.6181762
2025-12-29,ethusdt,300,synthetic_maker_q90_30s_60s,-0.7182210770468405,-1.1210089511747854,12.190798812642825,-0.4027878741279449,13916224763.83084,13495148476.675789,421076287.1550498,6332387,217597,train,-9994925938.304499,-15128182239.78633,5133256301.481831
2025-12-30,btcusdt,30,synthetic_maker_q90_30s_60s,0.011594522759027,-0.025369400546106917,1.0129789714251634,-0.036963923305133914,10115935315.4307,9755820476.0831,360114839.3476001,2513751,83344,train,117289442.24360624,-247499317.31366363,364788759.5572699
2025-12-30,btcusdt,120,synthetic_maker_q90_30s_60s,-0.1006061445115596,-0.2339116575570059,3.5107547649682584,-0.1333055130454463,10115935315.4307,9755820476.0831,360114839.3476001,2513751,83344,train,-1017725250.2138102,-2282000138.3891764,1264274888.175366
2025-12-30,btcusdt,300,synthetic_maker_q90_30s_60s,-0.3381758715069493,-0.22273649401391252,-3.465527814940157,0.11543937749303676,10115935315.4307,9755820476.0831,360114839.3476001,2513751,83344,train,-3420965241.4037027,-2172977249.0718884,-1247987992.3318143
2025-12-30,ethusdt,30,synthetic_maker_q90_30s_60s,-0.065589053348936,-0.035205062842554743,-1.1533811450765972,0.030383990506381256,8984404807.91572,8740273248.73964,244131559.17608,4516372,121928,train,-589278606.2548213,-307701868.9829791,-281576737.2718422
2025-12-30,ethusdt,120,synthetic_maker_q90_30s_60s,-0.0614985410179598,-0.08299508435876737,0.7081097117459529,-0.021496543340807577,8984404807.91572,8740273248.73964,244131559.17608,4516372,121928,train,-552527787.6015601,-725399715.5978241,172871927.99626404
2025-12-30,ethusdt,300,synthetic_maker_q90_30s_60s,-0.1996320370932462,-0.1945610184608511,-0.3811820531836114,0.005071018632395091,8984404807.91572,8740273248.73964,244131559.17608,4516372,121928,train,-1793575033.8745706,-1700516464.900916,-93058568.97365451
2025-12-31,btcusdt,30,synthetic_maker_q90_30s_60s,0.0212684976117159,0.05825558079460818,-1.9525718255859468,0.036987083182892275,7627351957.1762,7487054734.048,140297223.1282,1971474,41674,train,162222316.8849186,436162721.97298694,-273940405.08806837
2025-12-31,btcusdt,120,synthetic_maker_q90_30s_60s,0.1862915627662697,0.2525550052138,-3.349901167276283,0.06626344244753027,7627351957.1762,7487054734.048,140297223.1282,1971474,41674,train,1420911315.8707201,1890893147.3934984,-469981831.5227783
2025-12-31,btcusdt,300,synthetic_maker_q90_30s_60s,0.4116651620104923,0.4542660483784244,-1.8617595063039631,0.04260088636793208,7627351957.1762,7487054734.048,140297223.1282,1971474,41674,train,3139915079.161986,3401114768.02896,-261199688.8669746
2025-12-31,ethusdt,30,synthetic_maker_q90_30s_60s,-0.2546179298165885,-0.27543100623364586,0.6964387199153476,-0.020813076417057375,6835255508.60377,6688875092.17245,146380416.43131995,3333447,72220,train,-1740378607.3681245,-1842323597.2082286,101944989.84010397
2025-12-31,ethusdt,120,synthetic_maker_q90_30s_60s,0.2671019273063897,0.32397585395165623,-2.331760684278382,0.056873926645266526,6835255508.60377,6688875092.17245,146380416.43131995,3333447,72220,train,1825709919.979684,2167034019.962533,-341324099.9828491
2025-12-31,ethusdt,300,synthetic_maker_q90_30s_60s,0.4808650699723292,0.4531733193895179,1.7462437678046663,-0.027691750582811314,6835255508.60377,6688875092.17245,146380416.43131995,3333447,72220,train,3286835618.4235005,3031219728.5016565,255615889.92184424
2026-02-01,btcusdt,30,synthetic_maker_q90_30s_60s,-0.3296051671913012,-0.4167514387937269,1.5337149664609409,-0.08714627160242572,13595179919.170898,12987751235.176098,607428683.9947999,5855583,292729,validation,-4481041550.254145,-5412664013.954642,931622463.7004979
2026-02-01,btcusdt,120,synthetic_maker_q90_30s_60s,-0.570508366859986,-0.5471953404227655,-1.068976410737043,0.02331302643722044,13595179919.170898,12987751235.176098,607428683.9947999,5855583,292729,validation,-7756163892.853866,-7106836958.458378,-649326934.3954866
2026-02-01,btcusdt,300,synthetic_maker_q90_30s_60s,0.1348020360178982,0.38857826990455363,-5.291320703928252,0.25377623388665543,13595179919.170898,12987751235.176098,607428683.9947999,5855583,292729,validation,1832657933.1338818,5046757904.915458,-3214099971.781576
2026-02-01,ethusdt,30,synthetic_maker_q90_30s_60s,-0.2086894815485886,-0.24595026565385353,0.39301232415525417,-0.03726078410526493,16428200726.07704,15470198410.67515,958002315.4018898,12796177,869689,validation,-3428392692.301164,-3804899408.8233757,376506716.52221155
2026-02-01,ethusdt,120,synthetic_maker_q90_30s_60s,-1.060709646213899,-1.1983168888449032,1.1614262630865873,-0.1376072426310042,16428200726.07704,15470198410.67515,958002315.4018898,12796177,869689,validation,-17425550980.088097,-18538200029.29361,1112649049.205515
2026-02-01,ethusdt,300,synthetic_maker_q90_30s_60s,-0.1490942176810457,-0.21799350972950243,0.9635186656161423,-0.06889929204845674,16428200726.07704,15470198410.67515,958002315.4018898,12796177,869689,validation,-2449349735.161643,-3372402847.7548466,923053112.5932035
2026-02-02,btcusdt,30,synthetic_maker_q90_30s_60s,-0.1449057603906293,-0.16304336809081474,0.19250964895120884,-0.018137607700185437,18795658671.019,17836847278.339302,958811392.6797001,8841123,533376,validation,-2723599211.766733,-2908179656.381922,184580444.61518872
2026-02-02,btcusdt,120,synthetic_maker_q90_30s_60s,-0.1550310515488774,-0.17445917626239402,0.2063919520420791,-0.019428124713516626,18795658671.019,17836847278.339302,958811392.6797001,8841123,533376,validation,-2913910728.3218513,-3111801683.2971992,197890954.97534776
2026-02-02,btcusdt,300,synthetic_maker_q90_30s_60s,-0.3783908822019626,-0.39249600538963003,-0.11599211424673687,-0.014105123187667434,18795658671.019,17836847278.339302,958811392.6797001,8841123,533376,validation,-7112105866.093847,-7000891305.493071,-111214560.60077667
2026-02-02,ethusdt,30,synthetic_maker_q90_30s_60s,-0.003978070709771,-0.1057757592834487,1.5840972567662506,-0.1017976885736777,20740413421.44527,19491014131.49086,1249399289.9544096,17799440,1280118,validation,-82506831.14039277,-2061676818.9628742,1979169987.8224816
2026-02-02,ethusdt,120,synthetic_maker_q90_30s_60s,0.3461038379852442,0.1512215843258929,3.386327080140126,-0.1948822536593513,20740413421.44527,19491014131.49086,1249399289.9544096,17799440,1280118,validation,7178336686.562878,2947462037.082415,4230874649.4804626
2026-02-02,ethusdt,300,synthetic_maker_q90_30s_60s,0.4105125879181363,0.05498152845376263,5.95690673102421,-0.35553105946437363,20740413421.44527,19491014131.49086,1249399289.9544096,17799440,1280118,validation,8514200788.129545,1071645748.0632544,7442555040.066291
2026-02-03,btcusdt,30,synthetic_maker_q90_30s_60s,-0.11104381795216939,-0.14235309131869964,0.3999270369667312,-0.03130927336653025,21647930470.5929,20398058056.7421,1249872413.8508,7342631,509566,validation,-2403868850.2177386,-2903726621.275545,499857771.0578065
2026-02-03,btcusdt,120,synthetic_maker_q90_30s_60s,-0.42216353220503655,-0.4672977238225547,0.31443154002459867,-0.04513419161751814,21647930470.5929,20398058056.7421,1249872413.8508,7342631,509566,validation,-9138966792.394537,-9531966100.315907,392999307.92136955
2026-02-03,btcusdt,300,synthetic_maker_q90_30s_60s,-0.5932023038709833,-0.837861947271908,3.399670532531676,-0.24465964340092472,21647930470.5929,20398058056.7421,1249872413.8508,7342631,509566,validation,-12841602229.194567,-17090756643.987368,4249154414.792801
2026-02-03,ethusdt,30,synthetic_maker_q90_30s_60s,-0.0832710861990156,-0.2204436213948892,2.1157223959821305,-0.1371725351958736,22430362144.52658,21113319769.181683,1317042375.3448997,15093809,1075971,validation,-1867800619.6120093,-4654296669.586717,2786496049.9747076
2026-02-03,ethusdt,120,synthetic_maker_q90_30s_60s,-0.1769298627614181,-0.3068474888440374,1.905761199033007,-0.1299176260826193,22430362144.52658,21113319769.181683,1317042375.3448997,15093809,1075971,validation,-3968600895.9199953,-6478569152.334571,2509968256.4145756
2026-02-03,ethusdt,300,synthetic_maker_q90_30s_60s,-1.3825410534387863,-1.774655121381297,4.903384029493224,-0.3921140679425108,22430362144.52658,21113319769.181683,1317042375.3448997,15093809,1075971,validation,-31010896508.307255,-37468861057.73926,6457964549.432001
2026-02-04,btcusdt,30,synthetic_maker_q90_30s_60s,-0.4157036612914518,-0.2316395365607471,-3.0746284789071328,0.18406412473070471,20261582369.3745,18949783238.2108,1311799131.1637,7580019,562001,validation,-8422813974.507309,-4389519007.225763,-4033294967.2815456
2026-02-04,btcusdt,120,synthetic_maker_q90_30s_60s,-0.14843177544064,0.13918378959705968,-4.303223834621986,0.2876155650376997,20261582369.3745,18949783238.2108,1311799131.1637,7580019,562001,validation,-3007462644.3230267,2637502643.13702,-5644965287.460047
2026-02-04,btcusdt,300,synthetic_maker_q90_30s_60s,0.0918852395807833,0.8416859904049474,-10.739469471990926,0.7498007508241641,20261582369.3745,18949783238.2108,1311799131.1637,7580019,562001,validation,1861740350.295751,15949767072.812529,-14088026722.516777
2026-02-04,ethusdt,30,synthetic_maker_q90_30s_60s,-0.2418901912890708,-0.17581765645212633,-1.2867649642447996,0.06607253483694447,21471362473.96348,20194373605.898853,1276988868.06463,15685947,1061311,validation,-5193711976.064003,-3550527440.907812,-1643184535.1561906
2026-02-04,ethusdt,120,synthetic_maker_q90_30s_60s,-0.1160730617438005,0.27526999621374115,-6.304794136851518,0.39134305795754165,21471362473.96348,20194373605.898853,1276988868.06463,15685947,1061311,validation,-2492246782.163884,5558905146.034652,-8051151928.198536
2026-02-04,ethusdt,300,synthetic_maker_q90_30s_60s,-0.1988807819928532,0.579854620131983,-12.513846122671849,0.7787354021248362,21471362473.96348,20194373605.898853,1276988868.06463,15685947,1061311,validation,-4270241359.2738605,11709800836.051823,-15980042195.325684
2026-02-05,btcusdt,30,synthetic_maker_q90_30s_60s,-0.48395260163252934,-0.4939668997692055,-0.381186160556813,-0.010014298136676147,41345673267.9503,37674408993.054,3671264274.8962994,14278823,1717089,validation,-20009346144.27307,-18609911010.93596,-1399435133.3371124
2026-02-05,btcusdt,120,synthetic_maker_q90_30s_60s,-0.0180675447404804,-0.26060497617274864,2.470844640194004,-0.24253743143226825,41345673267.9503,37674408993.054,3671264274.8962994,14278823,1717089,validation,-747014801.5939766,-9818138457.957226,9071123656.363249
2026-02-05,btcusdt,300,synthetic_maker_q90_30s_60s,0.1110368180781343,-0.3015664337101449,4.345159587726678,-0.4126032517882792,41345673267.9503,37674408993.054,3671264274.8962994,14278823,1717089,validation,4590892000.971378,-11361337162.172707,15952229163.144085
2026-02-05,ethusdt,30,synthetic_maker_q90_30s_60s,0.1333196861176145,0.0749973771698004,0.7590438734708154,-0.058322308947814094,31813171056.23014,29100756620.977142,2712414435.2530003,24462712,2412815,validation,4241321979.6225805,2182480420.229989,2058841559.3925915
2026-02-05,ethusdt,120,synthetic_maker_q90_30s_60s,0.2599614047433262,-0.3659303447538281,6.974983724514817,-0.6258917494971543,31813171056.23014,29100756620.977142,2712414435.2530003,24462712,2412815,validation,8270196637.117313,-10648849902.911411,18919046540.028725
2026-02-05,ethusdt,300,synthetic_maker_q90_30s_60s,0.4749701127162807,0.8168756325353481,-3.193241201273168,0.3419055198190674,31813171056.23014,29100756620.977142,2712414435.2530003,24462712,2412815,validation,15110305442.439949,23771698972.01792,-8661393529.577972
2026-02-06,btcusdt,30,synthetic_maker_q90_30s_60s,-0.1273781379956412,-0.3504627024605956,2.4530552556093044,-0.22308456446495437,33209526120.3311,30566941774.004303,2642584346.3267994,12422509,1304174,validation,-4230167600.9253864,-10712573020.07322,6482405419.147834
2026-02-06,btcusdt,120,synthetic_maker_q90_30s_60s,-0.2054832701567556,-0.36111872973225734,1.5947620228373638,-0.15563545957550173,33209526120.3311,30566941774.004303,2642584346.3267994,12422509,1304174,validation,-6824002027.561828,-11038295185.228306,4214293157.666479
2026-02-06,btcusdt,300,synthetic_maker_q90_30s_60s,-0.755587683334424,-1.0972434337417563,3.1963661848442744,-0.3416557504073322,33209526120.3311,30566941774.004303,2642584346.3267994,12422509,1304174,validation,-25092708905.89502,-33539376151.09281,8446667245.197792
2026-02-06,ethusdt,30,synthetic_maker_q90_30s_60s,-0.1238816511091938,0.13701418053025785,-3.8023435638640337,0.2608958316394516,23687209972.03989,22118453147.74089,1568756824.2989998,20400259,1512355,validation,-2934410681.506462,3030541732.63462,-5964952414.141083
2026-02-06,ethusdt,120,synthetic_maker_q90_30s_60s,0.2777335134351029,0.521404953251326,-3.157875652712147,0.24367143981622308,23687209972.03989,22118453147.74089,1568756824.2989998,20400259,1512355,validation,6578732049.009644,11532671029.489483,-4953938980.479839
2026-02-06,ethusdt,300,synthetic_maker_q90_30s_60s,0.3416422429480702,0.1690678194718715,2.774829618475416,-0.17257442347619872,23687209972.03989,22118453147.74089,1568756824.2989998,20400259,1512355,validation,8092551544.029604,3739518643.7793045,4353032900.250299
2026-02-07,btcusdt,30,synthetic_maker_q90_30s_60s,-0.0287584167894765,0.06678196205999239,-1.6793553213811374,0.0955403788494689,16670369478.078102,15758245654.481903,912123823.5962,7315034,494594,validation,-479413433.4851379,1052366563.4296503,-1531779996.9147882
2026-02-07,btcusdt,120,synthetic_maker_q90_30s_60s,-0.1861561558730445,-0.1745006132982604,-0.3875223502188594,0.0116555425747841,16670369478.078102,15758245654.481903,912123823.5962,7315034,494594,validation,-3103291899.0223503,-2749823531.2117386,-353468367.8106117
2026-02-07,btcusdt,300,synthetic_maker_q90_30s_60s,-0.4057595670558733,-0.3342616068317808,-1.6409892495385567,0.0714979602240925,16670369478.078102,15758245654.481903,912123823.5962,7315034,494594,validation,-6764161902.086415,-5267376513.317048,-1496785388.7693672
2026-02-07,ethusdt,30,synthetic_maker_q90_30s_60s,4.020022610078704,3.523648225622814,8.044819259941505,-0.4963743844558901,15930448628.87148,14181462233.03745,1748986395.8340302,11488453,1130347,validation,64040763676.76064,49970484234.17936,14070279442.581284
2026-02-07,ethusdt,120,synthetic_maker_q90_30s_60s,3.488810015765237,3.0840658597981503,6.770633119456517,-0.4047441559670868,15930448628.87148,14181462233.03745,1748986395.8340302,11488453,1130347,validation,55578308732.04041,43736563514.92764,11841745217.11277
2026-02-07,ethusdt,300,synthetic_maker_q90_30s_60s,4.273341112366012,3.6001414739160147,9.731905724825726,-0.6731996384499972,15930448628.87148,14181462233.03745,1748986395.8340302,11488453,1130347,validation,68076241064.19126,51055270345.93175,17020970718.259512
2026-02-08,btcusdt,30,synthetic_maker_q90_30s_60s,-0.2436227037310542,-0.28732295492747045,0.852595267231221,-0.04370025119641624,10523863339.0093,10120417317.5916,403446021.41770005,5079485,209939,validation,-2563852040.345566,-2907828208.7895627,343976168.4439969
2026-02-08,btcusdt,120,synthetic_maker_q90_30s_60s,-0.5894574990393271,-0.7318636471426992,2.9827915030266836,-0.14240614810337215,10523863339.0093,10120417317.5916,403446021.41770005,5079485,209939,validation,-6203370164.044085,-7406765528.658722,1203395364.6146371
2026-02-08,btcusdt,300,synthetic_maker_q90_30s_60s,0.1353249184866828,0.07105058441713823,1.747642425815926,-0.06427433406954457,10523863339.0093,10120417317.5916,403446021.41770005,5079485,209939,validation,1424140948.516423,719061564.9602096,705079383.5562134
2026-02-08,ethusdt,30,synthetic_maker_q90_30s_60s,-0.1312915150963821,-0.12495937756815485,-0.31573965004573723,0.006332137528227241,8964650689.08348,8667107340.818981,297543348.2645,7555656,269328,validation,-1176982571.2795959,-1083036338.6251256,-93946232.65447015
2026-02-08,ethusdt,120,synthetic_maker_q90_30s_60s,0.0225067702319257,0.0863067472995851,-1.8359157178273289,0.0637999770676594,8964650689.08348,8667107340.818981,297543348.2645,7555656,269328,validation,201765333.2686763,748029843.0824428,-546264509.8137665
2026-02-08,ethusdt,300,synthetic_maker_q90_30s_60s,0.5885373267928711,0.8566341278548741,-7.220824791660525,0.26809680106200307,8964650689.08348,8667107340.818981,297543348.2645,7555656,269328,validation,5276031552.185061,7424539937.927045,-2148508385.7419834
2026-02-09,btcusdt,30,synthetic_maker_q90_30s_60s,0.0167305520156153,0.023936553345823102,-0.15518890813915565,0.007206001330207802,14444540571.67,13863454121.3642,581086450.3058,7124430,290301,validation,241665137.3759905,331843309.1334053,-90178171.75741482
2026-02-09,btcusdt,120,synthetic_maker_q90_30s_60s,0.0371868420150047,0.09878842468395166,-1.4324924366619327,0.06160158266894696,14444540571.67,13863454121.3642,581086450.3058,7124430,290301,validation,537146848.2180179,1369548793.3278065,-832401945.1097884
2026-02-09,btcusdt,300,synthetic_maker_q90_30s_60s,0.0447741817801541,0.24366127353092643,-4.700237632498703,0.19888709175077232,14444540571.67,13863454121.3642,581086450.3058,7124430,290301,validation,646742485.2867635,3377986886.7491717,-2731244401.462408
2026-02-09,ethusdt,30,synthetic_maker_q90_30s_60s,-0.1006931505639232,-0.1481406112296693,1.0694858925240085,-0.047447460665746094,12016587057.782372,11548334650.32986,468252407.4525101,10322680,412552,validation,-1209988009.8737712,-1710777353.7846348,500789343.91086346
2026-02-09,ethusdt,120,synthetic_maker_q90_30s_60s,-0.3617880842902412,-0.41395269828547077,0.9247283537128854,-0.05216461399522959,12016587057.782372,11548334650.32986,468252407.4525101,10322680,412552,validation,-4347458011.3419895,-4780464289.207644,433006277.86565495
2026-02-09,ethusdt,300,synthetic_maker_q90_30s_60s,-0.921421271869803,-0.951828485527035,-0.17149949141764811,-0.03040721365723198,12016587057.782372,11548334650.32986,468252407.4525101,10322680,412552,validation,-11072338930.316048,-10992033880.582853,-80305049.73319483
2026-02-10,btcusdt,30,synthetic_maker_q90_30s_60s,-0.0277122083059332,-0.04789041046209067,0.47507301516241696,-0.02017820215615747,11978672848.0884,11516483581.2146,462189266.87380004,5616775,218320,validation,-331955477.1948519,-551529125.7842951,219573648.58944318
2026-02-10,btcusdt,120,synthetic_maker_q90_30s_60s,0.088472489311759,0.15074895976676214,-1.4632856342425715,0.06227647045500315,11978672848.0884,11516483581.2146,462189266.87380004,5616775,218320,validation,1059783005.5215586,1736097920.0390964,-676314914.5175376
2026-02-10,btcusdt,300,synthetic_maker_q90_30s_60s,0.257333092371458,0.2188819736245962,1.2154290705034623,-0.03845111874686183,11978672848.0884,11516483581.2146,462189266.87380004,5616775,218320,validation,3082508926.504608,2520750655.471509,561758271.0330994
2026-02-10,ethusdt,30,synthetic_maker_q90_30s_60s,0.147776256536125,0.056615969972651475,2.689898751444302,-0.09116028656347352,10787941025.24146,10414478743.784071,373462281.45738983,8822851,309963,validation,1594201540.4426694,589625815.838896,1004575724.6037734
2026-02-10,ethusdt,120,synthetic_maker_q90_30s_60s,0.3303110697719358,0.1259381151122192,6.029515240543887,-0.2043729546597166,10787941025.24146,10414478743.784071,373462281.45738983,8822851,309963,validation,3563376340.684061,1311579822.8684382,2251796517.815623
2026-02-10,ethusdt,300,synthetic_maker_q90_30s_60s,0.1777320481930396,-0.17544958391179996,10.026658654374236,-0.35318163210483955,10787941025.24146,10414478743.784071,373462281.45738983,8822851,309963,validation,1917362854.2018843,-1827215962.2552004,3744578816.4570847
2026-02-11,btcusdt,30,synthetic_maker_q90_30s_60s,-0.0785772676609899,-0.17747592719906055,1.9472663587187735,-0.09889865953807066,16151977409.7226,15400164389.7164,751813020.0062001,7207831,369926,validation,-1269178252.178035,-2733158454.0828724,1463980201.9048376
2026-02-11,btcusdt,120,synthetic_maker_q90_30s_60s,-0.079143753321418,-0.13816329416672032,1.1298146007328145,-0.059019540845302323,16151977409.7226,15400164389.7164,751813020.0062001,7207831,369926,validation,-1278328115.7682016,-2127737442.792238,849409327.0240364
2026-02-11,btcusdt,300,synthetic_maker_q90_30s_60s,-0.3519661239167695,-0.3403313014267505,-0.5902942377208975,0.011634822490019014,16151977409.7226,15400164389.7164,751813020.0062001,7207831,369926,validation,-5684948882.491287,-5241157988.938082,-443790893.5532057
2026-02-11,ethusdt,30,synthetic_maker_q90_30s_60s,0.1996129799992861,0.09070407426457179,2.4978131990019605,-0.1089089057347143,12930356053.61596,12345326104.58397,585029949.03199,11004427,557199,validation,2581066904.3140903,1119771375.8105412,1461295528.503549
2026-02-11,ethusdt,120,synthetic_maker_q90_30s_60s,0.1046194489704578,0.02554125757546995,1.7733307040902342,-0.07907819139498785,12930356053.61596,12345326104.58397,585029949.03199,11004427,557199,validation,1352766725.321125,315315153.89035225,1037451571.4307728
2026-02-11,ethusdt,300,synthetic_maker_q90_30s_60s,-0.34007263560705603,-0.46483016695706086,2.292565934550058,-0.12475753135000484,12930356053.61596,12345326104.58397,585029949.03199,11004427,557199,validation,-4397260262.490831,-5738479994.333128,1341219731.842297
2026-02-12,btcusdt,30,synthetic_maker_q90_30s_60s,0.021922144817242504,0.04727717259401911,-0.554287669084727,0.025355027776776607,12515544981.579498,11988034115.479198,527510866.1003001,5751417,262813,validation,274367589.5528984,566760357.9404993,-292392768.3876009
2026-02-12,btcusdt,120,synthetic_maker_q90_30s_60s,0.1882426380010205,0.43850057293563377,-5.499034827663703,0.25025793493461324,12515544981.579498,11988034115.479198,527510866.1003001,5751417,262813,validation,2355959203.352958,5256759828.009552,-2900800624.6565943
2026-02-12,btcusdt,300,synthetic_maker_q90_30s_60s,0.5097736238998715,0.7717058347467388,-5.442809500668586,0.26193221084686735,12515544981.579498,11988034115.479198,527510866.1003001,5751417,262813,validation,6380094720.341631,9251235874.058258,-2871141153.7166276
2026-02-12,ethusdt,30,synthetic_maker_q90_30s_60s,0.24049512948286567,0.23544164846676444,0.35090537844744285,-0.00505348101610123,9751222703.30857,9324442632.86401,426780070.44456005,9365358,391105,validation,2345121566.648454,2195362144.51528,149759422.13317466
2026-02-12,ethusdt,120,synthetic_maker_q90_30s_60s,0.6695880826473617,0.711131520804528,-0.2380677164271418,0.041543438157166324,9751222703.30857,9324442632.86401,426780070.44456005,9365358,391105,validation,6529302513.375809,6630905070.16316,-101602556.78735113
2026-02-12,ethusdt,300,synthetic_maker_q90_30s_60s,0.9115934693514534,0.9746879568541633,-0.46691731386328916,0.06309448750270996,9751222703.30857,9324442632.86401,426780070.44456005,9365358,391105,validation,8889150934.527718,9088421938.630077,-199271004.1023593
2026-02-13,btcusdt,30,synthetic_maker_q90_30s_60s,0.0068697256171,-0.08760422950050058,2.693611247029869,-0.09447395511760058,11417508577.6459,11029671963.754702,387836613.8911998,4958523,178536,validation,78435151.15931302,-966245914.0280038,1044681065.1873167
2026-02-13,btcusdt,120,synthetic_maker_q90_30s_60s,0.11538913269834632,0.09013726673244205,0.8335260700086518,-0.02525186596590427,11417508577.6459,11029671963.754702,387836613.8911998,4958523,178536,validation,1317456412.35049,994184483.7682954,323271928.5821947
2026-02-13,btcusdt,300,synthetic_maker_q90_30s_60s,0.0806002188293316,0.17361855932242629,-2.5647451289399457,0.09301834049309468,11417508577.6459,11029671963.754702,387836613.8911998,4958523,178536,validation,920253689.8440303,1914955756.1460476,-994702066.3020172
2026-02-13,ethusdt,30,synthetic_maker_q90_30s_60s,-0.00527802893445,-0.15318551824061488,3.8525375777231194,-0.14790748930616487,9007682487.84652,8675082438.036049,332600049.81046987,7795774,282795,validation,-47542808.80319249,-1328896999.0506089,1281354190.2474165
2026-02-13,ethusdt,120,synthetic_maker_q90_30s_60s,0.0491017479150525,-0.007656592436890673,1.5295082658328842,-0.05675834035194317,9007682487.84652,8675082438.036049,332600049.81046987,7795774,282795,validation,442292954.81707275,-66421570.584469914,508714525.40154266
2026-02-13,ethusdt,300,synthetic_maker_q90_30s_60s,0.643987149867773,0.7850258266200167,-3.034671793431992,0.1410386767522438,9007682487.84652,8675082438.036049,332600049.81046987,7795774,282795,validation,5800831772.262131,6810163761.916039,-1009331989.6539085
2026-02-14,btcusdt,30,synthetic_maker_q90_30s_60s,0.0642772456633878,0.08714243235996405,-0.8132517778897361,0.02286518669657625,7247593690.386999,7063543658.806199,184050031.5808,2872100,74944,validation,465855360.1054245,615534375.5091722,-149679015.40374768
2026-02-14,btcusdt,120,synthetic_maker_q90_30s_60s,0.10591339761178659,0.1657804625555241,-2.1916880932579907,0.0598670649437375,7247593690.386999,7063543658.806199,184050031.5808,2872100,74944,validation,767617272.258634,1170997535.0380306,-403380262.77939653
2026-02-14,btcusdt,300,synthetic_maker_q90_30s_60s,0.0895328189865104,0.1275841655927417,-1.3708165529802396,0.03805134660623129,7247593690.386999,7063543658.806199,184050031.5808,2872100,74944,validation,648897493.969194,901196323.8366905,-252298829.8674965
2026-02-14,ethusdt,30,synthetic_maker_q90_30s_60s,0.0232252880602892,0.0303661417270881,-0.2970713328241175,0.0071408536667989,5021980307.27981,4912459469.62681,109520837.653,4015905,95772,validation,116636939.26967326,149172440.48326376,-32535501.213590503
2026-02-14,ethusdt,120,synthetic_maker_q90_30s_60s,0.378708796945208,0.3763281349807776,0.4854912655764254,-0.002380661964430375,5021980307.27981,4912459469.62681,109520837.653,4015905,95772,validation,1901868120.4524627,1848696710.3733172,53171410.07914519
2026-02-14,ethusdt,300,synthetic_maker_q90_30s_60s,0.8823514464221057,0.8894997963715486,0.5617185864671175,0.0071483499494429115,5021980307.27981,4912459469.62681,109520837.653,4015905,95772,validation,4431151588.031672,4369631697.916533,61519890.115137815
2026-02-15,btcusdt,30,synthetic_maker_q90_30s_60s,-0.2043581882723604,-0.3009695919301613,2.9321828929604368,-0.09661140365780091,9511380700.2625,9227166502.3642,284214197.8983002,3728278,114842,validation,-1943728527.8743393,-2777096536.8882074,833368009.0138679
2026-02-15,btcusdt,120,synthetic_maker_q90_30s_60s,-0.5348574627041964,-0.6249298009633355,2.3893893501581935,-0.09007233825913907,9511380700.2625,9227166502.3642,284214197.8983002,3728278,114842,validation,-5087232948.156064,-5766331325.778016,679098377.6219517
2026-02-15,btcusdt,300,synthetic_maker_q90_30s_60s,-0.8719262033890705,-1.0136312287309321,3.728603512297298,-0.1417050253418617,9511380700.2625,9227166502.3642,284214197.8983002,3728278,114842,validation,-8293222062.96796,-9352944119.496323,1059722056.5283613
2026-02-15,ethusdt,30,synthetic_maker_q90_30s_60s,0.4431147925556904,0.3687710113967288,2.2788619523582163,-0.07434378115896162,9995075265.984669,9606051019.909939,389024246.07473004,7334303,315774,validation,4428965703.065309,3542433150.140766,886532552.9245424
2026-02-15,ethusdt,120,synthetic_maker_q90_30s_60s,0.0761086807860221,-0.1909909661224079,6.671514652241677,-0.26709964690843,9995075265.984669,9606051019.909939,389024246.07473004,7334303,315774,validation,760711992.8510921,-1834668964.913741,2595380957.764833
2026-02-15,ethusdt,300,synthetic_maker_q90_30s_60s,-0.6170962812992509,-0.8899973178753188,6.121561545782397,-0.2729010365760679,9995075265.984669,9606051019.909939,389024246.07473004,7334303,315774,validation,-6167923777.94526,-8549359643.093316,2381435865.148056
2026-02-16,btcusdt,30,synthetic_maker_q90_30s_60s,-0.4259973832231328,-0.4205079074837235,-0.5969166548893929,0.0054894757394092775,9430790097.4375,9137323394.6538,293466702.7837001,3864906,127177,validation,-4017491903.2350087,-3842316740.687942,-175175162.54706597
2026-02-16,btcusdt,120,synthetic_maker_q90_30s_60s,-0.8882859208816226,-0.9987155869227736,2.5500311399991222,-0.11042966604115101,9430790097.4375,9137323394.6538,293466702.7837001,3864906,127177,validation,-8377238066.343557,-9125587296.99486,748349230.6513023
2026-02-16,btcusdt,300,synthetic_maker_q90_30s_60s,-1.267117039754583,-1.3775365616109394,2.1708841737194082,-0.1104195218563564,9430790097.4375,9137323394.6538,293466702.7837001,3864906,127177,validation,-11949914830.81184,-12586997051.39859,637082220.5867519
2026-02-16,ethusdt,30,synthetic_maker_q90_30s_60s,-0.08131351928462069,-0.06644859111033899,-0.4445970463495306,0.0148649281742817,7932571896.14237,7620744332.549931,311827563.59244,6658492,254184,validation,-645025337.8536128,-506387724.1100435,-138637613.74356925
2026-02-16,ethusdt,120,synthetic_maker_q90_30s_60s,-0.3962786464450834,-0.48193200213378734,1.6970011053786236,-0.08565335568870391,7932571896.14237,7620744332.549931,311827563.59244,6658492,254184,validation,-3143508853.8316073,-3672680573.935501,529171720.10389376
2026-02-16,ethusdt,300,synthetic_maker_q90_30s_60s,0.1402390939658297,0.07721772806945555,1.6804163363216826,-0.06302136589637415,7932571896.14237,7620744332.549931,311827563.59244,6658492,254184,validation,1112456695.5338097,588456563.5576851,524000131.9761245
2026-02-17,btcusdt,30,synthetic_maker_q90_30s_60s,-0.1779782203891171,-0.17607556364296156,-0.22767204115352524,0.0019026567461555288,9532691575.8291,9181166804.9364,351524770.89269996,4273111,168030,validation,-1696611482.1843915,-1616579120.079225,-80032362.10516632
2026-02-17,btcusdt,120,synthetic_maker_q90_30s_60s,-0.2712324449824706,-0.2799051320063468,-0.04471814839106577,-0.008672687023876191,9532691575.8291,9181166804.9364,351524770.89269996,4273111,168030,validation,-2585575243.3759274,-2569855706.5080123,-15719536.867915154
2026-02-17,btcusdt,300,synthetic_maker_q90_30s_60s,-0.2008916728671629,-0.18748785041256477,-0.5509743412006025,0.013403822454598119,9532691575.8291,9181166804.9364,351524770.89269996,4273111,168030,validation,-1915038357.595019,-1721357228.536721,-193681129.05829808
2026-02-17,ethusdt,30,synthetic_maker_q90_30s_60s,-0.2973102426202342,-0.36734684822733243,1.7513475006231645,-0.07003660560709823,8378675925.97901,8101706281.13342,276969644.84559,7185355,246561,validation,-2491066172.389135,-2976136267.637944,485070095.2488096
2026-02-17,ethusdt,120,synthetic_maker_q90_30s_60s,-0.2089613726749514,-0.28190608134044576,1.924761998708043,-0.07294470866549435,8378675925.97901,8101706281.13342,276969644.84559,7185355,246561,validation,-1750819622.6911435,-2283920269.885598,533100647.19445467
2026-02-17,ethusdt,300,synthetic_maker_q90_30s_60s,0.1195787645654606,-0.00615858988738905,3.7975526266891135,-0.12573735445284964,8378675925.97901,8101706281.13342,276969644.84559,7185355,246561,validation,1001911715.9229366,-49895086.37358463,1051806802.2965212
2026-02-18,btcusdt,30,synthetic_maker_q90_30s_60s,-0.2330937248144238,-0.21776915693259433,-0.6426452386605639,0.015324567881829482,10392995082.2044,10018137175.435398,374857906.76900005,3966372,155268,validation,-2422541935.689012,-2181641286.7296486,-240900648.95936346
2026-02-18,btcusdt,120,synthetic_maker_q90_30s_60s,-0.3378032775382905,-0.28387698230786323,-1.7789920939565687,0.053926295230427246,10392995082.2044,10018137175.435398,374857906.76900005,3966372,155268,validation,-3510787802.2079806,-2843918549.7088213,-666869252.4991596
2026-02-18,btcusdt,300,synthetic_maker_q90_30s_60s,-0.2076975272580049,-0.006376158253580352,-5.588043131854343,0.20132136900442454,10392995082.2044,10018137175.435398,374857906.76900005,3966372,155268,validation,-2158599379.378459,-63877228.036652565,-2094722151.3418064
2026-02-18,ethusdt,30,synthetic_maker_q90_30s_60s,-0.2385473253050399,-0.22698341198751798,-0.6111135999520214,0.011563913317521907,9242107841.84967,8963882028.56312,278225813.2865499,6758775,208597,validation,-2204680105.8539734,-2034652527.496851,-170027578.35712248
2026-02-18,ethusdt,120,synthetic_maker_q90_30s_60s,-0.0198799771873974,0.00882904994447388,-0.9448276997765601,0.02870902713187128,9242107841.84967,8963882028.56312,278225813.2865499,6758775,208597,validation,-183732893.05943805,79142562.12655562,-262875455.18599367
2026-02-18,ethusdt,300,synthetic_maker_q90_30s_60s,-0.0704884831328027,0.08140951444907513,-4.964339684842064,0.15189799758187783,9242107841.84967,8963882028.56312,278225813.2865499,6758775,208597,validation,-651462162.7217641,729745283.5241141,-1381207446.2458782
2026-02-19,btcusdt,30,synthetic_maker_q90_30s_60s,-0.1487804281131374,-0.1708309762992176,0.6106150074105204,-0.022050548186080182,9225344261.709,8965026975.0166,260317286.6924001,3919697,108459,validation,-1372550668.7481406,-1531504310.690907,158953641.94276646
2026-02-19,btcusdt,120,synthetic_maker_q90_30s_60s,-0.1256246893565337,-0.1374039084261342,0.2800380234251204,-0.0117792190696005,9225344261.709,8965026975.0166,260317286.6924001,3919697,108459,validation,-1158931007.0842738,-1231829745.5130038,72898738.42873013
2026-02-19,btcusdt,300,synthetic_maker_q90_30s_60s,-0.2067727126807326,-0.13133287212584452,-2.8048337717785334,0.07543984055488809,9225344261.709,8965026975.0166,260317286.6924001,3919697,108459,validation,-1907549458.4072003,-1177402741.314602,-730146717.0925984
2026-02-19,ethusdt,30,synthetic_maker_q90_30s_60s,-0.208592809692821,-0.20505776551983002,-0.3225359785561102,0.0035350441729909976,7766193325.204,7532500321.616131,233693003.58787006,6514104,194622,validation,-1619972086.321935,-1544597684.7280047,-75374401.59393024
2026-02-19,ethusdt,120,synthetic_maker_q90_30s_60s,-0.2197771003883337,-0.16684550319066604,-1.9258926742128215,0.05293159719766766,7766193325.204,7532500321.616131,233693003.58787006,6514104,194622,validation,-1706831450.0685668,-1256763806.4438972,-450067643.62466955
2026-02-19,ethusdt,300,synthetic_maker_q90_30s_60s,-0.4151057624063433,-0.09914690085115546,-10.59923703609695,0.3159588615551878,7766193325.204,7532500321.616131,233693003.58787006,6514104,194622,validation,-3223791601.253861,-746824062.5485711,-2476967538.70529
2026-02-20,btcusdt,30,synthetic_maker_q90_30s_60s,-0.2460750954306874,-0.22575521483167768,-0.7832669305657348,0.020319880599009715,14131968246.2703,13616894034.7533,515074211.51699996,4641893,167240,validation,-3477525434.824408,-3074084838.1559215,-403440596.6684866
2026-02-20,btcusdt,120,synthetic_maker_q90_30s_60s,-0.2934317676002468,-0.1974780122725034,-2.830138302929095,0.09595375532774342,14131968246.2703,13616894034.7533,515074211.51699996,4641893,167240,validation,-4146768422.173654,-2689037167.30839,-1457731254.865264
2026-02-20,btcusdt,300,synthetic_maker_q90_30s_60s,-0.4382917948131506,0.03140337391216774,-12.855510902582711,0.46969516872531836,14131968246.2703,13616894034.7533,515074211.51699996,4641893,167240,validation,-6193925726.900262,427616414.8957243,-6621542141.795986
2026-02-20,ethusdt,30,synthetic_maker_q90_30s_60s,-0.2378377073289172,-0.19728465470519022,-1.4736123410182076,0.04055305262372699,8622461383.98692,8348497938.70511,273963445.2818099,6477348,194113,validation,-2050746447.0995715,-1647030533.14443,-403715913.95514154
2026-02-20,ethusdt,120,synthetic_maker_q90_30s_60s,0.0543268817657185,0.2458131945457161,-5.780842426641989,0.1914863127799976,8622461383.98692,8348497938.70511,273963445.2818099,6477348,194113,validation,468431440.1373309,2052170947.9714289,-1583739507.8340979
2026-02-20,ethusdt,300,synthetic_maker_q90_30s_60s,0.6596795972012997,1.1253661116619598,-13.531202336183854,0.4656865144606601,8622461383.98692,8348497938.70511,273963445.2818099,6477348,194113,validation,5688061852.672252,9395116663.498455,-3707054810.826204
2026-02-21,btcusdt,30,synthetic_maker_q90_30s_60s,0.0856181295961827,0.08860121173513363,-0.1367050911850651,0.002983082138950932,5310957584.347099,5240639876.829599,70317707.51750001,1763145,26187,validation,454714254.7364594,464327043.35456395,-9612788.618104577
2026-02-21,btcusdt,120,synthetic_maker_q90_30s_60s,0.1589515046217602,0.16979180046487383,-0.6489543369888058,0.010840295843113634,5310957584.347099,5240639876.829599,70317707.51750001,1763145,26187,validation,844184699.0143203,889817680.2749122,-45632981.260591984
2026-02-21,btcusdt,300,synthetic_maker_q90_30s_60s,0.1487439947194638,0.14313451821457154,0.5668072009518488,-0.005609476504892269,5310957584.347099,5240639876.829599,70317707.51750001,1763145,26187,validation,789973046.8814212,750116463.9060763,39856582.975344956
2026-02-21,ethusdt,30,synthetic_maker_q90_30s_60s,0.0630846144801256,0.08376637871345623,-1.031591298618961,0.020681764233330624,3621331786.57508,3554182448.07791,67149338.49717002,2629215,40307,validation,228450319.6607134,297720992.9624132,-69270673.30169982
2026-02-21,ethusdt,120,synthetic_maker_q90_30s_60s,0.1771883847979841,0.21636755885601736,-1.8965466047599502,0.039179174058033256,3621331786.57508,3554182448.07791,67149338.49717002,2629215,40307,validation,641657930.0808365,769009780.019521,-127351849.9386844
2026-02-21,ethusdt,300,synthetic_maker_q90_30s_60s,0.1585370309917901,0.16775529282767007,-0.3293811697251369,0.009218261835879982,3621331786.57508,3554182448.07791,67149338.49717002,2629215,40307,validation,574115189.679808,596232917.340275,-22117727.66046703
2026-02-22,btcusdt,30,synthetic_maker_q90_30s_60s,0.0763758724220189,0.08364971683278723,-0.31229719360316677,0.007273844410768324,5158888616.0429,5064115927.7442,94772688.2987,1776027,27088,validation,394014618.7782982,423611863.3642099,-29597244.585911695
2026-02-22,btcusdt,120,synthetic_maker_q90_30s_60s,0.1711911148653207,0.1888155790217818,-0.7705604725898136,0.0176244641564611,5158888616.0429,5064115927.7442,94772688.2987,1776027,27088,validation,883155893.6463954,956183981.1304488,-73028087.48405337
2026-02-22,btcusdt,300,synthetic_maker_q90_30s_60s,0.0525550966125727,0.06511593132860055,-0.6186248001812953,0.012560834716027848,5158888616.0429,5064115927.7442,94772688.2987,1776027,27088,validation,271125889.6296361,329754624.9910636,-58628735.36142747
2026-02-22,ethusdt,30,synthetic_maker_q90_30s_60s,0.0599138205114364,0.0861724669063667,-1.668134682841772,0.026258646394930293,3977471192.80571,3917936002.73771,59535190.06799999,2785841,35359,validation,238305495.13517013,337618210.5371779,-99312715.40200777
2026-02-22,ethusdt,120,synthetic_maker_q90_30s_60s,-0.1891113370056651,-0.199977278023852,0.5259625792807184,-0.010865941018186914,3977471192.80571,3917936002.73771,59535190.06799999,2785841,35359,validation,-752184895.1730053,-783498177.2991384,31313282.126133084
2026-02-22,ethusdt,300,synthetic_maker_q90_30s_60s,-0.3453326327737774,-0.3760514318073796,1.6762329078274731,-0.030718799033602195,3977471192.80571,3917936002.73771,59535190.06799999,2785841,35359,validation,-1373550598.7934525,-1473345443.5591974,99794844.76574492
2026-02-23,btcusdt,30,synthetic_maker_q90_30s_60s,-0.0036369275611038,-0.002413569187374296,-0.03272839384250088,0.0012233583737295039,16832583977.339298,16153303038.245998,679280939.0932999,5723218,264744,validation,-61218888.591779515,-38987114.48743014,-22231774.10434937
2026-02-23,btcusdt,120,synthetic_maker_q90_30s_60s,-0.1522331662966569,-0.17868183289652395,0.4767162152588696,-0.026448666599867054,16832583977.339298,16153303038.245998,679280939.0932999,5723218,264744,validation,-2562477555.8247356,-2886301794.2067842,323824238.3820486
2026-02-23,btcusdt,300,synthetic_maker_q90_30s_60s,0.0363201370304262,0.08972154269581067,-1.2335654710254509,0.053401405665384476,16832583977.339298,16153303038.245998,679280939.0932999,5723218,264744,validation,611361756.6331197,1449299268.2243567,-837937511.5912371
2026-02-23,ethusdt,30,synthetic_maker_q90_30s_60s,-0.0820040297476508,-0.06255890559009658,-0.5136305363640538,0.019445124157554214,11789127333.5059,11280913052.07148,508214281.43441916,8127820,370395,validation,-966755948.5556608,-705721574.594628,-261034373.96103287
2026-02-23,ethusdt,120,synthetic_maker_q90_30s_60s,-0.1777012388034896,-0.6153789311959547,9.537499953054036,-0.43767769239246507,11789127333.5059,11280913052.07148,508214281.43441916,8127820,370395,validation,-2094942531.5760784,-6942036216.898242,4847093685.322164
2026-02-23,ethusdt,300,synthetic_maker_q90_30s_60s,0.1824335090486768,0.5456066286747356,-7.878977858195236,0.3631731196260588,11789127333.5059,11280913052.07148,508214281.43441916,8127820,370395,validation,2150731868.0731516,6154940938.713543,-4004209070.6403904
2026-02-24,btcusdt,30,synthetic_maker_q90_30s_60s,-0.1461305700196986,-0.03970273255999052,-2.928193661109657,0.10642783745970807,13298851195.783,12808848627.495102,490002568.2879,5103255,210090,validation,-1943368705.8469203,-508546291.45883965,-1434822414.3880806
2026-02-24,btcusdt,120,synthetic_maker_q90_30s_60s,-0.1132966523563341,0.01704081181718652,-3.5203662416514176,0.13033746417352063,13298851195.783,12808848627.495102,490002568.2879,5103255,210090,validation,-1506715320.6672447,218273179.05597186,-1724988499.7232165
2026-02-24,btcusdt,300,synthetic_maker_q90_30s_60s,0.1415505023952722,0.397583611607508,-6.55124980472392,0.25603310921223577,13298851195.783,12808848627.495102,490002568.2879,5103255,210090,validation,1882459068.0430503,5092588297.8533745,-3210129229.8103237
2026-02-24,ethusdt,30,synthetic_maker_q90_30s_60s,-0.1419755157617139,-0.1355433812053076,-0.34662246096777394,0.006432134556406316,9550086888.23087,9259070630.43972,291016257.79115,7902894,253205,validation,-1355878511.5257592,-1255005740.0685587,-100872771.45720053
2026-02-24,ethusdt,120,synthetic_maker_q90_30s_60s,-0.4647115785925337,-0.33076122804985686,-4.726520750562861,0.13395035054267684,9550086888.23087,9259070630.43972,291016257.79115,7902894,253205,validation,-4438035953.525625,-3062541572.324604,-1375494381.2010212
2026-02-24,ethusdt,300,synthetic_maker_q90_30s_60s,-0.1393616472580935,0.1543823282668749,-9.48521825779743,0.2937439755249684,9550086888.23087,9259070630.43972,291016257.79115,7902894,253205,validation,-1330915840.2017741,1429436881.5147252,-2760352721.7164993
2026-02-25,btcusdt,30,synthetic_maker_q90_30s_60s,-0.2940050246195755,-0.16938910637849366,-2.73638814956316,0.12461591824108184,18487630910.734497,17590142028.4694,897488882.2651,5950790,329930,validation,-5435456381.068121,-2979578439.2732153,-2455877941.7949057
2026-02-25,btcusdt,120,synthetic_maker_q90_30s_60s,-0.4637439149387564,-0.49503351792354544,0.1495099886948776,-0.031289602984789056,18487630910.734497,17590142028.4694,897488882.2651,5950790,329930,validation,-8573526336.486782,-8707709889.128016,134183552.64123344
2026-02-25,btcusdt,300,synthetic_maker_q90_30s_60s,-0.1089231106424017,0.12777482210589036,-4.748033786174678,0.23669793274829207,18487630910.734497,17590142028.4694,897488882.2651,5950790,329930,validation,-2013730267.2058194,2247577268.505023,-4261307535.710842
2026-02-25,ethusdt,30,synthetic_maker_q90_30s_60s,-0.3593289581936978,-0.3959850663573792,0.4556470346920293,-0.03665610816368137,16054964920.23231,15363924117.57238,691040802.6599295,9598107,478593,validation,-5769013818.623441,-6083884511.206637,314870692.58319664
2026-02-25,ethusdt,120,synthetic_maker_q90_30s_60s,-0.8761705678611137,-1.0133350314937513,2.1734097214180332,-0.13716446363263757,16054964920.23231,15363924117.57238,691040802.6599295,9598107,478593,validation,-14066887731.150202,-15568802529.547812,1501914798.3976114
2026-02-25,ethusdt,300,synthetic_maker_q90_30s_60s,-0.3965715331133905,-0.6679231736702771,5.636394969946221,-0.2713516405568866,16054964920.23231,15363924117.57238,691040802.6599295,9598107,478593,validation,-6366942052.49823,-10261920956.638256,3894978904.140026
2026-02-26,btcusdt,30,synthetic_maker_q90_30s_60s,0.0002742223622223,0.00942357962018854,-0.23266508752571585,0.00914935725796624,11426027357.5474,10994198773.557999,431828583.98940015,4830992,177628,validation,3133272.2128032725,103604707.50280301,-100471435.28999972
2026-02-26,btcusdt,120,synthetic_maker_q90_30s_60s,-0.04775779971670429,0.04869316058486821,-2.5033641879266813,0.09645096030157249,11426027357.5474,10994198773.557999,431828583.98940015,4830992,177628,validation,-545681926.0993327,535342286.3828207,-1081024212.4821534
2026-02-26,btcusdt,300,synthetic_maker_q90_30s_60s,0.1687317260881315,0.3257976813333515,-3.830110399117504,0.15706595524522002,11426027357.5474,10994198773.557999,431828583.98940015,4830992,177628,validation,1927933318.3691847,3581884468.543173,-1653951150.1739879
2026-02-26,ethusdt,30,synthetic_maker_q90_30s_60s,-0.000936673289593,-0.028880568606605872,0.6853444328669847,-0.02794389531701287,10308955542.65344,9905619935.64263,403335607.01081,7671816,305379,validation,-9656123.30040519,-286079936.1422898,276423812.8418846
2026-02-26,ethusdt,120,synthetic_maker_q90_30s_60s,0.2006244350786317,0.2550429919487983,-1.135854498177507,0.05441855687016661,10308955542.65344,9905619935.64263,403335607.01081,7671816,305379,validation,2068228381.9955757,2526358945.4939594,-458130563.49838376
2026-02-26,ethusdt,300,synthetic_maker_q90_30s_60s,0.5136639039677027,0.4912182658405726,1.064911938199307,-0.022445638127130074,10308955542.65344,9905619935.64263,403335607.01081,7671816,305379,validation,5295338349.868853,4865821446.862177,429516903.0066757
2026-02-27,btcusdt,30,synthetic_maker_q90_30s_60s,-0.0309303801509636,-0.05308066139522674,0.5880011274200004,-0.022150281244263142,12655338207.9051,12218078398.8807,437259809.0244,4837708,176914,validation,-391434421.70951915,-648543682.3913205,257109260.6818013
2026-02-27,btcusdt,120,synthetic_maker_q90_30s_60s,0.2667171233025677,0.18784876960248598,2.4704863900189586,-0.07886835370008172,12655338207.9051,12218078398.8807,437259809.0244,4837708,176914,validation,3375395401.2335205,2295150994.1364512,1080244407.0970693
2026-02-27,btcusdt,300,synthetic_maker_q90_30s_60s,0.3597829635065184,0.24959375838409018,3.438731266347333,-0.11018920512242822,12655338207.9051,12218078398.8807,437259809.0244,4837708,176914,validation,4553175084.617369,3049556107.8081007,1503618976.809268
2026-02-27,ethusdt,30,synthetic_maker_q90_30s_60s,-0.1814438668743039,-0.16770868742897857,-0.6471943776266362,0.013735179445325318,10795183797.20362,10485948736.32258,309235060.88103986,7915248,262424,validation,-1958719891.783456,-1758584699.0162165,-200135192.76723954
2026-02-27,ethusdt,120,synthetic_maker_q90_30s_60s,0.414999157843433,0.4749944442677491,-1.6193998397151934,0.05999528642431612,10795183797.20362,10485948736.32258,309235060.88103986,7915248,262424,validation,4479992184.604576,4980767392.62965,-500775208.025074
2026-02-27,ethusdt,300,synthetic_maker_q90_30s_60s,0.6151083646585405,0.7023112608816264,-2.3418820129814004,0.08720289622308597,10795183797.20362,10485948736.32258,309235060.88103986,7915248,262424,validation,6640207851.686293,7364399878.546809,-724192026.8605155
2026-02-28,btcusdt,30,synthetic_maker_q90_30s_60s,-0.6120420147402507,-0.6182124992481953,-0.4942370705591923,-0.006170484507944662,15112081555.0137,14359925534.2273,752156020.7863998,5288735,318504,validation,-9249228841.849566,-8877485453.532637,-371743388.3169292
2026-02-28,btcusdt,120,synthetic_maker_q90_30s_60s,-0.2389789537990551,-0.2646359137683983,0.25085563425518065,-0.025656959969343196,15112081555.0137,14359925534.2273,752156020.7863998,5288735,318504,validation,-3611469439.7431717,-3800152015.3963966,188682575.65322518
2026-02-28,btcusdt,300,synthetic_maker_q90_30s_60s,-0.2201487503356782,-0.3534181546267427,2.3241886859446987,-0.13326940429106449,15112081555.0137,14359925534.2273,752156020.7863998,5288735,318504,validation,-3326905869.307119,-5075058382.884055,1748152513.5769362
2026-02-28,ethusdt,30,synthetic_maker_q90_30s_60s,-0.2708559306595784,-0.27819037518657824,-0.12426724895276577,-0.007334444526999828,11403769335.27199,10860379166.20017,543390169.0718198,8509626,480829,validation,-3088778556.332257,-3021252954.913723,-67525601.41853331
2026-02-28,ethusdt,120,synthetic_maker_q90_30s_60s,0.2678865400434208,0.5264953690877333,-4.900756727731752,0.25860882904431254,11403769335.27199,10860379166.20017,543390169.0718198,8509626,480829,validation,3054916310.6792736,5717939337.541288,-2663023026.862015
2026-02-28,ethusdt,300,synthetic_maker_q90_30s_60s,0.545769847837528,0.7728490224524788,-3.9927111137865485,0.22707917461495075,11403769335.27199,10860379166.20017,543390169.0718198,8509626,480829,validation,6223833454.885662,8393433422.061069,-2169599967.1754065
2026-01-01,btcusdt,30,synthetic_maker_q90_30s_60s,-0.0310867736800933,-0.03661974172042803,0.355008246262653,-0.005532968040334728,3965372747.4532,3909349477.0207996,56023270.4324,1020895,13361,train,-123270645.15728739,-143159368.14339206,19888722.986104667
2026-01-01,btcusdt,120,synthetic_maker_q90_30s_60s,-0.0527689850191264,-0.03008886189101113,-1.6354064641475727,0.02268012312811527,3965372747.4532,3909349477.0207996,56023270.4324,1020895,13361,train,-209248695.10560998,-117627876.49777544,-91620818.60783455
2026-01-01,btcusdt,300,synthetic_maker_q90_30s_60s,0.432657795752758,0.5366407103466901,-6.823354744204076,0.10398291459393216,3965372747.4532,3909349477.0207996,56023270.4324,1020895,13361,train,1715649432.2511592,2097916080.3419034,-382266648.0907445
2026-01-01,ethusdt,30,synthetic_maker_q90_30s_60s,0.0118240605787111,0.04436757952222232,-2.1162686017921306,0.03254351894351122,3088549091.82189,3042029341.41369,46519750.408199996,1570058,23655,train,36519191.56202518,134967478.7141055,-98448287.1520803
2026-01-01,ethusdt,120,synthetic_maker_q90_30s_60s,0.1247313301219007,0.2263860453851982,-6.522695274933491,0.10165471526329749,3088549091.82189,3042029341.41369,46519750.408199996,1570058,23655,train,385238836.36973274,688672992.5483842,-303434156.17865145
2026-01-01,ethusdt,300,synthetic_maker_q90_30s_60s,0.5146628627581723,0.6829540273271493,-10.49026850568845,0.16829116456897697,3088549091.82189,3042029341.41369,46519750.408199996,1570058,23655,train,1589561517.3662071,2077566189.965835,-488004672.5996278
2026-01-02,btcusdt,30,synthetic_maker_q90_30s_60s,-0.162724668200275,-0.19406911661022447,0.5648229220316683,-0.03134444840994946,14073548406.5286,13492269924.8584,581278481.6701999,3325011,150970,train,-2290113494.8528757,-2618432905.3839693,328319410.53109384
2026-01-02,btcusdt,120,synthetic_maker_q90_30s_60s,-0.0843973539817499,-0.1035117887357717,0.3592748638876184,-0.019114434754021803,14073548406.5286,13492269924.8584,581278481.6701999,3325011,150970,train,-1187770246.6450865,-1396608994.027949,208838747.38286257
2026-01-02,btcusdt,300,synthetic_maker_q90_30s_60s,0.273089786711308,0.32834122313654124,-1.0093717484954188,0.055251436425233225,14073548406.5286,13492269924.8584,581278481.6701999,3325011,150970,train,3843342332.610164,4430068410.0163765,-586726077.4062119
2026-01-02,ethusdt,30,synthetic_maker_q90_30s_60s,0.1412977622023042,0.24973518060700528,-2.2221918786623256,0.10843741840470109,13583512766.75853,12987637151.50879,595875615.2497401,5925399,285170,train,1919319956.7894099,3243469909.690299,-1324149952.9008892
2026-01-02,ethusdt,120,synthetic_maker_q90_30s_60s,0.1049307115057214,-0.02587611175180994,2.9559813568628672,-0.13080682325753135,13583512766.75853,12987637151.50879,595875615.2497401,5925399,285170,train,1425327659.3630228,-336069550.32439995,1761397209.6874225
2026-01-02,ethusdt,300,synthetic_maker_q90_30s_60s,0.5068805324633564,0.6147286721049586,-1.8437652554891013,0.10784813964160223,13583512766.75853,12987637151.50879,595875615.2497401,5925399,285170,train,6885218183.937363,7983872939.928025,-1098654755.9906626
2026-01-03,btcusdt,30,synthetic_maker_q90_30s_60s,-0.1303368031110338,-0.15210576298627507,1.6022418329002364,-0.021768959875241273,4717389042.4997,4658852950.209399,58536092.2903,1239770,12821,train,-614849406.8304316,-708638382.6324593,93788975.80202766
2026-01-03,btcusdt,120,synthetic_maker_q90_30s_60s,0.0391876752234203,0.05868007870897823,-1.5122011847468584,0.019492403485557926,4717389042.4997,4658852950.209399,58536092.2903,1239770,12821,train,184863509.6999999,273381857.811843,-88518348.1118431
2026-01-03,btcusdt,300,synthetic_maker_q90_30s_60s,0.2575715597977407,0.2535092219290704,0.5808906271236319,-0.004062337868670329,4717389042.4997,4658852950.209399,58536092.2903,1239770,12821,train,1215065253.8494182,1181062186.489539,34003067.35987916
2026-01-03,ethusdt,30,synthetic_maker_q90_30s_60s,0.0118363139058201,0.008796117839242579,0.16814442242809155,-0.0030401960665775215,4434897414.4128,4350284291.544869,84613122.86793002,2063795,35148,train,52492837.93709983,38265613.26263459,14227224.674465239
2026-01-03,ethusdt,120,synthetic_maker_q90_30s_60s,0.0839606027253923,0.14017335944262324,-2.8061522337089784,0.056212756717230944,4434897414.4128,4350284291.544869,84613122.86793002,2063795,35148,train,372356659.93938255,609793963.6763166,-237437303.73693407
2026-01-03,ethusdt,300,synthetic_maker_q90_30s_60s,0.2603478349394773,0.30502044839691883,-2.0364420955007545,0.04467261345744156,4434897414.4128,4350284291.544869,84613122.86793002,2063795,35148,train,1154615940.021058,1326925665.2610884,-172309725.24003023
2026-01-04,btcusdt,30,synthetic_maker_q90_30s_60s,-0.0232821129890227,-0.06295976496943842,2.0137150112954503,-0.039677651980415715,6238277636.3538,6119086989.921599,119190646.43220001,1636359,35773,train,-145240284.78648263,-385256278.7130123,240015993.92652968
2026-01-04,btcusdt,120,synthetic_maker_q90_30s_60s,-0.3806553914425042,-0.3688539826877028,-0.9865237958506475,0.011801408754801401,6238277636.3538,6119086989.921599,119190646.43220001,1636359,35773,train,-2374634015.5932755,-2257049606.645089,-117584408.9481864
2026-01-04,btcusdt,300,synthetic_maker_q90_30s_60s,-0.2465500299521015,-0.2142974238436815,-1.9023553161610531,0.03225260610842001,6238277636.3538,6119086989.921599,119190646.43220001,1636359,35773,train,-1538047538.0925543,-1311304578.2155862,-226742959.87696815
2026-01-04,ethusdt,30,synthetic_maker_q90_30s_60s,0.3688570412451249,0.37520288169481436,0.026419744644531094,0.006345840449689444,5674446939.007441,5571204748.975821,103242190.03161997,2816585,49679,train,2093059708.6247404,2090332076.3275628,2727632.297177553
2026-01-04,ethusdt,120,synthetic_maker_q90_30s_60s,0.40935910241595524,0.48334400274692063,-3.5830496981929536,0.07398490033096539,5674446939.007441,5571204748.975821,103242190.03161997,2816585,49679,train,2322886505.6590505,2692808403.492626,-369921897.8335755
2026-01-04,ethusdt,300,synthetic_maker_q90_30s_60s,0.6614602219286383,0.8016603043903144,-6.9040841061999005,0.14020008246167615,5674446939.007441,5571204748.975821,103242190.03161997,2816585,49679,train,3753420931.598144,4466213694.884722,-712792763.2865772
2026-01-05,btcusdt,30,synthetic_maker_q90_30s_60s,-0.0227417394575021,-0.012861922592325948,-0.28758107635655494,0.00987981686517615,15726737986.6588,15161152045.2863,565585941.3725,3581404,151888,train,-357653377.80899554,-195001564.01695663,-162651813.79203892
2026-01-05,btcusdt,120,synthetic_maker_q90_30s_60s,0.130880871447316,0.18071743026209477,-1.2050427969719506,0.049836558814778775,15726737986.6588,15161152045.2863,565585941.3725,3581404,151888,train,2058329172.7175117,2739884437.4370427,-681555264.719531
2026-01-05,btcusdt,300,synthetic_maker_q90_30s_60s,0.5842728192458735,0.723645620129031,-3.151768108573599,0.1393728008831575,15726737986.6588,15161152045.2863,565585941.3725,3581404,151888,train,9188705541.00631,10971301273.681732,-1782595732.6754227
2026-01-05,ethusdt,30,synthetic_maker_q90_30s_60s,0.2723696062860439,0.23802494925508103,1.457787644590231,-0.03434465703096287,13609215617.38143,13226023177.87912,383192439.50231004,6027326,181520,train,3706736699.56806,3148123495.761203,558613203.8068571
2026-01-05,ethusdt,120,synthetic_maker_q90_30s_60s,0.3830450136639732,0.37436971508229566,0.682476026095516,-0.008675298581677537,13609215617.38143,13226023177.87912,383192439.50231004,6027326,181520,train,5212942182.115828,4951422528.774445,261519653.341383
2026-01-05,ethusdt,300,synthetic_maker_q90_30s_60s,0.5012435877346004,0.6363933041662527,-4.1634968866088355,0.1351497164316523,13609215617.38143,13226023177.87912,383192439.50231004,6027326,181520,train,6821532062.310023,8416952591.149935,-1595420528.8399124
2026-01-06,btcusdt,30,synthetic_maker_q90_30s_60s,-0.3007695131936717,-0.29095005760391535,-0.5238822240211791,0.009819455589756332,15275628113.858,14631670887.268,643957226.5900002,3156058,140890,train,-4594443231.532636,-4257085487.4921556,-337357744.04047966
2026-01-06,btcusdt,120,synthetic_maker_q90_30s_60s,-0.1928027224774679,-0.19470959904243132,-0.14947563619110987,-0.0019068765649634112,15275628113.858,14631670887.268,643957226.5900002,3156058,140890,train,-2945182687.9051704,-2848926771.7807674,-96255916.12440297
2026-01-06,btcusdt,300,synthetic_maker_q90_30s_60s,-0.5284521585576463,-0.6101672362175761,1.3282365677711925,-0.0817150776599298,15275628113.858,14631670887.268,643957226.5900002,3156058,140890,train,-8072438650.092127,-8927766186.529484,855327536.4373579
2026-01-06,ethusdt,30,synthetic_maker_q90_30s_60s,0.00018455432733250002,0.07286790594301869,-1.2559936689505429,0.07268335161568619,13848981096.85716,13091497863.38908,757483233.46808,5514894,293541,train,2555889.3905709814,953950034.9626656,-951394145.5720946
2026-01-06,ethusdt,120,synthetic_maker_q90_30s_60s,0.0942319729467232,0.11254755555301543,-0.22231418934810868,0.018315582606292236,13848981096.85716,13091497863.38908,757483233.46808,5514894,293541,train,1305016812.0587249,1473416083.0519652,-168399270.99324036
2026-01-06,ethusdt,300,synthetic_maker_q90_30s_60s,-0.5418387747195126,-0.773814731705482,3.467375701665896,-0.2319759569859694,13848981096.85716,13091497863.38908,757483233.46808,5514894,293541,train,-7503914948.634775,-10130393906.781311,2626478958.146536
2026-01-07,btcusdt,30,synthetic_maker_q90_30s_60s,-0.05217789277268399,-0.036161726670369924,-0.576129507857826,0.016016166102314065,12304093507.0582,11939137648.1844,364955858.87380004,2847191,94735,train,-642001671.6763601,-431739832.3135675,-210261839.3627926
2026-01-07,btcusdt,120,synthetic_maker_q90_30s_60s,-0.1508604475921499,-0.06482034401200877,-2.9655697197689928,0.08604010358014112,12304093507.0582,11939137648.1844,364955858.87380004,2847191,94735,train,-1856201053.6904655,-773899009.5620382,-1082302044.1284273
2026-01-07,btcusdt,300,synthetic_maker_q90_30s_60s,0.1682153157185827,0.30022056969832633,-4.15019431993186,0.13200525397974364,12304093507.0582,11939137648.1844,364955858.87380004,2847191,94735,train,2069736973.9207587,3584374706.444657,-1514637732.5238984
2026-01-07,ethusdt,30,synthetic_maker_q90_30s_60s,0.0533844058287535,0.2290490206295594,-3.724195940239108,0.1756646148008059,13236108413.85168,12647954654.34621,588153759.50547,5349188,239450,train,706601783.1584369,2897001626.545077,-2190399843.38664
2026-01-07,ethusdt,120,synthetic_maker_q90_30s_60s,0.2110032837428339,0.32425240774295827,-2.22436291403913,0.11324912400012438,13236108413.85168,12647954654.34621,588153759.50547,5349188,239450,train,2792862339.298857,4101129749.695514,-1308267410.396657
2026-01-07,ethusdt,300,synthetic_maker_q90_30s_60s,0.9525496819949254,0.8144753086297193,3.921770544782175,-0.13807437336520612,13236108413.85168,12647954654.34621,588153759.50547,5349188,239450,train,12608050860.464775,10301446770.633324,2306604089.8314514
2026-01-08,btcusdt,30,synthetic_maker_q90_30s_60s,0.0196749179665145,0.08817880071882661,-1.7244079913023183,0.06850388275231212,13520210729.7752,13009235512.094,510975217.6811999,3286682,133172,train,266009036.9983162,1147138785.725219,-881129748.7269027
2026-01-08,btcusdt,120,synthetic_maker_q90_30s_60s,0.3281901817206915,0.4996976503088346,-4.038325010681971,0.17150746858814314,13520210729.7752,13009235512.094,510975217.6811999,3286682,133172,train,4437200416.306966,6500684417.707621,-2063484001.4006543
2026-01-08,btcusdt,300,synthetic_maker_q90_30s_60s,0.4383933197731306,0.6447458586445649,-4.815264164594119,0.2063525388714343,13520210729.7752,13009235512.094,510975217.6811999,3286682,133172,train,5927170065.858451,8387650720.554412,-2460480654.695961
2026-01-08,ethusdt,30,synthetic_maker_q90_30s_60s,0.3030458746671001,0.42477119856547446,-2.9322131837708656,0.12172532389837437,12312899623.21822,11866429957.57107,446469665.6471499,5455926,218042,train,3731373436.0063725,5040517675.770716,-1309144239.7643433
2026-01-08,ethusdt,120,synthetic_maker_q90_30s_60s,0.6992080891580137,0.9031687501778601,-4.721731079427477,0.20396066101984645,12312899623.21822,11866429957.57107,446469665.6471499,5455926,218042,train,8609279017.544838,10717388713.852581,-2108109696.307742
2026-01-08,ethusdt,300,synthetic_maker_q90_30s_60s,1.0405685541629446,1.2712656648271403,-5.090981505666246,0.23069711066419574,12312899623.21822,11866429957.57107,446469665.6471499,5455926,218042,train,12812416158.485647,15085384969.13628,-2272968810.650633
2026-01-09,btcusdt,30,synthetic_maker_q90_30s_60s,-0.1833513921083317,-0.15639554777837084,-0.7911108146466541,0.02695584432996087,11701757189.2934,11204793020.2449,496964169.04849994,2947557,127247,train,-2145533470.7706237,-1752379742.1444674,-393153728.62615633
2026-01-09,btcusdt,120,synthetic_maker_q90_30s_60s,-0.2345736543657966,-0.31145639109858897,1.4988614815521142,-0.07688273673279236,11701757189.2934,11204793020.2449,496964169.04849994,2947557,127247,train,-2744923946.3937855,-3489804397.0921354,744880450.69835
2026-01-09,btcusdt,300,synthetic_maker_q90_30s_60s,-0.37014957031897167,-0.43405441269559386,1.070679721644625,-0.0639048423766222,11701757189.2934,11204793020.2449,496964169.04849994,2947557,127247,train,-4331400395.593889,-4863489853.77809,532089458.18420035
2026-01-09,ethusdt,30,synthetic_maker_q90_30s_60s,-0.3357915605778436,-0.20027960824331717,-2.9526400641987376,0.13551195233452643,10822158878.93017,10289331910.360321,532826968.56984997,5086769,260599,train,-3633989618.777328,-2060743364.0924273,-1573246254.6849005
2026-01-09,ethusdt,120,synthetic_maker_q90_30s_60s,-0.0617126188040066,-0.09234505339894832,0.5298251699377066,-0.030632434594941714,10822158878.93017,10289331910.360321,532826968.56984997,5086769,260599,train,-667863765.531813,-950168904.7017267,282305139.16991377
2026-01-09,ethusdt,300,synthetic_maker_q90_30s_60s,0.0807736741313071,0.03372899409611903,0.989245572237371,-0.047044680035188066,10822158878.93017,10289331910.360321,532826968.56984997,5086769,260599,train,874145534.6839373,347048815.2575524,527096719.4263849
2026-01-10,btcusdt,30,synthetic_maker_q90_30s_60s,0.0161159759023699,0.016236642557071617,-0.06023729427100723,0.00012066665470171836,2141846818.2898,2138467242.1732,3379576.1166000003,597633,812,train,34517951.71012606,34721528.23117296,-203576.52104690205
2026-01-10,btcusdt,120,synthetic_maker_q90_30s_60s,0.112050317683105,0.11214503657382806,0.05211580576863665,9.471889072305839e-05,2141846818.2898,2138467242.1732,3379576.1166000003,597633,812,train,239994616.41791975,239818487.08544672,176129.33247304894
2026-01-10,btcusdt,300,synthetic_maker_q90_30s_60s,0.2604766396598387,0.2616023864026338,-0.45185308732156737,0.0011257467427950862,2141846818.2898,2138467242.1732,3379576.1166000003,597633,812,train,557901061.8942442,559428133.7963681,-1527071.9021239434
2026-01-10,ethusdt,30,synthetic_maker_q90_30s_60s,-0.0250050099118358,-0.02224163284793005,-0.8800868871029678,0.0027633770639057496,2049696398.15312,2043093710.79601,6602687.357110003,1061668,3348,train,-51252678.7520729,-45441740.18943983,-5810938.562633064
2026-01-10,ethusdt,120,synthetic_maker_q90_30s_60s,0.2165563050613732,0.22496151252449478,-2.3842977982829665,0.008405207463121595,2049696398.15312,2043093710.79601,6602687.357110003,1061668,3348,train,443874678.4816449,459617451.4099531,-15742772.92830816
2026-01-10,ethusdt,300,synthetic_maker_q90_30s_60s,0.2351135640565848,0.24674125480109263,-3.3628853334079647,0.01162769074450784,2049696398.15312,2043093710.79601,6602687.357110003,1061668,3348,train,481911425.40372473,504115505.87802815,-22204080.474303424
2026-01-11,btcusdt,30,synthetic_maker_q90_30s_60s,0.0701555538278954,0.02855881886702203,2.214309531379878,-0.04159673496087337,3632073527.9824,3562952013.3298,69121514.65259996,979282,18132,train,254810129.8992432,101753701.18057722,153056428.718666
2026-01-11,btcusdt,120,synthetic_maker_q90_30s_60s,0.0045612142974222,-0.03380210651798364,1.9820449518029615,-0.03836332081540584,3632073527.9824,3562952013.3298,69121514.65259996,979282,18132,train,16566665.705122013,-120435283.47303817,137001949.1781602
2026-01-11,btcusdt,300,synthetic_maker_q90_30s_60s,-0.0578298160826565,-0.018094817952013738,-2.106018318617218,0.03973499813064276,3632073527.9824,3562952013.3298,69121514.65259996,979282,18132,train,-210042144.12190753,-64470968.052963555,-145571176.06894398
2026-01-11,ethusdt,30,synthetic_maker_q90_30s_60s,-0.2249118452096558,-0.22211994142782354,-0.36738088105295497,0.00279190378183225,4446707518.174561,4361242151.0309105,85465367.14364997,1998849,36875,train,-1000117193.0202894,-968718851.139541,-31398341.880748395
2026-01-11,ethusdt,120,synthetic_maker_q90_30s_60s,-0.3691140804479061,-0.4573966621492167,4.135888698870201,-0.08828258170131059,4446707518.174561,4361242151.0309105,85465367.14364997,1998849,36875,train,-1641342356.5917938,-1994817602.7060084,353475246.1142145
2026-01-11,ethusdt,300,synthetic_maker_q90_30s_60s,-0.5947457498038627,-0.5844503875263699,-1.1201113970287426,0.010295362277492837,4446707518.174561,4361242151.0309105,85465367.14364997,1998849,36875,train,-2644660397.0552025,-2548929665.2663546,-95730731.78884816
2026-01-12,btcusdt,30,synthetic_maker_q90_30s_60s,-0.1775611737819322,-0.22020928103709161,1.1870154597246696,-0.04264810725515941,13992793576.8332,13568720474.664001,424073102.16919994,3424501,105357,train,-2484576851.9907846,-2987958180.319024,503381328.3282397
2026-01-12,btcusdt,120,synthetic_maker_q90_30s_60s,-0.4243920266112664,-0.45205049276754755,0.4605733109988442,-0.027658466156281147,13992793576.8332,13568720474.664001,424073102.16919994,3424501,105357,train,-5938430024.025353,-6133746776.796973,195316752.77161956
2026-01-12,btcusdt,300,synthetic_maker_q90_30s_60s,-0.5105844350710328,-0.5855556650261671,1.8882087392649745,-0.07497122995513428,13992793576.8332,13568720474.664001,424073102.16919994,3424501,105357,train,-7144502603.492956,-7945241141.096048,800738537.6030917
2026-01-12,ethusdt,30,synthetic_maker_q90_30s_60s,0.1273581813950594,0.08585872837044714,1.3912654633267756,-0.04149945302461225,11561359608.38831,11193818912.357649,367540696.0306599,5163042,168955,train,1472433734.178631,961087057.4240894,511346676.75454164
2026-01-12,ethusdt,120,synthetic_maker_q90_30s_60s,0.1236978053532981,0.06827138628254824,1.81176474525664,-0.055426419070749855,11561359608.38831,11193818912.357649,367540696.0306599,5163042,168955,train,1430114810.4578998,764217534.942463,665897275.5154368
2026-01-12,ethusdt,300,synthetic_maker_q90_30s_60s,0.0991893641129514,0.012570258867905942,2.737260709503788,-0.08661910524504546,11561359608.38831,11193818912.357649,367540696.0306599,5163042,168955,train,1146763907.8371973,140709201.448797,1006054706.3884003
2026-01-13,btcusdt,30,synthetic_maker_q90_30s_60s,-0.8408175015140437,-0.9343461431049552,1.3359028602574998,-0.09352864159091157,16988625303.8118,16288735976.778,699889327.0338001,3724256,172866,train,-14284333482.109299,-15219317635.957449,934984153.8481503
2026-01-13,btcusdt,120,synthetic_maker_q90_30s_60s,-0.3333077605030597,-0.34520582369839414,-0.05640053740653926,-0.01189806319533443,16988625303.8118,16288735976.778,699889327.0338001,3724256,172866,train,-5662440654.039124,-5622966519.869316,-39474134.169807434
2026-01-13,btcusdt,300,synthetic_maker_q90_30s_60s,-0.5100784890416682,-0.42299161524550466,-2.5368776407312446,0.08708687379616353,16988625303.8118,16288735976.778,699889327.0338001,3724256,172866,train,-8665532325.863375,-6889998741.124889,-1775533584.7384853
2026-01-13,ethusdt,30,synthetic_maker_q90_30s_60s,-0.7509770040012531,-0.8774265598282708,2.453569235404188,-0.12644955582701767,13882426573.66765,13355429008.38884,526997565.27881,5783109,264444,train,-10425383116.560314,-11718408129.861313,1293025013.3009987
2026-01-13,ethusdt,120,synthetic_maker_q90_30s_60s,-2.541449032847779,-2.8375188610312865,4.9616967734118145,-0.2960698281835077,13882426573.66765,13355429008.38884,526997565.27881,5783109,264444,train,-35281479589.22795,-37896281708.467705,2614802119.2397537
2026-01-13,ethusdt,300,synthetic_maker_q90_30s_60s,-3.54711532489498,-3.692830683427258,0.14567427135331465,-0.14571535853227813,13882426573.66765,13355429008.38884,526997565.27881,5783109,264444,train,-49242568046.18583,-49319338032.51279,76769986.32696152
2026-01-14,btcusdt,30,synthetic_maker_q90_30s_60s,0.0311647168828137,0.06453372146273154,-0.7341454481930684,0.03336900457991784,15733426017.5577,15076079757.9026,657346259.6551001,3841360,176975,train,490327767.43388075,972915531.8464115,-482587764.41253054
2026-01-14,btcusdt,120,synthetic_maker_q90_30s_60s,0.0585162659806371,0.14296331076312743,-1.8782565744520285,0.08444704478249034,15733426017.5577,15076079757.9026,657346259.6551001,3841360,176975,train,920661341.6300822,2155326275.5187244,-1234664933.888642
2026-01-14,btcusdt,300,synthetic_maker_q90_30s_60s,0.1808939863780576,0.26873816292224967,-1.833791261154014,0.08784417654419208,15733426017.5577,15076079757.9026,657346259.6551001,3841360,176975,train,2846082151.700259,4051517978.2080593,-1205435826.5077999
2026-01-14,ethusdt,30,synthetic_maker_q90_30s_60s,0.0577406398991709,0.07891810938490691,-0.5777230663236151,0.02117746948573601,15061498577.86014,14575747092.3583,485751485.5018399,6931807,240104,train,869660565.726097,1150290403.4014711,-280629837.67537403
2026-01-14,ethusdt,120,synthetic_maker_q90_30s_60s,-0.0079804944348061,0.09833784662548029,-3.198231676009335,0.10631834106028638,15061498577.86014,14575747092.3583,485751485.5018399,6931807,240104,train,-120198205.58045284,1433347582.0201206,-1553545787.6005735
2026-01-14,ethusdt,300,synthetic_maker_q90_30s_60s,0.552464120718391,0.7440672512023435,-5.196893020522178,0.1916031304839525,15061498577.86014,14575747092.3583,485751485.5018399,6931807,240104,train,8320937568.518799,10845336073.23159,-2524398504.7127914
2026-01-15,btcusdt,30,synthetic_maker_q90_30s_60s,-0.1279513781246305,-0.15380685278998116,0.650896698606448,-0.025855474665350653,12994148917.7207,12576641268.4045,417507649.31620014,3402603,121790,train,-1662619261.5790393,-1934373612.1618927,271754350.5828533
2026-01-15,btcusdt,120,synthetic_maker_q90_30s_60s,-0.5320675046926714,-0.46568228867523165,-2.531798644335971,0.06638521601743974,12994148917.7207,12576641268.4045,417507649.31620014,3402603,121790,train,-6913764390.256629,-5856719089.717976,-1057045300.5386535
2026-01-15,btcusdt,300,synthetic_maker_q90_30s_60s,-0.0575942669345785,0.0715703238406763,-3.9484372860294537,0.1291645907752548,12994148917.7207,12576641268.4045,417507649.31620014,3402603,121790,train,-748388481.3548703,900114288.4077239,-1648502769.7625942
2026-01-15,ethusdt,30,synthetic_maker_q90_30s_60s,-0.1311189672923929,-0.11581249044271935,-0.5326453694043268,0.01530647684967354,13010362217.70432,12532610058.164381,477752159.53994,6047692,235397,train,-1705905258.0853572,-1451432782.5834908,-254472475.50186622
2026-01-15,ethusdt,120,synthetic_maker_q90_30s_60s,-0.1104308388573404,-0.10185589138200968,-0.3353727273064638,0.008574947475330719,13010362217.70432,12532610058.164381,477752159.53994,6047692,235397,train,-1436745213.5389357,-1276520168.8174732,-160225044.7214625
2026-01-15,ethusdt,300,synthetic_maker_q90_30s_60s,0.202644463327975,0.2317479341244055,-0.5608109047902423,0.029103470796430497,13010362217.70432,12532610058.164381,477752159.53994,6047692,235397,train,2636477869.3092546,2904406490.166341,-267928620.85708594
2026-01-16,btcusdt,30,synthetic_maker_q90_30s_60s,0.0558584750786153,0.07947131481063018,-1.0286042709333851,0.023612839732014876,8690245815.4679,8505058645.646199,185187169.82169986,2237333,48704,train,485423879.31035453,675908193.111021,-190484313.80066657
2026-01-16,btcusdt,120,synthetic_maker_q90_30s_60s,0.090791530043172,0.11595435174797843,-1.0648569659912452,0.025162821704806423,8690245815.4679,8505058645.646199,185187169.82169986,2237333,48704,train,789000714.0376036,986198561.8344444,-197197847.79684082
2026-01-16,btcusdt,300,synthetic_maker_q90_30s_60s,0.2234714575047966,0.30969714305431084,-3.736600468999334,0.08622568554951424,8690245815.4679,8505058645.646199,185187169.82169986,2237333,48704,train,1942021898.4575713,2633992364.0659943,-691970465.608423
2026-01-16,ethusdt,30,synthetic_maker_q90_30s_60s,0.0019899432750521,0.012578164285329811,-0.43463411825257925,0.010588221010277711,7840453207.00027,7654822233.48285,185630973.51741993,3889601,94627,train,15602057.132630859,96283611.62774256,-80681554.4951117
2026-01-16,ethusdt,120,synthetic_maker_q90_30s_60s,0.2099131134885727,0.25035150385529503,-1.4576355924195834,0.04043839036672234,7840453207.00027,7654822233.48285,185630973.51741993,3889601,94627,train,1645813943.8428915,1916396257.8973799,-270582314.0544884
2026-01-16,ethusdt,300,synthetic_maker_q90_30s_60s,0.6292290847055473,0.6624789416760768,-0.741887704563726,0.03324985697052951,7840453207.00027,7654822233.48285,185630973.51741993,3889601,94627,train,4933441195.117453,5071158531.956221,-137717336.83876848
2026-01-17,btcusdt,30,synthetic_maker_q90_30s_60s,-0.1302003007138434,-0.08149993941605624,-2.8439780492114686,0.048700361297787154,3179483118.2510004,3123431279.8491006,56051838.4019,800134,10353,train,-413969658.11086875,-254559460.0779167,-159410198.03295204
2026-01-17,btcusdt,120,synthetic_maker_q90_30s_60s,-0.0585330818240863,0.023775218997161278,-4.645078834935364,0.08230830082124757,3179483118.2510004,3123431279.8491006,56051838.4019,800134,10353,train,-186104945.51888686,74260262.7009961,-260365208.21988297
2026-01-17,btcusdt,300,synthetic_maker_q90_30s_60s,0.37758896248751195,0.4847161929739073,-5.591966223653701,0.10712723048639533,3179483118.2510004,3123431279.8491006,56051838.4019,800134,10353,train,1200537731.8669546,1513977718.9840748,-313439987.11712027
2026-01-17,ethusdt,30,synthetic_maker_q90_30s_60s,0.1408301458272181,0.14504297690360732,-0.32661034303676956,0.0042128310763892285,3504692636.68885,3473388546.52597,31304090.16287998,1539947,13649,train,493566375.1044682,503790614.73102045,-10224239.626552194
2026-01-17,ethusdt,120,synthetic_maker_q90_30s_60s,0.3064469069388927,0.3305941751318812,-2.3728465762773143,0.024147268192988514,3504692636.68885,3473388546.52597,31304090.16287998,1539947,13649,train,1074002218.2848105,1148282021.4512768,-74279803.16646612
2026-01-17,ethusdt,300,synthetic_maker_q90_30s_60s,0.5366641374975132,0.5388646598339688,0.29250214332836516,0.0022005223364556237,3504692636.68885,3473388546.52597,31304090.16287998,1539947,13649,train,1880842851.062507,1871686337.5949202,9156513.467586786
2026-01-18,btcusdt,30,synthetic_maker_q90_30s_60s,0.0950767995189432,0.1390939968745844,-1.80760458791534,0.044017197355641205,5198807449.2672,5081256157.405001,117551291.86219996,1166090,29887,train,494285973.5915661,706772228.0770539,-212486254.48548782
2026-01-18,btcusdt,120,synthetic_maker_q90_30s_60s,-0.5888123561900542,-0.6461245863087719,1.8885583096017629,-0.057312230118717666,5198807449.2672,5081256157.405001,117551291.86219996,1166090,29887,train,-3061122063.581426,-3283124532.632206,222002469.05077982
2026-01-18,btcusdt,300,synthetic_maker_q90_30s_60s,0.0006617385430982,-0.4591721404558903,19.877378463919868,-0.4598338789989885,5198807449.2672,5081256157.405001,117551291.86219996,1166090,29887,train,3440251.267326147,-2333171266.000326,2336611517.2676525
2026-01-18,ethusdt,30,synthetic_maker_q90_30s_60s,-0.6355287847572082,-0.6064548336213195,-1.7445140947841637,0.02907395113588873,5620398466.25384,5476814387.68387,143584078.56997,2401977,64722,train,-3571925007.10958,-3321440558.2576704,-250484448.8519095
2026-01-18,ethusdt,120,synthetic_maker_q90_30s_60s,-0.3059110309680167,-0.31996811920755175,0.2302769913112805,-0.014057088239535054,5620398466.25384,5476814387.68387,143584078.56997,2401977,64722,train,-1719341889.262772,-1752405998.8760672,33064109.613295197
2026-01-18,ethusdt,300,synthetic_maker_q90_30s_60s,-0.0455032150332394,-0.2444910295003743,7.544609394257858,-0.1989878144671349,5620398466.25384,5476814387.68387,143584078.56997,2401977,64722,train,-255746199.9824374,-1339031988.0272915,1083285788.0448542
2026-01-19,btcusdt,30,synthetic_maker_q90_30s_60s,-0.4158252365436874,-0.1614549190121808,-6.016341938048481,0.25437031753150663,9203663768.932,8803803128.1127,399860640.81929994,2411903,110650,train,-3827115663.784714,-1421417321.0486197,-2405698342.7360945
2026-01-19,btcusdt,120,synthetic_maker_q90_30s_60s,-0.3029943147734737,-0.46363726779193704,3.2339102662711205,-0.16064295301846332,9203663768.932,8803803128.1127,399860640.81929994,2411903,110650,train,-2788657797.0729976,-4081771228.4962807,1293113431.423283
2026-01-19,btcusdt,300,synthetic_maker_q90_30s_60s,0.4207189325727157,0.3183233085647005,2.6751816701398208,-0.10239562400801522,9203663768.932,8803803128.1127,399860640.81929994,2411903,110650,train,3872155596.623248,2802455739.6930943,1069699856.9301538
2026-01-19,ethusdt,30,synthetic_maker_q90_30s_60s,-0.4923184667841633,-0.4389860111843908,-1.8758897930810836,0.05333245559977251,10393640977.42283,10007868176.95272,385772800.47010994,4659453,184782,train,-5116981390.30986,-4393314131.459676,-723667258.8501847
2026-01-19,ethusdt,120,synthetic_maker_q90_30s_60s,0.4873176685748953,0.6042525167388791,-2.5462516869914404,0.11693484816398386,10393640977.42283,10007868176.95272,385772800.47010994,4659453,184782,train,5065004889.1221895,6047279533.114619,-982274643.9924297
2026-01-19,ethusdt,300,synthetic_maker_q90_30s_60s,1.095728039250408,0.7811491831778423,9.256655193768012,-0.31457885607256575,10393640977.42283,10007868176.95272,385772800.47010994,4659453,184782,train,11388603848.864214,7817638051.77814,3570965797.086074
2026-01-20,btcusdt,30,synthetic_maker_q90_30s_60s,-0.5947282400466387,-0.5579739637873222,-1.5454156549032079,0.03675427625931649,15333244816.5256,14762515100.5244,570729716.0012,4061554,169267,train,-9119113703.936516,-8237099066.109799,-882014637.8267163
2026-01-20,btcusdt,120,synthetic_maker_q90_30s_60s,-0.2581107444140404,-0.06213980163074031,-5.32710210931502,0.1959709427833001,15333244816.5256,14762515100.5244,570729716.0012,4061554,169267,train,-3957675233.876149,-917339759.9173946,-3040335473.9587545
2026-01-20,btcusdt,300,synthetic_maker_q90_30s_60s,0.3200366390605967,0.5882558662141175,-6.617731414874956,0.2682192271535208,15333244816.5256,14762515100.5244,570729716.0012,4061554,169267,train,4907200136.974169,8684136107.957972,-3776935970.983803
2026-01-20,ethusdt,30,synthetic_maker_q90_30s_60s,0.1753312892215743,0.19489081569357286,-0.23877263233803783,0.019559526471998573,16479428640.91059,15736156819.851309,743271821.0592804,6984686,338461,train,2889359469.2457895,3066832438.502801,-177472969.2570114
2026-01-20,ethusdt,120,synthetic_maker_q90_30s_60s,0.5080775656975477,0.580039132902653,-1.0154545721520425,0.07196156720510527,16479428640.91059,15736156819.851309,743271821.0592804,6984686,338461,train,8372827987.9602995,9127586757.006721,-754758769.046421
2026-01-20,ethusdt,300,synthetic_maker_q90_30s_60s,1.1043685522263147,1.221677133138334,-1.379226511171798,0.11730858091201934,16479428640.91059,15736156819.851309,743271821.0592804,6984686,338461,train,18199362749.67929,19224502950.29119,-1025140200.6119003
2026-01-21,btcusdt,30,synthetic_maker_q90_30s_60s,-0.2483930740001603,-0.2629137194007817,0.022304871331463277,-0.014520645400621368,16474562600.3757,15635832975.3669,838729625.0088,4709482,278693,train,-4092167247.1153946,-4110875003.4831023,18707756.36770773
2026-01-21,btcusdt,120,synthetic_maker_q90_30s_60s,-0.3899741179813513,-0.4617697481283983,0.9484601615144589,-0.07179563014704704,16474562600.3757,15635832975.3669,838729625.0088,4709482,278693,train,-6424653019.210071,-7220154654.812879,795501635.602808
2026-01-21,btcusdt,300,synthetic_maker_q90_30s_60s,-0.2387170266331652,-0.33075957632137365,1.47716600723086,-0.09204254968820844,16474562600.3757,15635832975.3669,838729625.0088,4709482,278693,train,-3932758599.0436335,-5171701490.364119,1238942891.3204856
2026-01-21,ethusdt,30,synthetic_maker_q90_30s_60s,-0.3011973995368585,-0.3879686718700923,1.0616058590840798,-0.08677127233323384,17846882831.24551,16778571614.8295,1068311216.4160099,8062822,537507,train,-5375434698.610154,-6509560145.282631,1134125446.6724765
2026-01-21,ethusdt,120,synthetic_maker_q90_30s_60s,-0.3683198971765424,-0.6152467620225279,3.5098384725754608,-0.24692686484598553,17846882831.24551,16778571614.8295,1068311216.4160099,8062822,537507,train,-6573362049.326146,-10322961857.386948,3749599808.0608006
2026-01-21,ethusdt,300,synthetic_maker_q90_30s_60s,-0.5522197740234037,-0.9367037854326742,5.4863693758964205,-0.38448401140927047,17846882831.24551,16778571614.8295,1068311216.4160099,8062822,537507,train,-9855401604.09256,-15716551545.76401,5861149941.67145
2026-01-22,btcusdt,30,synthetic_maker_q90_30s_60s,-0.0164353311152397,0.006339270105255738,-0.964319731498379,0.02277460122049544,8690556672.4113,8486649880.972401,203906791.43889993,2967494,73680,train,-142832176.48683545,53799165.88422051,-196631342.37105596
2026-01-22,btcusdt,120,synthetic_maker_q90_30s_60s,0.1727680375432468,0.25286023079699205,-3.1606883792205385,0.08009219325374525,8690556672.4113,8486649880.972401,203906791.43889993,2967494,73680,train,1501450421.4508696,2145936247.5959463,-644485826.145077
2026-01-22,btcusdt,300,synthetic_maker_q90_30s_60s,0.534827299291555,0.7027854576280439,-6.455631794278285,0.16795815833648886,8690556672.4113,8486649880.972401,203906791.43889993,2967494,73680,train,4647946954.445939,5964294120.328173,-1316347165.8822336
2026-01-22,ethusdt,30,synthetic_maker_q90_30s_60s,-0.0728895352572663,-0.05681410009729234,-0.5268968444407888,0.016075435159973957,9952748859.68369,9612394377.66416,340354482.01953006,5799148,217553,train,-725451238.9146312,-546119536.3472617,-179331702.56736958
2026-01-22,ethusdt,120,synthetic_maker_q90_30s_60s,-0.2891540171301117,-0.22467926851727882,-2.1100693974415776,0.06447474861283287,9952748859.68369,9612394377.66416,340354482.01953006,5799148,217553,train,-2877877314.264677,-2159705737.473187,-718171576.7914901
2026-01-22,ethusdt,300,synthetic_maker_q90_30s_60s,-0.0286539335714122,0.31680323274016714,-9.785159866661115,0.34545716631157936,9952748859.68369,9612394377.66416,340354482.01953006,5799148,217553,train,-285185404.67832494,3045237613.217413,-3330423017.8957376
2026-01-23,btcusdt,30,synthetic_maker_q90_30s_60s,-0.2460659058975877,-0.2614703584010363,0.1388374384930958,-0.015404452503448574,10260028769.2721,9865207266.702,394821502.57010007,2974718,112818,train,-2524643273.646251,-2579459279.725079,54816006.07882793
2026-01-23,btcusdt,120,synthetic_maker_q90_30s_60s,-0.0448736638186898,0.023196677486479605,-1.7457132111060454,0.0680703413051694,10260028769.2721,9865207266.702,394821502.57010007,2974718,112818,train,-460405081.7624019,228840031.3029613,-689245113.0653632
2026-01-23,btcusdt,300,synthetic_maker_q90_30s_60s,0.3734467919544949,0.581836731128043,-4.83348831380882,0.2083899391735481,10260028769.2721,9865207266.702,394821502.57010007,2974718,112818,train,3831574829.2454906,5739939947.958508,-1908365118.7130177
2026-01-23,ethusdt,30,synthetic_maker_q90_30s_60s,-0.1079483836498818,-0.05811553228157525,-1.6503113995764733,0.04983285136830655,9596959507.5243,9296592029.78512,300367477.7391801,5825245,195537,train,-1035976266.7906138,-540276394.2156123,-495699872.5750015
2026-01-23,ethusdt,120,synthetic_maker_q90_30s_60s,-0.2131974100074129,-0.17986753231220953,-1.2447813806395398,0.033329877695203375,9596959507.5243,9296592029.78512,300367477.7391801,5825245,195537,train,-2046046910.9501975,-1672155067.3108046,-373891843.63939285
2026-01-23,ethusdt,300,synthetic_maker_q90_30s_60s,0.3830485579113928,0.5862865003381168,-5.907313667505237,0.203237942426724,9596959507.5243,9296592029.78512,300367477.7391801,5825245,195537,train,3676101499.6912136,5450466406.213947,-1774364906.5227337
2026-01-24,btcusdt,30,synthetic_maker_q90_30s_60s,-0.2487249320217548,-0.2175798210427936,-2.8996389889729905,0.031145110978961194,2457569544.7313995,2429031294.2988997,28538250.432500012,688851,5308,train,-611258817.9520522,-528508194.3208999,-82750623.63115235
2026-01-24,btcusdt,120,synthetic_maker_q90_30s_60s,-0.179571735638628,-0.13833274661871656,-3.6896255531122013,0.04123898901991144,2457569544.7313995,2429031294.2988997,28538250.432500012,688851,5308,train,-441310028.6000502,-336014570.56318283,-105295458.03686738
2026-01-24,btcusdt,300,synthetic_maker_q90_30s_60s,-0.12477388906825751,-0.02819063356060827,-8.345451280916162,0.09658325550764923,2457569544.7313995,2429031294.2988997,28538250.432500012,688851,5308,train,-306640509.75184375,-68475931.1248303,-238164578.62701344
2026-01-24,ethusdt,30,synthetic_maker_q90_30s_60s,-0.155096666692638,-0.15399021312129435,-0.2923028779955586,0.0011064535713436463,2233520686.41148,2215653291.9657397,17867394.44574,1416180,10907,train,-346411613.45147336,-341188922.6327017,-5222690.81877166
2026-01-24,ethusdt,120,synthetic_maker_q90_30s_60s,0.0371626463822302,0.06326862433153208,-3.200119440774385,0.026105977949301876,2233520686.41148,2215653291.9657397,17867394.44574,1416180,10907,train,83003539.4565059,140181335.77830273,-57177796.32179684
2026-01-24,ethusdt,300,synthetic_maker_q90_30s_60s,0.1288715637598529,0.16304450689782754,-4.108757721794082,0.03417294313797464,2233520686.41148,2215653291.9657397,17867394.44574,1416180,10907,train,287837303.5478274,361250098.44510233,-73412794.89727491
2026-01-25,btcusdt,30,synthetic_maker_q90_30s_60s,0.3865175186062501,0.37956618017355087,0.5808343034447541,-0.006951338432699239,9638205865.3693,9305324384.8582,332881480.51110005,2503691,105099,train,3725335414.8987474,3531986432.036424,193348982.86232328
2026-01-25,btcusdt,120,synthetic_maker_q90_30s_60s,0.905276371550544,0.8415055560724486,2.6879172183753846,-0.06377081547809538,9638205865.3693,9305324384.8582,332881480.51110005,2503691,105099,train,8725240034.058691,7830482170.914616,894757863.1440759
2026-01-25,btcusdt,300,synthetic_maker_q90_30s_60s,0.6285311914731798,0.5061117886819049,4.050626804074983,-0.12241940279127494,9638205865.3693,9305324384.8582,332881480.51110005,2503691,105099,train,6057913016.224357,4709534368.68593,1348378647.538426
2026-01-25,ethusdt,30,synthetic_maker_q90_30s_60s,0.5401578824970519,0.5225227979331414,1.005985291510478,-0.017635084563910497,9616520425.135998,9265742126.590038,350778298.5459602,5001454,229350,train,5194439309.83111,4841561500.912803,352877808.9183073
2026-01-25,ethusdt,120,synthetic_maker_q90_30s_60s,1.2531455638937363,1.2019778930072844,2.6047298711822644,-0.05116767088645191,9616520425.135998,9265742126.590038,350778298.5459602,5001454,229350,train,12050899910.852682,11137217198.46753,913682712.3851528
2026-01-25,ethusdt,300,synthetic_maker_q90_30s_60s,1.4079404756814062,1.2973829199319638,4.328297310658799,-0.11055755574944248,9616520425.135998,9265742126.590038,350778298.5459602,5001454,229350,train,13539488341.765936,12021215575.531988,1518272766.233949
2026-01-26,btcusdt,30,synthetic_maker_q90_30s_60s,-0.1516416777612345,-0.12353154001391534,-1.0658667181254935,0.028110137747319158,10662750389.6195,10344677384.1968,318073005.4226999,3327408,107378,train,-1616917358.6311576,-1277893928.216952,-339023430.4142055
2026-01-26,btcusdt,120,synthetic_maker_q90_30s_60s,-0.1108458045127249,0.011949295915664881,-4.104506620222685,0.12279510042838977,10662750389.6195,10344677384.1968,318073005.4226999,3327408,107378,train,-1181921145.2557442,123611611.21585369,-1305532756.471598
2026-01-26,btcusdt,300,synthetic_maker_q90_30s_60s,-0.1466500417477277,0.03867448857178503,-6.173953349003924,0.18532453031951274,10662750389.6195,10344677384.1968,318073005.4226999,3327408,107378,train,-1563692789.7832992,400075107.2739222,-1963767897.0572214
2026-01-26,ethusdt,30,synthetic_maker_q90_30s_60s,-0.3329150149172735,-0.20891775447928673,-4.111364909593389,0.12399726043798676,13525800239.78038,13096028327.87471,429771911.90567017,7318040,246364,train,-4502941988.594546,-2735992830.856713,-1766949157.7378335
2026-01-26,ethusdt,120,synthetic_maker_q90_30s_60s,-0.3790593846446362,-0.35033595766023023,-1.2543208967184731,0.028723426984405942,13525800239.78038,13096028327.87471,429771911.90567017,7318040,246364,train,-5127081515.717423,-4588009625.791491,-539071889.9259329
2026-01-26,ethusdt,300,synthetic_maker_q90_30s_60s,-0.4500989883588115,-0.20732178096198417,-7.848016575232214,0.24277720739682734,13525800239.78038,13096028327.87471,429771911.90567017,7318040,246364,train,-6087949004.668519,-2715091916.4635806,-3372857088.2049384
2026-01-27,btcusdt,30,synthetic_maker_q90_30s_60s,0.0131413099096243,-0.005640031703483935,0.7295255857248644,-0.018781341613108234,9431793152.5379,9190838291.4528,240954861.08509994,2893125,70894,train,123946116.82097293,-51836619.34538792,175782736.16636086
2026-01-27,btcusdt,120,synthetic_maker_q90_30s_60s,0.1484751277649784,0.11712299620296941,1.344352106470168,-0.031352131562008986,9431793152.5379,9190838291.4528,240954861.08509994,2893125,70894,train,1400386693.3759131,1076458518.3119323,323928175.0639808
2026-01-27,btcusdt,300,synthetic_maker_q90_30s_60s,0.1999187550293943,0.20215551899919892,0.1146009662533386,0.002236763969804628,9431793152.5379,9190838291.4528,240954861.08509994,2893125,70894,train,1885592344.750143,1857978684.8463516,27613659.903791428
2026-01-27,ethusdt,30,synthetic_maker_q90_30s_60s,-0.1673377907500295,-0.2236963742319044,1.6682864929944419,-0.05635858348187489,10952908877.24689,10626642482.33358,326266394.91331005,5980812,192000,train,-1832835573.8048804,-2377141393.556746,544305819.7518656
2026-01-27,ethusdt,120,synthetic_maker_q90_30s_60s,-0.244924195985288,-0.4222983484921971,5.532231323812138,-0.1773741525069091,10952908877.24689,10626642482.33358,326266394.91331005,5980812,192000,train,-2682632400.459818,-4487613570.306493,1804981169.8466752
2026-01-27,ethusdt,300,synthetic_maker_q90_30s_60s,-0.21581167786725738,-0.4596461648628654,7.72598667637029,-0.24383448699560803,10952908877.24689,10626642482.33358,326266394.91331005,5980812,192000,train,-2363765642.3258295,-4884495462.37343,2520729820.0476007
2026-01-28,btcusdt,30,synthetic_maker_q90_30s_60s,-0.1163112805533254,-0.15966920290625658,1.3269051940395584,-0.04335792235293118,10129705775.081202,9834259413.731,295446361.35020006,3226755,88888,train,-1178199050.3281102,-1570228361.7637792,392029311.4356687
2026-01-28,btcusdt,120,synthetic_maker_q90_30s_60s,-0.1041460499809892,-0.1103689178905575,0.10298900167577396,-0.006222867909568303,10129705775.081202,9834259413.731,295446361.35020006,3226755,88888,train,-1054968843.9443218,-1085396569.748519,30427725.804197073
2026-01-28,btcusdt,300,synthetic_maker_q90_30s_60s,0.1385251761074499,0.19133400246577054,-1.619275107399236,0.052808826358320626,10129705775.081202,9834259413.731,295446361.35020006,3226755,88888,train,1403219276.4097757,1881628214.9158344,-478408938.5060587
2026-01-28,ethusdt,30,synthetic_maker_q90_30s_60s,-0.0588887687088697,-0.0995296233701584,1.4878184309193547,-0.0406408546612887,8568024341.45563,8348657309.09338,219367032.36224997,5303145,134891,train,-504560403.73594624,-830938717.6205842,326378313.8846381
2026-01-28,ethusdt,120,synthetic_maker_q90_30s_60s,0.3213326307530569,0.4316269741379201,-3.876242848734314,0.11029434338486321,8568024341.45563,8348657309.09338,219367032.36224997,5303145,134891,train,2753185801.9961658,3603505692.438406,-850319890.4422402
2026-01-28,ethusdt,300,synthetic_maker_q90_30s_60s,0.387204332426968,0.5426789024761823,-5.529837493056068,0.15547457004921433,8568024341.45563,8348657309.09338,219367032.36224997,5303145,134891,train,3317576145.3513393,4530640185.648553,-1213064040.2972136
2026-01-29,btcusdt,30,synthetic_maker_q90_30s_60s,0.134376843174822,0.14459573767686673,-0.028523493314590552,0.010218894502044717,17337945894.413902,16314520368.766102,1023425525.6477995,4254362,309381,train,2329818436.427206,2359010107.5660024,-29191671.13879633
2026-01-29,btcusdt,120,synthetic_maker_q90_30s_60s,0.1491516989296606,0.0823401128252116,1.2142013337632895,-0.066811586104449,17337945894.413902,16314520368.766102,1023425525.6477995,4254362,309381,train,2585984086.1023674,1343339447.8534136,1242644638.2489538
2026-01-29,btcusdt,300,synthetic_maker_q90_30s_60s,-0.3102964023277049,-0.5509769412230137,3.5264141894739764,-0.24068053889530877,17337945894.413902,16314520368.766102,1023425525.6477995,4254362,309381,train,-5379902234.789036,-8988924530.303299,3609022295.514263
2026-01-29,ethusdt,30,synthetic_maker_q90_30s_60s,-0.0284090294768756,-0.07341575440905512,0.6542877328136838,-0.045006724932179526,15233587098.39992,14291426072.23154,942161026.1683798,7128589,510679,train,-432771424.91699517,-1049215826.674118,616444401.757123
2026-01-29,ethusdt,120,synthetic_maker_q90_30s_60s,0.5375112796193257,0.1561563208032996,6.322197813897719,-0.38135495881602605,15233587098.39992,14291426072.23154,942161026.1683798,7128589,510679,train,8188224894.453391,2231696514.4720287,5956528379.981362
2026-01-29,ethusdt,300,synthetic_maker_q90_30s_60s,0.0988883044215052,-0.3310246288845951,6.6201396969008774,-0.4299129333061003,15233587098.39992,14291426072.23154,942161026.1683798,7128589,510679,train,1506423598.4180853,-4730814011.792072,6237237610.210157
2026-01-30,btcusdt,30,synthetic_maker_q90_30s_60s,0.175979837358549,0.10324147961834419,1.5214794033714614,-0.0727383577402048,19363486756.1627,18370375372.538002,993111383.6247001,6128485,380992,train,3407583250.0439296,1896584734.605214,1510998515.4387152
2026-01-30,btcusdt,120,synthetic_maker_q90_30s_60s,-0.0021517658003508,-0.02209496344636968,0.3667535079957385,-0.01994319764601888,19363486756.1627,18370375372.538002,993111383.6247001,6128485,380992,train,-41665688.57745655,-405892772.3523169,364227083.7748604
2026-01-30,btcusdt,300,synthetic_maker_q90_30s_60s,-0.992776692087915,-1.1617951565875664,2.1336929959505726,-0.1690184644996514,19363486756.1627,18370375372.538002,993111383.6247001,6128485,380992,train,-19223618329.071358,-21342613132.510162,2118994803.4388046
2026-01-30,ethusdt,30,synthetic_maker_q90_30s_60s,-0.2872048197085159,-0.2306899571970911,-1.4327047768303565,0.05651486251142482,18026448907.53639,17178903382.357698,847545525.1786895,11576174,629171,train,-5177283008.4737625,-3963000485.969061,-1214282522.5047016
2026-01-30,ethusdt,120,synthetic_maker_q90_30s_60s,-0.8435096028889011,-0.8234824281374217,-1.2494404819466645,0.020027174751479415,18026448907.53639,17178903382.357698,847545525.1786895,11576174,629171,train,-15205482759.493084,-14146525070.042084,-1058957689.4510006
2026-01-30,ethusdt,300,synthetic_maker_q90_30s_60s,-1.2355660686459404,-1.389882039664096,1.8922649182697104,-0.15431597101815564,18026448907.53639,17178903382.357698,847545525.1786895,11576174,629171,train,-22272868608.331642,-23876649272.263756,1603780663.9321117
2026-01-31,btcusdt,30,synthetic_maker_q90_30s_60s,0.0691775640015479,0.2189255004583067,-2.0392947754407094,0.1497479364567588,19094474308.4742,17828274480.256702,1266199828.2174993,5765171,484952,train,1320909218.5503862,3903063912.8982563,-2582154694.34787
2026-01-31,btcusdt,120,synthetic_maker_q90_30s_60s,2.1914200577311096,2.430640420155138,-1.1768368220427492,0.23922036242402855,19094474308.4742,17828274480.256702,1266199828.2174993,5765171,484952,train,41844013991.42172,43334124573.332275,-1490110581.9105568
2026-01-31,btcusdt,300,synthetic_maker_q90_30s_60s,2.016448962335236,2.595145495294874,-6.131680898732107,0.5786965329596381,19094474308.4742,17828274480.256702,1266199828.2174993,5765171,484952,train,38503032905.65962,46266966206.31874,-7763933300.659115
2026-01-31,ethusdt,30,synthetic_maker_q90_30s_60s,0.050787754618549,0.4346797655450837,-4.753395446165368,0.3838920109265347,21794117072.29702,20181459759.54884,1612657312.7481804,11759495,1073439,train,1106874269.9957507,8772472196.638231,-7665597926.64248
2026-01-31,ethusdt,120,synthetic_maker_q90_30s_60s,2.4097190438372125,2.3429133234928714,3.2457534239743158,-0.06680572034434107,21794117072.29702,20181459759.54884,1612657312.7481804,11759495,1073439,train,52517698952.73184,47283410958.18222,5234287994.549625
2026-01-31,ethusdt,300,synthetic_maker_q90_30s_60s,3.0529152703336133,3.0238064040919794,3.417195646615488,-0.02910886624163389,21794117072.29702,20181459759.54884,1612657312.7481804,11759495,1073439,train,66535592813.45407,61024827264.84836,5510765548.605713
2025-12-01,btcusdt,30,synthetic_maker_q95_30s_60s,0.025823717273245297,-0.00162126197057869,0.5802235569048056,-0.027444979243823987,23084398443.0136,21995532794.3528,1088865648.6608,5794170,324296,train,596124978.8153272,-35660520.84210062,631785499.6574278
2025-12-01,btcusdt,120,synthetic_maker_q95_30s_60s,-0.1696298313137473,-0.23210320894396297,1.0923580256174081,-0.06247337763021568,23084398443.0136,21995532794.3528,1088865648.6608,5794170,324296,train,-3915802613.8677273,-5105233744.001457,1189431130.13373
2025-12-01,btcusdt,300,synthetic_maker_q95_30s_60s,-0.4101264276152537,-0.7071069210492995,5.589001371710276,-0.2969804934340458,23084398443.0136,21995532794.3528,1088865648.6608,5794170,324296,train,-9467521867.080292,-15553193471.053703,6085671603.97341
2025-12-01,ethusdt,30,synthetic_maker_q95_30s_60s,0.6900913885137601,0.7006580932868367,0.4545451973120936,0.01056670477307664,17668497026.029182,16909911048.164812,758585977.8643699,9209691,439484,train,12192877645.643719,11848066032.657171,344811612.98654747
2025-12-01,ethusdt,120,synthetic_maker_q95_30s_60s,0.8551952485310531,0.8121528217553857,1.814669361304356,-0.043042426775667386,17668497026.029182,16909911048.164812,758585977.8643699,9209691,439484,train,15110014705.3452,13733431973.399624,1376582731.9455764
2025-12-01,ethusdt,300,synthetic_maker_q95_30s_60s,0.1843434470864685,-0.08351983388066418,6.155379541077708,-0.2678632809671327,17668497026.029182,16909911048.164812,758585977.8643699,9209691,439484,train,3257071646.6152363,-1412312961.679533,4669384608.294769
2025-12-02,btcusdt,30,synthetic_maker_q95_30s_60s,0.0510315669818101,0.05100904006360864,0.051759832306011624,-2.2526918201461188e-05,18647536756.4074,18088032393.6214,559504362.786,4824754,161357,train,951613021.03037,922653169.0380847,28959851.99228525
2025-12-02,btcusdt,120,synthetic_maker_q95_30s_60s,0.250936291124896,0.28580524800561047,-0.8763307393761449,0.03486895688071445,18647536756.4074,18088032393.6214,559504362.786,4824754,161357,train,4679343712.268046,5169654584.19248,-490310871.9244342
2025-12-02,btcusdt,300,synthetic_maker_q95_30s_60s,-0.0255852898748402,-0.1192588640148766,3.0027568575113084,-0.09367357414003641,18647536756.4074,18088032393.6214,559504362.786,4824754,161357,train,-477102633.3644207,-2157158195.5275774,1680055562.1631565
2025-12-02,ethusdt,30,synthetic_maker_q95_30s_60s,0.1882547218675244,0.20199127453418367,-0.22324837234520184,0.013736552666659269,13899909242.75878,13450899286.193989,449009956.56479,7406858,267032,train,2616723548.479386,2716964290.449265,-100240741.96987915
2025-12-02,ethusdt,120,synthetic_maker_q95_30s_60s,0.0321671102297127,0.01288447281894422,0.6098131289700957,-0.01928263741076848,13899909242.75878,13450899286.193989,449009956.56479,7406858,267032,train,447119912.794824,173307746.24332267,273812166.55150133
2025-12-02,ethusdt,300,synthetic_maker_q95_30s_60s,-0.1329075629702041,-0.11786213427574065,-0.5836203882160722,0.015045428694463445,13899909242.75878,13450899286.193989,449009956.56479,7406858,267032,train,-1847403062.9620843,-1585351697.7988598,-262051365.16322446
2025-12-03,btcusdt,30,synthetic_maker_q95_30s_60s,-0.0861875433727873,-0.15248258363974454,2.2549120618663503,-0.06629504026695723,17083045254.2078,16612610888.5237,470434365.68410015,4986384,147377,train,-1472345703.786323,-2533133829.283846,1060788125.497523
2025-12-03,btcusdt,120,synthetic_maker_q95_30s_60s,0.0722233416811517,0.07445463306527673,-0.006571019971151003,0.0022312913841250337,17083045254.2078,16612610888.5237,470434365.68410015,4986384,147377,train,1233794614.349227,1236885847.961253,-3091233.612025976
2025-12-03,btcusdt,300,synthetic_maker_q95_30s_60s,0.7210239016955634,0.987994372662628,-8.706596349755078,0.2669704709670646,17083045254.2078,16612610888.5237,470434365.68410015,4986384,147377,train,12317283942.030787,16413166073.095318,-4095882131.064532
2025-12-03,ethusdt,30,synthetic_maker_q95_30s_60s,-0.1777366175938894,-0.2758598192673678,2.570814025493634,-0.0981232016734784,15623047708.6988,15084530286.37579,538517422.3230102,7927111,262949,train,-2776787656.2520885,-4161215798.532761,1384428142.280673
2025-12-03,ethusdt,120,synthetic_maker_q95_30s_60s,-0.2107088740122401,-0.17124217899233557,-1.3162191725700731,0.03946669501990452,15623047708.6988,15084530286.37579,538517422.3230102,7927111,262949,train,-3291914791.3394313,-2583107835.31487,-708806956.0245612
2025-12-03,ethusdt,300,synthetic_maker_q95_30s_60s,0.12103533689293582,0.34873876031120854,-6.25721547632615,0.2277034234182727,15623047708.6988,15084530286.37579,538517422.3230102,7927111,262949,train,1890940842.716768,5260560391.947573,-3369619549.2308044
2025-12-04,btcusdt,30,synthetic_maker_q95_30s_60s,-0.277944484374133,-0.2956845638031201,0.43238823330048826,-0.017740079428987088,12734406440.3688,12424122382.741798,310284057.627,3883537,96065,train,-3539458031.8789444,-3673621207.3775897,134163175.49864541
2025-12-04,btcusdt,120,synthetic_maker_q95_30s_60s,-0.3903172811647167,-0.3549084614507764,-1.8081262170117423,0.035408819713940276,12734406440.3688,12424122382.741798,310284057.627,3883537,96065,train,-4970458899.051208,-4409426159.735046,-561032739.3161609
2025-12-04,btcusdt,300,synthetic_maker_q95_30s_60s,-0.264996755493728,-0.224664075642808,-1.8799625849471917,0.040332679850919984,12734406440.3688,12424122382.741798,310284057.627,3883537,96065,train,-3374576389.8361654,-2791253970.791807,-583322419.0443583
2025-12-04,ethusdt,30,synthetic_maker_q95_30s_60s,-0.0688506708782295,-0.008692695694794705,-1.8673236304897307,0.0601579751834348,14691893578.95238,14216363686.07572,475529892.87666,7078735,233385,train,-1011546729.3824236,-123578523.40958619,-887968205.9728374
2025-12-04,ethusdt,120,synthetic_maker_q95_30s_60s,0.0565337631268303,0.11570752552128545,-1.7125153323654692,0.059173762394455154,14691893578.95238,14216363686.07572,475529892.87666,7078735,233385,train,830588031.4770929,1644940264.026482,-814352232.5493894
2025-12-04,ethusdt,300,synthetic_maker_q95_30s_60s,-0.2072815661397804,-0.1920771396486308,-0.661830606850563,0.015204426491149614,14691893578.95238,14216363686.07572,475529892.87666,7078735,233385,train,-3045358710.604233,-2730638473.0260897,-314720237.5781431
2025-12-05,btcusdt,30,synthetic_maker_q95_30s_60s,0.10900737013848968,0.0302670669544177,2.169515339540497,-0.07874030318407199,14779615610.8184,14235615445.4084,544000165.4100001,4070603,144279,train,1611087029.3930817,430870325.82351875,1180216703.569563
2025-12-05,btcusdt,120,synthetic_maker_q95_30s_60s,0.1775151561726784,0.09318920857766921,2.384190518352899,-0.08432594759500919,14779615610.8184,14235615445.4084,544000165.4100001,4070603,144279,train,2623605773.326584,1326605736.9736528,1297000036.352931
2025-12-05,btcusdt,300,synthetic_maker_q95_30s_60s,0.2901203365832086,0.17879023187963686,3.203451358941694,-0.11133010470357177,14779615610.8184,14235615445.4084,544000165.4100001,4070603,144279,train,4287867055.5810785,2545188986.4339075,1742678069.147171
2025-12-05,ethusdt,30,synthetic_maker_q95_30s_60s,0.3413098518131935,0.3782216216198186,-0.6197781919969935,0.03691176980662508,15472618635.1133,14900352258.33391,572266376.7793906,7475726,306985,train,5280957173.512577,5635635393.853578,-354678220.3410009
2025-12-05,ethusdt,120,synthetic_maker_q95_30s_60s,0.1862633883487474,0.05224109647063466,3.6758609612338686,-0.13402229187811274,15472618635.1133,14900352258.33391,572266376.7793906,7475726,306985,train,2881982373.6041746,778410739.7740607,2103571633.830114
2025-12-05,ethusdt,300,synthetic_maker_q95_30s_60s,0.1515721760056285,0.033403204489390395,3.2283898487583107,-0.1181689715162381,15472618635.1133,14900352258.33391,572266376.7793906,7475726,306985,train,2345218475.029361,497719513.44907755,1847498961.5802832
2025-12-06,btcusdt,30,synthetic_maker_q95_30s_60s,-0.2934914452791037,-0.2825637529526211,-0.9889549349586932,0.010927692326482608,4779649451.4916,4705709487.3969,73939964.09470001,1532684,21766,train,-1402786225.445745,-1329662933.063623,-73123292.38212216
2025-12-06,btcusdt,120,synthetic_maker_q95_30s_60s,0.0163390053439972,0.030905407195223857,-0.9107003329597437,0.014566401851226658,4779649451.4916,4705709487.3969,73939964.09470001,1532684,21766,train,78094717.93035454,145431867.85042933,-67337149.92007479
2025-12-06,btcusdt,300,synthetic_maker_q95_30s_60s,0.335425662947527,0.37220335084372025,-2.0051910384074025,0.036777687896193234,4779649451.4916,4705709487.3969,73939964.09470001,1532684,21766,train,1603217085.923354,1751480839.3062115,-148263753.38285756
2025-12-06,ethusdt,30,synthetic_maker_q95_30s_60s,-0.1640318197776641,-0.15437504276826614,-0.8584287928458529,0.00965677700939796,4654730132.84645,4590886014.51476,63844118.33168998,2781154,34859,train,-763523854.2647313,-708718224.8349509,-54805629.42978042
2025-12-06,ethusdt,120,synthetic_maker_q95_30s_60s,-0.1190768199263453,-0.11286492175535638,-0.5657603544787756,0.006211898170988925,4654730132.84645,4590886014.51476,63844118.33168998,2781154,34859,train,-554270461.8346901,-518149990.8159683,-36120471.01872182
2025-12-06,ethusdt,300,synthetic_maker_q95_30s_60s,0.0360007195014735,0.10787782578783661,-5.132519273201833,0.07187710628636311,4654730132.84645,4590886014.51476,63844118.33168998,2781154,34859,train,167573633.86766154,495254801.68563884,-327681167.8179773
2025-12-07,btcusdt,30,synthetic_maker_q95_30s_60s,-0.0167270128561642,0.07242713556154681,-2.435997831925191,0.08915414841771102,10767751009.3826,10385044855.4978,382706153.8848001,2955441,109285,train,-180112309.56591782,752159051.5618836,-932271361.1278014
2025-12-07,btcusdt,120,synthetic_maker_q95_30s_60s,-0.337482124029935,-0.3496517808392898,-0.00724852167399591,-0.012169656809354834,10767751009.3826,10385044855.4978,382706153.8848001,2955441,109285,train,-3633923481.6719165,-3631149427.820711,-2774053.8512055874
2025-12-07,btcusdt,300,synthetic_maker_q95_30s_60s,-0.374167426328043,-0.47558875361056513,2.377983335925344,-0.10142132728252212,10767751009.3826,10385044855.4978,382706153.8848001,2955441,109285,train,-4028941682.521875,-4939010539.01601,910068856.4941349
2025-12-07,ethusdt,30,synthetic_maker_q95_30s_60s,-0.5155704052233445,-0.46337610951950486,-2.004467969048099,0.052194295703839655,11987217123.807867,11581229413.628447,405987710.17942,5653595,225946,train,-6180254390.021836,-5366465029.140006,-813789360.8818302
2025-12-07,ethusdt,120,synthetic_maker_q95_30s_60s,-1.115505517642375,-1.254113432815885,2.8384320620438546,-0.13860791517351,11987217123.807867,11581229413.628447,405987710.17942,5653595,225946,train,-13371806842.784836,-14524175376.15387,1152368533.3690338
2025-12-07,ethusdt,300,synthetic_maker_q95_30s_60s,-1.6925487129048955,-2.0059986069363545,7.248941488489555,-0.31344989403145895,11987217123.807867,11581229413.628447,405987710.17942,5653595,225946,train,-20288948914.21253,-23231930070.348995,2942981156.136471
2025-12-08,btcusdt,30,synthetic_maker_q95_30s_60s,-0.1113216378413432,-0.08149094699231602,-1.1304633791739513,0.02983069084902719,12956057419.4553,12587612900.1859,368444519.2694,3790644,97169,train,-1442289531.9002504,-1025776495.6088424,-416513036.29140794
2025-12-08,btcusdt,120,synthetic_maker_q95_30s_60s,-0.0448697800540986,0.06716790716124786,-3.8725479327794794,0.11203768721534646,12956057419.4553,12587612900.1859,368444519.2694,3790644,97169,train,-581335446.7792315,845483614.6614125,-1426819061.440644
2025-12-08,btcusdt,300,synthetic_maker_q95_30s_60s,0.44571275737583455,0.7958082397166085,-11.515019942755092,0.350095482340774,12956057419.4553,12587612900.1859,368444519.2694,3790644,97169,train,5774680077.145061,10017326064.331015,-4242645987.185954
2025-12-08,ethusdt,30,synthetic_maker_q95_30s_60s,-0.0776379805329861,-0.06239197953432373,-0.6799748580794668,0.015246000998662364,12595702562.06043,12284757909.105661,310944652.95476997,7045383,183468,train,-977904910.3125308,-766470364.049042,-211434546.26348877
2025-12-08,ethusdt,120,synthetic_maker_q95_30s_60s,0.0307336017792833,0.07578750500628996,-1.7492497127579179,0.045053903227006656,12595702562.06043,12284757909.105661,310944652.95476997,7045383,183468,train,387111306.6726637,931031151.5374055,-543919844.8647418
2025-12-08,ethusdt,300,synthetic_maker_q95_30s_60s,0.6561531492413784,0.8388510338766756,-6.561849353528182,0.18269788463529724,12595702562.06043,12284757909.105661,310944652.95476997,7045383,183468,train,8264709903.00365,10305081872.977951,-2040371969.9743023
2025-12-09,btcusdt,30,synthetic_maker_q95_30s_60s,-0.2822137362408394,-0.3005263266229234,0.15996245379903576,-0.018312590382083993,15254386612.9971,14647754387.739,606632225.2580998,4030888,165787,train,-4304997440.116156,-4402035819.42201,97038379.30585504
2025-12-09,btcusdt,120,synthetic_maker_q95_30s_60s,-0.0342663526554677,-0.009459284063984311,-0.6332583492531485,0.02480706859148339,15254386612.9971,14647754387.739,606632225.2580998,4030888,165787,train,-522712191.2238042,-138557269.65309578,-384154921.5707084
2025-12-09,btcusdt,300,synthetic_maker_q95_30s_60s,-0.2779053631939199,-0.4979035961593969,5.034176567243991,-0.219998232965477,15254386612.9971,14647754387.739,606632225.2580998,4030888,165787,train,-4239275851.985429,-7293169585.314833,3053893733.3294044
2025-12-09,ethusdt,30,synthetic_maker_q95_30s_60s,-0.2860533408343006,-0.3685452847095266,1.7266446006983216,-0.08249194387522596,16713570877.23268,16055523145.92125,658047731.31143,7868188,321011,train,-4780972786.70328,-5917187348.973941,1136214562.2706604
2025-12-09,ethusdt,120,synthetic_maker_q95_30s_60s,0.18146354989458902,0.14002918061847328,1.1924091748016759,-0.04143436927611574,16713570877.23268,16055523145.92125,658047731.31143,7868188,321011,train,3032903902.797462,2248241750.524285,784662152.2731771
2025-12-09,ethusdt,300,synthetic_maker_q95_30s_60s,0.0949863176907914,-0.21924448516136147,7.761816075312852,-0.3142308028521529,16713570877.23268,16055523145.92125,658047731.31143,7868188,321011,train,1587560553.0923824,-3520084906.123827,5107645459.216209
2025-12-10,btcusdt,30,synthetic_maker_q95_30s_60s,-0.1824572519165939,-0.17475967754370775,-0.3956727158362761,0.007697574372886151,13470706686.3873,13001328475.9601,469378210.42719984,3882247,128178,train,-2457828123.3727136,-2272107972.0986123,-185720151.27410126
2025-12-10,btcusdt,120,synthetic_maker_q95_30s_60s,-0.1660297585524035,-0.059052423696477896,-3.1291998398367458,0.10697733485592562,13470706686.3873,13001328475.9601,469378210.42719984,3882247,128178,train,-2236538178.671131,-767759957.779479,-1468778220.891652
2025-12-10,btcusdt,300,synthetic_maker_q95_30s_60s,-0.1318345547788081,0.1703560891284193,-8.502226994223161,0.3021906439072274,13470706686.3873,13001328475.9601,469378210.42719984,3882247,128178,train,-1775904618.555783,2214855472.6385145,-3990760091.194298
2025-12-10,ethusdt,30,synthetic_maker_q95_30s_60s,0.0069412134723234,0.043944683811898644,-0.9631117297449941,0.037003470339575247,15128259323.7465,14572383716.74007,555875607.0064301,8367073,349773,train,105008477.43079129,640378794.8178028,-535370317.3870115
2025-12-10,ethusdt,120,synthetic_maker_q95_30s_60s,0.4962018149260046,0.7579461929015027,-6.365476343788888,0.26174437797549804,15128259323.7465,14572383716.74007,555875607.0064301,8367073,349773,train,7506669733.1142645,11045082759.602985,-3538413026.48872
2025-12-10,ethusdt,300,synthetic_maker_q95_30s_60s,1.3826842313772572,1.778064990652644,-8.982296828693482,0.39538075927538685,15128259323.7465,14572383716.74007,555875607.0064301,8367073,349773,train,20917605615.130253,25910645317.092175,-4993039701.961922
2025-12-11,btcusdt,30,synthetic_maker_q95_30s_60s,-0.282985807446621,-0.31419756571048396,0.7167756370287542,-0.031211758263862965,15703317180.4207,15227913805.7512,475403374.6695001,4384579,142762,train,-4443815891.891747,-4784573448.616098,340757556.72435045
2025-12-11,btcusdt,120,synthetic_maker_q95_30s_60s,-0.0627122394855855,-0.13199024532378886,2.1563706651570156,-0.06927800583820336,15703317180.4207,15227913805.7512,475403374.6695001,4384579,142762,train,-984790187.7366523,-2009936078.9906123,1025145891.2539599
2025-12-11,btcusdt,300,synthetic_maker_q95_30s_60s,-0.2918849884242064,-0.42735753619552624,4.047512648248735,-0.13547254777131984,15703317180.4207,15227913805.7512,475403374.6695001,4384579,142762,train,-4583562553.428738,-6507763725.423672,1924201171.9949338
2025-12-11,ethusdt,30,synthetic_maker_q95_30s_60s,-0.0553013759410477,-0.05425231418282262,-0.08433709413915566,0.001049061758225077,15498484303.572948,14958049332.237638,540434971.33531,8195745,308719,train,-857087506.9883144,-811508791.9347165,-45578715.05359793
2025-12-11,ethusdt,120,synthetic_maker_q95_30s_60s,0.2777894091453214,0.3648234058484678,-2.131119868229589,0.08703399670314638,15498484303.572948,14958049332.237638,540434971.33531,8195745,308719,train,4305314797.337567,5457046502.236335,-1151731704.8987675
2025-12-11,ethusdt,300,synthetic_maker_q95_30s_60s,0.1415796747581972,0.275622122344964,-3.5684199551005746,0.13404244758676684,15498484303.572948,14958049332.237638,540434971.33531,8195745,308719,train,2194270366.9448824,4122769303.09201,-1928498936.1471272
2025-12-12,btcusdt,30,synthetic_maker_q95_30s_60s,-0.0930593607436245,-0.1484938133899427,1.5372791787810711,-0.05543445264631819,12201885610.1803,11800642469.381,401243140.79929996,3430669,119320,train,-1135499674.7502093,-1752322400.7296948,616822725.9794855
2025-12-12,btcusdt,120,synthetic_maker_q95_30s_60s,0.1170478686783266,0.08670387897585441,1.0094707842704522,-0.030343989702472193,12201885610.1803,11800642469.381,401243140.79929996,3430669,119320,train,1428204704.5283468,1023161476.502538,405043228.0258088
2025-12-12,btcusdt,300,synthetic_maker_q95_30s_60s,-0.2459846400568446,-0.6488372411486044,11.601992384233057,-0.4028526010917598,12201885610.1803,11800642469.381,401243140.79929996,3430669,119320,train,-3001476439.8349924,-7656696303.614223,4655219863.77923
2025-12-12,ethusdt,30,synthetic_maker_q95_30s_60s,0.2745113520519178,0.15459261126270435,2.976511988091688,-0.11991874078921344,13684952227.52412,13103403990.405691,581548237.1184299,7085315,319559,train,3756674738.7435503,2025689439.306956,1730985299.436594
2025-12-12,ethusdt,120,synthetic_maker_q95_30s_60s,0.110267319208669,0.05051986039815926,1.4564928603150717,-0.05974745881050974,13684952227.52412,13103403990.405691,581548237.1184299,7085315,319559,train,1509002995.627788,661982140.3359785,847020855.2918096
2025-12-12,ethusdt,300,synthetic_maker_q95_30s_60s,-0.1437628825229178,-0.46276263735289547,7.043917164603301,-0.31899975482997767,13684952227.52412,13103403990.405691,581548237.1184299,7085315,319559,train,-1967388179.4172924,-6063765788.900592,4096377609.483299
2025-12-13,btcusdt,30,synthetic_maker_q95_30s_60s,-0.0554000165621605,-0.046772049360636996,-0.9991852386972981,0.008627967201523506,2973507541.5984,2946570361.5702,26937180.028200004,921040,5586,train,-164732367.05226052,-137817134.3959514,-26915232.656309113
2025-12-13,btcusdt,120,synthetic_maker_q95_30s_60s,0.187960945927496,0.17038250294553525,2.110809552907622,-0.017578442981960735,2973507541.5984,2946570361.5702,26937180.028200004,921040,5586,train,558903290.2413784,502044033.3094615,56859256.931916974
2025-12-13,btcusdt,300,synthetic_maker_q95_30s_60s,0.250872196312242,0.31423970078998337,-6.6806926662795165,0.06336750447774137,2973507541.5984,2946570361.5702,26937180.028200004,921040,5586,train,745970367.7118059,925929388.7764528,-179959021.06464684
2025-12-13,ethusdt,30,synthetic_maker_q95_30s_60s,0.0561709198197932,0.034402197092767615,1.6143661812058585,-0.021768722727025583,4234057177.31861,4175720393.9297404,58336783.388869986,2366984,29740,train,237830886.21958357,143653955.99626017,94176930.2233234
2025-12-13,ethusdt,120,synthetic_maker_q95_30s_60s,-0.0527715402119866,0.0019486412337918677,-3.9696172137132013,0.05472018144577847,4234057177.31861,4175720393.9297404,58336783.388869986,2366984,29740,train,-223437718.59271953,8136980.940397114,-231574699.53311664
2025-12-13,ethusdt,300,synthetic_maker_q95_30s_60s,0.1384634851319427,0.2564952597937227,-8.3101972046679,0.11803177466177997,4234057177.31861,4175720393.9297404,58336783.388869986,2366984,29740,train,586262313.0194507,1071052487.2669548,-484790174.2475041
2025-12-14,btcusdt,30,synthetic_maker_q95_30s_60s,0.17427734628863212,0.23352754769524225,-2.615127833665096,0.05925020140661014,7442384029.8624,7287587224.4643,154796805.39809984,2148043,46113,train,1297038938.7853148,1701852373.144325,-404813434.3590102
2025-12-14,btcusdt,120,synthetic_maker_q95_30s_60s,0.9980723788742252,1.138447946542916,-5.610585926046016,0.14037556766869086,7442384029.8624,7287587224.4643,154796805.39809984,2148043,46113,train,7428037933.180308,8296538710.943771,-868500777.7634629
2025-12-14,btcusdt,300,synthetic_maker_q95_30s_60s,1.270323144705671,1.3783396943823603,-3.8149240955724255,0.10801654967668917,7442384029.8624,7287587224.4643,154796805.39809984,2148043,46113,train,9454232684.92207,10044770747.752916,-590538062.8308468
2025-12-14,ethusdt,30,synthetic_maker_q95_30s_60s,-0.3800341749717481,-0.18357711819198036,-8.056699792945306,0.1964570567797677,7670937482.59599,7479525527.92076,191411954.67522997,4138540,94137,train,-2915218397.4582253,-1373069741.8590436,-1542148655.5991817
2025-12-14,ethusdt,120,synthetic_maker_q95_30s_60s,0.5962441294932043,0.9048201065118529,-11.461528862429244,0.3085759770186486,7670937482.59599,7479525527.92076,191411954.67522997,4138540,94137,train,4573751441.707238,6767625084.831385,-2193873643.1241465
2025-12-14,ethusdt,300,synthetic_maker_q95_30s_60s,0.935342244561114,1.320598241030725,-14.118743929252444,0.38525599646961106,7670937482.59599,7479525527.92076,191411954.67522997,4138540,94137,train,7174951882.859315,9877448255.916561,-2702496373.057247
2025-12-15,btcusdt,30,synthetic_maker_q95_30s_60s,0.0145915429291433,0.030264011638165108,-0.2960630148674964,0.01567246870902181,15548287461.9883,14801551736.981901,746735725.0063999,4265668,225482,train,226873503.9762628,447954334.03092325,-221080830.05466047
2025-12-15,btcusdt,120,synthetic_maker_q95_30s_60s,0.1352699586369278,-0.009954829595605917,3.0138682960844436,-0.14522478823253374,15548287461.9883,14801551736.981901,746735725.0063999,4265668,225482,train,2103216201.8582206,-147346925.2921996,2250563127.15042
2025-12-15,btcusdt,300,synthetic_maker_q95_30s_60s,-0.1870282146223997,-0.4187224340986357,4.405538957261274,-0.23169421947623597,15548287461.9883,14801551736.981901,746735725.0063999,4265668,225482,train,-2907968444.4515142,-6197741771.745951,3289773327.294436
2025-12-15,ethusdt,30,synthetic_maker_q95_30s_60s,0.1841088851768592,0.2306485786594211,-0.7983192586564882,0.0465396934825619,17235111128.16028,16455575791.920017,779535336.2402601,8821468,451112,train,3173137095.704869,3795455167.4287295,-622318071.7238607
2025-12-15,ethusdt,120,synthetic_maker_q95_30s_60s,0.6677111782179538,0.6117749945977965,1.848494224579509,-0.05593618362015729,17235111128.16028,16455575791.920017,779535336.2402601,8821468,451112,train,11508076358.101267,10067109791.2055,1440966566.8957665
2025-12-15,ethusdt,300,synthetic_maker_q95_30s_60s,-0.3309094199469924,-0.39227812913695975,0.9645513480002326,-0.06136870918996734,17235111128.16028,16455575791.920017,779535336.2402601,8821468,451112,train,-5703260626.141472,-6455162485.525829,751901859.3843575
2025-12-16,btcusdt,30,synthetic_maker_q95_30s_60s,-0.0339756813495719,-0.10626708349353543,1.9013505078971447,-0.07229140214396354,11776866870.928,11352798949.5205,424067921.4075,3882706,128104,train,-400127076.1029796,-1206428833.8540163,806301757.7510366
2025-12-16,btcusdt,120,synthetic_maker_q95_30s_60s,0.2182513324488603,0.23584996848984724,-0.25288493293048264,0.017598636040986937,11776866870.928,11352798949.5205,424067921.4075,3882706,128104,train,2570316886.652876,2677557274.5159807,-107240387.86310484
2025-12-16,btcusdt,300,synthetic_maker_q95_30s_60s,0.4232036274984491,0.4942486046579347,-1.4787542932702595,0.0710449771594856,11776866870.928,11352798949.5205,424067921.4075,3882706,128104,train,4984012780.343039,5611105039.762574,-627092259.4195356
2025-12-16,ethusdt,30,synthetic_maker_q95_30s_60s,0.1164376713414285,0.20584712269641423,-2.5598036163434883,0.08940945135498572,12641484717.50637,12232803969.44595,408680748.06042004,8281060,261154,train,1471945042.804698,2518087499.6197233,-1046142456.8150252
2025-12-16,ethusdt,120,synthetic_maker_q95_30s_60s,0.5754586225812132,0.6513512579780789,-1.6961916470743574,0.07589263539686575,12641484717.50637,12232803969.44595,408680748.06042004,8281060,261154,train,7274651382.917672,7967852254.0978565,-693200871.1801844
2025-12-16,ethusdt,300,synthetic_maker_q95_30s_60s,1.2537230242724255,1.8938174481010082,-17.90585237973677,0.6400944238285826,12641484717.50637,12232803969.44595,408680748.06042004,8281060,261154,train,15848920451.325735,23166697596.53601,-7317777145.210276
2025-12-17,btcusdt,30,synthetic_maker_q95_30s_60s,-0.3648504154551116,-0.4761165365045595,1.9556007564566593,-0.11126612104944789,16966673510.7515,16190343156.019,776330354.7324998,5019451,264129,train,-6190297879.288921,-7708490108.264065,1518192228.9751434
2025-12-17,btcusdt,120,synthetic_maker_q95_30s_60s,-0.5015981903929391,-0.814827701304049,6.030792611188282,-0.31322951091110995,16966673510.7515,16190343156.019,776330354.7324998,5019451,264129,train,-8510452729.980766,-13192340097.142704,4681887367.161938
2025-12-17,btcusdt,300,synthetic_maker_q95_30s_60s,-1.1471616757660594,-1.6435630842530522,9.205272822695422,-0.49640140848699277,16966673510.7515,16190343156.019,776330354.7324998,5019451,264129,train,-19463517616.769302,-26609850332.62188,7146332715.852577
2025-12-17,ethusdt,30,synthetic_maker_q95_30s_60s,-0.1111034990904864,-0.10757290749752148,-0.16473242739736305,0.0035305915929649268,16118590395.227629,15122987915.718458,995602479.5091703,8903904,551460,train,-1790831793.3160958,-1626823780.1437168,-164008013.17237902
2025-12-17,ethusdt,120,synthetic_maker_q95_30s_60s,-0.0572227957970338,-0.22313537677651313,2.4629536891543733,-0.16591258097947933,16118590395.227629,15122987915.718458,995602479.5091703,8903904,551460,train,-922350806.7221409,-3374473606.560493,2452122799.838352
2025-12-17,ethusdt,300,synthetic_maker_q95_30s_60s,-0.3059158156435479,-0.6316010667799422,4.6411732270551,-0.3256852511363943,16118590395.227629,15122987915.718458,995602479.5091703,8903904,551460,train,-4930931727.780317,-9551695300.467953,4620763572.687635
2025-12-18,btcusdt,30,synthetic_maker_q95_30s_60s,-0.0681220484228598,-0.09136060414621361,0.3639764628402262,-0.023238555723353815,18342032717.479897,17405929816.379097,936102901.1007998,5273789,283411,train,-1249496840.953844,-1590216263.7509873,340719422.7971432
2025-12-18,btcusdt,120,synthetic_maker_q95_30s_60s,-0.109075489912991,-0.015328356573989038,-1.8522129392965532,0.09374713333900196,18342032717.479897,17405929816.379097,936102901.1007998,5273789,283411,train,-2000666204.6592293,-266804298.72728634,-1733861905.931943
2025-12-18,btcusdt,300,synthetic_maker_q95_30s_60s,-0.166369899478835,-0.4846150351036692,5.751091192219493,-0.31824513562483425,18342032717.479897,17405929816.379097,936102901.1007998,5273789,283411,train,-3051562139.444633,-8435175288.976559,5383613149.531925
2025-12-18,ethusdt,30,synthetic_maker_q95_30s_60s,0.0824762195315126,0.10559203713584085,-0.27716761459567235,0.02311581760432825,17090076952.006647,16057964241.381577,1032112710.6250699,9848600,646980,train,1409524938.504144,1695593156.501968,-286068217.9978241
2025-12-18,ethusdt,120,synthetic_maker_q95_30s_60s,0.0967366678865616,-0.016084111925027452,1.852041131487338,-0.11282077981158906,17090076952.006647,16057964241.381577,1032112710.6250699,9848600,646980,train,1653237098.262048,-258278094.14646983,1911515192.4085178
2025-12-18,ethusdt,300,synthetic_maker_q95_30s_60s,-0.5362175311965509,-0.7827795385692428,3.2998789114837423,-0.24656200737269185,17090076952.006647,16057964241.381577,1032112710.6250699,9848600,646980,train,-9163998871.16408,-12569845839.23007,3405846968.0659904
2025-12-19,btcusdt,30,synthetic_maker_q95_30s_60s,-0.30848244380769674,-0.34634228204324213,0.9126275322615268,-0.037859838235545396,14596045821.62,14157112395.729801,438933425.8902,4569203,156433,train,-4502623884.982459,-4903206614.27973,400582729.297271
2025-12-19,btcusdt,120,synthetic_maker_q95_30s_60s,-0.4063150487213547,-0.4106769376551672,-0.2656291308775844,-0.004361888933812508,14596045821.62,14157112395.729801,438933425.8902,4569203,156433,train,-5930593069.150657,-5813999564.718323,-116593504.43233442
2025-12-19,btcusdt,300,synthetic_maker_q95_30s_60s,-0.150144921439645,0.051465083867419464,-6.6527608920670005,0.20161000530706447,14596045821.62,14157112395.729801,438933425.8902,4569203,156433,train,-2191522153.2165937,728596976.7667179,-2920119129.9833117
2025-12-19,ethusdt,30,synthetic_maker_q95_30s_60s,-0.3414354868533807,-0.35520636581028475,0.15101299254958994,-0.013770878956904042,13853683735.62835,13476816674.58059,376867061.0477599,9036090,263516,train,-4730139250.987027,-4787051073.669218,56911822.68219122
2025-12-19,ethusdt,120,synthetic_maker_q95_30s_60s,-0.8416006541656672,-0.7541821411074731,-3.9676984117524183,0.08741851305819415,13853683735.62835,13476816674.58059,376867061.0477599,9036090,263516,train,-11659269294.509083,-10163974454.948084,-1495294839.5609987
2025-12-19,ethusdt,300,synthetic_maker_q95_30s_60s,0.8072605257121479,1.3514652286579862,-18.65357267805835,0.5442047029458383,13853683735.62835,13476816674.58059,376867061.0477599,9036090,263516,train,11183532015.473175,18213449128.693817,-7029917113.220642
2025-12-20,btcusdt,30,synthetic_maker_q95_30s_60s,0.1974863870756255,0.17907606219036343,3.7058210296750778,-0.018410324885262064,2942997809.3007,2927634763.1192,15363046.181500003,911535,3824,train,581202004.530276,524269304.9110038,56932699.61927211
2025-12-20,btcusdt,120,synthetic_maker_q95_30s_60s,0.4327834879557285,0.4214804617719859,2.5867269177307066,-0.011303026183742626,2942997809.3007,2927634763.1192,15363046.181500003,911535,3824,train,1273680856.955225,1233940851.859199,39740005.096026
2025-12-20,btcusdt,300,synthetic_maker_q95_30s_60s,0.4667664736380008,0.4579145409011041,2.153621130921948,-0.008851932736896662,2942997809.3007,2927634763.1192,15363046.181500003,911535,3824,train,1373692709.3716493,1340606528.4798412,33086180.891808152
2025-12-20,ethusdt,30,synthetic_maker_q95_30s_60s,-0.1645439169382508,-0.1846181817660112,3.105866217826855,-0.020074264827760396,2854873447.02256,2837456714.81366,17416732.208900005,1765371,9926,train,-469752059.33609784,-523846099.5286573,54094040.19255942
2025-12-20,ethusdt,120,synthetic_maker_q95_30s_60s,-0.0329593111265706,-0.05830138890846505,4.095659531208375,-0.02534207778189445,2854873447.02256,2837456714.81366,17416732.208900005,1765371,9926,train,-94094662.16740163,-165427667.4412868,71333005.27388519
2025-12-20,ethusdt,300,synthetic_maker_q95_30s_60s,-0.0954431155144979,-0.10772414934021542,1.9053284112951625,-0.012281033825717519,2854873447.02256,2837456714.81366,17416732.208900005,1765371,9926,train,-272478016.183447,-305662610.89298373,33184594.70953673
2025-12-21,btcusdt,30,synthetic_maker_q95_30s_60s,0.2777100501481615,0.26640351931466555,1.0107876203666926,-0.011306530833495976,5628290708.8631,5542801990.9422,85488717.92090005,1793625,26624,train,1563032895.006803,1476621957.251337,86410937.75546598
2025-12-21,btcusdt,120,synthetic_maker_q95_30s_60s,0.1930848051055146,0.18955068719832074,0.42222516711613306,-0.003534117907193851,5628290708.8631,5542801990.9422,85488717.92090005,1793625,26624,train,1086737414.5980103,1050641926.3873143,36095488.21069598
2025-12-21,btcusdt,300,synthetic_maker_q95_30s_60s,0.5308618332661165,0.5853212533033966,-3.000104464386088,0.054459420037280104,5628290708.8631,5542801990.9422,85488717.92090005,1793625,26624,train,2987844723.8617153,3244319808.1508503,-256475084.28913522
2025-12-21,ethusdt,30,synthetic_maker_q95_30s_60s,0.0342186167223773,0.05298210388163099,-0.9740707537139816,0.018763487159253696,5286766455.66963,5190181188.6395,96585267.03012997,3168614,65613,train,180905835.04728016,274986718.900985,-94080883.85370487
2025-12-21,ethusdt,120,synthetic_maker_q95_30s_60s,0.1773502335296069,0.22054200335121393,-2.143636373695083,0.04319176982160702,5286766455.66963,5190181188.6395,96585267.03012997,3168614,65613,train,937609265.5295011,1144652957.09834,-207043691.56883907
2025-12-21,ethusdt,300,synthetic_maker_q95_30s_60s,0.6693230197988183,0.7340460423589178,-2.8086837662519537,0.06472302256009954,5286766455.66963,5190181188.6395,96585267.03012997,3168614,65613,train,3538554489.079892,3809831960.6465282,-271277471.5666361
2025-12-22,btcusdt,30,synthetic_maker_q95_30s_60s,-0.19085623067669702,-0.20587063814701884,0.36403725121173236,-0.015014407470321817,12779680336.4176,12442995529.1107,336684807.3068999,3845334,115276,train,-2439081618.2617664,-2561647430.0385222,122565811.77675563
2025-12-22,btcusdt,120,synthetic_maker_q95_30s_60s,0.115055911961872,0.2507875264930543,-4.901231832887217,0.13573161453118232,12779680336.4176,12442995529.1107,336684807.3068999,3845334,115276,train,1470377775.68773,3120548070.9098063,-1650170295.2220764
2025-12-22,btcusdt,300,synthetic_maker_q95_30s_60s,0.7550500212031427,1.0215100226968425,-9.092619179535964,0.26646000149369986,12779680336.4176,12442995529.1107,336684807.3068999,3845334,115276,train,9649297908.981495,12710644645.358582,-3061346736.3770885
2025-12-22,ethusdt,30,synthetic_maker_q95_30s_60s,-0.2581090509171903,-0.3061991271756867,1.3472745172568825,-0.04809007625849643,11498721524.86319,11164289587.06496,334431937.79823005,6975362,210828,train,-2967924099.5435047,-3418495727.0958986,450571627.55239415
2025-12-22,ethusdt,120,synthetic_maker_q95_30s_60s,-0.3327824402638852,-0.2581471397667011,-2.8243211182202175,0.07463530049718409,11498721524.86319,11164289587.06496,334431937.79823005,6975362,210828,train,-3826572608.9588356,-2882029424.427984,-944543184.5308514
2025-12-22,ethusdt,300,synthetic_maker_q95_30s_60s,0.4097396600712085,0.5944414215488333,-5.756130639138342,0.1847017614776248,11498721524.86319,11164289587.06496,334431937.79823005,6975362,210828,train,4711482248.850931,6636516172.717732,-1925033923.8668
2025-12-23,btcusdt,30,synthetic_maker_q95_30s_60s,-0.12345141437084571,-0.10367037423825592,-1.1268024311304992,0.019781040132589786,10802373840.5243,10593522804.1139,208851036.41039997,3266852,67088,train,-1333568329.1753492,-1098234473.6039863,-235333855.5713631
2025-12-23,btcusdt,120,synthetic_maker_q95_30s_60s,-0.1723611142427748,-0.08359945494907385,-4.674606724415797,0.08876165929370096,10802373840.5243,10593522804.1139,208851036.41039997,3266852,67088,train,-1861909191.6197708,-885612732.4145064,-976296459.2052642
2025-12-23,btcusdt,300,synthetic_maker_q95_30s_60s,-0.0341270803912715,0.07145994584037552,-5.389803496598063,0.10558702623164701,10802373840.5243,10593522804.1139,208851036.41039997,3266852,67088,train,-368653480.472141,757012565.8407623,-1125666046.3129032
2025-12-23,ethusdt,30,synthetic_maker_q95_30s_60s,-0.1513960974507896,-0.15008613953536623,-0.2156148596002812,0.0013099579154233765,11139674435.23058,10916985747.168089,222688688.06249,6376674,142810,train,-1686503236.3662386,-1638488246.1550741,-48014990.21116459
2025-12-23,ethusdt,120,synthetic_maker_q95_30s_60s,-0.0668733162409398,0.05901055419312158,-6.238145109540831,0.12588387043406138,11139674435.23058,10916985747.168089,222688688.06249,6376674,142810,train,-744946971.328287,644217379.0587984,-1389164350.3870854
2025-12-23,ethusdt,300,synthetic_maker_q95_30s_60s,0.11956135292824668,0.2844672867568756,-7.96470976516914,0.16490593382862892,11139674435.23058,10916985747.168089,222688688.06249,6376674,142810,train,1331874546.6563704,3105525315.0603886,-1773650768.4040184
2025-12-24,btcusdt,30,synthetic_maker_q95_30s_60s,-0.2663001184032859,-0.26877352356554546,-0.12857448739144298,-0.0024734051622595787,6644074082.4541,6526858675.113,117215407.3411,2159677,38578,train,-1769317714.8377297,-1754246803.9244688,-15070910.913261116
2025-12-24,btcusdt,120,synthetic_maker_q95_30s_60s,-0.2790811351262561,-0.21896616253678083,-3.6264391254287855,0.06011497258947526,6644074082.4541,6526858675.113,117215407.3411,2159677,38578,train,-1854235736.7942286,-1429161197.509391,-425074539.28483754
2025-12-24,btcusdt,300,synthetic_maker_q95_30s_60s,0.7195519274615332,0.9367822676901252,-11.376398278920512,0.217230340228592,6644074082.4541,6526858675.113,117215407.3411,2159677,38578,train,4780756312.227065,6114245470.565322,-1333489158.3382568
2025-12-24,ethusdt,30,synthetic_maker_q95_30s_60s,-0.0304976984433285,-0.07065920940928266,1.8771032916481853,-0.04016151096595416,7111685714.8468,6965047691.13078,146638023.71602,4223329,88293,train,-216890046.35512477,-492144763.3532505,275254716.9981258
2025-12-24,ethusdt,120,synthetic_maker_q95_30s_60s,-0.1154256317704625,-0.14571761054641486,1.3233899733949785,-0.030291978775952355,7111685714.8468,6965047691.13078,146638023.71602,4223329,88293,train,-820870816.5891651,-1014930106.893401,194059290.30423594
2025-12-24,ethusdt,300,synthetic_maker_q95_30s_60s,0.5945017520753224,0.814543448203369,-9.857091011730573,0.22004169612804658,7111685714.8468,6965047691.13078,146638023.71602,4223329,88293,train,4227909617.6854644,5673333963.234579,-1445424345.5491152
2025-12-25,btcusdt,30,synthetic_maker_q95_30s_60s,-0.1378484472592764,-0.11754415963952368,-1.3656896699741166,0.02030428761975271,4820501259.8751,4742083444.6112,78417815.26389998,1462006,25402,train,-664498613.6851681,-557404213.4373213,-107094400.24784681
2025-12-25,btcusdt,120,synthetic_maker_q95_30s_60s,-0.1186974565163608,-0.06201336689413368,-3.546498678290062,0.05668408962222712,4820501259.8751,4742083444.6112,78417815.26389998,1462006,25402,train,-572181238.6810871,-294072560.4932716,-278108678.18781555
2025-12-25,btcusdt,300,synthetic_maker_q95_30s_60s,-0.3719190916058736,-0.33989103550822547,-2.308720239057051,0.03202805609764814,4820501259.8751,4742083444.6112,78417815.26389998,1462006,25402,train,-1792836449.6577165,-1611791652.4553137,-181044797.20240283
2025-12-25,ethusdt,30,synthetic_maker_q95_30s_60s,0.0820960466645157,0.09711080282484637,-0.5386750189851814,0.01501475616033067,5111681956.52001,4990964168.36958,120717788.15042996,2761400,63817,train,419648880.43662965,484676537.2604116,-65027656.823781975
2025-12-25,ethusdt,120,synthetic_maker_q95_30s_60s,0.1668512759838957,0.19140323977176865,-0.8482267287231094,0.024551963787872944,5111681956.52001,4990964168.36958,120717788.15042996,2761400,63817,train,852890656.8692201,955286711.4107487,-102396054.54152855
2025-12-25,ethusdt,300,synthetic_maker_q95_30s_60s,-0.0182033536127163,-0.0470259438360867,1.1734397111623125,-0.0288225902233704,5111681956.52001,4990964168.36958,120717788.15042996,2761400,63817,train,-93049754.21027525,-234704800.66966906,141655046.45939377
2025-12-26,btcusdt,30,synthetic_maker_q95_30s_60s,-0.0949292027908492,-0.14535641969364146,1.4845711073238088,-0.05042721690279227,12087820359.9366,11713843524.115,373976835.82159996,3289101,103487,train,-1147487150.2477772,-1702682355.516904,555195205.2691269
2025-12-26,btcusdt,120,synthetic_maker_q95_30s_60s,-0.2582303208291458,-0.31179613183127275,1.4195782176134684,-0.05356581100212693,12087820359.9366,11713843524.115,373976835.82159996,3289101,103487,train,-3121441729.6715093,-3652331099.695861,530889370.02435154
2025-12-26,btcusdt,300,synthetic_maker_q95_30s_60s,-0.2868594411813662,-0.734105423919469,13.721947941429748,-0.4472459827381028,12087820359.9366,11713843524.115,373976835.82159996,3289101,103487,train,-3467505393.5521536,-8599196065.996769,5131690672.444614
2025-12-26,ethusdt,30,synthetic_maker_q95_30s_60s,0.1123307795996819,0.07260387509235475,1.5171822374036055,-0.039726904507327146,9878474588.76572,9606809702.384571,271664886.3811499,5155964,143964,train,1109656751.8117003,697491611.6679511,412165140.14374924
2025-12-26,ethusdt,120,synthetic_maker_q95_30s_60s,-0.0157024114357481,0.11252461839144717,-4.550159148415542,0.12822702982719528,9878474588.76572,9606809702.384571,271664886.3811499,5155964,143964,train,-155115872.35038185,1081002595.720076,-1236118468.070458
2025-12-26,ethusdt,300,synthetic_maker_q95_30s_60s,0.2766127215833679,-0.2712798168916367,19.65158393925122,-0.5478925384750046,9878474588.76572,9606809702.384571,271664886.3811499,5155964,143964,train,2732511741.090627,-2606133576.9756856,5338645318.066313
2025-12-27,btcusdt,30,synthetic_maker_q95_30s_60s,-0.1409882299761708,-0.12452943161592787,-1.8658265357903108,0.01645879836024293,2257770615.0788,2236430091.8515,21340523.227300003,687254,5394,train,-318319082.7121705,-278501368.18702465,-39817714.52514583
2025-12-27,btcusdt,120,synthetic_maker_q95_30s_60s,0.0633279195031781,0.1032480281731502,-4.120193325435062,0.03992010866997209,2257770615.0788,2236430091.8515,21340523.227300003,687254,5394,train,142979915.76835117,230906997.13076454,-87927081.36241338
2025-12-27,btcusdt,300,synthetic_maker_q95_30s_60s,0.3298226179014301,0.42563855788289656,-9.711433126918475,0.09581593998146648,2257770615.0788,2236430091.8515,21340523.227300003,687254,5394,train,744663814.8862119,951910879.1015863,-207247064.2153744
2025-12-27,ethusdt,30,synthetic_maker_q95_30s_60s,-0.1678836281467627,-0.13016816929974837,-2.8363950394346134,0.03771545884701433,2514802790.9086,2479755122.80081,35047668.10778999,1303223,15507,train,-422194216.6113404,-322785184.6466541,-99409031.96468624
2025-12-27,ethusdt,120,synthetic_maker_q95_30s_60s,0.0834817719259349,0.2211659930821132,-9.658197808319384,0.13768422115617832,2514802790.9086,2479755122.80081,35047668.10778999,1303223,15507,train,209940193.02933627,548437504.3346987,-338497311.3053625
2025-12-27,ethusdt,300,synthetic_maker_q95_30s_60s,0.3880325927972942,0.6388585362922625,-17.35885191889283,0.25082594349496834,2514802790.9086,2479755122.80081,35047668.10778999,1303223,15507,train,975825447.3301357,1584212728.115765,-608387280.7856294
2025-12-28,btcusdt,30,synthetic_maker_q95_30s_60s,0.0396993070851516,0.062303642437954804,-2.781182324113887,0.022604335352803206,3026182793.2062,3002126106.6246,24056686.58160001,863541,7475,train,120137360.00329475,187043391.50078845,-66906031.49749368
2025-12-28,btcusdt,120,synthetic_maker_q95_30s_60s,0.2218047148419065,0.2740692587177064,-6.3004879994164105,0.052264543875799874,3026182793.2062,3002126106.6246,24056686.58160001,863541,7475,train,671221611.5065854,822790476.619678,-151568865.11309266
2025-12-28,btcusdt,300,synthetic_maker_q95_30s_60s,0.3011586734770006,0.3826918614347207,-9.873680296716792,0.08153318795772013,3026182793.2062,3002126106.6246,24056686.58160001,863541,7475,train,911361195.7009037,1148889228.005939,-237528032.30503526
2025-12-28,ethusdt,30,synthetic_maker_q95_30s_60s,-0.047935070454843305,-0.050626334328371735,0.24895718447278015,-0.0026912638735284294,3263751844.58501,3234432416.51152,29319428.073489994,1835944,13886,train,-156448174.61730725,-163747456.8808355,7299282.263528258
2025-12-28,ethusdt,120,synthetic_maker_q95_30s_60s,0.3290545212086852,0.35066374362471275,-2.0548108564793237,0.02160922241602753,3263751844.58501,3234432416.51152,29319428.073489994,1835944,13886,train,1073952300.5638838,1134198179.6750557,-60245879.1111719
2025-12-28,ethusdt,300,synthetic_maker_q95_30s_60s,0.3930421008576653,0.45100809470940256,-6.001594557791502,0.057965993851737285,3263751844.58501,3234432416.51152,29319428.073489994,1835944,13886,train,1282791881.6737726,1458755201.6371894,-175963319.96341693
2025-12-29,btcusdt,30,synthetic_maker_q95_30s_60s,0.0490996159298983,0.03738791136482391,0.3737268082990935,-0.011711704565074393,15197169143.2177,14667986355.103798,529182788.1139002,3503752,130673,train,746175168.1536907,548405373.7450674,197769794.4086234
2025-12-29,btcusdt,120,synthetic_maker_q95_30s_60s,0.025610444148361996,-0.07020522722192485,2.681446937382864,-0.09581567137028685,15197169143.2177,14667986355.103798,529182788.1139002,3503752,130673,train,389206251.55558723,-1029769314.9481554,1418975566.5037427
2025-12-29,btcusdt,300,synthetic_maker_q95_30s_60s,-0.4000457198145215,-0.7784073700857747,10.087452453082905,-0.3783616502712531,15197169143.2177,14667986355.103798,529182788.1139002,3503752,130673,train,-6079562469.04156,-11417668683.130375,5338106214.088814
2025-12-29,ethusdt,30,synthetic_maker_q95_30s_60s,0.1069538305199847,0.11727154592374373,-0.267664168782293,0.010317715403759031,13916224763.83084,13543217944.451658,373006819.3791802,6491467,191772,train,1488393544.8687775,1588234105.1280327,-99840560.25925516
2025-12-29,ethusdt,120,synthetic_maker_q95_30s_60s,0.1763309903654011,0.09028024867654953,3.300681239279047,-0.08605074168885156,13916224763.83084,13543217944.451658,373006819.3791802,6491467,191772,train,2453861694.753812,1222685083.9058037,1231176610.8480082
2025-12-29,ethusdt,300,synthetic_maker_q95_30s_60s,-0.7182210770468405,-1.0795633475800188,12.40147772770642,-0.36134227053317836,13916224763.83084,13543217944.451658,373006819.3791802,6491467,191772,train,-9994925938.304499,-14620761701.118013,4625835762.813515
2025-12-30,btcusdt,30,synthetic_maker_q95_30s_60s,0.011594522759027,0.0005104473707073616,0.37686959237013967,-0.011084075388319639,10115935315.4307,9818012995.3559,297922320.0747999,2580811,64940,train,117289442.24360624,5011578.919050127,112277863.32455611
2025-12-30,btcusdt,120,synthetic_maker_q95_30s_60s,-0.1006061445115596,-0.21608543201003236,3.705007161231314,-0.11547928749847276,10115935315.4307,9818012995.3559,297922320.0747999,2580811,64940,train,-1017725250.2138102,-2121529579.5815914,1103804329.3677812
2025-12-30,btcusdt,300,synthetic_maker_q95_30s_60s,-0.3381758715069493,-0.26741827717374367,-2.669988340304569,0.07075759433320561,10115935315.4307,9818012995.3559,297922320.0747999,2580811,64940,train,-3420965241.4037027,-2625516120.487501,-795449120.9162016
2025-12-30,ethusdt,30,synthetic_maker_q95_30s_60s,-0.065589053348936,-0.0898754298534961,1.3947861788330018,-0.0242863765045601,8984404807.91572,8837436208.09622,146968599.8195001,4650977,72111,train,-589278606.2548213,-794268378.0054984,204989771.75067714
2025-12-30,ethusdt,120,synthetic_maker_q95_30s_60s,-0.0614985410179598,-0.15502939033918145,5.562647809838712,-0.09353084932122166,8984404807.91572,8837436208.09622,146968599.8195001,4650977,72111,train,-552527787.6015601,-1370062347.5025644,817534559.9010043
2025-12-30,ethusdt,300,synthetic_maker_q95_30s_60s,-0.1996320370932462,-0.3371831405542482,8.071516382928374,-0.137551103461002,8984404807.91572,8837436208.09622,146968599.8195001,4650977,72111,train,-1793575033.8745706,-2979834495.09371,1186259461.219139
2025-12-31,btcusdt,30,synthetic_maker_q95_30s_60s,0.0212684976117159,0.04014342472801336,-1.092444477338999,0.01887492711629746,7627351957.1762,7500239781.5831995,127112175.593,2006754,32847,train,162222316.8849186,301085311.11403656,-138862994.22911793
2025-12-31,btcusdt,120,synthetic_maker_q95_30s_60s,0.1862915627662697,0.29128661639601594,-6.008929897566052,0.10499505362974623,7627351957.1762,7500239781.5831995,127112175.593,2006754,32847,train,1420911315.8707201,2184719468.1361637,-763808152.2654434
2025-12-31,btcusdt,300,synthetic_maker_q95_30s_60s,0.4116651620104923,0.5009791211861575,-4.85829506434025,0.0893139591756652,7627351957.1762,7500239781.5831995,127112175.593,2006754,32847,train,3139915079.161986,3757463534.4630094,-617548455.301023
2025-12-31,ethusdt,30,synthetic_maker_q95_30s_60s,-0.2546179298165885,-0.24994641109122853,-0.5122441658848218,0.004671518725359952,6835255508.60377,6713519719.72449,121735788.87928009,3396912,55150,train,-1740378607.3681245,-1678020159.7353268,-62358447.6327976
2025-12-31,ethusdt,120,synthetic_maker_q95_30s_60s,0.2671019273063897,0.3319010596001589,-3.3064589497390258,0.06479913229376921,6835255508.60377,6713519719.72449,121735788.87928009,3396912,55150,train,1825709919.979684,2228224308.6231203,-402514388.6434362
2025-12-31,ethusdt,300,synthetic_maker_q95_30s_60s,0.4808650699723292,0.49926405789968886,-0.5338075206476172,0.018398987927359667,6835255508.60377,6713519719.72449,121735788.87928009,3396912,55150,train,3286835618.4235005,3351819098.059231,-64983479.635730274
2026-02-01,btcusdt,30,synthetic_maker_q95_30s_60s,-0.3296051671913012,-0.3766924782213499,0.970564673235007,-0.047087311030048706,13595179919.170898,13120021583.828999,475158335.3418999,6115205,229678,validation,-4481041550.254145,-4942213444.730145,461171894.4760009
2026-02-01,btcusdt,120,synthetic_maker_q95_30s_60s,-0.570508366859986,-0.5383843366573157,-1.4575136833411593,0.032124030202670295,13595179919.170898,13120021583.828999,475158335.3418999,6115205,229678,validation,-7756163892.853866,-7063614117.339439,-692549775.5144262
2026-02-01,btcusdt,300,synthetic_maker_q95_30s_60s,0.1348020360178982,0.44638720241377094,-8.46865454729823,0.31158516639587275,13595179919.170898,13120021583.828999,475158335.3418999,6115205,229678,validation,1832657933.1338818,5856609730.413719,-4023951797.279838
2026-02-01,ethusdt,30,synthetic_maker_q95_30s_60s,-0.2086894815485886,-0.21053710180596202,-0.16500927222509354,-0.0018476202573734224,16428200726.07704,15761507920.091589,666692805.98545,13636490,613134,validation,-3428392692.301164,-3318382197.5877995,-110010494.7133646
2026-02-01,ethusdt,120,synthetic_maker_q95_30s_60s,-1.060709646213899,-1.066116543998205,-0.9328833647760841,-0.005406897784306031,16428200726.07704,15761507920.091589,666692805.98545,13636490,613134,validation,-17425550980.088097,-16803604351.968382,-621946628.1197157
2026-02-01,ethusdt,300,synthetic_maker_q95_30s_60s,-0.1490942176810457,0.27159406185882046,-10.09472673437872,0.42068827953986615,16428200726.07704,15761507920.091589,666692805.98545,13636490,613134,validation,-2449349735.161643,4280731957.0376434,-6730081692.199287
2026-02-02,btcusdt,30,synthetic_maker_q95_30s_60s,-0.1449057603906293,-0.14654169942974915,-0.10460615947222818,-0.0016359390391198492,18795658671.019,18062424955.2486,733233715.7703998,9281240,398287,validation,-2723599211.766733,-2646898448.7644405,-76700763.00229287
2026-02-02,btcusdt,120,synthetic_maker_q95_30s_60s,-0.1550310515488774,-0.1035081309059497,-1.4242428561510572,0.0515229206429277,18795658671.019,18062424955.2486,733233715.7703998,9281240,398287,validation,-2913910728.3218513,-1869607846.7467647,-1044302881.5750867
2026-02-02,btcusdt,300,synthetic_maker_q95_30s_60s,-0.3783908822019626,-0.31206893700267546,-2.0121607597771893,0.06632194519928714,18795658671.019,18062424955.2486,733233715.7703998,9281240,398287,validation,-7112105866.093847,-5636721755.475028,-1475384110.6188195
2026-02-02,ethusdt,30,synthetic_maker_q95_30s_60s,-0.003978070709771,-0.06878582664434575,1.5094207618861892,-0.06480775593457475,20740413421.44527,19888725397.35032,851688024.0949502,19048171,849405,validation,-82506831.14039277,-1368062417.3591356,1285555586.2187428
2026-02-02,ethusdt,120,synthetic_maker_q95_30s_60s,0.3461038379852442,0.21252949817436761,3.4653485490447364,-0.13357433981087657,20740413421.44527,19888725397.35032,851688024.0949502,19048171,849405,validation,7178336686.562878,4226940828.0266633,2951395858.5362144
2026-02-02,ethusdt,300,synthetic_maker_q95_30s_60s,0.4105125879181363,0.24677876828401082,4.234045248745316,-0.16373381963412545,20740413421.44527,19888725397.35032,851688024.0949502,19048171,849405,validation,8514200788.129545,4908115156.297035,3606085631.83251
2026-02-03,btcusdt,30,synthetic_maker_q95_30s_60s,-0.11104381795216939,-0.1486826554713921,0.6936454296024627,-0.0376388375192227,21647930470.5929,20680607936.7151,967322533.8778002,7847241,378472,validation,-2403868850.2177386,-3074847704.793548,670978854.5758095
2026-02-03,btcusdt,120,synthetic_maker_q95_30s_60s,-0.42216353220503655,-0.49270723019960555,1.086006193546453,-0.070543697994569,21647930470.5929,20680607936.7151,967322533.8778002,7847241,378472,validation,-9138966792.394537,-10189485055.342876,1050518262.9483396
2026-02-03,btcusdt,300,synthetic_maker_q95_30s_60s,-0.5932023038709833,-0.739889155472476,2.542849179681871,-0.14668685160149275,21647930470.5929,20680607936.7151,967322533.8778002,7847241,378472,validation,-12841602229.194567,-15301357540.95352,2459755311.758953
2026-02-03,ethusdt,30,synthetic_maker_q95_30s_60s,-0.0832710861990156,-0.13422949442460164,1.0292593181193392,-0.05095840822558603,22430362144.52658,21447958585.08939,982403559.4371898,16203887,756994,validation,-1867800619.6120093,-2878948637.316343,1011148017.7043338
2026-02-03,ethusdt,120,synthetic_maker_q95_30s_60s,-0.1769298627614181,-0.24357817421973793,1.2781444905350148,-0.06664831145831984,22430362144.52658,21447958585.08939,982403559.4371898,16203887,756994,validation,-3968600895.9199953,-5224254592.896627,1255653696.976632
2026-02-03,ethusdt,300,synthetic_maker_q95_30s_60s,-1.3825410534387863,-1.7610724833238272,6.881604931516892,-0.37853142988504085,22430362144.52658,21447958585.08939,982403559.4371898,16203887,756994,validation,-31010896508.307255,-37771409687.66997,6760513179.362714
2026-02-04,btcusdt,30,synthetic_maker_q95_30s_60s,-0.4157036612914518,-0.19373100054644343,-4.480469348622551,0.22197266074500838,20261582369.3745,19212412351.4627,1049170017.9117999,8004225,447545,validation,-8422813974.507309,-3722039867.759717,-4700774106.747592
2026-02-04,btcusdt,120,synthetic_maker_q95_30s_60s,-0.14843177544064,0.21245326338436085,-6.756962384406647,0.3608850388250009,20261582369.3745,19212412351.4627,1049170017.9117999,8004225,447545,validation,-3007462644.3230267,4081739701.5542526,-7089202345.877279
2026-02-04,btcusdt,300,synthetic_maker_q95_30s_60s,0.0918852395807833,0.7326888639691311,-11.642517438609106,0.6408036243883478,20261582369.3745,19212412351.4627,1049170017.9117999,8004225,447545,validation,1861740350.295751,14076720579.89971,-12214980229.603958
2026-02-04,ethusdt,30,synthetic_maker_q95_30s_60s,-0.2418901912890708,-0.15260528579557361,-2.146985123923374,0.08928490549349719,21471362473.96348,20510127039.943012,961235434.0204701,16735079,774141,validation,-5193711976.064003,-3129953798.6340256,-2063758177.4299774
2026-02-04,ethusdt,120,synthetic_maker_q95_30s_60s,-0.1160730617438005,0.15017261955594122,-5.79702546323173,0.2662456812997417,21471362473.96348,20510127039.943012,961235434.0204701,16735079,774141,validation,-2492246782.163884,3080059505.013385,-5572306287.177269
2026-02-04,ethusdt,300,synthetic_maker_q95_30s_60s,-0.1988807819928532,0.5355344401740443,-15.869286775775917,0.7344152221668975,21471362473.96348,20510127039.943012,961235434.0204701,16735079,774141,validation,-4270241359.2738605,10983879402.23441,-15254120761.50827
2026-02-05,btcusdt,30,synthetic_maker_q95_30s_60s,-0.48395260163252934,-0.3934189462148244,-1.683891266991766,0.09053365541770492,41345673267.9503,38445049305.3999,2900623962.5504017,15693073,1300357,validation,-20009346144.27307,-15125010784.907398,-4884335359.365673
2026-02-05,btcusdt,120,synthetic_maker_q95_30s_60s,-0.0180675447404804,-0.2506609860880818,3.0647403049398267,-0.2325934413476014,41345673267.9503,38445049305.3999,2900623962.5504017,15693073,1300357,validation,-747014801.5939766,-9636673969.096464,8889659167.502487
2026-02-05,btcusdt,300,synthetic_maker_q95_30s_60s,0.1110368180781343,-0.21368691713057733,4.414945277744807,-0.3247237352087116,41345673267.9503,38445049305.3999,2900623962.5504017,15693073,1300357,validation,4590892000.971378,-8215204065.003948,12806096065.975327
2026-02-05,ethusdt,30,synthetic_maker_q95_30s_60s,0.1333196861176145,0.17174925763588078,-0.4475969828128835,0.03842957151826629,31813171056.23014,29839208105.48648,1973962950.74366,26571868,1659158,validation,4241321979.6225805,5124861840.559859,-883539860.9372787
2026-02-05,ethusdt,120,synthetic_maker_q95_30s_60s,0.2599614047433262,-0.00996502319561235,4.34027651572665,-0.2699264279389385,31813171056.23014,29839208105.48648,1973962950.74366,26571868,1659158,validation,8270196637.117313,-297348400.9098768,8567545038.027189
2026-02-05,ethusdt,300,synthetic_maker_q95_30s_60s,0.4749701127162807,0.7207207621751723,-3.23989432711514,0.24575064945889163,31813171056.23014,29839208105.48648,1973962950.74366,26571868,1659158,validation,15110305442.439949,21505736808.489796,-6395431366.049847
2026-02-06,btcusdt,30,synthetic_maker_q95_30s_60s,-0.1273781379956412,-0.4408152606340913,4.269984914921111,-0.31343712263845014,33209526120.3311,30999901868.9445,2209624251.3866005,13440271,1049575,validation,-4230167600.9253864,-13665229821.990025,9435062221.064638
2026-02-06,btcusdt,120,synthetic_maker_q95_30s_60s,-0.2054832701567556,-0.5815985681827917,5.071222632622528,-0.37611529802603605,33209526120.3311,30999901868.9445,2209624251.3866005,13440271,1049575,validation,-6824002027.561828,-18029498540.785168,11205496513.22334
2026-02-06,btcusdt,300,synthetic_maker_q95_30s_60s,-0.755587683334424,-1.3469969319894073,7.541582598529479,-0.5914092486549832,33209526120.3311,30999901868.9445,2209624251.3866005,13440271,1049575,validation,-25092708905.89502,-41756772709.44093,16664063803.545914
2026-02-06,ethusdt,30,synthetic_maker_q95_30s_60s,-0.1238816511091938,0.14758952967701466,-5.613011227484178,0.27147118078620847,23687209972.03989,22570938400.4253,1116271571.61459,21818955,1039569,validation,-2934410681.506462,3331234182.88764,-6265644864.394102
2026-02-06,ethusdt,120,synthetic_maker_q95_30s_60s,0.2777335134351029,0.8548339884494666,-11.391200466102546,0.5771004750143637,23687209972.03989,22570938400.4253,1116271571.61459,21818955,1039569,validation,6578732049.009644,19294405295.882782,-12715673246.873138
2026-02-06,ethusdt,300,synthetic_maker_q95_30s_60s,0.3416422429480702,0.39294707744981183,-0.6957381657529056,0.051304834501741614,23687209972.03989,22570938400.4253,1116271571.61459,21818955,1039569,validation,8092551544.029604,8869184279.746853,-776632735.717248
2026-02-07,btcusdt,30,synthetic_maker_q95_30s_60s,-0.0287584167894765,0.026396369056735446,-1.132321645234729,0.055154785846211946,16670369478.078102,15876862647.943203,793506830.1349001,7723592,400293,validation,-479413433.4851379,419091525.91820675,-898504959.4033446
2026-02-07,btcusdt,120,synthetic_maker_q95_30s_60s,-0.1861561558730445,-0.1830146014148623,-0.24901387396617317,0.0031415544581821775,16670369478.078102,15876862647.943203,793506830.1349001,7723592,400293,validation,-3103291899.0223503,-2905697689.2318406,-197594209.79050958
2026-02-07,btcusdt,300,synthetic_maker_q95_30s_60s,-0.4057595670558733,-0.45804984044204367,0.6404891315652693,-0.05229027338617037,16670369478.078102,15876862647.943203,793506830.1349001,7723592,400293,validation,-6764161902.086415,-7272394402.610627,508232500.5242118
2026-02-07,ethusdt,30,synthetic_maker_q95_30s_60s,4.020022610078704,3.884237077868052,5.497106838240694,-0.13578553221065182,15930448628.87148,14589283645.453362,1341164983.4181204,12355826,878114,validation,64040763676.76064,56668236475.203926,7372527201.556717
2026-02-07,ethusdt,120,synthetic_maker_q95_30s_60s,3.488810015765237,3.307742329194423,5.458476590025997,-0.18106768657081407,15930448628.87148,14589283645.453362,1341164983.4181204,12355826,878114,validation,55578308732.04041,48257591066.69,7320717665.350414
2026-02-07,ethusdt,300,synthetic_maker_q95_30s_60s,4.273341112366012,4.037040915967962,6.8438306743147885,-0.23630019639804978,15930448628.87148,14589283645.453362,1341164983.4181204,12355826,878114,validation,68076241064.19126,58897535011.357445,9178706052.833817
2026-02-08,btcusdt,30,synthetic_maker_q95_30s_60s,-0.2436227037310542,-0.2376140593036256,-0.4396322524955764,0.0060086444274286,10523863339.0093,10210851170.1158,313012168.8935,5273631,163541,validation,-2563852040.345566,-2426241795.476391,-137610244.8691752
2026-02-08,btcusdt,120,synthetic_maker_q95_30s_60s,-0.5894574990393271,-0.6057101356814877,-0.05927602251169404,-0.01625263664216059,10523863339.0093,10210851170.1158,313012168.8935,5273631,163541,validation,-6203370164.044085,-6184816047.674319,-18554116.36976528
2026-02-08,btcusdt,300,synthetic_maker_q95_30s_60s,0.1353249184866828,0.23651893785176173,-3.165751441244884,0.10119401936507894,10523863339.0093,10210851170.1158,313012168.8935,5273631,163541,validation,1424140948.516423,2415059673.3182077,-990918724.8017845
2026-02-08,ethusdt,30,synthetic_maker_q95_30s_60s,-0.1312915150963821,-0.15274919068322879,0.6670954871944096,-0.021457675586846692,8964650689.08348,8730020189.64092,234630499.44256002,7815396,195212,validation,-1176982571.2795959,-1333503518.6158981,156520947.33630222
2026-02-08,ethusdt,120,synthetic_maker_q95_30s_60s,0.0225067702319257,0.03937662525858486,-0.6051787835598741,0.01686985502665916,8964650689.08348,8730020189.64092,234630499.44256002,7815396,195212,validation,201765333.2686763,343758733.5073705,-141993400.2386942
2026-02-08,ethusdt,300,synthetic_maker_q95_30s_60s,0.5885373267928711,0.9425977567435673,-12.58517499605551,0.3540604299506962,8964650689.08348,8730020189.64092,234630499.44256002,7815396,195212,validation,5276031552.185061,8228897447.081584,-2952865894.8965225
2026-02-09,btcusdt,30,synthetic_maker_q95_30s_60s,0.0167305520156153,0.02960473515634278,-0.35546417814430303,0.012874183140727479,14444540571.67,13961609713.6338,482930858.0361999,7351283,241592,validation,241665137.3759905,413329757.9283514,-171664620.5523609
2026-02-09,btcusdt,120,synthetic_maker_q95_30s_60s,0.0371868420150047,0.11224636612653958,-2.1327962176671798,0.07505952411153488,14444540571.67,13961609713.6338,482930858.0361999,7351283,241592,validation,537146848.2180179,1567139955.632391,-1029993107.4143729
2026-02-09,btcusdt,300,synthetic_maker_q95_30s_60s,0.0447741817801541,0.244114608745242,-5.718190008897141,0.19934042696508789,14444540571.67,13961609713.6338,482930858.0361999,7351283,241592,validation,646742485.2867635,3408232892.6974854,-2761490407.410722
2026-02-09,ethusdt,30,synthetic_maker_q95_30s_60s,-0.1006931505639232,-0.12725778746321106,0.813666452674308,-0.02656463689928787,12016587057.782372,11677328849.372292,339258208.4100801,10693061,295237,validation,-1209988009.8737712,-1486031032.851442,276043022.97767097
2026-02-09,ethusdt,120,synthetic_maker_q95_30s_60s,-0.3617880842902412,-0.38913275945130066,0.5794205768985329,-0.027344675161059484,12016587057.782372,11677328849.372292,339258208.4100801,10693061,295237,validation,-4347458011.3419895,-4544031198.176521,196573186.8345313
2026-02-09,ethusdt,300,synthetic_maker_q95_30s_60s,-0.921421271869803,-0.9339533627917617,-0.49006443734613486,-0.012532090921958616,12016587057.782372,11677328849.372292,339258208.4100801,10693061,295237,validation,-11072338930.316048,-10906080547.296505,-166258383.01954365
2026-02-10,btcusdt,30,synthetic_maker_q95_30s_60s,-0.0277122083059332,-0.08018893177577524,1.9564554031760142,-0.05247672346984204,11978672848.0884,11670027154.8777,308645693.21070004,5831253,144515,validation,-331955477.1948519,-935807011.3439324,603851534.1490805
2026-02-10,btcusdt,120,synthetic_maker_q95_30s_60s,0.088472489311759,0.12387162207165653,-1.2499840310749109,0.035399132759897534,11978672848.0884,11670027154.8777,308645693.21070004,5831253,144515,validation,1059783005.5215586,1445585193.2949796,-385802187.77342105
2026-02-10,btcusdt,300,synthetic_maker_q95_30s_60s,0.257333092371458,0.20268240508016544,2.3236992162192647,-0.05465068729129258,11978672848.0884,11670027154.8777,308645693.21070004,5831253,144515,validation,3082508926.504608,2365309171.101453,717199755.4031553
2026-02-10,ethusdt,30,synthetic_maker_q95_30s_60s,0.147776256536125,0.23853909117426791,-3.3059673416748994,0.09076283463814291,10787941025.24146,10511698302.619862,276242722.6215999,9175773,224263,validation,1594201540.4426694,2507450959.8050365,-913249419.3623673
2026-02-10,ethusdt,120,synthetic_maker_q95_30s_60s,0.3303110697719358,0.2581669990136269,3.075566035901878,-0.07214407075830892,10787941025.24146,10511698302.619862,276242722.6215999,9175773,224263,validation,3563376340.684061,2713773605.324005,849602735.3600562
2026-02-10,ethusdt,300,synthetic_maker_q95_30s_60s,0.1777320481930396,-0.08794169200398966,10.287255214547097,-0.2656737401970293,10787941025.24146,10511698302.619862,276242722.6215999,9175773,224263,validation,1917362854.2018843,-924416534.5678568,2841779388.769741
2026-02-11,btcusdt,30,synthetic_maker_q95_30s_60s,-0.0785772676609899,-0.1430085315635695,1.4723856929344212,-0.0644312639025796,16151977409.7226,15507743139.69,644234270.0325999,7490637,301733,validation,-1269178252.178035,-2217739574.2720857,948561322.0940506
2026-02-11,btcusdt,120,synthetic_maker_q95_30s_60s,-0.079143753321418,-0.17070377771541587,2.1248516039793035,-0.09156002439399787,16151977409.7226,15507743139.69,644234270.0325999,7490637,301733,validation,-1278328115.7682016,-2647230337.785407,1368902222.0172057
2026-02-11,btcusdt,300,synthetic_maker_q95_30s_60s,-0.3519661239167695,-0.42359613162434845,1.3722820452576816,-0.07163000770757894,16151977409.7226,15507743139.69,644234270.0325999,7490637,301733,validation,-5684948882.491287,-6569020004.1967125,884071121.7054257
2026-02-11,ethusdt,30,synthetic_maker_q95_30s_60s,0.1996129799992861,0.11526288383057358,2.3883214231519942,-0.08435009616871252,12930356053.61596,12450528210.315538,479827843.30042005,11456618,444554,validation,2581066904.3140903,1435083786.734879,1145983117.5792112
2026-02-11,ethusdt,120,synthetic_maker_q95_30s_60s,0.1046194489704578,0.009612108811462853,2.5698610670897364,-0.09500734015899495,12930356053.61596,12450528210.315538,479827843.30042005,11456618,444554,validation,1352766725.321125,119675831.9177408,1233090893.4033842
2026-02-11,ethusdt,300,synthetic_maker_q95_30s_60s,-0.34007263560705603,-0.5353474587587558,4.726900297208754,-0.19527482315169975,12930356053.61596,12450528210.315538,479827843.30042005,11456618,444554,validation,-4397260262.490831,-6665358637.596623,2268098375.105791
2026-02-12,btcusdt,30,synthetic_maker_q95_30s_60s,0.021922144817242504,0.04238677492525832,-0.6367618075751078,0.02046463010801582,12515544981.579498,12138416904.973198,377128076.6063,5990465,190286,validation,274367589.5528984,514508345.30004966,-240140755.74715132
2026-02-12,btcusdt,120,synthetic_maker_q95_30s_60s,0.1882426380010205,0.3464537762769932,-4.904013480094744,0.1582111382759727,12515544981.579498,12138416904.973198,377128076.6063,5990465,190286,validation,2355959203.352958,4205400374.7524567,-1849441171.3994987
2026-02-12,btcusdt,300,synthetic_maker_q95_30s_60s,0.5097736238998715,0.5644005882248662,-1.2484748554943206,0.0546269643249947,12515544981.579498,12138416904.973198,377128076.6063,5990465,190286,validation,6380094720.341631,6850929641.285532,-470834920.9439014
2026-02-12,ethusdt,30,synthetic_maker_q95_30s_60s,0.24049512948286567,0.2793085219698089,-0.9862708998338611,0.03881339248694321,9751222703.30857,9452167561.06257,299055142.246,9765063,248493,validation,2345121566.648454,2640070950.89136,-294949384.24290574
2026-02-12,ethusdt,120,synthetic_maker_q95_30s_60s,0.6695880826473617,0.7075750939879855,-0.5310587065665185,0.037987011340623766,9751222703.30857,9452167561.06257,299055142.246,9765063,248493,validation,6529302513.375809,6688118350.409036,-158815837.03322697
2026-02-12,ethusdt,300,synthetic_maker_q95_30s_60s,0.9115934693514534,1.0758761070739544,-4.280850330357821,0.16428263772250107,9751222703.30857,9452167561.06257,299055142.246,9765063,248493,validation,8889150934.527718,10169361239.006712,-1280210304.4789944
2026-02-13,btcusdt,30,synthetic_maker_q95_30s_60s,0.0068697256171,-0.08179722652279398,3.3956939743098262,-0.08866695213989398,11417508577.6459,11126391899.516401,291116678.1294999,5108556,122840,validation,78435151.15931302,-910107998.586123,988543149.7454361
2026-02-13,btcusdt,120,synthetic_maker_q95_30s_60s,0.11538913269834632,0.08532435908538927,1.2644557397279708,-0.03006477361295705,11417508577.6459,11126391899.516401,291116678.1294999,5108556,122840,validation,1317456412.35049,949352257.7591038,368104154.5913864
2026-02-13,btcusdt,300,synthetic_maker_q95_30s_60s,0.0806002188293316,0.2047350713630529,-4.663796517741222,0.12413485253372131,11417508577.6459,11126391899.516401,291116678.1294999,5108556,122840,validation,920253689.8440303,2277962639.5607843,-1357708949.7167537
2026-02-13,ethusdt,30,synthetic_maker_q95_30s_60s,-0.00527802893445,-0.12151298396834018,4.837064436505318,-0.11623495503389018,9007682487.84652,8796531691.93248,211150795.91403997,8093105,171459,validation,-47542808.80319249,-1068892814.4587877,1021350005.6555952
2026-02-13,ethusdt,120,synthetic_maker_q95_30s_60s,0.0491017479150525,-0.03598450260127139,3.593790727061742,-0.08508625051632389,9007682487.84652,8796531691.93248,211150795.91403997,8093105,171459,validation,442292954.81707275,-316538817.5505105,758831772.3675833
2026-02-13,ethusdt,300,synthetic_maker_q95_30s_60s,0.643987149867773,0.6895369409067942,-1.2536148871085429,0.04554979103902124,9007682487.84652,8796531691.93248,211150795.91403997,8093105,171459,validation,5800831772.262131,6065533553.444789,-264701781.1826582
2026-02-14,btcusdt,30,synthetic_maker_q95_30s_60s,0.0642772456633878,0.09198665280906292,-1.4374490562321118,0.027709407145675116,7247593690.386999,7116286095.562199,131307594.82480004,2942731,53657,validation,465855360.1054245,654603338.3624419,-188747978.25701734
2026-02-14,btcusdt,120,synthetic_maker_q95_30s_60s,0.10591339761178659,0.136570010812785,-1.555538329916843,0.03065661320099841,7247593690.386999,7116286095.562199,131307594.82480004,2942731,53657,validation,767617272.258634,971871269.017801,-204253996.75916696
2026-02-14,btcusdt,300,synthetic_maker_q95_30s_60s,0.0895328189865104,0.137012615635191,-2.4836604312740675,0.047479796648680586,7247593690.386999,7116286095.562199,131307594.82480004,2942731,53657,validation,648897493.969194,975020971.5613176,-326123477.5921234
2026-02-14,ethusdt,30,synthetic_maker_q95_30s_60s,0.0232252880602892,0.034455059333878164,-0.9459882543166583,0.011229771273588963,5021980307.27981,4964459704.70541,57520602.57439998,4143987,48085,validation,116636939.26967326,171050753.68627217,-54413814.416598916
2026-02-14,ethusdt,120,synthetic_maker_q95_30s_60s,0.378708796945208,0.36859495888145183,1.2516089280328349,-0.010113838063756153,5021980307.27981,4964459704.70541,57520602.57439998,4143987,48085,validation,1901868120.4524627,1829874820.7245152,71993299.72794747
2026-02-14,ethusdt,300,synthetic_maker_q95_30s_60s,0.8823514464221057,0.8677315680774262,2.1441566724014214,-0.014619878344679482,5021980307.27981,4964459704.70541,57520602.57439998,4143987,48085,validation,4431151588.031672,4307818404.221222,123333183.81045009
2026-02-15,btcusdt,30,synthetic_maker_q95_30s_60s,-0.2043581882723604,-0.32309089839706817,4.610558618834921,-0.11873271012470776,9511380700.2625,9282480774.6343,228899925.62820005,3853529,92395,validation,-1943728527.8743393,-2999085052.830109,1055356524.9557703
2026-02-15,btcusdt,120,synthetic_maker_q95_30s_60s,-0.5348574627041964,-0.6080307365505451,2.4325070125427204,-0.07317327384634864,9511380700.2625,9282480774.6343,228899925.62820005,3853529,92395,validation,-5087232948.156064,-5644033622.417168,556800674.2611037
2026-02-15,btcusdt,300,synthetic_maker_q95_30s_60s,-0.8719262033890705,-1.0223391210200603,5.227704507868378,-0.15041291763098985,9511380700.2625,9282480774.6343,228899925.62820005,3853529,92395,validation,-8293222062.96796,-9489843236.025238,1196621173.057278
2026-02-15,ethusdt,30,synthetic_maker_q95_30s_60s,0.4431147925556904,0.38857557548620597,2.1246160075673144,-0.05453921706948445,9995075265.984669,9681071300.706108,314003965.27856004,7649125,245770,validation,4428965703.065309,3761827851.9948688,667137851.0704398
2026-02-15,ethusdt,120,synthetic_maker_q95_30s_60s,0.0761086807860221,-0.15131041147038363,7.087677612162355,-0.22741909225640572,9995075265.984669,9681071300.706108,314003965.27856004,7649125,245770,validation,760711992.8510921,-1464846881.9839633,2225558874.8350554
2026-02-15,ethusdt,300,synthetic_maker_q95_30s_60s,-0.6170962812992509,-0.8863145994273153,7.68318658596277,-0.2692183181280644,9995075265.984669,9681071300.706108,314003965.27856004,7649125,245770,validation,-6167923777.94526,-8580474831.912612,2412551053.967352
2026-02-16,btcusdt,30,synthetic_maker_q95_30s_60s,-0.4259973832231328,-0.4639339291078361,1.1239098404183343,-0.0379365458847033,9430790097.4375,9205470951.9858,225319145.45169997,3973055,99196,validation,-4017491903.2350087,-4270730308.0428243,253238404.80781558
2026-02-16,btcusdt,120,synthetic_maker_q95_30s_60s,-0.8882859208816226,-1.0179560019118263,4.409418195083365,-0.12967008103020372,9430790097.4375,9205470951.9858,225319145.45169997,3973055,99196,validation,-8377238066.343557,-9370764405.998919,993526339.655361
2026-02-16,btcusdt,300,synthetic_maker_q95_30s_60s,-1.267117039754583,-1.3818574308642835,3.4206308001477144,-0.11474039110970047,9430790097.4375,9205470951.9858,225319145.45169997,3973055,99196,validation,-11949914830.81184,-12720648439.606888,770733608.7950478
2026-02-16,ethusdt,30,synthetic_maker_q95_30s_60s,-0.08131351928462069,-0.07652316535055777,-0.2396498568796014,0.004790353934062921,7932571896.14237,7699625180.71685,232946715.42551982,6903882,190979,validation,-645025337.8536128,-589199690.8413137,-55825647.01229906
2026-02-16,ethusdt,120,synthetic_maker_q95_30s_60s,-0.3962786464450834,-0.5316274196244662,4.077426081468592,-0.13534877317938282,7932571896.14237,7699625180.71685,232946715.42551982,6903882,190979,validation,-3143508853.8316073,-4093331866.9000635,949823013.0684565
2026-02-16,ethusdt,300,synthetic_maker_q95_30s_60s,0.1402390939658297,0.06737082337539084,2.5487657395918744,-0.07286827059043886,7932571896.14237,7699625180.71685,232946715.42551982,6903882,190979,validation,1112456695.5338097,518730088.10678667,593726607.4270229
2026-02-17,btcusdt,30,synthetic_maker_q95_30s_60s,-0.1779782203891171,-0.15751202356125396,-0.830056841631829,0.02046619682786313,9532691575.8291,9242602444.4461,290089131.383,4415972,130490,validation,-1696611482.1843915,-1455821013.9968977,-240790468.18749368
2026-02-17,btcusdt,120,synthetic_maker_q95_30s_60s,-0.2712324449824706,-0.254826346571636,-0.7939512540356837,0.016406098410834624,9532691575.8291,9242602444.4461,290089131.383,4415972,130490,validation,-2585575243.3759274,-2355258613.732272,-230316629.64365506
2026-02-17,btcusdt,300,synthetic_maker_q95_30s_60s,-0.2008916728671629,-0.27360389245704186,2.1158105604034105,-0.07271221958987897,9532691575.8291,9242602444.4461,290089131.383,4415972,130490,validation,-1915038357.595019,-2528812005.233423,613773647.6384039
2026-02-17,ethusdt,30,synthetic_maker_q95_30s_60s,-0.2973102426202342,-0.3149794973961855,0.32397900376090216,-0.017669254775951326,8378675925.97901,8146978625.83642,231697300.14259,7417040,184739,validation,-2491066172.389135,-2566131232.863422,75065060.47428703
2026-02-17,ethusdt,120,synthetic_maker_q95_30s_60s,-0.2089613726749514,-0.060511698033469036,-5.428773280592026,0.14844967464148237,8378675925.97901,8146978625.83642,231697300.14259,7417040,184739,validation,-1750819622.6911435,-492987510.49174,-1257832112.1994035
2026-02-17,ethusdt,300,synthetic_maker_q95_30s_60s,0.1195787645654606,0.20502461461782992,-2.8848822870508957,0.08544585005236932,8378675925.97901,8146978625.83642,231697300.14259,7417040,184739,validation,1001911715.9229366,1670331153.0618095,-668419437.1388729
2026-02-18,btcusdt,30,synthetic_maker_q95_30s_60s,-0.2330937248144238,-0.26540013791549455,0.8565609312149195,-0.03230641310107074,10392995082.2044,10093733011.7804,299262070.424,4090300,118888,validation,-2422541935.689012,-2678878133.408698,256336197.71968627
2026-02-18,btcusdt,120,synthetic_maker_q95_30s_60s,-0.3378032775382905,-0.36180433339785034,0.47172213109096334,-0.02400105585955986,10392995082.2044,10093733011.7804,299262070.424,4090300,118888,validation,-3510787802.2079806,-3651956343.823084,141168541.61510324
2026-02-18,btcusdt,300,synthetic_maker_q95_30s_60s,-0.2076975272580049,-0.09625336747821171,-3.966568783296788,0.11144415977979318,10392995082.2044,10093733011.7804,299262070.424,4090300,118888,validation,-2158599379.378459,-971555792.8098555,-1187043586.5686035
2026-02-18,ethusdt,30,synthetic_maker_q95_30s_60s,-0.2385473253050399,-0.2445934848127322,0.03883409510951234,-0.0060461595076923,9242107841.84967,9044952511.32592,197155330.52375007,6989633,139328,validation,-2204680105.8539734,-2212336454.7108803,7656348.8569066515
2026-02-18,ethusdt,120,synthetic_maker_q95_30s_60s,-0.0198799771873974,-0.020429186685989274,0.005316266912805653,-0.0005492094985918745,9242107841.84967,9044952511.32592,197155330.52375007,6989633,139328,validation,-183732893.05943805,-184781023.41978472,1048130.3603466749
2026-02-18,ethusdt,300,synthetic_maker_q95_30s_60s,-0.0704884831328027,0.15006736740046858,-10.188993465315981,0.22055585053327129,9242107841.84967,9044952511.32592,197155330.52375007,6989633,139328,validation,-651462162.7217641,1357352211.6369379,-2008814374.358702
2026-02-19,btcusdt,30,synthetic_maker_q95_30s_60s,-0.1487804281131374,-0.18293390557505365,1.3679988206419242,-0.03415347746191624,9225344261.709,9022190648.4061,203153613.30290008,4013038,85077,validation,-1372550668.7481406,-1650464572.1556535,277913903.40751284
2026-02-19,btcusdt,120,synthetic_maker_q95_30s_60s,-0.1256246893565337,-0.1649134997257312,1.6192181994158215,-0.039288810369197485,9225344261.709,9022190648.4061,203153613.30290008,4013038,85077,validation,-1158931007.0842738,-1487881035.0214138,328950027.9371399
2026-02-19,btcusdt,300,synthetic_maker_q95_30s_60s,-0.2067727126807326,-0.1761810606933899,-1.5653688606506853,0.030591651987342705,9225344261.709,9022190648.4061,203153613.30290008,4013038,85077,validation,-1907549458.4072003,-1589539118.2141697,-318010340.1930306
2026-02-19,ethusdt,30,synthetic_maker_q95_30s_60s,-0.208592809692821,-0.21740861668430575,0.20688295731870093,-0.008815806991484737,7766193325.204,7604829617.77136,161363707.43264002,6706303,129292,validation,-1619972086.321935,-1653355487.319509,33383400.99757421
2026-02-19,ethusdt,120,synthetic_maker_q95_30s_60s,-0.2197771003883337,-0.19093884385604798,-1.5788808969664092,0.028838256532285722,7766193325.204,7604829617.77136,161363707.43264002,6706303,129292,validation,-1706831450.0685668,-1452057374.9394948,-254774075.1290719
2026-02-19,ethusdt,300,synthetic_maker_q95_30s_60s,-0.4151057624063433,-0.21224352704392907,-9.975698787671295,0.2028622353624142,7766193325.204,7604829617.77136,161363707.43264002,6706303,129292,validation,-3223791601.253861,-1614075860.6439285,-1609715740.6099324
2026-02-20,btcusdt,30,synthetic_maker_q95_30s_60s,-0.2460750954306874,-0.2002241279699251,-1.9121949537364828,0.04585096746076231,14131968246.2703,13753477908.4305,378490337.8398001,4800379,124279,validation,-3477525434.824408,-2753778120.769126,-723747314.0552824
2026-02-20,btcusdt,120,synthetic_maker_q95_30s_60s,-0.2934317676002468,-0.17332250492746037,-4.6579291552911215,0.12010926267278643,14131968246.2703,13753477908.4305,378490337.8398001,4800379,124279,validation,-4146768422.173654,-2383787242.553663,-1762981179.6199913
2026-02-20,btcusdt,300,synthetic_maker_q95_30s_60s,-0.4382917948131506,-0.07753907378410774,-13.547225056880151,0.3607527210290429,14131968246.2703,13753477908.4305,378490337.8398001,4800379,124279,validation,-6193925726.900262,-1066431938.3298883,-5127493788.570374
2026-02-20,ethusdt,30,synthetic_maker_q95_30s_60s,-0.2378377073289172,-0.1488560537599167,-3.4546819530224417,0.08898165356900051,8622461383.98692,8390373882.962389,232087501.02452993,6676794,152986,validation,-2050746447.0995715,-1248957945.7880504,-801788501.311521
2026-02-20,ethusdt,120,synthetic_maker_q95_30s_60s,0.0543268817657185,0.3569304889729376,-10.885329030739934,0.3026036072072191,8622461383.98692,8390373882.962389,232087501.02452993,6676794,152986,validation,468431440.1373309,2994780252.7115307,-2526348812.5741997
2026-02-20,ethusdt,300,synthetic_maker_q95_30s_60s,0.6596795972012997,1.205075980435377,-19.057364834526584,0.5453963832340774,8622461383.98692,8390373882.962389,232087501.02452993,6676794,152986,validation,5688061852.672252,10111038033.230282,-4422976180.558029
2026-02-21,btcusdt,30,synthetic_maker_q95_30s_60s,0.0856181295961827,0.08702467218415821,-0.09021153486460863,0.0014065425879755122,5310957584.347099,5268809943.355999,42147640.99109998,1789257,15852,validation,454714254.7364594,458516458.121189,-3802203.384729624
2026-02-21,btcusdt,120,synthetic_maker_q95_30s_60s,0.1589515046217602,0.1641159275435578,-0.48664483724251456,0.005164422921797612,5310957584.347099,5268809943.355999,42147640.99109998,1789257,15852,validation,844184699.0143203,864695630.90459,-20510931.890269786
2026-02-21,btcusdt,300,synthetic_maker_q95_30s_60s,0.1487439947194638,0.16377389446928342,-1.7301200030595654,0.015029899749819609,5310957584.347099,5268809943.355999,42147640.99109998,1789257,15852,validation,789973046.8814212,862893523.6418965,-72920476.76047537
2026-02-21,ethusdt,30,synthetic_maker_q95_30s_60s,0.0630846144801256,0.07709809107976098,-1.3782302301669405,0.01401347659963538,3621331786.57508,3586461683.71938,34870102.8557,2682368,22086,validation,228450319.6607134,276509349.5454697,-48059029.8847563
2026-02-21,ethusdt,120,synthetic_maker_q95_30s_60s,0.1771883847979841,0.2091683026307737,-3.112011834381915,0.03197991783278961,3621331786.57508,3586461683.71938,34870102.8557,2682368,22086,validation,641657930.0808365,750174102.8338895,-108516172.75305301
2026-02-21,ethusdt,300,synthetic_maker_q95_30s_60s,0.1585370309917901,0.18915487644361587,-2.990571246819466,0.030617845451825776,3621331786.57508,3586461683.71938,34870102.8557,2682368,22086,validation,574115189.679808,678396716.6537018,-104281526.97389376
2026-02-22,btcusdt,30,synthetic_maker_q95_30s_60s,0.0763758724220189,0.09577990423399217,-1.2753197522963027,0.01940403181197327,5158888616.0429,5085879160.9363,73009455.10659999,1805387,20068,validation,394014618.7782982,487125018.9801353,-93110400.20183712
2026-02-22,btcusdt,120,synthetic_maker_q95_30s_60s,0.1711911148653207,0.181683012029228,-0.5596802642826556,0.010491897163907304,5158888616.0429,5085879160.9363,73009455.10659999,1805387,20068,validation,883155893.6463954,924017844.77559,-40861951.12919456
2026-02-22,btcusdt,300,synthetic_maker_q95_30s_60s,0.0525550966125727,0.025185558152628816,1.9591323350624708,-0.027369538459943887,5158888616.0429,5085879160.9363,73009455.10659999,1805387,20068,validation,271125889.6296361,128090705.36500424,143035184.26463187
2026-02-22,ethusdt,30,synthetic_maker_q95_30s_60s,0.0599138205114364,0.054975244617358594,0.4044449021545463,-0.0049385758940778055,3977471192.80571,3921263041.60137,56208151.204339996,2830682,26501,validation,238305495.13517013,215572394.9210429,22733100.214127235
2026-02-22,ethusdt,120,synthetic_maker_q95_30s_60s,-0.1891113370056651,-0.2506516140226396,4.104138105753797,-0.06154027701697448,3977471192.80571,3921263041.60137,56208151.204339996,2830682,26501,validation,-752184895.1730053,-982870910.3847083,230686015.21170294
2026-02-22,ethusdt,300,synthetic_maker_q95_30s_60s,-0.3453326327737774,-0.37166231288605445,1.491511300166089,-0.026329680112277043,3977471192.80571,3921263041.60137,56208151.204339996,2830682,26501,validation,-1373550598.7934525,-1457385691.4761698,83835092.68271726
2026-02-23,btcusdt,30,synthetic_maker_q95_30s_60s,-0.0036369275611038,-0.06311093059110752,1.6087118174171282,-0.05947400303000372,16832583977.339298,16233775789.291998,598808188.0473001,5879485,232642,validation,-61218888.591779515,-1024528697.0696089,963309808.4778296
2026-02-23,btcusdt,120,synthetic_maker_q95_30s_60s,-0.1522331662966569,-0.20562661598500392,1.2952709062244778,-0.05339344968834703,16832583977.339298,16233775789.291998,598808188.0473001,5879485,232642,validation,-2562477555.8247356,-3338096380.2113996,775618824.3866639
2026-02-23,btcusdt,300,synthetic_maker_q95_30s_60s,0.0363201370304262,0.013377486263858901,0.6582986870750057,-0.022942650766567298,16832583977.339298,16233775789.291998,598808188.0473001,5879485,232642,validation,611361756.6331197,217167112.6318189,394194644.0013008
2026-02-23,ethusdt,30,synthetic_maker_q95_30s_60s,-0.0820040297476508,-0.13475025893740736,1.5591830840469763,-0.05274622918975656,11789127333.5059,11422033778.8181,367093554.68780005,8455499,271398,validation,-966755948.5556608,-1539122009.2875524,572366060.7318914
2026-02-23,ethusdt,120,synthetic_maker_q95_30s_60s,-0.1777012388034896,-0.2096300421887167,0.8157563311433961,-0.031928803385227106,11789127333.5059,11422033778.8181,367093554.68780005,8455499,271398,validation,-2094942531.5760784,-2394401422.9345856,299458891.3585074
2026-02-23,ethusdt,300,synthetic_maker_q95_30s_60s,0.1824335090486768,0.10187827574623537,2.6888915606578228,-0.08055523330244144,11789127333.5059,11422033778.8181,367093554.68780005,8455499,271398,validation,2150731868.0731516,1163657106.901245,987074761.1719065
2026-02-24,btcusdt,30,synthetic_maker_q95_30s_60s,-0.1461305700196986,-0.07247302971916357,-2.65606152563992,0.07365754030053502,13298851195.783,12919703870.483002,379147325.3000001,5296016,157952,validation,-1943368705.8469203,-936330082.5683072,-1007038623.2786132
2026-02-24,btcusdt,120,synthetic_maker_q95_30s_60s,-0.1132966523563341,-0.044660802983095306,-2.4521100624197634,0.0686358493732388,13298851195.783,12919703870.483002,379147325.3000001,5296016,157952,validation,-1506715320.6672447,-577004349.1595752,-929710971.5076694
2026-02-24,btcusdt,300,synthetic_maker_q95_30s_60s,0.1415505023952722,0.3340295284482934,-6.4173036736597995,0.19247902605302122,13298851195.783,12919703870.483002,379147325.3000001,5296016,157952,validation,1882459068.0430503,4315562591.549028,-2433103523.5059776
2026-02-24,ethusdt,30,synthetic_maker_q95_30s_60s,-0.1419755157617139,-0.12762457117227347,-0.745093223559665,0.014350944589440445,9550086888.23087,9328127818.36159,221959069.86927992,8135149,182260,validation,-1355878511.5257592,-1190498312.6585526,-165380198.8672067
2026-02-24,ethusdt,120,synthetic_maker_q95_30s_60s,-0.4647115785925337,-0.342783057546924,-5.5889213245023335,0.1219285210456097,9550086888.23087,9328127818.36159,221959069.86927992,8135149,182260,validation,-4438035953.525625,-3197524174.7665033,-1240511778.759122
2026-02-24,ethusdt,300,synthetic_maker_q95_30s_60s,-0.1393616472580935,-0.05149280429791834,-3.8321677077032903,0.08786884296017516,9550086888.23087,9328127818.36159,221959069.86927992,8135149,182260,validation,-1330915840.2017741,-480331460.21686125,-850584379.9849129
2026-02-25,btcusdt,30,synthetic_maker_q95_30s_60s,-0.2940050246195755,-0.3201042595084268,0.36524414244893955,-0.026099234888851297,18487630910.734497,17783590425.195198,704040485.5393002,6168839,266686,validation,-5435456381.068121,-5692603044.458258,257146663.39013672
2026-02-25,btcusdt,120,synthetic_maker_q95_30s_60s,-0.4637439149387564,-0.40863698851968466,-1.8557079129714176,0.05510692641907172,18487630910.734497,17783590425.195198,704040485.5393002,6168839,266686,validation,-8573526336.486782,-7267032836.419264,-1306493500.0675182
2026-02-25,btcusdt,300,synthetic_maker_q95_30s_60s,-0.1089231106424017,-0.033527057252454494,-2.013376846901473,0.0753960533899472,18487630910.734497,17783590425.195198,704040485.5393002,6168839,266686,validation,-2013730267.2058194,-596231454.339721,-1417498812.8660984
2026-02-25,ethusdt,30,synthetic_maker_q95_30s_60s,-0.3593289581936978,-0.4060339866719908,0.8039624804112169,-0.046705028478293,16054964920.23231,15435254355.601479,619710564.6308303,9885095,426139,validation,-5769013818.623441,-6267237861.301079,498224042.67763805
2026-02-25,ethusdt,120,synthetic_maker_q95_30s_60s,-0.8761705678611137,-0.9922351057071951,2.0146719731028475,-0.1160645378460814,16054964920.23231,15435254355.601479,619710564.6308303,9885095,426139,validation,-14066887731.150202,-15315401237.147676,1248513505.9974747
2026-02-25,ethusdt,300,synthetic_maker_q95_30s_60s,-0.3965715331133905,-0.6216559514421953,5.209650865979255,-0.22508441832880483,16054964920.23231,15435254355.601479,619710564.6308303,9885095,426139,validation,-6366942052.49823,-9595417732.183727,3228475679.685498
2026-02-26,btcusdt,30,synthetic_maker_q95_30s_60s,0.0002742223622223,0.003141590191099632,-0.1019923635896707,0.002867367828877332,11426027357.5474,11114399932.9266,311627424.6208,4994846,128567,validation,3133272.2128032725,34916889.80924061,-31783617.596437335
2026-02-26,btcusdt,120,synthetic_maker_q95_30s_60s,-0.04775779971670429,-0.025954999178772725,-0.8253692218541137,0.021802800537931565,11426027357.5474,11114399932.9266,311627424.6208,4994846,128567,validation,-545681926.0993327,-288474241.13166153,-257207684.96767116
2026-02-26,btcusdt,300,synthetic_maker_q95_30s_60s,0.1687317260881315,0.26038271047484235,-3.100061756898299,0.09165098438671085,11426027357.5474,11114399932.9266,311627424.6208,4994846,128567,validation,1927933318.3691847,2893997579.836834,-966064261.4676495
2026-02-26,ethusdt,30,synthetic_maker_q95_30s_60s,-0.000936673289593,-0.10649869245402017,3.236972521100639,-0.10556201916442717,10308955542.65344,9983475198.11001,325480344.54343,7913524,228714,validation,-9656123.30040519,-1063227054.745856,1053570931.445451
2026-02-26,ethusdt,120,synthetic_maker_q95_30s_60s,0.2006244350786317,0.24838375625084097,-1.264299657557936,0.04775932117220927,10308955542.65344,9983475198.11001,325480344.54343,7913524,228714,validation,2068228381.9955757,2479733070.143673,-411504688.1480975
2026-02-26,ethusdt,300,synthetic_maker_q95_30s_60s,0.5136639039677027,0.48088645841524247,1.5190481620844745,-0.032777445552460205,10308955542.65344,9983475198.11001,325480344.54343,7913524,228714,validation,5295338349.868853,4800918030.695534,494420319.1733188
2026-02-27,btcusdt,30,synthetic_maker_q95_30s_60s,-0.0309303801509636,-0.04536409608397999,0.5282841590550562,-0.01443371593301639,12655338207.9051,12336913885.8702,318424322.03490007,4998429,136322,validation,-391434421.70951915,-559652946.8984027,168218525.1888836
2026-02-27,btcusdt,120,synthetic_maker_q95_30s_60s,0.2667171233025677,0.2510378461324527,0.8741892253212017,-0.01567927717011497,12655338207.9051,12336913885.8702,318424322.03490007,4998429,136322,validation,3375395401.2335205,3097032289.8304024,278363111.40311813
2026-02-27,btcusdt,300,synthetic_maker_q95_30s_60s,0.3597829635065184,0.3029354277996637,2.562262812274263,-0.05684753570685469,12655338207.9051,12336913885.8702,318424322.03490007,4998429,136322,validation,4553175084.617369,3737288285.7437005,815886798.8736687
2026-02-27,ethusdt,30,synthetic_maker_q95_30s_60s,-0.1814438668743039,-0.13064504495835758,-2.3474826913804363,0.05079882191594631,10795183797.20362,10547812222.58735,247371574.61627007,8164332,198203,validation,-1958719891.783456,-1378019402.032238,-580700489.7512181
2026-02-27,ethusdt,120,synthetic_maker_q95_30s_60s,0.414999157843433,0.480064760890768,-2.359368770877983,0.065065603047335,10795183797.20362,10547812222.58735,247371574.61627007,8164332,198203,validation,4479992184.604576,5063632952.5571165,-583640767.9525404
2026-02-27,ethusdt,300,synthetic_maker_q95_30s_60s,0.6151083646585405,0.7567542307224682,-5.424607393571509,0.1416458660639277,10795183797.20362,10547812222.58735,247371574.61627007,8164332,198203,validation,6640207851.686293,7982101524.309138,-1341893672.6228447
2026-02-28,btcusdt,30,synthetic_maker_q95_30s_60s,-0.6120420147402507,-0.6181370457144096,-0.47073738523337055,-0.006095030974158977,15112081555.0137,14487191342.5042,624890212.5095,5545781,252966,validation,-9249228841.849566,-8955069657.154919,-294159184.6946473
2026-02-28,btcusdt,120,synthetic_maker_q95_30s_60s,-0.2389789537990551,-0.26945051830593647,0.4674609562514466,-0.030471564506881377,15112081555.0137,14487191342.5042,624890212.5095,5545781,252966,validation,-3611469439.7431717,-3903581216.0350323,292111776.2918606
2026-02-28,btcusdt,300,synthetic_maker_q95_30s_60s,-0.2201487503356782,-0.10385562919929468,-2.9162394619407905,0.11629312113638353,15112081555.0137,14487191342.5042,624890212.5095,5545781,252966,validation,-3326905869.307119,-1504576372.2063484,-1822329497.1007707
2026-02-28,ethusdt,30,synthetic_maker_q95_30s_60s,-0.2708559306595784,-0.30728637500417433,0.6402650772455661,-0.036430444344595914,11403769335.27199,10965329414.04042,438439921.23157,8884426,384369,validation,-3088778556.332257,-3369496326.367128,280717770.0348711
2026-02-28,ethusdt,120,synthetic_maker_q95_30s_60s,0.2678865400434208,0.5789879849936302,-7.512722979912343,0.31110144495020947,11403769335.27199,10965329414.04042,438439921.23157,8884426,384369,validation,3054916310.6792736,6348793982.226647,-3293877671.547374
2026-02-28,ethusdt,300,synthetic_maker_q95_30s_60s,0.545769847837528,0.634466426352091,-1.6725208556606928,0.08869657851456303,11403769335.27199,10965329414.04042,438439921.23157,8884426,384369,validation,6223833454.885662,6957133367.099694,-733299912.2140322
2026-01-01,btcusdt,30,synthetic_maker_q95_30s_60s,-0.0310867736800933,-0.053487928636325566,2.1549862545896743,-0.022401154956232266,3965372747.4532,3925150891.9976997,40221855.45550001,1035315,9758,train,-123270645.15728739,-209948190.7979826,86677545.64069521
2026-01-01,btcusdt,120,synthetic_maker_q95_30s_60s,-0.0527689850191264,-0.04267510285631344,-1.0378058543132116,0.010093882162812956,3965372747.4532,3925150891.9976997,40221855.45550001,1035315,9758,train,-209248695.10560998,-167506218.0425523,-41742477.0630577
2026-01-01,btcusdt,300,synthetic_maker_q95_30s_60s,0.432657795752758,0.5348751872993527,-9.542483357312348,0.1022173915465947,3965372747.4532,3925150891.9976997,40221855.45550001,1035315,9758,train,1715649432.2511592,2099465818.535491,-383816386.2843317
2026-01-01,ethusdt,30,synthetic_maker_q95_30s_60s,0.0118240605787111,0.029949464177554157,-1.9679668718655177,0.018125403598843057,3088549091.82189,3060529300.4951997,28019791.326690003,1595826,11588,train,36519191.56202518,91661212.64953586,-55142021.08751069
2026-01-01,ethusdt,120,synthetic_maker_q95_30s_60s,0.1247313301219007,0.1929265997538727,-7.324061504570357,0.06819526963197199,3088549091.82189,3060529300.4951997,28019791.326690003,1595826,11588,train,385238836.36973274,590457511.3916373,-205218675.02190465
2026-01-01,ethusdt,300,synthetic_maker_q95_30s_60s,0.5146628627581723,0.6654832431378969,-15.959057011961047,0.15082038037972456,3088549091.82189,3060529300.4951997,28019791.326690003,1595826,11588,train,1589561517.3662071,2036730964.6121044,-447169447.2458974
2026-01-02,btcusdt,30,synthetic_maker_q95_30s_60s,-0.162724668200275,-0.18597498880086882,0.5564272988012954,-0.023250320600593816,14073548406.5286,13632797458.0144,440750948.5142,3424235,116459,train,-2290113494.8528757,-2535359354.578741,245245859.7258651
2026-01-02,btcusdt,120,synthetic_maker_q95_30s_60s,-0.0843973539817499,-0.08218041756757984,-0.15296906145863925,0.002216936414170062,14073548406.5286,13632797458.0144,440750948.5142,3424235,116459,train,-1187770246.6450865,-1120348987.7138643,-67421258.9312222
2026-01-02,btcusdt,300,synthetic_maker_q95_30s_60s,0.273089786711308,0.39350604964444946,-3.4514864819331486,0.12041626293314145,14073548406.5286,13632797458.0144,440750948.5142,3424235,116459,train,3843342332.610164,5364588273.306139,-1521245940.6959743
2026-01-02,ethusdt,30,synthetic_maker_q95_30s_60s,0.1412977622023042,0.1994377413995033,-1.598820158329198,0.0581399791971991,13583512766.75853,13144340415.67175,439172351.0867801,6148185,213621,train,1919319956.7894099,2621477564.687782,-702157607.8983719
2026-01-02,ethusdt,120,synthetic_maker_q95_30s_60s,0.1049307115057214,-0.09283690679160535,6.024075875503152,-0.19776761829732675,13583512766.75853,13144340415.67175,439172351.0867801,6148185,213621,train,1425327659.3630228,-1220279906.0068493,2645607565.369872
2026-01-02,ethusdt,300,synthetic_maker_q95_30s_60s,0.5068805324633564,0.5299488948321383,-0.18355092811696805,0.023068362368781847,13583512766.75853,13144340415.67175,439172351.0867801,6148185,213621,train,6885218183.937363,6965828676.582652,-80610492.64528942
2026-01-03,btcusdt,30,synthetic_maker_q95_30s_60s,-0.1303368031110338,-0.14978038386507306,2.1706746002722395,-0.019443580754039264,4717389042.4997,4677861046.7303,39527995.769400015,1253334,8494,train,-614849406.8304316,-700651823.2467368,85802416.41630515
2026-01-03,btcusdt,120,synthetic_maker_q95_30s_60s,0.0391876752234203,0.05862538879480033,-2.2611293882450303,0.01943771357138003,4717389042.4997,4677861046.7303,39527995.769400015,1253334,8494,train,184863509.6999999,274241422.5926155,-89377912.8926156
2026-01-03,btcusdt,300,synthetic_maker_q95_30s_60s,0.2575715597977407,0.27481320977346685,-1.7828567804937996,0.017241649975726137,4717389042.4997,4677861046.7303,39527995.769400015,1253334,8494,train,1215065253.8494182,1285538009.126223,-70472755.27680504
2026-01-03,ethusdt,30,synthetic_maker_q95_30s_60s,0.0118363139058201,-0.009302377885990752,1.9749884485244582,-0.021138691791810854,4434897414.4128,4387652359.24054,47245055.17225999,2100063,19611,train,52492837.93709983,-40815600.27801435,93308438.21511418
2026-01-03,ethusdt,120,synthetic_maker_q95_30s_60s,0.0839606027253923,0.12337264010691754,-3.5762387169498555,0.03941203738152524,4434897414.4128,4387652359.24054,47245055.17225999,2100063,19611,train,372356659.93938255,541316255.4308507,-168959595.4914682
2026-01-03,ethusdt,300,synthetic_maker_q95_30s_60s,0.2603478349394773,0.27288119568043095,-0.9036264608625258,0.01253336074095368,4434897414.4128,4387652359.24054,47245055.17225999,2100063,19611,train,1154615940.021058,1197307822.0196223,-42691881.998564065
2026-01-04,btcusdt,30,synthetic_maker_q95_30s_60s,-0.0232821129890227,-0.057525977245441354,2.666330490595505,-0.03424386425641865,6238277636.3538,6159851061.7177,78426574.63610002,1667362,23779,train,-145240284.78648263,-354351452.0116802,209111167.22519755
2026-01-04,btcusdt,120,synthetic_maker_q95_30s_60s,-0.3806553914425042,-0.3725099215952569,-1.0204242621291013,0.008145469847247289,6238277636.3538,6159851061.7177,78426574.63610002,1667362,23779,train,-2374634015.5932755,-2294605636.0389204,-80028379.55435526
2026-01-04,btcusdt,300,synthetic_maker_q95_30s_60s,-0.2465500299521015,-0.2257972477613214,-1.8765338460836096,0.02075278219078011,6238277636.3538,6159851061.7177,78426574.63610002,1667362,23779,train,-1538047538.0925543,-1390877416.3555102,-147170121.73704404
2026-01-04,ethusdt,30,synthetic_maker_q95_30s_60s,0.3688570412451249,0.3807757112131482,-0.5712028390275716,0.011918669968023266,5674446939.007441,5603403468.227571,71043470.77986997,2851033,34552,train,2093059708.6247404,2133639940.8285744,-40580232.20383406
2026-01-04,ethusdt,120,synthetic_maker_q95_30s_60s,0.40935910241595524,0.47652412476501854,-4.8881399505295615,0.0671650223490633,5674446939.007441,5603403468.227571,71043470.77986997,2851033,34552,train,2322886505.6590505,2670156933.4024124,-347270427.74336195
2026-01-04,ethusdt,300,synthetic_maker_q95_30s_60s,0.6614602219286383,0.8057506304335926,-10.719140508486765,0.14429040850495434,5674446939.007441,5603403468.227571,71043470.77986997,2851033,34552,train,3753420931.598144,4514945877.098145,-761524945.5000001
2026-01-05,btcusdt,30,synthetic_maker_q95_30s_60s,-0.0227417394575021,-0.004099929408266948,-0.6104275678888492,0.018641810049235152,15726737986.6588,15243212506.9758,483525479.6830001,3670196,128393,train,-357653377.80899554,-62496095.23381262,-295157282.5751829
2026-01-05,btcusdt,120,synthetic_maker_q95_30s_60s,0.130880871447316,0.1870126972510516,-1.638683267534235,0.0561318258037356,15726737986.6588,15243212506.9758,483525479.6830001,3670196,128393,train,2058329172.7175117,2850674285.7005086,-792345112.982997
2026-01-05,btcusdt,300,synthetic_maker_q95_30s_60s,0.5842728192458735,0.7202729223071884,-3.7031506135240946,0.13600010306131494,15726737986.6588,15243212506.9758,483525479.6830001,3670196,128393,train,9188705541.00631,10979273217.748943,-1790567676.7426338
2026-01-05,ethusdt,30,synthetic_maker_q95_30s_60s,0.2723696062860439,0.23820798754217282,1.7713066368498027,-0.03416161874387108,13609215617.38143,13305965180.40917,303250436.9722601,6165677,146459,train,3706736699.56806,3169587187.931493,537149511.6365671
2026-01-05,ethusdt,120,synthetic_maker_q95_30s_60s,0.3830450136639732,0.3968268176724951,-0.2216703697383955,0.013781804008521914,13609215617.38143,13305965180.40917,303250436.9722601,6165677,146459,train,5212942182.115828,5280163818.602798,-67221636.4869709
2026-01-05,ethusdt,300,synthetic_maker_q95_30s_60s,0.5012435877346004,0.6469496461326182,-5.892019218333629,0.14570605839801776,13609215617.38143,13305965180.40917,303250436.9722601,6165677,146459,train,6821532062.310023,8608289464.918652,-1786757402.6086276
2026-01-06,btcusdt,30,synthetic_maker_q95_30s_60s,-0.3007695131936717,-0.27923186064028593,-0.9138720298245225,0.021537652553385744,15275628113.858,14757222272.5229,518405841.33509994,3261262,112488,train,-4594443231.532636,-4120686633.038838,-473756598.4937971
2026-01-06,btcusdt,120,synthetic_maker_q95_30s_60s,-0.1928027224774679,-0.04810066378640654,-4.311970125946816,0.14470205869106137,15275628113.858,14757222272.5229,518405841.33509994,3261262,112488,train,-2945182687.9051704,-709832186.9518943,-2235350500.953276
2026-01-06,btcusdt,300,synthetic_maker_q95_30s_60s,-0.5284521585576463,-0.5243419563538332,-0.6454554071137811,0.004110202203813085,15275628113.858,14757222272.5229,518405841.33509994,3261262,112488,train,-8072438650.092127,-7737830796.723017,-334607853.36910915
2026-01-06,ethusdt,30,synthetic_maker_q95_30s_60s,0.00018455432733250002,0.07304671917756736,-1.6327858241687445,0.07286216485023486,13848981096.85716,13257441940.435911,591539156.4212501,5747688,222705,train,2555889.3905709814,968412638.4359257,-965856749.0453547
2026-01-06,ethusdt,120,synthetic_maker_q95_30s_60s,0.0942319729467232,0.15582933438881316,-1.2862741763723509,0.061597361442089965,13848981096.85716,13257441940.435911,591539156.4212501,5747688,222705,train,1305016812.0587249,2065898353.2764637,-760881541.2177387
2026-01-06,ethusdt,300,synthetic_maker_q95_30s_60s,-0.5418387747195126,-0.8867319754272416,7.187829725496734,-0.344893200707729,13848981096.85716,13257441940.435911,591539156.4212501,5747688,222705,train,-7503914948.634775,-11755797680.954699,4251882732.3199234
2026-01-07,btcusdt,30,synthetic_maker_q95_30s_60s,-0.05217789277268399,-0.03571738856889079,-0.6332791913572068,0.0164605042037932,12304093507.0582,11965163572.1933,338929934.8649,2900812,85204,train,-642001671.6763601,-427364396.5983655,-214637275.07799464
2026-01-07,btcusdt,120,synthetic_maker_q95_30s_60s,-0.1508604475921499,-0.09083109754355714,-2.2700624376735696,0.06002935004859275,12304093507.0582,11965163572.1933,338929934.8649,2900812,85204,train,-1856201053.6904655,-1086808939.5505064,-769392114.1399591
2026-01-07,btcusdt,300,synthetic_maker_q95_30s_60s,0.1682153157185827,0.3223342059921135,-5.272607526981228,0.1541188902735308,12304093507.0582,11965163572.1933,338929934.8649,2900812,85204,train,2069736973.9207587,3856781499.608688,-1787044525.6879292
2026-01-07,ethusdt,30,synthetic_maker_q95_30s_60s,0.0533844058287535,0.25954367417193197,-5.732998836763021,0.20615926834317846,13236108413.85168,12780751372.77415,455357041.0775299,5513510,179276,train,706601783.1584369,3317163169.9677663,-2610561386.80933
2026-01-07,ethusdt,120,synthetic_maker_q95_30s_60s,0.2110032837428339,0.3996927800454837,-5.08504645602072,0.1886894963026498,13236108413.85168,12780751372.77415,455357041.0775299,5513510,179276,train,2792862339.298857,5108374047.254232,-2315511707.9553747
2026-01-07,ethusdt,300,synthetic_maker_q95_30s_60s,0.9525496819949254,0.9604420336846419,0.7310307955095722,0.00789235168971647,13236108413.85168,12780751372.77415,455357041.0775299,5513510,179276,train,12608050860.464775,12275170840.484983,332880019.97979164
2026-01-08,btcusdt,30,synthetic_maker_q95_30s_60s,0.0196749179665145,0.07216090060344063,-1.624104763683756,0.05248598263692613,13520210729.7752,13101867329.5928,418343400.1824001,3389838,106350,train,266009036.9983162,945442546.0902122,-679433509.0918959
2026-01-08,btcusdt,120,synthetic_maker_q95_30s_60s,0.3281901817206915,0.43387831864694837,-2.9817985684685393,0.10568813692625689,13520210729.7752,13101867329.5928,418343400.1824001,3389838,106350,train,4437200416.306966,5684616168.099108,-1247415751.792142
2026-01-08,btcusdt,300,synthetic_maker_q95_30s_60s,0.4383933197731306,0.6252344039214078,-5.4131800411563935,0.18684108414827721,13520210729.7752,13101867329.5928,418343400.1824001,3389838,106350,train,5927170065.858451,8191738210.075322,-2264568144.2168703
2026-01-08,ethusdt,30,synthetic_maker_q95_30s_60s,0.3030458746671001,0.39414732308486244,-3.0720986384164872,0.09110144841776235,12312899623.21822,11989286411.012169,323613212.20605004,5662592,156111,train,3731373436.0063725,4725545144.598165,-994171708.5917921
2026-01-08,ethusdt,120,synthetic_maker_q95_30s_60s,0.6992080891580137,0.8862501500706593,-6.230363246637305,0.18704206091264564,12312899623.21822,11989286411.012169,323613212.20605004,5662592,156111,train,8609279017.544838,10625506880.999651,-2016227863.454813
2026-01-08,ethusdt,300,synthetic_maker_q95_30s_60s,1.0405685541629446,1.304609601106733,-8.741676473759323,0.2640410469437884,12312899623.21822,11989286411.012169,323613212.20605004,5662592,156111,train,12812416158.485647,15641338162.22496,-2828922003.739311
2026-01-09,btcusdt,30,synthetic_maker_q95_30s_60s,-0.1833513921083317,-0.1680064205629625,-0.5930493838846879,0.015344971545369207,11701757189.2934,11279298410.7802,422458778.51320004,3035553,99959,train,-2145533470.7706237,-1894994552.4566927,-250538918.3139311
2026-01-09,btcusdt,120,synthetic_maker_q95_30s_60s,-0.2345736543657966,-0.46731498409699435,5.9794264897404386,-0.23274132973119774,11701757189.2934,11279298410.7802,422458778.51320004,3035553,99959,train,-2744923946.3937855,-5270985157.4590025,2526061211.065217
2026-01-09,btcusdt,300,synthetic_maker_q95_30s_60s,-0.37014957031897167,-0.6181779899315982,6.252003173224055,-0.24802841961262656,11701757189.2934,11279298410.7802,422458778.51320004,3035553,99959,train,-4331400395.593889,-6972614019.414774,2641213623.8208847
2026-01-09,ethusdt,30,synthetic_maker_q95_30s_60s,-0.3357915605778436,-0.16394891112937499,-4.94181367555266,0.1718426494484686,10822158878.93017,10432924661.09393,389234217.8362402,5335282,182756,train,-3633989618.777328,-1710466638.0811532,-1923522980.6961746
2026-01-09,ethusdt,120,synthetic_maker_q95_30s_60s,-0.0617126188040066,0.1406823430901642,-5.486650336163808,0.2023949618941708,10822158878.93017,10432924661.09393,389234217.8362402,5335282,182756,train,-667863765.531813,1467728286.6058512,-2135592052.137664
2026-01-09,ethusdt,300,synthetic_maker_q95_30s_60s,0.0807736741313071,0.22481645011361154,-3.780108439862251,0.14404277598230444,10822158878.93017,10432924661.09393,389234217.8362402,5335282,182756,train,874145534.6839373,2345493086.609891,-1471347551.9259534
2026-01-10,btcusdt,30,synthetic_maker_q95_30s_60s,0.0161159759023699,0.016273671241354544,-0.27412947446657027,0.00015769533898464527,2141846818.2898,2140683748.0370998,1163070.2527,599195,279,train,34517951.71012606,34836783.54726641,-318831.8371403521
2026-01-10,btcusdt,120,synthetic_maker_q95_30s_60s,0.112050317683105,0.11336960743406475,-2.3161625286821694,0.001319289750959754,2141846818.2898,2140683748.0370998,1163070.2527,599195,279,train,239994616.41791975,242688476.1554484,-2693859.737528642
2026-01-10,btcusdt,300,synthetic_maker_q95_30s_60s,0.2604766396598387,0.26057425468458034,0.08081174276852203,9.761502474164852e-05,2141846818.2898,2140683748.0370998,1163070.2527,599195,279,train,557901061.8942442,557807072.1601613,93989.73408291231
2026-01-10,ethusdt,30,synthetic_maker_q95_30s_60s,-0.0250050099118358,-0.023477986957938932,-1.5560186676183265,0.0015270229538968672,2049696398.15312,2047654081.4381402,2042316.7149800002,1068367,1194,train,-51252678.7520729,-48074795.81837508,-3177882.9336978174
2026-01-10,ethusdt,120,synthetic_maker_q95_30s_60s,0.2165563050613732,0.21843355400482492,-1.6655986186777783,0.0018772489434517314,2049696398.15312,2047654081.4381402,2042316.7149800002,1068367,1194,train,443874678.4816449,447276358.38101816,-3401679.899373226
2026-01-10,ethusdt,300,synthetic_maker_q95_30s_60s,0.2351135640565848,0.23693070028134483,-1.5867715431195748,0.0018171362247600409,2049696398.15312,2047654081.4381402,2042316.7149800002,1068367,1194,train,481911425.40372473,485152115.44909245,-3240690.045367716
2026-01-11,btcusdt,30,synthetic_maker_q95_30s_60s,0.0701555538278954,0.04835423729610463,1.450778316311703,-0.021801316531790772,3632073527.9824,3575611302.4437,56462225.538699985,992487,15686,train,254810129.8992432,172895957.3969964,81914172.5022468
2026-01-11,btcusdt,120,synthetic_maker_q95_30s_60s,0.0045612142974222,-0.005761885729516985,0.6582972790807885,-0.010323100026939185,3632073527.9824,3575611302.4437,56462225.538699985,992487,15686,train,16566665.705122013,-20602263.73784999,37168929.442972004
2026-01-11,btcusdt,300,synthetic_maker_q95_30s_60s,-0.0578298160826565,-0.011273390588380937,-3.006131616276673,0.04655642549427556,3632073527.9824,3575611302.4437,56462225.538699985,992487,15686,train,-210042144.12190753,-40309262.80467731,-169732881.31723022
2026-01-11,ethusdt,30,synthetic_maker_q95_30s_60s,-0.2249118452096558,-0.22114517190250607,-0.48490876976816155,0.0037666733071497205,4446707518.174561,4383206357.859251,63501160.31531,2055651,26151,train,-1000117193.0202894,-969324923.4929416,-30792269.527347773
2026-01-11,ethusdt,120,synthetic_maker_q95_30s_60s,-0.3691140804479061,-0.49609917561473815,8.39610963711658,-0.12698509516683204,4446707518.174561,4383206357.859251,63501160.31531,2055651,26151,train,-1641342356.5917938,-2174505060.6832533,533162704.0914593
2026-01-11,ethusdt,300,synthetic_maker_q95_30s_60s,-0.5947457498038627,-0.6382768323143354,2.410013795958283,-0.04353108251047266,4446707518.174561,4383206357.859251,63501160.31531,2055651,26151,train,-2644660397.0552025,-2797699069.474458,153038672.41925573
2026-01-12,btcusdt,30,synthetic_maker_q95_30s_60s,-0.1775611737819322,-0.24686987647560843,2.5484743865035315,-0.06930870269367623,13992793576.8332,13645851562.314701,346942014.5185001,3526608,85809,train,-2484576851.9907846,-3368749689.5931187,884172837.6023339
2026-01-12,btcusdt,120,synthetic_maker_q95_30s_60s,-0.4243920266112664,-0.5197203054628061,3.3250401218830765,-0.09532827885153972,13992793576.8332,13645851562.314701,346942014.5185001,3526608,85809,train,-5938430024.025353,-7092026142.266307,1153596118.2409537
2026-01-12,btcusdt,300,synthetic_maker_q95_30s_60s,-0.5105844350710328,-0.6400540611951111,4.581688123412504,-0.1294696261240783,13992793576.8332,13645851562.314701,346942014.5185001,3526608,85809,train,-7144502603.492956,-8734082710.925177,1589580107.4322205
2026-01-12,ethusdt,30,synthetic_maker_q95_30s_60s,0.1273581813950594,0.12867554859185712,0.07868582706794262,0.0013173671967977307,11561359608.38831,11256685858.78186,304673749.60644996,5299460,129366,train,1472433734.178631,1448460228.204956,23973505.973674774
2026-01-12,ethusdt,120,synthetic_maker_q95_30s_60s,0.1236978053532981,0.07676255609603747,1.8577997989614226,-0.04693524925726063,11561359608.38831,11256685858.78186,304673749.60644996,5299460,129366,train,1430114810.4578998,864091979.6902143,566022830.7676855
2026-01-12,ethusdt,300,synthetic_maker_q95_30s_60s,0.0991893641129514,0.047946847807855776,1.9924306079190028,-0.051242516305095624,11561359608.38831,11256685858.78186,304673749.60644996,5299460,129366,train,1146763907.8371973,539722603.6918561,607041304.1453412
2026-01-13,btcusdt,30,synthetic_maker_q95_30s_60s,-0.8408175015140437,-0.9562868073515993,2.5833304599298565,-0.11546930583755566,16988625303.8118,16434422794.6597,554202509.1521003,3870478,136971,train,-14284333482.109299,-15716021704.971474,1431688222.862176
2026-01-13,btcusdt,120,synthetic_maker_q95_30s_60s,-0.3333077605030597,-0.4039386544895189,1.761193716789392,-0.07063089398645916,16988625303.8118,16434422794.6597,554202509.1521003,3870478,136971,train,-5662440654.039124,-6638498630.986718,976057976.9475946
2026-01-13,btcusdt,300,synthetic_maker_q95_30s_60s,-0.5100784890416682,-0.528887359734501,0.047683210249487754,-0.01880887069283277,16988625303.8118,16434422794.6597,554202509.1521003,3870478,136971,train,-8665532325.863375,-8691958480.628067,26426154.76469326
2026-01-13,ethusdt,30,synthetic_maker_q95_30s_60s,-0.7509770040012531,-0.699495645171703,-2.3099601587222516,0.05148135882955007,13882426573.66765,13438650149.00852,443776424.6591296,5954752,216995,train,-10425383116.560314,-9400277256.217518,-1025105860.3427963
2026-01-13,ethusdt,120,synthetic_maker_q95_30s_60s,-2.541449032847779,-2.4746381405161753,-4.564648460075456,0.06681089233160353,13882426573.66765,13438650149.00852,443776424.6591296,5954752,216995,train,-35281479589.22795,-33255796215.789867,-2025683373.4380877
2026-01-13,ethusdt,300,synthetic_maker_q95_30s_60s,-3.54711532489498,-3.4444641283668562,-6.655648002308341,0.10265119652812382,13882426573.66765,13438650149.00852,443776424.6591296,5954752,216995,train,-49242568046.18583,-46288948371.931755,-2953619674.254074
2026-01-14,btcusdt,30,synthetic_maker_q95_30s_60s,0.0311647168828137,0.059551931435246556,-0.8369732959368708,0.028387214552432857,15733426017.5577,15235249138.236198,498176879.32149994,3974079,130217,train,490327767.43388075,907288512.0791413,-416960744.6452605
2026-01-14,btcusdt,120,synthetic_maker_q95_30s_60s,0.0585162659806371,0.12486506081990774,-1.9705630858647127,0.06634879483927064,15733426017.5577,15235249138.236198,498176879.32149994,3974079,130217,train,920661341.6300822,1902350310.2523098,-981688968.6222275
2026-01-14,btcusdt,300,synthetic_maker_q95_30s_60s,0.1808939863780576,0.2470445704442355,-1.842123682086757,0.06615058406617791,15733426017.5577,15235249138.236198,498176879.32149994,3974079,130217,train,2846082151.700259,3763785578.9664707,-917703427.2662115
2026-01-14,ethusdt,30,synthetic_maker_q95_30s_60s,0.0577406398991709,0.10083905029303512,-1.4962183197262993,0.04309841039386422,15061498577.86014,14655046900.51848,406451677.34166,7161122,193604,train,869660565.726097,1477801011.4481716,-608140445.7220745
2026-01-14,ethusdt,120,synthetic_maker_q95_30s_60s,-0.0079804944348061,0.1308374263870232,-5.013208061908425,0.1388179208218293,15061498577.86014,14655046900.51848,406451677.34166,7161122,193604,train,-120198205.58045284,1917428620.044959,-2037626825.6254117
2026-01-14,ethusdt,300,synthetic_maker_q95_30s_60s,0.552464120718391,0.6931484145990147,-4.520057509580569,0.14068429388062365,15061498577.86014,14655046900.51848,406451677.34166,7161122,193604,train,8320937568.518799,10158122524.968588,-1837184956.4497888
2026-01-15,btcusdt,30,synthetic_maker_q95_30s_60s,-0.1279513781246305,-0.167198529566009,1.2855216880865978,-0.0392471514413785,12994148917.7207,12643094857.7382,351054059.9825001,3500911,100037,train,-1662619261.5790393,-2113906869.3773966,451287607.79835725
2026-01-15,btcusdt,120,synthetic_maker_q95_30s_60s,-0.5320675046926714,-0.5147694089949048,-1.1550526505588048,0.017298095697766636,12994148917.7207,12643094857.7382,351054059.9825001,3500911,100037,train,-6913764390.256629,-6508278467.784412,-405485922.47221637
2026-01-15,btcusdt,300,synthetic_maker_q95_30s_60s,-0.0575942669345785,0.057179490266124636,-4.191132843699192,0.11477375720070314,12994148917.7207,12643094857.7382,351054059.9825001,3500911,100037,train,-748388481.3548703,722925719.3517318,-1471314200.7066023
2026-01-15,ethusdt,30,synthetic_maker_q95_30s_60s,-0.1311189672923929,-0.1276900036819383,-0.23760234981963851,0.003428963610454583,13010362217.70432,12604474615.71054,405887601.99378,6245820,191994,train,-1705905258.0853572,-1609465410.0889769,-96439847.99638033
2026-01-15,ethusdt,120,synthetic_maker_q95_30s_60s,-0.1104308388573404,-0.05466852478417401,-1.8420793760286611,0.05576231407316639,13010362217.70432,12604474615.71054,405887601.99378,6245820,191994,train,-1436745213.5389357,-689068032.9204638,-747677180.6184719
2026-01-15,ethusdt,300,synthetic_maker_q95_30s_60s,0.202644463327975,0.18723684010528618,0.6811143521465778,-0.015407623222688821,13010362217.70432,12604474615.71054,405887601.99378,6245820,191994,train,2636477869.3092546,2360021998.232933,276455871.0763215
2026-01-16,btcusdt,30,synthetic_maker_q95_30s_60s,0.0558584750786153,0.05312801693871078,0.2159562335928247,-0.0027304581399045166,8690245815.4679,8544519522.370799,145726293.09709996,2283518,38392,train,485423879.31035453,453953377.9176608,31470501.392693758
2026-01-16,btcusdt,120,synthetic_maker_q95_30s_60s,0.090791530043172,0.057210505044584,2.0597822837602666,-0.033581024998588005,8690245815.4679,8544519522.370799,145726293.09709996,2283518,38392,train,789000714.0376036,488836277.23814106,300164436.79946256
2026-01-16,btcusdt,300,synthetic_maker_q95_30s_60s,0.2234714575047966,0.2610700650862742,-1.9810863451137826,0.03759860758147757,8690245815.4679,8544519522.370799,145726293.09709996,2283518,38392,train,1942021898.4575713,2230718267.8362846,-288696369.3787136
2026-01-16,ethusdt,30,synthetic_maker_q95_30s_60s,0.0019899432750521,0.006122959273762026,-0.23626927509255205,0.004133015998709926,7840453207.00027,7706766091.87307,133687115.12719995,4016803,63479,train,15602057.132630859,47188214.912948936,-31586157.78031808
2026-01-16,ethusdt,120,synthetic_maker_q95_30s_60s,0.2099131134885727,0.2584912638552613,-2.590509662451301,0.04857815036668858,7840453207.00027,7706766091.87307,133687115.12719995,4016803,63479,train,1645813943.8428915,1992131707.3251424,-346317763.4822509
2026-01-16,ethusdt,300,synthetic_maker_q95_30s_60s,0.6292290847055473,0.642150575399236,-0.115666234785961,0.012921490693688753,7840453207.00027,7706766091.87307,133687115.12719995,4016803,63479,train,4933441195.117453,4948904280.363613,-15463085.246160507
2026-01-17,btcusdt,30,synthetic_maker_q95_30s_60s,-0.1302003007138434,-0.1109925154762612,-2.7088641331794534,0.019207785237582195,3179483118.2510004,3155975094.0339003,23508024.2171,809322,5566,train,-413969658.11086875,-350289614.46725255,-63680043.643616185
2026-01-17,btcusdt,120,synthetic_maker_q95_30s_60s,-0.0585330818240863,-0.02736364900144257,-4.243059725788958,0.03116943282264373,3179483118.2510004,3155975094.0339003,23508024.2171,809322,5566,train,-186104945.51888686,-86358994.73043835,-99745950.78844851
2026-01-17,btcusdt,300,synthetic_maker_q95_30s_60s,0.37758896248751195,0.4354207325954883,-7.386382369986426,0.057831770107976355,3179483118.2510004,3155975094.0339003,23508024.2171,809322,5566,train,1200537731.8669546,1374176987.497356,-173639255.63040137
2026-01-17,ethusdt,30,synthetic_maker_q95_30s_60s,0.1408301458272181,0.14383419676720455,-0.2825442025540789,0.003004050939986458,3504692636.68885,3480000308.87307,24692327.815780014,1549341,9930,train,493566375.1044682,500543049.1763817,-6976674.071913465
2026-01-17,ethusdt,120,synthetic_maker_q95_30s_60s,0.3064469069388927,0.3317752931556649,-3.263195960077253,0.025328386216772192,3504692636.68885,3480000308.87307,24692327.815780014,1549341,9930,train,1074002218.2848105,1154578122.6581671,-80575904.37335652
2026-01-17,ethusdt,300,synthetic_maker_q95_30s_60s,0.5366641374975132,0.5381770336148902,0.3234449143021943,0.0015128961173770383,3504692636.68885,3480000308.87307,24692327.815780014,1549341,9930,train,1880842851.062507,1872856243.2082105,7986607.854296655
2026-01-18,btcusdt,30,synthetic_maker_q95_30s_60s,0.0950767995189432,0.13531005040764754,-1.770884395010885,0.040233250888704344,5198807449.2672,5089078389.3955,109729059.87170011,1179413,27265,train,494285973.5915661,688603453.3975749,-194317479.80600882
2026-01-18,btcusdt,120,synthetic_maker_q95_30s_60s,-0.5888123561900542,-0.6308769874485932,1.3620856661389584,-0.04206463125853899,5198807449.2672,5089078389.3955,109729059.87170011,1179413,27265,train,-3061122063.581426,-3210582443.191572,149460379.61014628
2026-01-18,btcusdt,300,synthetic_maker_q95_30s_60s,0.0006617385430982,-0.5067820217154135,23.53518465512199,-0.5074437602585117,5198807449.2672,5089078389.3955,109729059.87170011,1179413,27265,train,3440251.267326147,-2579053434.846072,2582493686.1133986
2026-01-18,ethusdt,30,synthetic_maker_q95_30s_60s,-0.6355287847572082,-0.5900973968383125,-2.4714260793897895,0.04543138791889567,5620398466.25384,5484673908.739071,135724557.5147699,2456294,59737,train,-3571925007.10958,-3236491796.0539384,-335433211.0556418
2026-01-18,ethusdt,120,synthetic_maker_q95_30s_60s,-0.3059110309680167,-0.18958320944285828,-5.006756473105932,0.11632782152515841,5620398466.25384,5484673908.739071,135724557.5147699,2456294,59737,train,-1719341889.262772,-1039802082.3662595,-679539806.8965126
2026-01-18,ethusdt,300,synthetic_maker_q95_30s_60s,-0.0455032150332394,-0.1377954492895168,3.684056258016093,-0.09229223425627742,5620398466.25384,5484673908.739071,135724557.5147699,2456294,59737,train,-255746199.9824374,-755763105.4611906,500016905.4787532
2026-01-19,btcusdt,30,synthetic_maker_q95_30s_60s,-0.4158252365436874,-0.512829773055864,1.658212186064951,-0.09700453651217655,9203663768.932,8792433974.699598,411229794.23240006,2500740,103361,train,-3827115663.784714,-4509021919.853863,681906256.0691481
2026-01-19,btcusdt,120,synthetic_maker_q95_30s_60s,-0.3029943147734737,-1.0693026917405402,16.081314174641154,-0.7663083769670664,9203663768.932,8792433974.699598,411229794.23240006,2500740,103361,train,-2788657797.0729976,-9401773316.097258,6613115519.0242605
2026-01-19,btcusdt,300,synthetic_maker_q95_30s_60s,0.4207189325727157,-0.2287978964406991,14.307927288223402,-0.6495168290134148,9203663768.932,8792433974.699598,411229794.23240006,2500740,103361,train,3872155596.623248,-2011690398.005003,5883845994.628251
2026-01-19,ethusdt,30,synthetic_maker_q95_30s_60s,-0.4923184667841633,-0.4259337988387542,-1.9889004697533954,0.06638466794540909,10393640977.42283,9952186647.09713,441454330.32570004,4792724,171194,train,-5116981390.30986,-4238972665.3504047,-878008724.9594554
2026-01-19,ethusdt,120,synthetic_maker_q95_30s_60s,0.4873176685748953,-0.09452835143958177,13.604507360161834,-0.581846020014477,10393640977.42283,9952186647.09713,441454330.32570004,4792724,171194,train,5065004889.1221895,-940763796.9691105,6005768686.0913
2026-01-19,ethusdt,300,synthetic_maker_q95_30s_60s,1.095728039250408,0.5909431831159137,12.475643830703,-0.5047848561344944,10393640977.42283,9952186647.09713,441454330.32570004,4792724,171194,train,11388603848.864214,5881176856.19927,5507426992.664944
2026-01-20,btcusdt,30,synthetic_maker_q95_30s_60s,-0.5947282400466387,-0.5611264868444744,-1.6286878967651477,0.0336017532021643,15333244816.5256,14850627232.82,482617583.7056,4184911,134792,train,-9119113703.936516,-8333080286.589165,-786033417.3473513
2026-01-20,btcusdt,120,synthetic_maker_q95_30s_60s,-0.2581107444140404,-0.04077116741282793,-6.945867572919197,0.21733957700121248,15333244816.5256,14850627232.82,482617583.7056,4184911,134792,train,-3957675233.876149,-605477409.0948057,-3352197824.7813435
2026-01-20,btcusdt,300,synthetic_maker_q95_30s_60s,0.3200366390605967,0.6070259709735533,-8.510913023633837,0.28698933191295656,15333244816.5256,14850627232.82,482617583.7056,4184911,134792,train,4907200136.974169,9014716415.568853,-4107516278.5946846
2026-01-20,ethusdt,30,synthetic_maker_q95_30s_60s,0.1753312892215743,0.21597414909832502,-0.9515834723771187,0.04064285987675073,16479428640.91059,15905777202.401669,573651438.50892,7228932,254942,train,2889359469.2457895,3435236697.036237,-545877227.7904472
2026-01-20,ethusdt,120,synthetic_maker_q95_30s_60s,0.5080775656975477,0.5952652900773883,-1.909398318917674,0.08718772437984057,16479428640.91059,15905777202.401669,573651438.50892,7228932,254942,train,8372827987.9602995,9468157080.293938,-1095329092.3336372
2026-01-20,ethusdt,300,synthetic_maker_q95_30s_60s,1.1043685522263147,1.2693786312788773,-3.4709072640129874,0.1650100790525626,16479428640.91059,15905777202.401669,573651438.50892,7228932,254942,train,18199362749.67929,20190453694.6114,-1991090944.9321098
2026-01-21,btcusdt,30,synthetic_maker_q95_30s_60s,-0.2483930740001603,-0.2333729962630339,-0.5877861230092538,0.015020077737126408,16474562600.3757,15776368339.868,698194260.5077,4922796,215701,train,-4092167247.1153946,-3681778349.624261,-410388897.4911339
2026-01-21,btcusdt,120,synthetic_maker_q95_30s_60s,-0.3899741179813513,-0.4948961632983446,1.9808400343572072,-0.10492204531699334,16474562600.3757,15776368339.868,698194260.5077,4922796,215701,train,-6424653019.210071,-7807664162.182148,1383011142.9720774
2026-01-21,btcusdt,300,synthetic_maker_q95_30s_60s,-0.2387170266331652,-0.3460036501286686,2.1855270354349043,-0.10728662349550341,16474562600.3757,15776368339.868,698194260.5077,4922796,215701,train,-3932758599.0436335,-5458681031.368692,1525922432.3250587
2026-01-21,ethusdt,30,synthetic_maker_q95_30s_60s,-0.3011973995368585,-0.3311015642062391,0.283241396947697,-0.029904164669380617,17846882831.24551,16978156147.99638,868726683.2491298,8504402,428517,train,-5375434698.610154,-5621494057.939377,246059359.329223
2026-01-21,ethusdt,120,synthetic_maker_q95_30s_60s,-0.3683198971765424,-0.651818852256437,5.172305963581009,-0.2834989550798946,17846882831.24551,16978156147.99638,868726683.2491298,8504402,428517,train,-6573362049.326146,-11066682253.81757,4493320204.491425
2026-01-21,ethusdt,300,synthetic_maker_q95_30s_60s,-0.5522197740234037,-1.0108211487297147,8.410559774002348,-0.458601374706311,17846882831.24551,16978156147.99638,868726683.2491298,8504402,428517,train,-9855401604.09256,-17161879300.83017,7306477696.73761
2026-01-22,btcusdt,30,synthetic_maker_q95_30s_60s,-0.0164353311152397,-0.02006492189663989,0.23690923381697432,-0.0036295907814001896,8690556672.4113,8567808280.4735,122748391.93779999,3062213,42567,train,-142832176.48683545,-171912403.9730853,29080227.486249864
2026-01-22,btcusdt,120,synthetic_maker_q95_30s_60s,0.1727680375432468,0.1757979249473803,-0.03871737566845321,0.0030298874041335133,8690556672.4113,8567808280.4735,122748391.93779999,3062213,42567,train,1501450421.4508696,1506202917.054224,-4752495.603354335
2026-01-22,btcusdt,300,synthetic_maker_q95_30s_60s,0.534827299291555,0.668378539974882,-8.78701722942485,0.1335512406833269,8690556672.4113,8567808280.4735,122748391.93779999,3062213,42567,train,4647946954.445939,5726539189.287582,-1078592234.8416429
2026-01-22,ethusdt,30,synthetic_maker_q95_30s_60s,-0.0728895352572663,-0.04946858639164689,-0.9188422760175855,0.023420948865619406,9952748859.68369,9684621557.354929,268127302.32876003,6036056,156930,train,-725451238.9146312,-479084538.18041813,-246366700.7342131
2026-01-22,ethusdt,120,synthetic_maker_q95_30s_60s,-0.2891540171301117,-0.25430894878128907,-1.54774013338,0.034845068348822616,9952748859.68369,9684621557.354929,268127302.32876003,6036056,156930,train,-2877877314.264677,-2462885927.5955424,-414991386.6691346
2026-01-22,ethusdt,300,synthetic_maker_q95_30s_60s,-0.0286539335714122,0.22225849479046272,-9.09148301370064,0.25091242836187494,9952748859.68369,9684621557.354929,268127302.32876003,6036056,156930,train,-285185404.67832494,2152489409.9529734,-2437674814.631298
2026-01-23,btcusdt,30,synthetic_maker_q95_30s_60s,-0.2460659058975877,-0.24941771250972541,-0.13971057022337427,-0.0033518066121377144,10260028769.2721,9946561190.472101,313467578.8000001,3064583,88252,train,-2524643273.646251,-2480848539.465563,-43794734.180688515
2026-01-23,btcusdt,120,synthetic_maker_q95_30s_60s,-0.0448736638186898,-0.008250126684373818,-1.2069659430665527,0.03662353713431598,10260028769.2721,9946561190.472101,313467578.8000001,3064583,88252,train,-460405081.7624019,-82060389.8952709,-378344691.867131
2026-01-23,btcusdt,300,synthetic_maker_q95_30s_60s,0.3734467919544949,0.5064818182938811,-3.847854291322869,0.13303502633938613,10260028769.2721,9946561190.472101,313467578.8000001,3064583,88252,train,3831574829.2454906,5037752397.52166,-1206177568.2761698
2026-01-23,ethusdt,30,synthetic_maker_q95_30s_60s,-0.1079483836498818,-0.06809314905428955,-1.6602986316013981,0.039855234595592245,9596959507.5243,9356733558.820179,240225948.70412004,6030714,153084,train,-1035976266.7906138,-637129452.8820156,-398846813.9085982
2026-01-23,ethusdt,120,synthetic_maker_q95_30s_60s,-0.2131974100074129,-0.08605008180949224,-5.165550305610334,0.12714732819792068,9596959507.5243,9356733558.820179,240225948.70412004,6030714,153084,train,-2046046910.9501975,-805147688.2060978,-1240899222.7440996
2026-01-23,ethusdt,300,synthetic_maker_q95_30s_60s,0.3830485579113928,0.5687439309689541,-6.8497343207831625,0.18569537305756134,9596959507.5243,9356733558.820179,240225948.70412004,6030714,153084,train,3676101499.6912136,5321585425.272521,-1645483925.5813065
2026-01-24,btcusdt,30,synthetic_maker_q95_30s_60s,-0.2487249320217548,-0.278576775497735,1.5360330647627793,-0.029851843475980216,2457569544.7313995,2417140478.5194993,40429066.2119,691261,7272,train,-611258817.9520522,-673359200.4310143,62100382.47896209
2026-01-24,btcusdt,120,synthetic_maker_q95_30s_60s,-0.179571735638628,-0.14674344035384115,-2.142283438099191,0.03282829528478684,2457569544.7313995,2417140478.5194993,40429066.2119,691261,7272,train,-441310028.6000502,-354699509.6364812,-86610518.96356899
2026-01-24,btcusdt,300,synthetic_maker_q95_30s_60s,-0.12477388906825751,-0.0143012140479884,-6.729625288857073,0.11047267502026911,2457569544.7313995,2417140478.5194993,40429066.2119,691261,7272,train,-306640509.75184375,-34568043.367364466,-272072466.3844793
2026-01-24,ethusdt,30,synthetic_maker_q95_30s_60s,-0.155096666692638,-0.13415438573130106,-3.8884767026061433,0.020942280961336934,2233520686.41148,2221061708.7852,12458977.626280002,1430569,6083,train,-346411613.45147336,-297965169.2133924,-48446444.23808098
2026-01-24,ethusdt,120,synthetic_maker_q95_30s_60s,0.0371626463822302,0.10568278205494819,-12.177920660487857,0.06852013567271799,2233520686.41148,2221061708.7852,12458977.626280002,1430569,6083,train,83003539.4565059,234727980.5001371,-151724441.0436312
2026-01-24,ethusdt,300,synthetic_maker_q95_30s_60s,0.1288715637598529,0.1997380755141477,-12.504500163358069,0.07086651175429481,2233520686.41148,2221061708.7852,12458977.626280002,1430569,6083,train,287837303.5478274,443630591.31092024,-155793287.76309282
2026-01-25,btcusdt,30,synthetic_maker_q95_30s_60s,0.3865175186062501,0.3971221512086358,0.03293979014975506,0.0106046326023857,9638205865.3693,9357550778.584702,280655086.7846,2570905,88261,train,3725335414.8987474,3716090695.2356014,9244719.663146019
2026-01-25,btcusdt,120,synthetic_maker_q95_30s_60s,0.905276371550544,0.8390515685297656,3.1133316901570347,-0.06622480302077838,9638205865.3693,9357550778.584702,280655086.7846,2570905,88261,train,8725240034.058691,7851467658.368423,873772375.690268
2026-01-25,btcusdt,300,synthetic_maker_q95_30s_60s,0.6285311914731798,0.5390427047365338,3.6122400147504807,-0.089488486736646,9638205865.3693,9357550778.584702,280655086.7846,2570905,88261,train,6057913016.224357,5044119481.397756,1013793534.826601
2026-01-25,ethusdt,30,synthetic_maker_q95_30s_60s,0.5401578824970519,0.547178107683,0.33402530995492186,0.007020225185948137,9616520425.135998,9299798619.889757,316721805.24624,5126681,207042,train,5194439309.83111,5088646210.664252,105793099.16685772
2026-01-25,ethusdt,120,synthetic_maker_q95_30s_60s,1.2531455638937363,1.301441805759437,-0.1649611657623101,0.048296241865700695,9616520425.135998,9299798619.889757,316721805.24624,5126681,207042,train,12050899910.852682,12103146709.068445,-52246798.21576309
2026-01-25,ethusdt,300,synthetic_maker_q95_30s_60s,1.4079404756814062,1.33504833261518,3.5482485954872645,-0.07289214306622616,9616520425.135998,9299798619.889757,316721805.24624,5126681,207042,train,13539488341.765936,12415680641.140774,1123807700.6251621
2026-01-26,btcusdt,30,synthetic_maker_q95_30s_60s,-0.1516416777612345,-0.13037024733859007,-1.0720397318352406,0.021271430422644427,10662750389.6195,10421888859.368198,240861530.25129992,3436575,77992,train,-1616917358.6311576,-1358704228.3311284,-258213130.30002925
2026-01-26,btcusdt,120,synthetic_maker_q95_30s_60s,-0.1108458045127249,-0.03694300725472617,-3.308561681413855,0.07390279725799873,10662750389.6195,10421888859.368198,240861530.25129992,3436575,77992,train,-1181921145.2557442,-385015915.7395892,-796905229.516155
2026-01-26,btcusdt,300,synthetic_maker_q95_30s_60s,-0.1466500417477277,-0.05541975432855892,-4.094112781433873,0.09123028741916878,10662750389.6195,10421888859.368198,240861530.25129992,3436575,77992,train,-1563692789.7832992,-577578520.2257307,-986114269.5575684
2026-01-26,ethusdt,30,synthetic_maker_q95_30s_60s,-0.3329150149172735,-0.22906442918995676,-4.152552353686968,0.10385058572731673,13525800239.78038,13167786578.37426,358013661.40612006,7462764,204868,train,-4502941988.594546,-3016271516.2704735,-1486670472.324073
2026-01-26,ethusdt,120,synthetic_maker_q95_30s_60s,-0.3790593846446362,-0.3440136314023805,-1.668046506979353,0.03504575324225567,13525800239.78038,13167786578.37426,358013661.40612006,7462764,204868,train,-5127081515.717423,-4529898078.358056,-597183437.3593674
2026-01-26,ethusdt,300,synthetic_maker_q95_30s_60s,-0.4500989883588115,-0.26139882194688324,-7.390514359260919,0.18870016641192827,13525800239.78038,13167786578.37426,358013661.40612006,7462764,204868,train,-6087949004.668519,-3442043899.235012,-2645905105.433507
2026-01-27,btcusdt,30,synthetic_maker_q95_30s_60s,0.0131413099096243,-0.012606320799437265,1.4346612595091148,-0.025747630709061567,9431793152.5379,9263996726.832,167796425.7058999,2975350,51620,train,123946116.82097293,-116784914.623381,240731031.44435397
2026-01-27,btcusdt,120,synthetic_maker_q95_30s_60s,0.1484751277649784,0.10406912091365574,2.6001191386055984,-0.04440600685132266,9431793152.5379,9263996726.832,167796425.7058999,2975350,51620,train,1400386693.3759131,964095995.5083904,436290697.8675227
2026-01-27,btcusdt,300,synthetic_maker_q95_30s_60s,0.1999187550293943,0.1814939565456108,1.2171470549067491,-0.018424798483783505,9431793152.5379,9263996726.832,167796425.7058999,2975350,51620,train,1885592344.750143,1681359419.3783278,204232925.37181517
2026-01-27,ethusdt,30,synthetic_maker_q95_30s_60s,-0.1673377907500295,-0.19766320484920374,1.1515151555832759,-0.030325414099174247,10952908877.24689,10706720895.70636,246187981.5405301,6170482,144142,train,-1832835573.8048804,-2116324765.6712563,283489191.86637616
2026-01-27,ethusdt,120,synthetic_maker_q95_30s_60s,-0.244924195985288,-0.3912251031569819,6.1177055720243,-0.1463009071716939,10952908877.24689,10706720895.70636,246187981.5405301,6170482,144142,train,-2682632400.459818,-4188737986.8957343,1506105586.4359164
2026-01-27,ethusdt,300,synthetic_maker_q95_30s_60s,-0.21581167786725738,-0.35859734974887203,5.993940427723136,-0.14278567188161465,10952908877.24689,10706720895.70636,246187981.5405301,6170482,144142,train,-2363765642.3258295,-3839401737.70117,1475636095.3753405
2026-01-28,btcusdt,30,synthetic_maker_q95_30s_60s,-0.1163112805533254,-0.1573305452023218,2.040235865872995,-0.041019264648996384,10129705775.081202,9940627037.842402,189078737.23880005,3335784,54149,train,-1178199050.3281102,-1563964271.516686,385765221.18857574
2026-01-28,btcusdt,120,synthetic_maker_q95_30s_60s,-0.1041460499809892,-0.1147838997473469,0.45512834837934124,-0.010637849766357704,10129705775.081202,9940627037.842402,189078737.23880005,3335784,54149,train,-1054968843.9443218,-1141023937.3374681,86055093.39314651
2026-01-28,btcusdt,300,synthetic_maker_q95_30s_60s,0.1385251761074499,0.2044113606522416,-3.3253756150166773,0.0658861845447917,10129705775.081202,9940627037.842402,189078737.23880005,3335784,54149,train,1403219276.4097757,2031977098.5418274,-628757822.1320515
2026-01-28,ethusdt,30,synthetic_maker_q95_30s_60s,-0.0588887687088697,-0.035533673293701995,-1.2356961560628275,0.023355095415167705,8568024341.45563,8401291062.514541,166733278.94109,5423982,100543,train,-504560403.73594624,-298528731.8606902,-206031671.87525606
2026-01-28,ethusdt,120,synthetic_maker_q95_30s_60s,0.3213326307530569,0.39010415959123573,-3.143900190511076,0.06877152883817883,8568024341.45563,8401291062.514541,166733278.94109,5423982,100543,train,2753185801.9961658,3277378589.423595,-524192787.4274292
2026-01-28,ethusdt,300,synthetic_maker_q95_30s_60s,0.387204332426968,0.5386022132207681,-7.241372703150878,0.15139788079380007,8568024341.45563,8401291062.514541,166733278.94109,5423982,100543,train,3317576145.3513393,4524953960.18219,-1207377814.8308501
2026-01-29,btcusdt,30,synthetic_maker_q95_30s_60s,0.134376843174822,0.19325872915782652,-1.1024632209816234,0.058881885983004506,17337945894.413902,16550052355.044203,787893539.3696997,4480465,230473,train,2329818436.427206,3198442085.6313367,-868623649.2041306
2026-01-29,btcusdt,120,synthetic_maker_q95_30s_60s,0.1491516989296606,0.18301627097180886,-0.562188618351121,0.03386457204214827,17337945894.413902,16550052355.044203,787893539.3696997,4480465,230473,train,2585984086.1023674,3028928866.4083934,-442944780.30602604
2026-01-29,btcusdt,300,synthetic_maker_q95_30s_60s,-0.3102964023277049,-0.5192413168056907,4.078683962579558,-0.20894491447798585,17337945894.413902,16550052355.044203,787893539.3696997,4480465,230473,train,-5379902234.789036,-8593470978.036276,3213568743.24724
2026-01-29,ethusdt,30,synthetic_maker_q95_30s_60s,-0.0284090294768756,-0.011042467364994271,-0.3751084056373079,0.01736656211188133,15233587098.39992,14506919182.72901,726667915.6709099,7557183,388678,train,-432771424.91699517,-160192181.64189446,-272579243.2751007
2026-01-29,ethusdt,120,synthetic_maker_q95_30s_60s,0.5375112796193257,0.1804789558735736,7.665167468236859,-0.35703232374575206,15233587098.39992,14506919182.72901,726667915.6709099,7557183,388678,train,8188224894.453391,2618193627.0412474,5570031267.412144
2026-01-29,ethusdt,300,synthetic_maker_q95_30s_60s,0.0988883044215052,-0.5697321651720054,13.446970567494889,-0.6686204695935106,15233587098.39992,14506919182.72901,726667915.6709099,7557183,388678,train,1506423598.4180853,-8265058475.951498,9771482074.369583
2026-01-30,btcusdt,30,synthetic_maker_q95_30s_60s,0.175979837358549,0.17855860336453716,0.11463991483401972,0.0025787660059881645,19363486756.1627,18582277026.236,781209729.9267004,6474127,286235,train,3407583250.0439296,3318025433.137625,89557816.90630448
2026-01-30,btcusdt,120,synthetic_maker_q95_30s_60s,-0.0021517658003508,0.004576283596914231,-0.16218878653473107,0.0067280493972650315,19363486756.1627,18582277026.236,781209729.9267004,6474127,286235,train,-41665688.57745655,85037769.54847996,-126703458.12593651
2026-01-30,btcusdt,300,synthetic_maker_q95_30s_60s,-0.992776692087915,-1.2587467004118384,5.333729732517381,-0.2659700083239235,19363486756.1627,18582277026.236,781209729.9267004,6474127,286235,train,-19223618329.071358,-23390379892.913273,4166761563.8419147
2026-01-30,ethusdt,30,synthetic_maker_q95_30s_60s,-0.2872048197085159,-0.41792334491632305,2.9442210558468997,-0.13071852520780713,18026448907.53639,17325589415.78103,700859491.7553601,12061880,495062,train,-5177283008.4737625,-7240768281.2900505,2063485272.816288
2026-01-30,ethusdt,120,synthetic_maker_q95_30s_60s,-0.8435096028889011,-1.0496358211350687,4.252031325316642,-0.20612621824616761,18026448907.53639,17325589415.78103,700859491.7553601,12061880,495062,train,-15205482759.493084,-18185559273.082375,2980076513.589292
2026-01-30,ethusdt,300,synthetic_maker_q95_30s_60s,-1.2355660686459404,-1.6507332106010004,9.027568732341276,-0.41516714195506,18026448907.53639,17325589415.78103,700859491.7553601,12061880,495062,train,-22272868608.331642,-28599925841.86693,6327057233.535288
2026-01-31,btcusdt,30,synthetic_maker_q95_30s_60s,0.0691775640015479,0.08044010140575464,-0.12538835791764197,0.01126253740420674,19094474308.4742,18049661400.581,1044812907.8931999,6126278,389799,train,1320909218.5503862,1451916593.402271,-131007374.85188484
2026-01-31,btcusdt,120,synthetic_maker_q95_30s_60s,2.1914200577311096,2.3435806652599305,-0.43722993659175546,0.15216060752882088,19094474308.4742,18049661400.581,1044812907.8931999,6126278,389799,train,41844013991.42172,42300837472.890114,-456823481.4683914
2026-01-31,btcusdt,300,synthetic_maker_q95_30s_60s,2.016448962335236,2.3510003873958474,-3.7630929037795604,0.3345514250606114,19094474308.4742,18049661400.581,1044812907.8931999,6126278,389799,train,38503032905.65962,42434760945.12981,-3931728039.470188
2026-01-31,ethusdt,30,synthetic_maker_q95_30s_60s,0.050787754618549,0.2671426668572727,-3.1510401888492123,0.21635491223872372,21794117072.29702,20414651875.277092,1379465197.01993,12528288,888487,train,1106874269.9957507,5453624544.924346,-4346750274.928596
2026-01-31,ethusdt,120,synthetic_maker_q95_30s_60s,2.4097190438372125,2.371810032545973,2.970733029632909,-0.03790901129123947,21794117072.29702,20414651875.277092,1379465197.01993,12528288,888487,train,52517698952.73184,48419676128.71567,4098022824.0161743
2026-01-31,ethusdt,300,synthetic_maker_q95_30s_60s,3.0529152703336133,2.571252178855037,10.181028654380668,-0.48166309147857644,21794117072.29702,20414651875.277092,1379465197.01993,12528288,888487,train,66535592813.45407,52491218114.87329,14044374698.58078
2025-12-01,btcusdt,30,synthetic_maker_q99_30s_60s,0.025823717273245297,0.0031662166296299887,0.8629371689636295,-0.022657500643615307,23084398443.0136,22476056452.4402,608341990.5733998,6321624,172021,train,596124978.8153272,71164063.70821857,524960915.1071086
2025-12-01,btcusdt,120,synthetic_maker_q99_30s_60s,-0.1696298313137473,-0.2090651230650836,1.2873628756766828,-0.03943529175133631,23084398443.0136,22476056452.4402,608341990.5733998,6321624,172021,train,-3915802613.8677273,-4698959508.247177,783156894.3794494
2025-12-01,btcusdt,300,synthetic_maker_q99_30s_60s,-0.4101264276152537,-0.5666759200849891,5.373816296828482,-0.15654949246973543,23084398443.0136,22476056452.4402,608341990.5733998,6321624,172021,train,-9467521867.080292,-12736639970.068707,3269118102.988415
2025-12-01,ethusdt,30,synthetic_maker_q99_30s_60s,0.6900913885137601,0.7196667874984743,-0.5263802155915805,0.029575398984714285,17668497026.029182,17249128536.95198,419368489.07719994,9861206,229088,train,12192877645.643719,12413624921.33649,-220747275.69277188
2025-12-01,ethusdt,120,synthetic_maker_q99_30s_60s,0.8551952485310531,0.8182582949782491,2.3744564142846274,-0.03693695355280402,17668497026.029182,17249128536.95198,419368489.07719994,9861206,229088,train,15110014705.3452,14114242506.506989,995772198.8382101
2025-12-01,ethusdt,300,synthetic_maker_q99_30s_60s,0.1843434470864685,-0.1527029649347714,14.047466297984815,-0.33704641202123986,17668497026.029182,17249128536.95198,419368489.07719994,9861206,229088,train,3257071646.6152363,-2633993070.133543,5891064716.748779
2025-12-02,btcusdt,30,synthetic_maker_q99_30s_60s,0.0510315669818101,0.08744565467511449,-2.320887803397055,0.03641408769330439,18647536756.4074,18365585336.251698,281951420.1556999,5115898,80495,train,951613021.03037,1605990633.2202125,-654377612.1898425
2025-12-02,btcusdt,120,synthetic_maker_q99_30s_60s,0.250936291124896,0.3747579339885133,-7.814484862742177,0.1238216428636173,18647536756.4074,18365585336.251698,281951420.1556999,5115898,80495,train,4679343712.268046,6882648817.103422,-2203305104.8353763
2025-12-02,btcusdt,300,synthetic_maker_q99_30s_60s,-0.0255852898748402,0.08978179496222727,-7.540298428754268,0.11536708483706747,18647536756.4074,18365585336.251698,281951420.1556999,5115898,80495,train,-477102633.3644207,1648895217.0206378,-2125997850.3850584
2025-12-02,ethusdt,30,synthetic_maker_q99_30s_60s,0.1882547218675244,0.18396783178911472,0.6713565158894659,-0.004286890078409683,13899909242.75878,13777650796.948599,122258445.81018007,7908393,77528,train,2616723548.479386,2534644544.2622023,82079004.21718356
2025-12-02,ethusdt,120,synthetic_maker_q99_30s_60s,0.0321671102297127,0.002782890453512977,3.3435581256679336,-0.029384219776199722,13899909242.75878,13777650796.948599,122258445.81018007,7908393,77528,train,447119912.794824,38341692.87466371,408778219.9201603
2025-12-02,ethusdt,300,synthetic_maker_q99_30s_60s,-0.1329075629702041,-0.0879511425440292,-5.199174008679183,0.044956420426174884,13899909242.75878,13777650796.948599,122258445.81018007,7908393,77528,train,-1847403062.9620843,-1211760129.1642838,-635642933.7978005
2025-12-03,btcusdt,30,synthetic_maker_q99_30s_60s,-0.0861875433727873,-0.11973320692100158,2.629596703637891,-0.03354566354821427,17083045254.2078,16874608250.6035,208437003.60429996,5258823,59038,train,-1472345703.786323,-2020450961.3803494,548105257.5940263
2025-12-03,btcusdt,120,synthetic_maker_q99_30s_60s,0.0722233416811517,0.03835971147007443,2.8137494808692414,-0.03386363021107727,17083045254.2078,16874608250.6035,208437003.60429996,5258823,59038,train,1233794614.349227,647305103.6636877,586489510.6855392
2025-12-03,btcusdt,300,synthetic_maker_q99_30s_60s,0.7210239016955634,0.8057279713894626,-6.1364340764946315,0.08470406969389921,17083045254.2078,16874608250.6035,208437003.60429996,5258823,59038,train,12317283942.030787,13596343873.750647,-1279059931.7198606
2025-12-03,ethusdt,30,synthetic_maker_q99_30s_60s,-0.1777366175938894,-0.31181996631335307,8.307566546149115,-0.13408334871946367,15623047708.6988,15380015266.54558,243032442.15322,8442799,113790,train,-2776787656.2520885,-4795795842.313099,2019008186.0610104
2025-12-03,ethusdt,120,synthetic_maker_q99_30s_60s,-0.2107088740122401,-0.2994932046618962,5.407900512963589,-0.08878433064965613,15623047708.6988,15380015266.54558,243032442.15322,8442799,113790,train,-3291914791.3394313,-4606210059.926623,1314295268.587192
2025-12-03,ethusdt,300,synthetic_maker_q99_30s_60s,0.12103533689293582,0.4254752587315431,-19.145078290323013,0.3044399218386073,15623047708.6988,15380015266.54558,243032442.15322,8442799,113790,train,1890940842.716768,6543815974.828564,-4652875132.111795
2025-12-04,btcusdt,30,synthetic_maker_q99_30s_60s,-0.277944484374133,-0.28259991874139173,0.26706042614003234,-0.004655434367258737,12734406440.3688,12626550390.826199,107856049.54260004,4065627,34197,train,-3539458031.8789444,-3568262114.431572,28804082.552627206
2025-12-04,btcusdt,120,synthetic_maker_q99_30s_60s,-0.3903172811647167,-0.38690982845416544,-0.789222799553277,0.003407452710551262,12734406440.3688,12626550390.826199,107856049.54260004,4065627,34197,train,-4970458899.051208,-4885336445.68244,-85122453.36876774
2025-12-04,btcusdt,300,synthetic_maker_q99_30s_60s,-0.264996755493728,-0.2355009198611745,-3.7180312075562796,0.02949583563255348,12734406440.3688,12626550390.826199,107856049.54260004,4065627,34197,train,-3374576389.8361654,-2973564231.7130423,-401012158.1231231
2025-12-04,ethusdt,30,synthetic_maker_q99_30s_60s,-0.0688506708782295,-0.07060812337797903,0.07435260586079877,-0.0017574524997495261,14691893578.95238,14513774268.76422,178119310.18816,7519726,82889,train,-1011546729.3824236,-1024790364.2490414,13243634.866617618
2025-12-04,ethusdt,120,synthetic_maker_q99_30s_60s,0.0565337631268303,-0.0065589436626313545,5.197544602323554,-0.06309270678946165,14691893578.95238,14513774268.76422,178119310.18816,7519726,82889,train,830588031.4770929,-95195027.7609731,925783059.2380658
2025-12-04,ethusdt,300,synthetic_maker_q99_30s_60s,-0.2072815661397804,-0.29440100671109903,6.891510213018972,-0.08711944057131862,14691893578.95238,14513774268.76422,178119310.18816,7519726,82889,train,-3045358710.604233,-4272869755.9018316,1227511045.2975988
2025-12-05,btcusdt,30,synthetic_maker_q99_30s_60s,0.10900737013848968,0.07206433014319236,2.248017655937834,-0.03694303999529733,14779615610.8184,14528689304.563099,250926306.25530005,4318699,68094,train,1611087029.3930817,1047000262.591903,564086766.8011787
2025-12-05,btcusdt,120,synthetic_maker_q99_30s_60s,0.1775151561726784,0.13748428296662601,2.4953116761173093,-0.04003087320605239,14779615610.8184,14528689304.563099,250926306.25530005,4318699,68094,train,2623605773.326584,1997466431.4827461,626139341.843838
2025-12-05,btcusdt,300,synthetic_maker_q99_30s_60s,0.2901203365832086,0.43717759594039346,-8.224527900446601,0.14705725935718483,14779615610.8184,14528689304.563099,250926306.25530005,4318699,68094,train,4287867055.5810785,6351617462.333802,-2063750406.7527237
2025-12-05,ethusdt,30,synthetic_maker_q99_30s_60s,0.3413098518131935,0.42585611864162853,-4.634232845288646,0.08454626682843502,15472618635.1133,15214095088.79153,258523546.32176995,8070996,129181,train,5280957173.512577,6479015483.157424,-1198058309.6448472
2025-12-05,ethusdt,120,synthetic_maker_q99_30s_60s,0.1862633883487474,0.1796371352623651,0.5762179823227249,-0.006626253086382289,15472618635.1133,15214095088.79153,258523546.32176995,8070996,129181,train,2881982373.6041746,2733016457.359729,148965916.2444458
2025-12-05,ethusdt,300,synthetic_maker_q99_30s_60s,0.1515721760056285,0.4039809800006425,-14.702670696125782,0.252408803995014,15472618635.1133,15214095088.79153,258523546.32176995,8070996,129181,train,2345218475.029361,6146205043.792964,-3800986568.763603
2025-12-06,btcusdt,30,synthetic_maker_q99_30s_60s,-0.2934914452791037,-0.28100795385892535,-4.068469690697954,0.01248349142017835,4779649451.4916,4763895704.7702,15753746.7214,1580467,4555,train,-1402786225.445745,-1338692584.394797,-64093641.05094817
2025-12-06,btcusdt,120,synthetic_maker_q99_30s_60s,0.0163390053439972,0.024194835876060382,-2.35924554548929,0.007855830532063183,4779649451.4916,4763895704.7702,15753746.7214,1580467,4555,train,78094717.93035454,115261674.707584,-37166956.77722946
2025-12-06,btcusdt,300,synthetic_maker_q99_30s_60s,0.335425662947527,0.3519080990986151,-4.648823999874223,0.016482436151088076,4779649451.4916,4763895704.7702,15753746.7214,1580467,4555,train,1603217085.923354,1676453481.7697382,-73236395.84638417
2025-12-06,ethusdt,30,synthetic_maker_q99_30s_60s,-0.1640318197776641,-0.1454096547939369,-3.023471668604683,0.018622164983727207,4654730132.84645,4624612243.76948,30117889.07697001,2836439,17007,train,-763523854.2647313,-672463269.922334,-91060584.34239727
2025-12-06,ethusdt,120,synthetic_maker_q99_30s_60s,-0.1190768199263453,-0.11077529246297674,-1.393779221909732,0.008301527463368569,4654730132.84645,4624612243.76948,30117889.07697001,2836439,17007,train,-554270461.8346901,-512292773.8314272,-41977688.00326288
2025-12-06,ethusdt,300,synthetic_maker_q99_30s_60s,0.0360007195014735,0.11486127639348878,-12.073064959745121,0.07886055689201528,4654730132.84645,4624612243.76948,30117889.07697001,2836439,17007,train,167573633.86766154,531188865.1443185,-363615231.276657
2025-12-07,btcusdt,30,synthetic_maker_q99_30s_60s,-0.0167270128561642,0.04772722939609177,-2.931125095146255,0.06445424225225597,10767751009.3826,10534766236.571701,232984772.81089997,3149253,61680,train,-180112309.56591782,502795204.80706,-682907514.3729779
2025-12-07,btcusdt,120,synthetic_maker_q99_30s_60s,-0.337482124029935,-0.33500748481658443,-0.449376756962282,0.00247463921335056,10767751009.3826,10534766236.571701,232984772.81089997,3149253,61680,train,-3633923481.6719165,-3529225540.0445604,-104697941.62735629
2025-12-07,btcusdt,300,synthetic_maker_q99_30s_60s,-0.374167426328043,-0.339308826222168,-1.95035285260731,0.03485860010587499,10767751009.3826,10534766236.571701,232984772.81089997,3149253,61680,train,-4028941682.521875,-3574539166.25607,-454402516.26580477
2025-12-07,ethusdt,30,synthetic_maker_q99_30s_60s,-0.5155704052233445,-0.5429348027056285,0.959887951316285,-0.02736439748228403,11987217123.807867,11768945891.751757,218271232.05611002,6129484,113867,train,-6180254390.021836,-6389770315.791458,209515925.7696209
2025-12-07,ethusdt,120,synthetic_maker_q99_30s_60s,-1.115505517642375,-1.3957665289010774,13.995861408730219,-0.2802610112587025,11987217123.807867,11768945891.751757,218271232.05611002,6129484,113867,train,-13371806842.784836,-16426700756.154945,3054893913.3701086
2025-12-07,ethusdt,300,synthetic_maker_q99_30s_60s,-1.6925487129048955,-1.8777654827962917,8.294136763523461,-0.18521676989139624,11987217123.807867,11768945891.751757,218271232.05611002,6129484,113867,train,-20288948914.21253,-22099320364.428673,1810371450.216143
2025-12-08,btcusdt,30,synthetic_maker_q99_30s_60s,-0.1113216378413432,-0.12165371729277315,1.1224906379455748,-0.010332079451429943,12956057419.4553,12848462979.8941,107594439.56119996,3980570,28364,train,-1442289531.9002504,-1563063283.0026984,120773751.10244794
2025-12-08,btcusdt,120,synthetic_maker_q99_30s_60s,-0.0448697800540986,-0.07391211328933048,3.4232401422098375,-0.02904233323523188,12956057419.4553,12848462979.8941,107594439.56119996,3980570,28364,train,-581335446.7792315,-949657051.3637013,368321604.5844699
2025-12-08,btcusdt,300,synthetic_maker_q99_30s_60s,0.44571275737583455,0.4569121851001669,-0.8916745007290418,0.011199427724332356,12956057419.4553,12848462979.8941,107594439.56119996,3980570,28364,train,5774680077.145061,5870619295.322015,-95939218.17695403
2025-12-08,ethusdt,30,synthetic_maker_q99_30s_60s,-0.0776379805329861,-0.05938188095375713,-2.5563118516873895,0.018256099579228968,12595702562.06043,12503610111.35555,92092450.70488003,7410346,51242,train,-977904910.3125308,-742487887.1247092,-235417023.1878215
2025-12-08,ethusdt,120,synthetic_maker_q99_30s_60s,0.0307336017792833,0.08017970997330953,-6.682681598379412,0.04944610819402623,12595702562.06043,12503610111.35555,92092450.70488003,7410346,51242,train,387111306.6726637,1002535832.3478285,-615424525.6751649
2025-12-08,ethusdt,300,synthetic_maker_q99_30s_60s,0.6561531492413784,0.6419838591979737,2.5799512119641728,-0.014169290043404614,12595702562.06043,12503610111.35555,92092450.70488003,7410346,51242,train,8264709903.00365,8027115873.194842,237594029.80880606
2025-12-09,btcusdt,30,synthetic_maker_q99_30s_60s,-0.2822137362408394,-0.2592830118028481,-1.2243825735234435,0.022930724437991323,15254386612.9971,14891943037.466301,362443575.5308001,4251420,94008,train,-4304997440.116156,-3861227842.350716,-443769597.7654396
2025-12-09,btcusdt,120,synthetic_maker_q99_30s_60s,-0.0342663526554677,0.040057996225828174,-3.088076778777844,0.07432434888129588,15254386612.9971,14891943037.466301,362443575.5308001,4251420,94008,train,-522712191.2238042,596541397.9900732,-1119253589.2138774
2025-12-09,btcusdt,300,synthetic_maker_q99_30s_60s,-0.2779053631939199,-0.41032514163337025,5.162907857639748,-0.13241977843945035,15254386612.9971,14891943037.466301,362443575.5308001,4251420,94008,train,-4239275851.985429,-6110538636.044442,1871262784.0590134
2025-12-09,ethusdt,30,synthetic_maker_q99_30s_60s,-0.2860533408343006,-0.3431060639645199,2.1912424810979925,-0.05705272313021931,16713570877.23268,16337318473.57897,376252403.6537101,8414373,178152,train,-4780972786.70328,-5605433037.204519,824460250.5012392
2025-12-09,ethusdt,120,synthetic_maker_q99_30s_60s,0.18146354989458902,0.13676487893103248,2.1223320089023416,-0.044698670963556536,16713570877.23268,16337318473.57897,376252403.6537101,8414373,178152,train,3032903902.797462,2234371383.0967484,798532519.7007134
2025-12-09,ethusdt,300,synthetic_maker_q99_30s_60s,0.0949863176907914,-0.23775782372027485,14.54312526819549,-0.33274414141106623,16713570877.23268,16337318473.57897,376252403.6537101,8414373,178152,train,1587560553.0923824,-3884325285.7031784,5471885838.795561
2025-12-10,btcusdt,30,synthetic_maker_q99_30s_60s,-0.1824572519165939,-0.18767800367955634,0.2917172960996932,-0.005220751762962439,13470706686.3873,13324006842.4095,146699843.9778,4114852,42163,train,-2457828123.3727136,-2500623005.196164,42794881.823450685
2025-12-10,btcusdt,120,synthetic_maker_q99_30s_60s,-0.1660297585524035,-0.2672509162483011,9.02737741331101,-0.1012211576958976,13470706686.3873,13324006842.4095,146699843.9778,4114852,42163,train,-2236538178.671131,-3560853036.732572,1324314858.061441
2025-12-10,btcusdt,300,synthetic_maker_q99_30s_60s,-0.1318345547788081,-0.015078253619600902,-10.736220444753702,0.1167563011592072,13470706686.3873,13324006842.4095,146699843.9778,4114852,42163,train,-1775904618.555783,-200902754.39914823,-1575001864.1566348
2025-12-10,ethusdt,30,synthetic_maker_q99_30s_60s,0.0069412134723234,-0.004013744713713903,0.6596011210484177,-0.010954958186037303,15128259323.7465,14878521928.05263,249737395.69386995,8984557,154889,train,105008477.43079129,-59718588.73659763,164727066.16738892
2025-12-10,ethusdt,120,synthetic_maker_q99_30s_60s,0.4962018149260046,0.9112200937644163,-24.22920442663326,0.41501827883841164,15128259323.7465,14878521928.05263,249737395.69386995,8984557,154889,train,7506669733.1142645,13557608146.356041,-6050938413.2417755
2025-12-10,ethusdt,300,synthetic_maker_q99_30s_60s,1.3826842313772572,1.9280124776786838,-31.106155688007792,0.5453282463014266,15128259323.7465,14878521928.05263,249737395.69386995,8984557,154889,train,20917605615.130253,28685975926.701378,-7768370311.571125
2025-12-11,btcusdt,30,synthetic_maker_q99_30s_60s,-0.282985807446621,-0.26258229105980696,-1.4282743950451036,0.020403516386814036,15703317180.4207,15428456530.4063,274860650.0143999,4622202,73097,train,-4443815891.891747,-4051239463.270726,-392576428.6210209
2025-12-11,btcusdt,120,synthetic_maker_q99_30s_60s,-0.0627122394855855,-0.07170284550458024,0.4419477550927675,-0.008990606018994735,15703317180.4207,15428456530.4063,274860650.0143999,4622202,73097,train,-984790187.7366523,-1106264234.973855,121474047.23720288
2025-12-11,btcusdt,300,synthetic_maker_q99_30s_60s,-0.2918849884242064,-0.3224392699676655,1.4231855558183266,-0.030554281543459072,15703317180.4207,15428456530.4063,274860650.0143999,4622202,73097,train,-4583562553.428738,-4974740260.392068,391177706.96333027
2025-12-11,ethusdt,30,synthetic_maker_q99_30s_60s,-0.0553013759410477,-0.032242620358118285,-1.3114832692960556,0.023058755582929413,15498484303.572948,15219118758.271788,279365545.30116,8737974,149507,train,-857087506.9883144,-490704268.3080738,-366383238.68024063
2025-12-11,ethusdt,120,synthetic_maker_q99_30s_60s,0.2777894091453214,0.31820380591096703,-1.9238833248964524,0.04041439676564562,15498484303.572948,15219118758.271788,279365545.30116,8737974,149507,train,4305314797.337567,4842781511.493073,-537466714.1555061
2025-12-11,ethusdt,300,synthetic_maker_q99_30s_60s,0.1415796747581972,0.20611212396898262,-3.373982730198861,0.06453244921078544,15498484303.572948,15219118758.271788,279365545.30116,8737974,149507,train,2194270366.9448824,3136844892.2035837,-942574525.2587013
2025-12-12,btcusdt,30,synthetic_maker_q99_30s_60s,-0.0930593607436245,-0.09480843567168266,-0.011686492543296711,-0.0017490749280581613,12201885610.1803,11945130156.7757,256755453.4045999,3584283,76118,train,-1135499674.7502093,-1132499104.0585456,-3000570.691663623
2025-12-12,btcusdt,120,synthetic_maker_q99_30s_60s,0.1170478686783266,0.10875066826547389,0.503061632180353,-0.008297200412852715,12201885610.1803,11945130156.7757,256755453.4045999,3584283,76118,train,1428204704.5283468,1299040887.0674222,129163817.46092461
2025-12-12,btcusdt,300,synthetic_maker_q99_30s_60s,-0.2459846400568446,-0.5753045546961779,15.075089134318628,-0.3293199146393333,12201885610.1803,11945130156.7757,256755453.4045999,3584283,76118,train,-3001476439.8349924,-6872087785.63173,3870611345.7967367
2025-12-12,ethusdt,30,synthetic_maker_q99_30s_60s,0.2745113520519178,0.2363372683684867,1.8467494775059896,-0.03817408368343109,13684952227.52412,13360556704.08416,324395523.43996,7592781,166593,train,3756674738.7435503,3157597475.3255224,599077263.4180281
2025-12-12,ethusdt,120,synthetic_maker_q99_30s_60s,0.110267319208669,0.08851799342449951,1.0060352303487194,-0.021749325784169493,13684952227.52412,13360556704.08416,324395523.43996,7592781,166593,train,1509002995.627788,1182649670.4797745,326353325.1480136
2025-12-12,ethusdt,300,synthetic_maker_q99_30s_60s,-0.1437628825229178,-0.432722346241598,11.757323973596158,-0.2889594637186802,13684952227.52412,13360556704.08416,324395523.43996,7592781,166593,train,-1967388179.4172924,-5781411444.085209,3814023264.6679163
2025-12-13,btcusdt,30,synthetic_maker_q99_30s_60s,-0.0554000165621605,-0.04311015657277484,-8.6040353864795,0.012289859989385664,2973507541.5984,2969238845.122,4268696.476399999,929333,1681,train,-164732367.05226052,-128004351.51517457,-36728015.53708595
2025-12-13,btcusdt,120,synthetic_maker_q99_30s_60s,0.187960945927496,0.21508100028139873,-18.67632685589332,0.027120054353902745,2973507541.5984,2969238845.122,4268696.476399999,929333,1681,train,558903290.2413784,638626860.883225,-79723570.64184648
2025-12-13,btcusdt,300,synthetic_maker_q99_30s_60s,0.250872196312242,0.2870157870619645,-24.890047109989816,0.03614359074972251,2973507541.5984,2969238845.122,4268696.476399999,929333,1681,train,745970367.7118059,852218424.1076494,-106248056.3958435
2025-12-13,ethusdt,30,synthetic_maker_q99_30s_60s,0.0561709198197932,0.0773255431531533,-3.1597714116788014,0.021154623333360108,4234057177.31861,4206387358.95732,27669818.361289993,2421849,14814,train,237830886.21958357,325261187.24393284,-87430301.0243493
2025-12-13,ethusdt,120,synthetic_maker_q99_30s_60s,-0.0527715402119866,-0.02093436051213152,-4.892684418775588,0.031837179699855084,4234057177.31861,4206387358.95732,27669818.361289993,2421849,14814,train,-223437718.59271953,-88058029.42608532,-135379689.1666342
2025-12-13,ethusdt,300,synthetic_maker_q99_30s_60s,0.1384634851319427,0.1227064194053708,2.5338649012553556,-0.0157570657265719,4234057177.31861,4206387358.95732,27669818.361289993,2421849,14814,train,586262313.0194507,516150731.449667,70111581.56978369
2025-12-14,btcusdt,30,synthetic_maker_q99_30s_60s,0.17427734628863212,0.18958669858008834,-1.3779385954060694,0.015309352291456219,7442384029.8624,7369697433.0728,72686596.78960001,2235860,21397,train,1297038938.7853148,1397196605.8704236,-100157667.08510876
2025-12-14,btcusdt,120,synthetic_maker_q99_30s_60s,0.9980723788742252,1.1102492136453923,-10.37554212197124,0.11217683477116713,7442384029.8624,7369697433.0728,72686596.78960001,2235860,21397,train,7428037933.180308,8182200779.873542,-754162846.6932344
2025-12-14,btcusdt,300,synthetic_maker_q99_30s_60s,1.270323144705671,1.3907374869442064,-10.938492621827148,0.12041434223853531,7442384029.8624,7369697433.0728,72686596.78960001,2235860,21397,train,9454232684.92207,10249314487.610834,-795081802.6887646
2025-12-14,ethusdt,30,synthetic_maker_q99_30s_60s,-0.3800341749717481,-0.2788004108538552,-11.158390498309867,0.10123376411789287,7670937482.59599,7599559988.6432,71377493.95278999,4349475,35517,train,-2915218397.4582253,-2118760447.1422434,-796457950.3159819
2025-12-14,ethusdt,120,synthetic_maker_q99_30s_60s,0.5962441294932043,0.9239406903448775,-34.29360047490698,0.3276965608516732,7670937482.59599,7599559988.6432,71377493.95278999,4349475,35517,train,4573751441.707238,7021542702.224307,-2447791260.517069
2025-12-14,ethusdt,300,synthetic_maker_q99_30s_60s,0.935342244561114,1.2130835724127085,-28.6357699568516,0.27774132785159444,7670937482.59599,7599559988.6432,71377493.95278999,4349475,35517,train,7174951882.859315,9218901379.787975,-2043949496.9286604
2025-12-15,btcusdt,30,synthetic_maker_q99_30s_60s,0.0145915429291433,0.06462882394770095,-2.1009409928927276,0.050037281018557644,15548287461.9883,15189031425.5203,359256036.46799994,4657496,103811,train,226873503.9762628,981649237.9360486,-754775733.9597857
2025-12-15,btcusdt,120,synthetic_maker_q99_30s_60s,0.1352699586369278,0.16128896094816728,-0.9647907324832993,0.026019002311239464,15548287461.9883,15189031425.5203,359256036.46799994,4657496,103811,train,2103216201.8582206,2449823096.431229,-346606894.57300854
2025-12-15,btcusdt,300,synthetic_maker_q99_30s_60s,-0.1870282146223997,-0.33648377366404497,6.131822277968998,-0.14945555904164526,15548287461.9883,15189031425.5203,359256036.46799994,4657496,103811,train,-2907968444.4515142,-5110862612.360839,2202894167.9093246
2025-12-15,ethusdt,30,synthetic_maker_q99_30s_60s,0.1841088851768592,0.23729845799980115,-1.9283619898822784,0.053189572822941955,17235111128.16028,16811809220.71708,423301907.44319975,9554807,223568,train,3173137095.704869,3989416404.2630014,-816279308.5581326
2025-12-15,ethusdt,120,synthetic_maker_q99_30s_60s,0.6677111782179538,0.6703290134933344,0.5637415375262982,0.00261783527538062,17235111128.16028,16811809220.71708,423301907.44319975,9554807,223568,train,11508076358.101267,11269443489.961422,238632868.1398442
2025-12-15,ethusdt,300,synthetic_maker_q99_30s_60s,-0.3309094199469924,-0.4974957724183201,6.285214739377496,-0.1665863524713277,17235111128.16028,16811809220.71708,423301907.44319975,9554807,223568,train,-5703260626.141472,-8363804014.010079,2660543387.8686075
2025-12-16,btcusdt,30,synthetic_maker_q99_30s_60s,-0.0339756813495719,-0.03775041854160018,0.2859044720941254,-0.0037747371920282824,11776866870.928,11639515084.598,137351786.32999998,4121762,42221,train,-400127076.1029796,-439396566.06484336,39269489.961863756
2025-12-16,btcusdt,120,synthetic_maker_q99_30s_60s,0.2182513324488603,0.23581283950983556,-1.2699522927547369,0.017561507060975257,11776866870.928,11639515084.598,137351786.32999998,4121762,42221,train,2570316886.652876,2744747102.616618,-174430215.9637422
2025-12-16,btcusdt,300,synthetic_maker_q99_30s_60s,0.4232036274984491,0.5484731186787397,-10.19242920256719,0.12526949118029063,11776866870.928,11639515084.598,137351786.32999998,4121762,42221,train,4984012780.343039,6383961138.357699,-1399948358.0146608
2025-12-16,ethusdt,30,synthetic_maker_q99_30s_60s,0.1164376713414285,0.19846819162750967,-5.747659639034218,0.08203052028608117,12641484717.50637,12467087597.54903,174397119.95734,8720437,107065,train,1471945042.804698,2474320330.34731,-1002375287.5426121
2025-12-16,ethusdt,120,synthetic_maker_q99_30s_60s,0.5754586225812132,0.6936919376076756,-7.876659713685383,0.1182333150264624,12641484717.50637,12467087597.54903,174397119.95734,8720437,107065,train,7274651382.917672,8648318151.868408,-1373666768.950737
2025-12-16,ethusdt,300,synthetic_maker_q99_30s_60s,1.2537230242724255,1.7107524850674338,-31.41783900488115,0.4570294607950083,12641484717.50637,12467087597.54903,174397119.95734,8720437,107065,train,15848920451.325735,21328101089.060387,-5479180637.734653
2025-12-17,btcusdt,30,synthetic_maker_q99_30s_60s,-0.3648504154551116,-0.3927956760974138,0.7219315660257902,-0.027945260642302183,16966673510.7515,16541333485.340698,425340025.4108,5425968,137969,train,-6190297879.288921,-6497364269.92719,307066390.63826823
2025-12-17,btcusdt,120,synthetic_maker_q99_30s_60s,-0.5015981903929391,-0.6641409350037187,5.819635607514295,-0.16254274461077967,16966673510.7515,16541333485.340698,425340025.4108,5425968,137969,train,-8510452729.980766,-10985776687.162493,2475323957.1817265
2025-12-17,btcusdt,300,synthetic_maker_q99_30s_60s,-1.1471616757660594,-1.6535862419213418,18.54752289066507,-0.5064245661552824,16966673510.7515,16541333485.340698,425340025.4108,5425968,137969,train,-19463517616.769302,-27352521474.392178,7889003857.622876
2025-12-17,ethusdt,30,synthetic_maker_q99_30s_60s,-0.1111034990904864,-0.14509998695678383,0.9904620620905091,-0.03399648786629743,16118590395.227629,15636031592.51587,482558802.7117598,9782212,238280,train,-1790831793.3160958,-2268787980.1299124,477956186.8138168
2025-12-17,ethusdt,120,synthetic_maker_q99_30s_60s,-0.0572227957970338,-0.15561811524484231,3.131015227830116,-0.09839531944780852,16118590395.227629,15636031592.51587,482558802.7117598,9782212,238280,train,-922350806.7221409,-2433249766.3361297,1510898959.6139886
2025-12-17,ethusdt,300,synthetic_maker_q99_30s_60s,-0.3059158156435479,-0.13602050126980028,-5.810920569551429,0.16989531437374764,16118590395.227629,15636031592.51587,482558802.7117598,9782212,238280,train,-4930931727.780317,-2126820855.0844421,-2804110872.695875
2025-12-18,btcusdt,30,synthetic_maker_q99_30s_60s,-0.0681220484228598,-0.03960348206868169,-1.3157393204224144,0.028518566354178106,18342032717.479897,17932132406.397995,409900311.0819,5768318,125135,train,-1249496840.953844,-710174884.2100087,-539321956.7438353
2025-12-18,btcusdt,120,synthetic_maker_q99_30s_60s,-0.109075489912991,-0.09101278500650371,-0.8992744901184521,0.018062704906487287,18342032717.479897,17932132406.397995,409900311.0819,5768318,125135,train,-2000666204.6592293,-1632053311.4116588,-368612893.2475705
2025-12-18,btcusdt,300,synthetic_maker_q99_30s_60s,-0.166369899478835,-0.23117871393373482,2.6688566433835312,-0.06480881445489983,18342032717.479897,17932132406.397995,409900311.0819,5768318,125135,train,-3051562139.444633,-4145527307.800538,1093965168.3559048
2025-12-18,ethusdt,30,synthetic_maker_q99_30s_60s,0.0824762195315126,0.03864842158549821,1.9759379780222375,-0.043827797946014393,17090076952.006647,16703443762.845158,386633189.16148996,10955583,227371,train,1409524938.504144,645561736.4761002,763963202.0280437
2025-12-18,ethusdt,120,synthetic_maker_q99_30s_60s,0.0967366678865616,-0.025900408446429286,5.394940663799223,-0.12263707633299088,17090076952.006647,16703443762.845158,386633189.16148996,10955583,227371,train,1653237098.262048,-432626015.91965127,2085863114.181699
2025-12-18,ethusdt,300,synthetic_maker_q99_30s_60s,-0.5362175311965509,-0.9262961095481783,16.316074975605083,-0.3900785783516274,17090076952.006647,16703443762.845158,386633189.16148996,10955583,227371,train,-9163998871.16408,-15472334973.580254,6308336102.416173
2025-12-19,btcusdt,30,synthetic_maker_q99_30s_60s,-0.30848244380769674,-0.34308673133475387,1.8419807676172504,-0.03460428752705713,14596045821.62,14364892428.595901,231153393.02410007,4829050,73163,train,-4502623884.982459,-4928403989.302322,425780104.3198638
2025-12-19,btcusdt,120,synthetic_maker_q99_30s_60s,-0.4063150487213547,-0.48164361306622877,4.274934529569984,-0.07532856434487406,14596045821.62,14364892428.595901,231153393.02410007,4829050,73163,train,-5930593069.150657,-6918758690.616644,988165621.465987
2025-12-19,btcusdt,300,synthetic_maker_q99_30s_60s,-0.150144921439645,-0.015376221273799088,-8.525266979121186,0.1347687001658459,14596045821.62,14364892428.595901,231153393.02410007,4829050,73163,train,-2191522153.2165937,-220877764.55641174,-1970644388.6601818
2025-12-19,ethusdt,30,synthetic_maker_q99_30s_60s,-0.3414354868533807,-0.31555547258483124,-2.5030098876670546,0.025880014268549467,13853683735.62835,13689779276.510029,163904459.11832002,9545258,104507,train,-4730139250.987027,-4319884769.181151,-410254481.80587554
2025-12-19,ethusdt,120,synthetic_maker_q99_30s_60s,-0.8416006541656672,-0.7568226600020893,-7.922506407723139,0.0847779941635779,13853683735.62835,13689779276.510029,163904459.11832002,9545258,104507,train,-11659269294.509083,-10360735166.889797,-1298534127.6192856
2025-12-19,ethusdt,300,synthetic_maker_q99_30s_60s,0.8072605257121479,1.2731334356190032,-38.103805968984815,0.46587290990685526,13853683735.62835,13689779276.510029,163904459.11832002,9545258,104507,train,11183532015.473175,17428915723.169044,-6245383707.69587
2025-12-20,btcusdt,30,synthetic_maker_q99_30s_60s,0.1974863870756255,0.1673933802039391,13.638633676626752,-0.030093006871686395,2942997809.3007,2936423533.1873,6574276.113399997,916243,1579,train,581202004.530276,491537860.9306159,89664143.59966004
2025-12-20,btcusdt,120,synthetic_maker_q99_30s_60s,0.4327834879557285,0.39810267770144797,15.923089283464202,-0.03468081025428055,2942997809.3007,2936423533.1873,6574276.113399997,916243,1579,train,1273680856.955225,1168998071.4274108,104682785.52781418
2025-12-20,btcusdt,300,synthetic_maker_q99_30s_60s,0.4667664736380008,0.44650672055016266,9.515856398905088,-0.020259753087838117,2942997809.3007,2936423533.1873,6574276.113399997,916243,1579,train,1373692709.3716493,1311132841.949783,62559867.42186624
2025-12-20,ethusdt,30,synthetic_maker_q99_30s_60s,-0.1645439169382508,-0.16511106067471365,1.4375911135367905,-0.0005671437364628551,2854873447.02256,2853863200.9394603,1010246.0830999999,1791785,713,train,-469752059.33609784,-471204380.12764776,1452320.7915499099
2025-12-20,ethusdt,120,synthetic_maker_q99_30s_60s,-0.0329593111265706,-0.03203632098723401,-2.6403315519570674,0.0009229901393365894,2854873447.02256,2853863200.9394603,1010246.0830999999,1791785,713,train,-94094662.16740163,-91427277.55895166,-2667384.6084499713
2025-12-20,ethusdt,300,synthetic_maker_q99_30s_60s,-0.0954431155144979,-0.09460855223758308,-2.4530166460489338,0.0008345632769148209,2854873447.02256,2853863200.9394603,1010246.0830999999,1791785,713,train,-272478016.183447,-269999865.724997,-2478150.4584500343
2025-12-21,btcusdt,30,synthetic_maker_q99_30s_60s,0.2777100501481615,0.27011409339213677,1.666049150471653,-0.007595956756024758,5628290708.8631,5597664461.1605,30626247.702600002,1841831,10423,train,1563032895.006803,1512008061.039752,51024833.96705115
2025-12-21,btcusdt,120,synthetic_maker_q99_30s_60s,0.1930848051055146,0.16076264143781102,6.100717650873875,-0.032322163667703574,5628290708.8631,5597664461.1605,30626247.702600002,1841831,10423,train,1086737414.5980103,899895324.658723,186842089.9392873
2025-12-21,btcusdt,300,synthetic_maker_q99_30s_60s,0.5308618332661165,0.5310606307753816,0.4945269298399428,0.00019879750926510287,5628290708.8631,5597664461.1605,30626247.702600002,1841831,10423,train,2987844723.8617153,2972699219.612831,15145504.24888438
2025-12-21,ethusdt,30,synthetic_maker_q99_30s_60s,0.0342186167223773,0.0642854697317819,-4.973427618747372,0.0300668530094046,5286766455.66963,5255213164.10144,31553291.56819,3310525,19870,train,180905835.04728016,337833846.79490495,-156928011.74762473
2025-12-21,ethusdt,120,synthetic_maker_q99_30s_60s,0.1773502335296069,0.2527757519415854,-12.38479962684842,0.0754255184119785,5286766455.66963,5255213164.10144,31553291.56819,3310525,19870,train,937609265.5295011,1328390459.16906,-390781193.6395589
2025-12-21,ethusdt,300,synthetic_maker_q99_30s_60s,0.6693230197988183,0.7896560586998348,-19.37219210208068,0.12033303890101654,5286766455.66963,5255213164.10144,31553291.56819,3310525,19870,train,3538554489.079892,4149810914.7918315,-611256425.7119393
2025-12-22,btcusdt,30,synthetic_maker_q99_30s_60s,-0.19085623067669702,-0.23093981061886823,3.098192936288336,-0.04008357994217121,12779680336.4176,12625809830.9906,153870505.427,4046643,47377,train,-2439081618.2617664,-2915802131.278814,476720513.0170474
2025-12-22,btcusdt,120,synthetic_maker_q99_30s_60s,0.115055911961872,0.12483673693420423,-0.6875074886598145,0.009780824972332236,12779680336.4176,12625809830.9906,153870505.427,4046643,47377,train,1470377775.68773,1576164900.4526632,-105787124.76493311
2025-12-22,btcusdt,300,synthetic_maker_q99_30s_60s,0.7550500212031427,0.835840279454496,-5.874176509557421,0.08079025825135333,12779680336.4176,12625809830.9906,153870505.427,4046643,47377,train,9649297908.981495,10553160417.474506,-903862508.493011
2025-12-22,ethusdt,30,synthetic_maker_q99_30s_60s,-0.2581090509171903,-0.23894092452803564,-2.045092227108722,0.019168126389154633,11498721524.86319,11376689141.86884,122032382.99435005,7412968,71956,train,-2967924099.5435047,-2718356621.626205,-249567477.91729987
2025-12-22,ethusdt,120,synthetic_maker_q99_30s_60s,-0.3327824402638852,-0.2887700833456992,-4.435913845002295,0.044012356918186,11498721524.86319,11376689141.86884,122032382.99435005,7412968,71956,train,-3826572608.9588356,-3285247471.6955757,-541325137.26326
2025-12-22,ethusdt,300,synthetic_maker_q99_30s_60s,0.4097396600712085,0.5518223307117232,-12.836173733249225,0.14208267064051466,11498721524.86319,11376689141.86884,122032382.99435005,7412968,71956,train,4711482248.850931,6277911118.048817,-1566428869.1978855
2025-12-23,btcusdt,30,synthetic_maker_q99_30s_60s,-0.12345141437084571,-0.13942850878859583,1.5782984269702436,-0.015977094417750123,10802373840.5243,10701897715.2491,100476125.27520004,3392104,29768,train,-1333568329.1753492,-1492149639.6452627,158581310.46991336
2025-12-23,btcusdt,120,synthetic_maker_q99_30s_60s,-0.1723611142427748,-0.14607079445130547,-2.9725916420310456,0.02629031979146934,10802373840.5243,10701897715.2491,100476125.27520004,3392104,29768,train,-1861909191.6197708,-1563234701.4030468,-298674490.2167239
2025-12-23,btcusdt,300,synthetic_maker_q99_30s_60s,-0.0341270803912715,0.006661736387065986,-4.378619305705491,0.04078881677833748,10802373840.5243,10701897715.2491,100476125.27520004,3392104,29768,train,-368653480.472141,71293221.42033327,-439946701.8924743
2025-12-23,ethusdt,30,synthetic_maker_q99_30s_60s,-0.1513960974507896,-0.21605990038863992,6.2091618811417115,-0.06466380293785032,11139674435.23058,11027564108.62019,112110326.61038995,6676198,59157,train,-1686503236.3662386,-2382614402.837819,696111166.4715805
2025-12-23,ethusdt,120,synthetic_maker_q99_30s_60s,-0.0668733162409398,-0.036847229648526963,-3.020344283991445,0.030026086592412835,11139674435.23058,11027564108.62019,112110326.61038995,6676198,59157,train,-744946971.328287,-406335187.17418164,-338611784.1541053
2025-12-23,ethusdt,300,synthetic_maker_q99_30s_60s,0.11956135292824668,0.22170737325592857,-9.927878714912394,0.10214602032768189,11139674435.23058,11027564108.62019,112110326.61038995,6676198,59157,train,1331874546.6563704,2444892271.9335375,-1113017725.2771668
2025-12-24,btcusdt,30,synthetic_maker_q99_30s_60s,-0.2663001184032859,-0.24323032913936027,-3.0842879007912756,0.02306978926392561,6644074082.4541,6590123261.3001995,53950821.15390001,2214370,17371,train,-1769317714.8377297,-1602917849.9150019,-166399864.92272782
2025-12-24,btcusdt,120,synthetic_maker_q99_30s_60s,-0.2790811351262561,-0.1273029807474742,-18.818868377206407,0.1517781543787819,6644074082.4541,6590123261.3001995,53950821.15390001,2214370,17371,train,-1854235736.7942286,-838942334.6567812,-1015293402.1374474
2025-12-24,btcusdt,300,synthetic_maker_q99_30s_60s,0.7195519274615332,0.9493631588686259,-27.352019726354627,0.2298112314070927,6644074082.4541,6590123261.3001995,53950821.15390001,2214370,17371,train,4780756312.227065,6256420236.681568,-1475663924.4545035
2025-12-24,ethusdt,30,synthetic_maker_q99_30s_60s,-0.0304976984433285,-0.004862506566968871,-3.7519864074059868,0.02563519187635963,7111685714.8468,7063032552.39769,48653162.44911,4370049,28400,train,-216890046.35512477,-34344042.16874868,-182546004.1863761
2025-12-24,ethusdt,120,synthetic_maker_q99_30s_60s,-0.1154256317704625,0.010246158959090004,-18.359336287514004,0.1256717907295525,7111685714.8468,7063032552.39769,48653162.44911,4370049,28400,train,-820870816.5891651,72368954.26509392,-893239770.854259
2025-12-24,ethusdt,300,synthetic_maker_q99_30s_60s,0.5945017520753224,0.7722514701139861,-25.209618298697603,0.17774971803866368,7111685714.8468,7063032552.39769,48653162.44911,4370049,28400,train,4227909617.6854644,5454437272.052055,-1226527654.3665905
2025-12-25,btcusdt,30,synthetic_maker_q99_30s_60s,-0.1378484472592764,-0.12122487944479927,-2.50718319020682,0.016623567814477117,4820501259.8751,4786915622.9292,33585636.94590001,1513532,9667,train,-664498613.6851681,-580293269.3020185,-84205344.38314962
2025-12-25,btcusdt,120,synthetic_maker_q99_30s_60s,-0.1186974565163608,-0.05787072377843326,-8.78824979235406,0.06082673273792753,4820501259.8751,4786915622.9292,33585636.94590001,1513532,9667,train,-572181238.6810871,-277022271.7652025,-295158966.9158846
2025-12-25,btcusdt,300,synthetic_maker_q99_30s_60s,-0.3719190916058736,-0.28705694948546273,-12.4672059717025,0.08486214212041088,4820501259.8751,4786915622.9292,33585636.94590001,1513532,9667,train,-1792836449.6577165,-1374117396.1623597,-418719053.4953567
2025-12-25,ethusdt,30,synthetic_maker_q99_30s_60s,0.0820960466645157,0.06868438063905777,1.8408051022663385,-0.01341166602545793,5111681956.52001,5072996007.87524,38685948.64477001,2892486,21328,train,419648880.43662965,348435588.7853235,71213291.65130618
2025-12-25,ethusdt,120,synthetic_maker_q99_30s_60s,0.1668512759838957,0.18314648961189456,-1.9699853941306444,0.01629521362799885,5111681956.52001,5072996007.87524,38685948.64477001,2892486,21328,train,852890656.8692201,929101410.6575053,-76210753.78828512
2025-12-25,ethusdt,300,synthetic_maker_q99_30s_60s,-0.0182033536127163,-0.0170061532820038,-0.17519556166478625,0.0011972003307125015,5111681956.52001,5072996007.87524,38685948.64477001,2892486,21328,train,-93049754.21027525,-86272147.70891969,-6777606.501355559
2025-12-26,btcusdt,30,synthetic_maker_q99_30s_60s,-0.0949292027908492,-0.18924301508510546,4.42193260710866,-0.09431381229425627,12087820359.9366,11840584402.367199,247235957.56939995,3447812,67042,train,-1147487150.2477772,-2240747892.6736403,1093260742.4258628
2025-12-26,btcusdt,120,synthetic_maker_q99_30s_60s,-0.2582303208291458,-0.2915186361095781,1.336008278464923,-0.0332883152804323,12087820359.9366,11840584402.367199,247235957.56939995,3447812,67042,train,-3121441729.6715093,-3451751015.71843,330309286.0469208
2025-12-26,btcusdt,300,synthetic_maker_q99_30s_60s,-0.2868594411813662,-0.9177943686906198,29.929773831014547,-0.6309349275092536,12087820359.9366,11840584402.367199,247235957.56939995,3447812,67042,train,-3467505393.5521536,-10867221686.498604,7399716292.946449
2025-12-26,ethusdt,30,synthetic_maker_q99_30s_60s,0.1123307795996819,0.04058168645047103,6.58759611407359,-0.07174909314921087,9878474588.76572,9770215839.487421,108258749.27830002,5402239,60045,train,1109656751.8117003,396491835.75150406,713164916.0601963
2025-12-26,ethusdt,120,synthetic_maker_q99_30s_60s,-0.0157024114357481,0.07201403624582357,-7.932001391751465,0.08771644768157168,9878474588.76572,9770215839.487421,108258749.27830002,5402239,60045,train,-155115872.35038185,703592677.5943668,-858708549.9447486
2025-12-26,ethusdt,300,synthetic_maker_q99_30s_60s,0.2766127215833679,0.06738719376786731,19.158953220762463,-0.2092255278155006,9878474588.76572,9770215839.487421,108258749.27830002,5402239,60045,train,2732511741.090627,658387427.9294252,2074124313.161202
2025-12-27,btcusdt,30,synthetic_maker_q99_30s_60s,-0.1409882299761708,-0.15106329968699006,3.0649811948641914,-0.010075069710819257,2257770615.0788,2250697579.7472,7073035.331600003,695355,2046,train,-318319082.7121705,-339997802.9941345,21678720.28196402
2025-12-27,btcusdt,120,synthetic_maker_q99_30s_60s,0.0633279195031781,0.05837906942085048,1.638092413194303,-0.0049488500823276285,2257770615.0788,2250697579.7472,7073035.331600003,695355,2046,train,142979915.76835117,131393630.25340195,11586285.514949217
2025-12-27,btcusdt,300,synthetic_maker_q99_30s_60s,0.3298226179014301,0.34825608633769306,-5.535857511036709,0.01843346843626298,2257770615.0788,2250697579.7472,7073035.331600003,695355,2046,train,744663814.8862119,783819130.6524777,-39155315.7662659
2025-12-27,ethusdt,30,synthetic_maker_q99_30s_60s,-0.1678836281467627,-0.1561341875353601,-2.865596768341176,0.011749440611402595,2514802790.9086,2503897482.13981,10905308.76879,1333059,6183,train,-422194216.6113404,-390943999.0457331,-31250217.56560731
2025-12-27,ethusdt,120,synthetic_maker_q99_30s_60s,0.0834817719259349,0.15636337900717515,-16.650393108103568,0.07288160708124025,2514802790.9086,2503897482.13981,10905308.76879,1333059,6183,train,209940193.02933627,391517870.9949387,-181577677.9656024
2025-12-27,ethusdt,300,synthetic_maker_q99_30s_60s,0.3880325927972942,0.45790047946209045,-15.653881415459049,0.06986788666479626,2514802790.9086,2503897482.13981,10905308.76879,1333059,6183,train,975825447.3301357,1146535857.59574,-170710410.26560438
2025-12-28,btcusdt,30,synthetic_maker_q99_30s_60s,0.0396993070851516,0.03976972096807245,0.014411613847918293,7.041388292085282e-05,3026182793.2062,3017779749.5607,8403043.645500008,875925,2469,train,120137360.00329475,120016258.5831286,121101.42016614974
2025-12-28,btcusdt,120,synthetic_maker_q99_30s_60s,0.2218047148419065,0.22549543584892134,-1.1036415860602775,0.003690721007014841,3026182793.2062,3017779749.5607,8403043.645500008,875925,2469,train,671221611.5065854,680495559.9232388,-9273948.416653365
2025-12-28,btcusdt,300,synthetic_maker_q99_30s_60s,0.3011586734770006,0.32022210682167906,-6.545080086151339,0.01906343334467847,3026182793.2062,3017779749.5607,8403043.645500008,875925,2469,train,911361195.7009037,966359789.3281263,-54998593.62722266
2025-12-28,ethusdt,30,synthetic_maker_q99_30s_60s,-0.047935070454843305,-0.04836424614841033,0.01160969587150265,-0.0004291756935670271,3263751844.58501,3240396318.59565,23355525.989359997,1855372,10717,train,-156448174.61730725,-156719325.1709627,271150.5536554456
2025-12-28,ethusdt,120,synthetic_maker_q99_30s_60s,0.3290545212086852,0.3415599930112565,-1.4059817528540124,0.012505471802571277,3263751844.58501,3240396318.59565,23355525.989359997,1855372,10717,train,1073952300.5638838,1106789743.9332316,-32837443.36934781
2025-12-28,ethusdt,300,synthetic_maker_q99_30s_60s,0.3930421008576653,0.4480705369600542,-7.241722444607546,0.055028436102388945,3263751844.58501,3240396318.59565,23355525.989359997,1855372,10717,train,1282791881.6737726,1451926118.4365358,-169134236.76276314
2025-12-29,btcusdt,30,synthetic_maker_q99_30s_60s,0.0490996159298983,0.017217308063827284,1.8734600142836417,-0.03188230786607102,15197169143.2177,14936146797.544199,261022345.67349994,3732495,63524,train,746175168.1536907,257160240.69986582,489014927.4538249
2025-12-29,btcusdt,120,synthetic_maker_q99_30s_60s,0.025610444148361996,-0.09917542886963285,7.166072356891426,-0.12478587301799485,15197169143.2177,14936146797.544199,261022345.67349994,3732495,63524,train,389206251.55558723,-1481298764.3062391,1870505015.8618264
2025-12-29,btcusdt,300,synthetic_maker_q99_30s_60s,-0.4000457198145215,-0.716275726425022,17.69517822867799,-0.3162300066105005,15197169143.2177,14936146797.544199,261022345.67349994,3732495,63524,train,-6079562469.04156,-10698399397.401737,4618836928.360176
2025-12-29,ethusdt,30,synthetic_maker_q99_30s_60s,0.1069538305199847,0.08990651811372395,1.135589704508542,-0.017047312406260742,13916224763.83084,13689354681.045368,226870082.78547,6808565,108179,train,1488393544.8687775,1230762214.5965972,257631330.27218032
2025-12-29,ethusdt,120,synthetic_maker_q99_30s_60s,0.1763309903654011,0.1126921798811752,4.0163007100493555,-0.06363881048422589,13916224763.83084,13689354681.045368,226870082.78547,6808565,108179,train,2453861694.753812,1542683220.1735725,911178474.5802393
2025-12-29,ethusdt,300,synthetic_maker_q99_30s_60s,-0.7182210770468405,-0.9906376502027405,15.719411620660699,-0.27241657315590007,13916224763.83084,13689354681.045368,226870082.78547,6808565,108179,train,-9994925938.304499,-13561190154.02267,3566264215.718172
2025-12-30,btcusdt,30,synthetic_maker_q99_30s_60s,0.011594522759027,-0.005428984038010024,1.1806819398167114,-0.017023506797037024,10115935315.4307,9970747635.1411,145187680.2896,2674230,32692,train,117289442.24360624,-54131029.75820723,171420472.00181347
2025-12-30,btcusdt,120,synthetic_maker_q99_30s_60s,-0.1006061445115596,-0.18797478216407695,5.899425232267296,-0.08736863765251736,10115935315.4307,9970747635.1411,145187680.2896,2674230,32692,train,-1017725250.2138102,-1874249114.7286336,856523864.5148234
2025-12-30,btcusdt,300,synthetic_maker_q99_30s_60s,-0.3381758715069493,-0.3689897743625932,1.7779654458179437,-0.03081390285564395,10115935315.4307,9970747635.1411,145187680.2896,2674230,32692,train,-3420965241.4037027,-3679103920.1170745,258138678.71337175
2025-12-30,ethusdt,30,synthetic_maker_q99_30s_60s,-0.065589053348936,-0.0562554482933509,-0.8204350810041241,0.0093336050555851,8984404807.91572,8874670286.6761,109734521.23961999,4797457,45308,train,-589278606.2548213,-499248555.4326449,-90030050.8221764
2025-12-30,ethusdt,120,synthetic_maker_q99_30s_60s,-0.0614985410179598,-0.0504860972294983,-0.9521189817791634,0.011012443788461494,8984404807.91572,8874670286.6761,109734521.23961999,4797457,45308,train,-552527787.6015601,-448047466.97286916,-104480320.62869096
2025-12-30,ethusdt,300,synthetic_maker_q99_30s_60s,-0.1996320370932462,-0.20393441680799523,0.14831864410674922,-0.004302379714749033,8984404807.91572,8874670286.6761,109734521.23961999,4797457,45308,train,-1793575033.8745706,-1809850709.2765343,16275675.401963709
2025-12-31,btcusdt,30,synthetic_maker_q99_30s_60s,0.0212684976117159,0.03675522958705985,-1.9219937726592462,0.015486731975343952,7627351957.1762,7567046754.566299,60305202.6099,2065575,12815,train,162222316.8849186,278128540.7601005,-115906223.87518191
2025-12-31,btcusdt,120,synthetic_maker_q99_30s_60s,0.1862915627662697,0.28129988117655635,-11.735273349865956,0.09500831841028665,7627351957.1762,7567046754.566299,60305202.6099,2065575,12815,train,1420911315.8707201,2128609352.9169464,-707698037.0462264
2025-12-31,btcusdt,300,synthetic_maker_q99_30s_60s,0.4116651620104923,0.49217273691440444,-9.69035849481147,0.08050757490391214,7627351957.1762,7567046754.566299,60305202.6099,2065575,12815,train,3139915079.161986,3724294111.5541573,-584379032.3921713
2025-12-31,ethusdt,30,synthetic_maker_q99_30s_60s,-0.2546179298165885,-0.2808876830463136,1.6721057147091842,-0.026269753229725135,6835255508.60377,6743314350.13416,91941158.46961004,3459533,36606,train,-1740378607.3681245,-1894113943.8621423,153735336.49401766
2025-12-31,ethusdt,120,synthetic_maker_q99_30s_60s,0.2671019273063897,0.2977362193869666,-1.9797336013261615,0.030634292080576886,6835255508.60377,6743314350.13416,91941158.46961004,3459533,36606,train,1825709919.979684,2007728920.7468243,-182019000.7671404
2025-12-31,ethusdt,300,synthetic_maker_q99_30s_60s,0.4808650699723292,0.4526231873392687,2.552232187858607,-0.02824188263306049,6835255508.60377,6743314350.13416,91941158.46961004,3459533,36606,train,3286835618.4235005,3052180434.388353,234655184.0351477
2026-02-01,btcusdt,30,synthetic_maker_q99_30s_60s,-0.3296051671913012,-0.3908843271674267,5.451648549018986,-0.06127915997612554,13595179919.170898,13452587447.236898,142592471.93399996,6562045,77067,validation,-4481041550.254145,-5258405592.974166,777364042.7200214
2026-02-01,btcusdt,120,synthetic_maker_q99_30s_60s,-0.570508366859986,-0.6885622604768691,10.567038418239578,-0.11805389361688312,13595179919.170898,13452587447.236898,142592471.93399996,6562045,77067,validation,-7756163892.853866,-9262944021.932192,1506780129.0783265
2026-02-01,btcusdt,300,synthetic_maker_q99_30s_60s,0.1348020360178982,0.20246561758035775,-6.248776533147732,0.06766358156245955,13595179919.170898,13452587447.236898,142592471.93399996,6562045,77067,validation,1832657933.1338818,2723686425.558587,-891028492.4247055
2026-02-01,ethusdt,30,synthetic_maker_q99_30s_60s,-0.2086894815485886,-0.2369517169809062,1.5663245285250493,-0.028262235432317595,16428200726.07704,16170726211.11747,257474514.95957005,14725707,232210,validation,-3428392692.301164,-3831681340.5524282,403288648.25126433
2026-02-01,ethusdt,120,synthetic_maker_q99_30s_60s,-1.060709646213899,-1.0147658458330895,-3.9462170416661033,0.045943800380809474,16428200726.07704,16170726211.11747,257474514.95957005,14725707,232210,validation,-17425550980.088097,-16409500661.35993,-1016050318.7281694
2026-02-01,ethusdt,300,synthetic_maker_q99_30s_60s,-0.1490942176810457,0.17074434978377423,-20.23660426519687,0.3198385674648199,16428200726.07704,16170726211.11747,257474514.95957005,14725707,232210,validation,-2449349735.161643,2761060132.4486876,-5210409867.610331
2026-02-02,btcusdt,30,synthetic_maker_q99_30s_60s,-0.1449057603906293,-0.14041698847336248,-0.415009046837137,0.0044887719172668206,18795658671.019,18488404975.0755,307253695.9434999,9976726,137073,validation,-2723599211.766733,-2596086148.276034,-127513063.49069941
2026-02-02,btcusdt,120,synthetic_maker_q99_30s_60s,-0.1550310515488774,-0.1817909791295197,1.4551965380505172,-0.0267599275806423,18795658671.019,18488404975.0755,307253695.9434999,9976726,137073,validation,-2913910728.3218513,-3361025242.9620585,447114514.64020735
2026-02-02,btcusdt,300,synthetic_maker_q99_30s_60s,-0.3783908822019626,-0.6010909778460319,13.02216250613786,-0.22270009564406934,18795658671.019,18488404975.0755,307253695.9434999,9976726,137073,validation,-7112105866.093847,-11113213425.281574,4001107559.187727
2026-02-02,ethusdt,30,synthetic_maker_q99_30s_60s,-0.003978070709771,-0.04562803932645772,3.091569424199818,-0.04164996861668672,20740413421.44527,20465060155.30775,275353266.13752,20614233,253228,validation,-82506831.14039277,-933780569.5847049,851273738.4443121
2026-02-02,ethusdt,120,synthetic_maker_q99_30s_60s,0.3461038379852442,0.22174827848351122,9.588572763626724,-0.12435555950173297,20740413421.44527,20465060155.30775,275353266.13752,20614233,253228,validation,7178336686.562878,4538091858.500993,2640244828.061885
2026-02-02,ethusdt,300,synthetic_maker_q99_30s_60s,0.4105125879181363,0.2641731581566886,11.286887054693993,-0.14633942976144765,20740413421.44527,20465060155.30775,275353266.13752,20614233,253228,validation,8514200788.129545,5406319573.094261,3107881215.0352845
2026-02-03,btcusdt,30,synthetic_maker_q99_30s_60s,-0.11104381795216939,-0.19376725104544565,4.00817312606468,-0.08272343309327626,21647930470.5929,21221748524.3551,426181946.2377999,8497748,159606,validation,-2403868850.2177386,-4112079873.94203,1708211023.7242916
2026-02-03,btcusdt,120,synthetic_maker_q99_30s_60s,-0.42216353220503655,-0.618797974011768,9.369257038484724,-0.1966344418067314,21647930470.5929,21221748524.3551,426181946.2377999,8497748,159606,validation,-9138966792.394537,-13131974991.858162,3993008199.463625
2026-02-03,btcusdt,300,synthetic_maker_q99_30s_60s,-0.5932023038709833,-0.9123064548772845,15.296602755949555,-0.3191041510063012,21647930470.5929,21221748524.3551,426181946.2377999,8497748,159606,validation,-12841602229.194567,-19360738162.551643,6519135933.357075
2026-02-03,ethusdt,30,synthetic_maker_q99_30s_60s,-0.0832710861990156,0.009485238151705537,-5.626708262000918,0.09275632435072115,22430362144.52658,22061219753.24326,369142391.28331995,17646351,254897,validation,-1867800619.6120093,209255923.27662277,-2077056542.8886318
2026-02-03,ethusdt,120,synthetic_maker_q99_30s_60s,-0.1769298627614181,-0.0842140484130759,-5.717946021400866,0.09271581434834218,22430362144.52658,22061219753.24326,369142391.28331995,17646351,254897,validation,-3968600895.9199953,-1857864628.3511343,-2110736267.5688612
2026-02-03,ethusdt,300,synthetic_maker_q99_30s_60s,-1.3825410534387863,-1.4317464544515381,1.5581430576841087,-0.04920540101275184,22430362144.52658,22061219753.24326,369142391.28331995,17646351,254897,validation,-31010896508.307255,-31586073162.582275,575176654.2750158
2026-02-04,btcusdt,30,synthetic_maker_q99_30s_60s,-0.4157036612914518,-0.3285930178857961,-6.187660292846828,0.08711064340565572,20261582369.3745,19960339971.2618,301242398.11270005,8845639,122607,validation,-8422813974.507309,-6558828349.183399,-1863985625.3239102
2026-02-04,btcusdt,120,synthetic_maker_q99_30s_60s,-0.14843177544064,-0.014014500511406352,-9.054928744019103,0.13441727492923367,20261582369.3745,19960339971.2618,301242398.11270005,8845639,122607,validation,-3007462644.3230267,-279734194.7350931,-2727728449.5879335
2026-02-04,btcusdt,300,synthetic_maker_q99_30s_60s,0.0918852395807833,0.3590624226068236,-17.61129146852872,0.26717718302604027,20261582369.3745,19960339971.2618,301242398.11270005,8845639,122607,validation,1861740350.295751,7167008026.137077,-5305267675.841327
2026-02-04,ethusdt,30,synthetic_maker_q99_30s_60s,-0.2418901912890708,-0.16898912688563536,-4.602676961526474,0.07290106440343544,21471362473.96348,21118318859.500103,353043614.46338,18119280,270165,validation,-5193711976.064003,-3568766265.3593693,-1624945710.7046337
2026-02-04,ethusdt,120,synthetic_maker_q99_30s_60s,-0.1160730617438005,0.009357241620546412,-7.6190472909147555,0.1254303033643469,21471362473.96348,21118318859.500103,353043614.46338,18119280,270165,validation,-2492246782.163884,197609212.1880846,-2689855994.351969
2026-02-04,ethusdt,300,synthetic_maker_q99_30s_60s,-0.1988807819928532,-0.1275888895342841,-4.463410305705341,0.0712918924585691,21471362473.96348,21118318859.500103,353043614.46338,18119280,270165,validation,-4270241359.2738605,-2694462852.1145473,-1575778507.1593132
2026-02-05,btcusdt,30,synthetic_maker_q99_30s_60s,-0.48395260163252934,-0.3326773473313122,-4.6282456655924875,0.15127525430121713,41345673267.9503,39889619778.7589,1456053489.1914,17976454,584193,validation,-20009346144.27307,-13270372894.052156,-6738973250.220915
2026-02-05,btcusdt,120,synthetic_maker_q99_30s_60s,-0.0180675447404804,-0.10629371299419889,2.3989510141944947,-0.08822616825371848,41345673267.9503,39889619778.7589,1456053489.1914,17976454,584193,validation,-747014801.5939766,-4240015796.211118,3493000994.6171417
2026-02-05,btcusdt,300,synthetic_maker_q99_30s_60s,0.1110368180781343,0.13960110472436923,-0.6715021078802469,0.028564286646234935,41345673267.9503,39889619778.7589,1456053489.1914,17976454,584193,validation,4590892000.971378,5568634988.149792,-977742987.1784134
2026-02-05,ethusdt,30,synthetic_maker_q99_30s_60s,0.1333196861176145,0.1422940463343183,-0.25433809566568516,0.008974360216703808,31813171056.23014,31093353304.56083,719817751.6693101,29441267,567674,validation,4241321979.6225805,4424399055.808508,-183077076.1859274
2026-02-05,ethusdt,120,synthetic_maker_q99_30s_60s,0.2599614047433262,0.0495723902656498,9.347956169226523,-0.21038901447767638,31813171056.23014,31093353304.56083,719817751.6693101,29441267,567674,validation,8270196637.117313,1541371844.6814213,6728824792.435892
2026-02-05,ethusdt,300,synthetic_maker_q99_30s_60s,0.4749701127162807,0.25849569058283745,9.825831039925019,-0.21647442213344326,31813171056.23014,31093353304.56083,719817751.6693101,29441267,567674,validation,15110305442.439949,8037497834.998602,7072807607.441346
2026-02-06,btcusdt,30,synthetic_maker_q99_30s_60s,-0.1273781379956412,-0.2843212902725982,5.533336850628823,-0.15694315227695702,33209526120.3311,32313631657.5222,895894462.8089004,15348070,400982,validation,-4230167600.9253864,-9187453446.26019,4957285845.334802
2026-02-06,btcusdt,120,synthetic_maker_q99_30s_60s,-0.2054832701567556,-0.24534627708148093,1.232318363852891,-0.03986300692472533,33209526120.3311,32313631657.5222,895894462.8089004,15348070,400982,validation,-6824002027.561828,-7928029226.155356,1104027198.5935287
2026-02-06,btcusdt,300,synthetic_maker_q99_30s_60s,-0.755587683334424,-1.1173969580580403,12.294355272042495,-0.36180927472361624,33209526120.3311,32313631657.5222,895894462.8089004,15348070,400982,validation,-25092708905.89502,-36107153717.9233,11014444812.028282
2026-02-06,ethusdt,30,synthetic_maker_q99_30s_60s,-0.1238816511091938,-0.05730846898479908,-4.400894556877304,0.06657318212439473,23687209972.03989,23324161350.09983,363048621.9400601,23744285,326627,validation,-2934410681.506462,-1336671977.3286455,-1597738704.1778166
2026-02-06,ethusdt,120,synthetic_maker_q99_30s_60s,0.2777335134351029,0.40672484591197555,-8.009351107290103,0.12899133247687267,23687209972.03989,23324161350.09983,363048621.9400601,23744285,326627,validation,6578732049.009644,9486515931.145409,-2907783882.135766
2026-02-06,ethusdt,300,synthetic_maker_q99_30s_60s,0.3416422429480702,0.22199744517108397,8.028256099621045,-0.11964479777698625,23687209972.03989,23324161350.09983,363048621.9400601,23744285,326627,validation,8092551544.029604,5177904230.480303,2914647313.549302
2026-02-07,btcusdt,30,synthetic_maker_q99_30s_60s,-0.0287584167894765,-0.017975253361495542,-0.5358942825212876,0.010783163427980958,16670369478.078102,16323289513.129602,347079964.94850004,8407025,163378,validation,-479413433.4851379,-293415264.6915478,-185998168.79359007
2026-02-07,btcusdt,120,synthetic_maker_q99_30s_60s,-0.1861561558730445,-0.10690394943522641,-3.9134145426565388,0.07925220643781808,16670369478.078102,16323289513.129602,347079964.94850004,8407025,163378,validation,-3103291899.0223503,-1745024116.7281685,-1358267782.2941818
2026-02-07,btcusdt,300,synthetic_maker_q99_30s_60s,-0.4057595670558733,-0.44480941981521205,1.4307683700445897,-0.039049852759338755,16670369478.078102,16323289513.129602,347079964.94850004,8407025,163378,validation,-6764161902.086415,-7260752937.810914,496591035.7244987
2026-02-07,ethusdt,30,synthetic_maker_q99_30s_60s,4.020022610078704,4.1159405073393875,-0.022706136050614275,0.09591789726068356,15930448628.87148,15561242154.735512,369206474.1359699,14096649,253598,validation,64040763676.76064,64049146929.193146,-8383252.432498933
2026-02-07,ethusdt,120,synthetic_maker_q99_30s_60s,3.488810015765237,3.8575651500489587,-12.053409155282486,0.36875513428372164,15930448628.87148,15561242154.735512,369206474.1359699,14096649,253598,validation,55578308732.04041,60028505427.580475,-4450196695.540066
2026-02-07,ethusdt,300,synthetic_maker_q99_30s_60s,4.273341112366012,4.25354968417528,5.107506351165745,-0.01979142819073232,15930448628.87148,15561242154.735512,369206474.1359699,14096649,253598,validation,68076241064.19126,66190516652.65028,1885724411.5409777
2026-02-08,btcusdt,30,synthetic_maker_q99_30s_60s,-0.2436227037310542,-0.20769681811418692,-4.385011898432745,0.0359258856168673,10523863339.0093,10433355655.654,90507683.35530004,5613476,44641,validation,-2563852040.345566,-2166974771.932992,-396877268.41257393
2026-02-08,btcusdt,120,synthetic_maker_q99_30s_60s,-0.5894574990393271,-0.505502329666109,-10.267466135752068,0.08395516937321812,10523863339.0093,10433355655.654,90507683.35530004,5613476,44641,validation,-6203370164.044085,-5274085590.168171,-929284573.8759142
2026-02-08,btcusdt,300,synthetic_maker_q99_30s_60s,0.1353249184866828,0.4164534836715135,-32.27202655489833,0.28112856518483076,10523863339.0093,10433355655.654,90507683.35530004,5613476,44641,validation,1424140948.516423,4345007309.180996,-2920866360.6645727
2026-02-08,ethusdt,30,synthetic_maker_q99_30s_60s,-0.1312915150963821,-0.13921460734617846,0.7143869087324299,-0.00792309224979637,8964650689.08348,8881441190.202662,83209498.88082,8235408,65046,validation,-1176982571.2795959,-1236426347.9622395,59443776.68264359
2026-02-08,ethusdt,120,synthetic_maker_q99_30s_60s,0.0225067702319257,0.07514945137867925,-5.596357457867059,0.05264268114675355,8964650689.08348,8881441190.202662,83209498.88082,8235408,65046,validation,201765333.2686763,667435432.8957341,-465670099.62705773
2026-02-08,ethusdt,300,synthetic_maker_q99_30s_60s,0.5885373267928711,0.9112552121983157,-33.85704831914695,0.32271788540544466,8964650689.08348,8881441190.202662,83209498.88082,8235408,65046,validation,5276031552.185061,8093259576.404988,-2817228024.219927
2026-02-09,btcusdt,30,synthetic_maker_q99_30s_60s,0.0167305520156153,0.021673271761393754,-0.47108481191825047,0.0049427197457784545,14444540571.67,14299651389.195,144889182.475,7805739,69052,validation,241665137.3759905,309920230.65121496,-68255093.27522445
2026-02-09,btcusdt,120,synthetic_maker_q99_30s_60s,0.0371868420150047,0.03478174749012112,0.27455455074530244,-0.0024050945248835776,14444540571.67,14299651389.195,144889182.475,7805739,69052,validation,537146848.2180179,497366863.81574017,39779984.40227777
2026-02-09,btcusdt,300,synthetic_maker_q99_30s_60s,0.0447741817801541,0.12205015889882018,-7.581878924272125,0.07727597711866607,14444540571.67,14299651389.195,144889182.475,7805739,69052,validation,646742485.2867635,1745274724.2489843,-1098532238.9622207
2026-02-09,ethusdt,30,synthetic_maker_q99_30s_60s,-0.1006931505639232,-0.18509458870482692,8.330977232504045,-0.08440143814090373,12016587057.782372,11897492567.914831,119094489.86753997,11307786,94297,validation,-1209988009.8737712,-2202161493.4769306,992173483.6031592
2026-02-09,ethusdt,120,synthetic_maker_q99_30s_60s,-0.3617880842902412,-0.4858382092953836,12.030770479410789,-0.12405012500514245,12016587057.782372,11897492567.914831,119094489.86753997,11307786,94297,validation,-4347458011.3419895,-5780256484.300877,1432798472.958887
2026-02-09,ethusdt,300,synthetic_maker_q99_30s_60s,-0.921421271869803,-0.849317076477955,-8.124601954234924,0.07210419539184809,12016587057.782372,11897492567.914831,119094489.86753997,11307786,94297,validation,-11072338930.316048,-10104743605.199621,-967595325.1164266
2026-02-10,btcusdt,30,synthetic_maker_q99_30s_60s,-0.0277122083059332,-0.0722930053086947,4.22663632166186,-0.044580797002761505,11978672848.0884,11854451503.1938,124221344.8946,6109435,52715,validation,-331955477.1948519,-856993925.4520533,525038448.25720143
2026-02-10,btcusdt,120,synthetic_maker_q99_30s_60s,0.088472489311759,0.15838084701114932,-6.582886903218637,0.06990835769939033,11978672848.0884,11854451503.1938,124221344.8946,6109435,52715,validation,1059783005.5215586,1877518069.9284263,-817735064.4068676
2026-02-10,btcusdt,300,synthetic_maker_q99_30s_60s,0.257333092371458,0.2928053413207144,-3.127786069194284,0.03547224894925638,11978672848.0884,11854451503.1938,124221344.8946,6109435,52715,validation,3082508926.504608,3471046718.562516,-388537792.0579084
2026-02-10,ethusdt,30,synthetic_maker_q99_30s_60s,0.147776256536125,0.18255235173086412,-4.652056646709411,0.03477609519473912,10787941025.24146,10710341685.942242,77599339.29921997,9631050,61506,validation,1594201540.4426694,1955198062.6098642,-360996522.1671951
2026-02-10,ethusdt,120,synthetic_maker_q99_30s_60s,0.3303110697719358,0.304816114603587,3.849151353551768,-0.02549495516834882,10787941025.24146,10710341685.942242,77599339.29921997,9631050,61506,validation,3563376340.684061,3264684738.785745,298691601.8983154
2026-02-10,ethusdt,300,synthetic_maker_q99_30s_60s,0.1777320481930396,0.08968462458365425,12.330129219864501,-0.08804742360938533,10787941025.24146,10710341685.942242,77599339.29921997,9631050,61506,validation,1917362854.2018843,960552973.2663925,956809880.9354918
2026-02-11,btcusdt,30,synthetic_maker_q99_30s_60s,-0.0785772676609899,-0.11125200300882646,2.576580606276031,-0.03267473534783656,16151977409.7226,15955625306.029902,196352103.69269997,8109987,94252,validation,-1269178252.178035,-1775095274.554146,505917022.376111
2026-02-11,btcusdt,120,synthetic_maker_q99_30s_60s,-0.079143753321418,-0.10379541899246104,1.9240572983580018,-0.024651665671043044,16151977409.7226,15955625306.029902,196352103.69269997,8109987,94252,validation,-1278328115.7682016,-1656120813.926088,377792698.1578865
2026-02-11,btcusdt,300,synthetic_maker_q99_30s_60s,-0.3519661239167695,-0.40465457423868634,3.9295116676712096,-0.052688450321916824,16151977409.7226,15955625306.029902,196352103.69269997,8109987,94252,validation,-5684948882.491287,-6456516764.923539,771567882.4322517
2026-02-11,ethusdt,30,synthetic_maker_q99_30s_60s,0.1996129799992861,0.17170795857979115,2.642415579824465,-0.02790502141949494,12930356053.61596,12784316166.28357,146039887.33238995,12292907,129051,validation,2581066904.3140903,2195168830.7511735,385898073.56291676
2026-02-11,ethusdt,120,synthetic_maker_q99_30s_60s,0.1046194489704578,-0.048218866082264826,13.484069253042605,-0.15283831505272263,12930356053.61596,12784316166.28357,146039887.33238995,12292907,129051,validation,1352766725.321125,-616445229.1753607,1969211954.4964857
2026-02-11,ethusdt,300,synthetic_maker_q99_30s_60s,-0.34007263560705603,-0.4757943694361697,11.540993473122725,-0.13572173382911368,12930356053.61596,12784316166.28357,146039887.33238995,12292907,129051,validation,-4397260262.490831,-6082705649.0095215,1685445386.5186906
2026-02-12,btcusdt,30,synthetic_maker_q99_30s_60s,0.021922144817242504,0.027638285551779322,-0.7224629548338909,0.005716140734536818,12515544981.579498,12420170367.284298,95374614.29519999,6366918,51823,validation,274367589.5528984,343272215.21275127,-68904625.65985283
2026-02-12,btcusdt,120,synthetic_maker_q99_30s_60s,0.1882426380010205,0.1898201799021004,-0.01719294166274139,0.001577541901079893,12515544981.579498,12420170367.284298,95374614.29519999,6366918,51823,validation,2355959203.352958,2357598973.532642,-1639770.1796838343
2026-02-12,btcusdt,300,synthetic_maker_q99_30s_60s,0.5097736238998715,0.43133415392758206,10.724562829336753,-0.0784394699722894,12515544981.579498,12420170367.284298,95374614.29519999,6366918,51823,validation,6380094720.341631,5357243677.008999,1022851043.3326315
2026-02-12,ethusdt,30,synthetic_maker_q99_30s_60s,0.24049512948286567,0.25868281739774074,-2.9659079781236897,0.018187687914875073,9751222703.30857,9696222795.85906,54999907.44951001,10242564,49009,validation,2345121566.648454,2508246230.9490204,-163124664.3005663
2026-02-12,ethusdt,120,synthetic_maker_q99_30s_60s,0.6695880826473617,0.6474953795482148,4.564426844126092,-0.022092703099146904,9751222703.30857,9696222795.85906,54999907.44951001,10242564,49009,validation,6529302513.375809,6278259459.388815,251043053.9869941
2026-02-12,ethusdt,300,synthetic_maker_q99_30s_60s,0.9115934693514534,0.833916215967444,14.605724785357168,-0.07767725338400933,9751222703.30857,9696222795.85906,54999907.44951001,10242564,49009,validation,8889150934.527718,8085837423.100059,803313511.4276587
2026-02-13,btcusdt,30,synthetic_maker_q99_30s_60s,0.0068697256171,-0.012871702223610868,1.2390597251821145,-0.019741427840710868,11417508577.6459,11237468427.8644,180040149.7815,5329564,74473,validation,78435151.15931302,-144645347.35069913,223080498.51001212
2026-02-13,btcusdt,120,synthetic_maker_q99_30s_60s,0.11538913269834632,0.10098455656872161,1.0144717521578184,-0.014404576129624702,11417508577.6459,11237468427.8644,180040149.7815,5329564,74473,validation,1317456412.35049,1134810766.1428957,182645646.20759436
2026-02-13,btcusdt,300,synthetic_maker_q99_30s_60s,0.0806002188293316,0.2292871954949075,-9.199914199436884,0.1486869766655759,11417508577.6459,11237468427.8644,180040149.7815,5329564,74473,validation,920253689.8440303,2576607620.2875957,-1656353930.4435654
2026-02-13,ethusdt,30,synthetic_maker_q99_30s_60s,-0.00527802893445,-0.020472741540987004,1.220591275829222,-0.015194712606537004,9007682487.84652,8897398775.85575,110283711.99077,8406119,70662,validation,-47542808.80319249,-182154145.52518892,134611336.72199643
2026-02-13,ethusdt,120,synthetic_maker_q99_30s_60s,0.0491017479150525,-0.17496457057136022,18.126180872512933,-0.22406631848641273,9007682487.84652,8897398775.85575,110283711.99077,8406119,70662,validation,442292954.81707275,-1556729556.0197473,1999022510.8368204
2026-02-13,ethusdt,300,synthetic_maker_q99_30s_60s,0.643987149867773,0.5289939847223845,9.921332175051434,-0.11499316514538849,9007682487.84652,8897398775.85575,110283711.99077,8406119,70662,validation,5800831772.262131,4706670432.103998,1094161340.158132
2026-02-14,btcusdt,30,synthetic_maker_q99_30s_60s,0.0642772456633878,0.10374566419120394,-3.397217290061753,0.03946841852781614,7247593690.386999,7165887295.652299,81706394.73470002,3015623,34012,validation,465855360.1054245,743429737.006758,-277574376.9013335
2026-02-14,btcusdt,120,synthetic_maker_q99_30s_60s,0.10591339761178659,0.14684075583941544,-3.4835343722996943,0.04092735822762886,7247593690.386999,7165887295.652299,81706394.73470002,3015623,34012,validation,767617272.258634,1052244306.7536483,-284627034.4950143
2026-02-14,btcusdt,300,synthetic_maker_q99_30s_60s,0.0895328189865104,0.1566413555632744,-5.796080066598561,0.06710853657676401,7247593690.386999,7165887295.652299,81706394.73470002,3015623,34012,validation,648897493.969194,1122474299.8046227,-473576805.8354285
2026-02-14,ethusdt,30,synthetic_maker_q99_30s_60s,0.0232252880602892,0.1275439121447893,-14.142155584440397,0.1043186240845001,5021980307.27981,4985267125.20052,36713182.079289995,4260006,22323,validation,116636939.26967326,635840472.2348814,-519203532.9652081
2026-02-14,ethusdt,120,synthetic_maker_q99_30s_60s,0.378708796945208,0.5062145140720833,-16.93523741711233,0.1275057171268753,5021980307.27981,4985267125.20052,36713182.079289995,4260006,22323,validation,1901868120.4524627,2523614575.3029127,-621746454.8504498
2026-02-14,ethusdt,300,synthetic_maker_q99_30s_60s,0.8823514464221057,1.0364176418469386,-20.03823063489528,0.1540661954248329,5021980307.27981,4985267125.20052,36713182.079289995,4260006,22323,validation,4431151588.031672,5166818797.87739,-735667209.8457172
2026-02-15,btcusdt,30,synthetic_maker_q99_30s_60s,-0.2043581882723604,-0.21608788190986775,0.6161591267214562,-0.011729693637507338,9511380700.2625,9377327251.5547,134053448.7078,3998396,51295,validation,-1943728527.8743393,-2026326783.7641368,82598255.88979757
2026-02-15,btcusdt,120,synthetic_maker_q99_30s_60s,-0.5348574627041964,-0.5074240975991285,-2.4538803948358447,0.027433365105067886,9511380700.2625,9377327251.5547,134053448.7078,3998396,51295,validation,-5087232948.156064,-4758281818.51186,-328951129.64420295
2026-02-15,btcusdt,300,synthetic_maker_q99_30s_60s,-0.8719262033890705,-0.8910685950166548,0.4671252898742648,-0.019142391627584354,9511380700.2625,9377327251.5547,134053448.7078,3998396,51295,validation,-8293222062.96796,-8355841819.054236,62619756.086275965
2026-02-15,ethusdt,30,synthetic_maker_q99_30s_60s,0.4431147925556904,0.4287849187799002,2.236621351471323,-0.014329873775790203,9995075265.984669,9915848979.606619,79226286.37804997,8136153,68104,validation,4428965703.065309,4251766499.3543806,177199203.7109282
2026-02-15,ethusdt,120,synthetic_maker_q99_30s_60s,0.0761086807860221,-0.041719736102282065,14.823345245622114,-0.11782841688830417,9995075265.984669,9915848979.606619,79226286.37804997,8136153,68104,validation,760711992.8510921,-413686602.65927106,1174398595.510363
2026-02-15,ethusdt,300,synthetic_maker_q99_30s_60s,-0.6170962812992509,-0.8137775126522456,23.999246051258897,-0.19668123135299476,9995075265.984669,9915848979.606619,79226286.37804997,8136153,68104,validation,-6167923777.94526,-8069294918.459582,1901371140.5143223
2026-02-16,btcusdt,30,synthetic_maker_q99_30s_60s,-0.4259973832231328,-0.4665895204024432,5.785999450268464,-0.04059213717931043,9430790097.4375,9369564911.0163,61225186.42120001,4203096,26597,validation,-4017491903.2350087,-4371740798.210656,354248894.97564745
2026-02-16,btcusdt,120,synthetic_maker_q99_30s_60s,-0.8882859208816226,-0.9843727577628635,13.816313736185068,-0.09608683688124087,9430790097.4375,9369564911.0163,61225186.42120001,4203096,26597,validation,-8377238066.343557,-9223144450.495274,845906384.1517172
2026-02-16,btcusdt,300,synthetic_maker_q99_30s_60s,-1.267117039754583,-1.3817596687390916,16.27715871712532,-0.11464262898450861,9430790097.4375,9369564911.0163,61225186.42120001,4203096,26597,validation,-11949914830.81184,-12946486907.675299,996572076.8634585
2026-02-16,ethusdt,30,synthetic_maker_q99_30s_60s,-0.08131351928462069,-0.09926376722673397,1.9249729200443169,-0.01795024794211328,7932571896.14237,7862228525.10785,70343371.03452,7305867,54211,validation,-645025337.8536128,-780434422.1996936,135409084.34608078
2026-02-16,ethusdt,120,synthetic_maker_q99_30s_60s,-0.3962786464450834,-0.4333087150670302,3.7425457733186365,-0.0370300686219468,7932571896.14237,7862228525.10785,70343371.03452,7305867,54211,validation,-3143508853.8316073,-3406772139.777835,263263285.94622743
2026-02-16,ethusdt,300,synthetic_maker_q99_30s_60s,0.1402390939658297,0.2110572869713624,-7.77505994496502,0.07081819300553269,7932571896.14237,7862228525.10785,70343371.03452,7305867,54211,validation,1112456695.5338097,1659380622.0581188,-546923926.524309
2026-02-17,btcusdt,30,synthetic_maker_q99_30s_60s,-0.1779782203891171,-0.1713749246450885,-0.6417988582228262,0.006603295744028598,9532691575.8291,9398882096.296299,133809479.53279996,4611354,54581,validation,-1696611482.1843915,-1610732711.0008497,-85878771.18354166
2026-02-17,btcusdt,120,synthetic_maker_q99_30s_60s,-0.2712324449824706,-0.2836636173726987,0.6019427891073317,-0.012431172390228062,9532691575.8291,9398882096.296299,133809479.53279996,4611354,54581,validation,-2585575243.3759274,-2666120894.6949015,80545651.31897402
2026-02-17,btcusdt,300,synthetic_maker_q99_30s_60s,-0.2008916728671629,-0.2607341290831861,4.002489076321874,-0.059842456216023215,9532691575.8291,9398882096.296299,133809479.53279996,4611354,54581,validation,-1915038357.595019,-2450609337.733366,535570980.1383472
2026-02-17,ethusdt,30,synthetic_maker_q99_30s_60s,-0.2973102426202342,-0.3301776056036782,5.6685830788742155,-0.032867362983444004,8378675925.97901,8332768946.610359,45906979.368650004,7833949,38081,validation,-2491066172.389135,-2751293698.8404922,260227526.45135713
2026-02-17,ethusdt,120,synthetic_maker_q99_30s_60s,-0.2089613726749514,-0.2423245304017218,5.846925738389206,-0.0333631577267704,8378675925.97901,8332768946.610359,45906979.368650004,7833949,38081,validation,-1750819622.6911435,-2019234321.9334054,268414699.24226198
2026-02-17,ethusdt,300,synthetic_maker_q99_30s_60s,0.1195787645654606,0.13162117321839284,-2.066289490013552,0.01204240865293224,8378675925.97901,8332768946.610359,45906979.368650004,7833949,38081,validation,1001911715.9229366,1096768824.910647,-94857108.98771048
2026-02-18,btcusdt,30,synthetic_maker_q99_30s_60s,-0.2330937248144238,-0.2318630527747626,-0.3218639228346656,0.001230672039661207,10392995082.2044,10250881250.9993,142113831.2051,4307518,45579,validation,-2422541935.689012,-2376800620.488275,-45741315.200737
2026-02-18,btcusdt,120,synthetic_maker_q99_30s_60s,-0.3378032775382905,-0.2861304392269297,-4.06504168171156,0.05167283831136077,10392995082.2044,10250881250.9993,142113831.2051,4307518,45579,validation,-3510787802.2079806,-2933089154.811528,-577698647.3964524
2026-02-18,btcusdt,300,synthetic_maker_q99_30s_60s,-0.2076975272580049,-0.0016450015275412315,-15.070571568582562,0.20605252573046365,10392995082.2044,10250881250.9993,142113831.2051,4307518,45579,validation,-2158599379.378459,-16862715.31653762,-2141736664.0619214
2026-02-18,ethusdt,30,synthetic_maker_q99_30s_60s,-0.2385473253050399,-0.24141770985125063,0.04657902791597054,-0.002870384546210747,9242107841.84967,9149994286.226341,92113555.62333,7256684,64087,validation,-2204680105.8539734,-2208970665.732792,4290559.878818393
2026-02-18,ethusdt,120,synthetic_maker_q99_30s_60s,-0.0198799771873974,-0.019648983606047696,-0.042825459371882806,0.00023099358134970327,9242107841.84967,9149994286.226341,92113555.62333,7256684,64087,validation,-183732893.05943805,-179788087.72549146,-3944805.3339465857
2026-02-18,ethusdt,300,synthetic_maker_q99_30s_60s,-0.0704884831328027,-0.020523109204248307,-5.033741533801521,0.049965373928554394,9242107841.84967,9149994286.226341,92113555.62333,7256684,64087,validation,-651462162.7217641,-187786331.95447123,-463675830.76729286
2026-02-19,btcusdt,30,synthetic_maker_q99_30s_60s,-0.1487804281131374,-0.17740077423962508,5.426531104371005,-0.028620346126487672,9225344261.709,9178228673.6495,47115588.05950001,4194530,18430,validation,-1372550668.7481406,-1628224872.8537486,255674204.10560793
2026-02-19,btcusdt,120,synthetic_maker_q99_30s_60s,-0.1256246893565337,-0.14829528691533642,4.290661663690832,-0.022670597558802713,9225344261.709,9178228673.6495,47115588.05950001,4194530,18430,validation,-1158931007.0842738,-1361088054.53342,202157047.4491462
2026-02-19,btcusdt,300,synthetic_maker_q99_30s_60s,-0.2067727126807326,-0.2025519543754221,-1.0289864745767687,0.004220758305310518,9225344261.709,9178228673.6495,47115588.05950001,4194530,18430,validation,-1907549458.4072003,-1859068155.5522442,-48481302.85495622
2026-02-19,ethusdt,30,synthetic_maker_q99_30s_60s,-0.208592809692821,-0.17206289027656518,-5.115211189010242,0.03652991941625583,7766193325.204,7708801072.49464,57392252.70936,6957308,40289,validation,-1619972086.321935,-1326398593.1005132,-293573493.22142166
2026-02-19,ethusdt,120,synthetic_maker_q99_30s_60s,-0.2197771003883337,-0.1648553625365906,-7.596744054427028,0.05492173785174309,7766193325.204,7708801072.49464,57392252.70936,6957308,40289,validation,-1706831450.0685668,-1270837195.5285625,-435994254.54000413
2026-02-19,ethusdt,300,synthetic_maker_q99_30s_60s,-0.4151057624063433,-0.3350843970701868,-11.163399439773093,0.0800213653361565,7766193325.204,7708801072.49464,57392252.70936,6957308,40289,validation,-3223791601.253861,-2583098959.5108757,-640692641.7429852
2026-02-20,btcusdt,30,synthetic_maker_q99_30s_60s,-0.2460750954306874,-0.06436214358417999,-12.66991869727662,0.1817129518465074,14131968246.2703,13928251603.1778,203716643.09249997,5021877,58645,validation,-3477525434.824408,-896452129.5603147,-2581073305.2640934
2026-02-20,btcusdt,120,synthetic_maker_q99_30s_60s,-0.2934317676002468,0.17540093521865588,-32.34785670574597,0.46883270281890266,14131968246.2703,13928251603.1778,203716643.09249997,5021877,58645,validation,-4146768422.173654,2443028357.158129,-6589796779.331783
2026-02-20,btcusdt,300,synthetic_maker_q99_30s_60s,-0.4382917948131506,0.3820730950357715,-56.52722207941834,0.8203648898489222,14131968246.2703,13928251603.1778,203716643.09249997,5021877,58645,validation,-6193925726.900262,5321610198.463088,-11515535925.36335
2026-02-20,ethusdt,30,synthetic_maker_q99_30s_60s,-0.2378377073289172,-0.26615246033587314,9.115637938900106,-0.028314753006955934,8622461383.98692,8596438327.19176,26023056.79516001,7053535,18433,validation,-2050746447.0995715,-2287963210.9076843,237216763.8081128
2026-02-20,ethusdt,120,synthetic_maker_q99_30s_60s,0.0543268817657185,0.008449251680666488,15.209511022055409,-0.04587763008505202,8622461383.98692,8596438327.19176,26023056.79516001,7053535,18433,validation,468431440.1373309,72633470.98377079,395797969.1535601
2026-02-20,ethusdt,300,synthetic_maker_q99_30s_60s,0.6596795972012997,0.62212962075988,13.063912474493597,-0.037549976441419664,8622461383.98692,8596438327.19176,26023056.79516001,7053535,18433,validation,5688061852.672252,5348098916.381506,339962936.2907462
2026-02-21,btcusdt,30,synthetic_maker_q99_30s_60s,0.0856181295961827,0.08132820490440071,1.4312390238051431,-0.004289924691781993,5310957584.347099,5294079722.669799,16877861.6773,1825790,4846,validation,454714254.7364594,430558000.4655223,24156254.270937085
2026-02-21,btcusdt,120,synthetic_maker_q99_30s_60s,0.1589515046217602,0.16816494568771045,-2.731029018732275,0.009213441065950262,5310957584.347099,5294079722.669799,16877861.6773,1825790,4846,validation,844184699.0143203,890278629.029176,-46093930.01485569
2026-02-21,btcusdt,300,synthetic_maker_q99_30s_60s,0.1487439947194638,0.17924719045845938,-9.41919494956259,0.03050319573899557,5310957584.347099,5294079722.669799,16877861.6773,1825790,4846,validation,789973046.8814212,948948916.3516612,-158975869.47024012
2026-02-21,ethusdt,30,synthetic_maker_q99_30s_60s,0.0630846144801256,0.0651750078055226,-0.882084667323951,0.002090393325396997,3621331786.57508,3613340305.46968,7991481.1054,2733000,5371,validation,228450319.6607134,235499482.6129958,-7049162.952282399
2026-02-21,ethusdt,120,synthetic_maker_q99_30s_60s,0.1771883847979841,0.19120047749645233,-6.158365518613072,0.014012092698468231,3621331786.57508,3613340305.46968,7991481.1054,2733000,5371,validation,641657930.0808365,690872391.7629797,-49214461.68214324
2026-02-21,ethusdt,300,synthetic_maker_q99_30s_60s,0.1585370309917901,0.17420923142308295,-6.92763294762763,0.01567220043129286,3621331786.57508,3613340305.46968,7991481.1054,2733000,5371,validation,574115189.679808,629477237.4859207,-55362047.80611271
2026-02-22,btcusdt,30,synthetic_maker_q99_30s_60s,0.0763758724220189,0.09584031798613342,-3.70935709246405,0.019464445564114516,5158888616.0429,5132499733.7309,26388882.312000006,1846906,6775,validation,394014618.7782982,491900406.54451454,-97885787.76621634
2026-02-22,btcusdt,120,synthetic_maker_q99_30s_60s,0.1711911148653207,0.1753254282406179,-0.6329112357758713,0.004134313375297183,5158888616.0429,5132499733.7309,26388882.312000006,1846906,6775,validation,883155893.6463954,899857713.7612274,-16701820.114831954
2026-02-22,btcusdt,300,synthetic_maker_q99_30s_60s,0.0525550966125727,0.0102418734533673,8.28225592403873,-0.0423132231592054,5158888616.0429,5132499733.7309,26388882.312000006,1846906,6775,validation,271125889.6296361,52566412.772313245,218559476.8573229
2026-02-22,ethusdt,30,synthetic_maker_q99_30s_60s,0.0599138205114364,0.03570687148454992,14.348163989045323,-0.024206949026886478,3977471192.80571,3970744015.10105,6727177.704659999,2892984,3329,validation,238305495.13517013,141782846.24525896,96522648.88991117
2026-02-22,ethusdt,120,synthetic_maker_q99_30s_60s,-0.1891113370056651,-0.2320507108360054,25.15602879968227,-0.0429393738303403,3977471192.80571,3970744015.10105,6727177.704659999,2892984,3329,validation,-752184895.1730053,-921413971.2520127,169229076.07900742
2026-02-22,ethusdt,300,synthetic_maker_q99_30s_60s,-0.3453326327737774,-0.3961031528939152,29.62217346877549,-0.050770520120137774,3977471192.80571,3970744015.10105,6727177.704659999,2892984,3329,validation,-1373550598.7934525,-1572824223.7161698,199273624.92271742
2026-02-23,btcusdt,30,synthetic_maker_q99_30s_60s,-0.0036369275611038,-0.08461495389477738,3.710553213824715,-0.08097802633367358,16832583977.339298,16473424812.753498,359159164.58579993,6290915,124069,validation,-61218888.591779515,-1393898081.020219,1332679192.4284396
2026-02-23,btcusdt,120,synthetic_maker_q99_30s_60s,-0.1522331662966569,-0.39205184138191973,10.84744414186087,-0.23981867508526283,16832583977.339298,16473424812.753498,359159164.58579993,6290915,124069,validation,-2562477555.8247356,-6458436531.706615,3895958975.8818793
2026-02-23,btcusdt,300,synthetic_maker_q99_30s_60s,0.0363201370304262,-0.24896799818141438,13.121528893440146,-0.2852881352118406,16832583977.339298,16473424812.753498,359159164.58579993,6290915,124069,validation,611361756.6331197,-4101355598.8232794,4712717355.456399
2026-02-23,ethusdt,30,synthetic_maker_q99_30s_60s,-0.0820040297476508,-0.16769269351943783,5.062438542282823,-0.08568866377178704,11789127333.5059,11595978343.03155,193148990.47434998,8998631,135055,validation,-966755948.5556608,-1944560842.336028,977804893.7803673
2026-02-23,ethusdt,120,synthetic_maker_q99_30s_60s,-0.1777012388034896,-0.12784110485341002,-3.1711263250327466,0.04986013395007957,11789127333.5059,11595978343.03155,193148990.47434998,8998631,135055,validation,-2094942531.5760784,-1482442683.2293682,-612499848.3467104
2026-02-23,ethusdt,300,synthetic_maker_q99_30s_60s,0.1824335090486768,0.10074802474542208,5.086539425389854,-0.08168548430325473,11789127333.5059,11595978343.03155,193148990.47434998,8998631,135055,validation,2150731868.0731516,1168271913.051121,982459955.0220306
2026-02-24,btcusdt,30,synthetic_maker_q99_30s_60s,-0.1461305700196986,-0.12645735403896097,-2.2028413590101406,0.019673215980737624,13298851195.783,13172847927.0023,126003268.78069997,5632849,48924,validation,-1943368705.8469203,-1665803494.0063229,-277565211.84059715
2026-02-24,btcusdt,120,synthetic_maker_q99_30s_60s,-0.1132966523563341,-0.09884918924885253,-1.6236879008330685,0.014447463107481573,13298851195.783,13172847927.0023,126003268.78069997,5632849,48924,validation,-1506715320.6672447,-1302125337.682605,-204589982.98463964
2026-02-24,btcusdt,300,synthetic_maker_q99_30s_60s,0.1415505023952722,0.23698558553944984,-9.835586196709407,0.09543508314417765,13298851195.783,13172847927.0023,126003268.78069997,5632849,48924,validation,1882459068.0430503,3121775079.2027683,-1239316011.159718
2026-02-24,ethusdt,30,synthetic_maker_q99_30s_60s,-0.1419755157617139,-0.02750335703584232,-18.1339298061377,0.11447215872587159,9550086888.23087,9489709482.165209,60377406.06566,8521627,47029,validation,-1355878511.5257592,-260998868.05440807,-1094879643.4713511
2026-02-24,ethusdt,120,synthetic_maker_q99_30s_60s,-0.4647115785925337,-0.2891587121820882,-28.056915509725023,0.17555286641044549,9550086888.23087,9489709482.165209,60377406.06566,8521627,47029,validation,-4438035953.525625,-2744032172.845043,-1694003780.6805818
2026-02-24,ethusdt,300,synthetic_maker_q99_30s_60s,-0.1393616472580935,0.23457514997744688,-58.91220072215263,0.3739367972355404,9550086888.23087,9489709482.165209,60377406.06566,8521627,47029,validation,-1330915840.2017741,2226050025.0213037,-3556965865.223078
2026-02-25,btcusdt,30,synthetic_maker_q99_30s_60s,-0.2940050246195755,-0.422081146781063,6.3817047807876515,-0.1280761221614875,18487630910.734497,18139615247.072098,348015663.6624,6651660,130061,validation,-5435456381.068121,-7656389605.651446,2220933224.5833254
2026-02-25,btcusdt,120,synthetic_maker_q99_30s_60s,-0.4637439149387564,-0.6824357696216614,10.935128365318024,-0.21869185468290503,18487630910.734497,18139615247.072098,348015663.6624,6651660,130061,validation,-8573526336.486782,-12379122291.77647,3805595955.289687
2026-02-25,btcusdt,300,synthetic_maker_q99_30s_60s,-0.1089231106424017,-0.31878357393109996,10.829630687677842,-0.20986046328869826,18487630910.734497,18139615247.072098,348015663.6624,6651660,130061,validation,-2013730267.2058194,-5782611378.196716,3768881110.9908977
2026-02-25,ethusdt,30,synthetic_maker_q99_30s_60s,-0.3593289581936978,-0.3832737801573227,0.7714048099712939,-0.023944821963624907,16054964920.23231,15722029608.247019,332935311.98529005,10572429,228471,validation,-5769013818.623441,-6025841719.698187,256827901.07474613
2026-02-25,ethusdt,120,synthetic_maker_q99_30s_60s,-0.8761705678611137,-1.0242906234384819,6.118425125447221,-0.14812005557736818,16054964920.23231,15722029608.247019,332935311.98529005,10572429,228471,validation,-14066887731.150202,-16103927509.14961,2037039777.9994078
2026-02-25,ethusdt,300,synthetic_maker_q99_30s_60s,-0.3965715331133905,-0.4339494481089269,1.3685061414359754,-0.03737791499553639,16054964920.23231,15722029608.247019,332935311.98529005,10572429,228471,validation,-6366942052.49823,-6822566071.651002,455624019.15277195
2026-02-26,btcusdt,30,synthetic_maker_q99_30s_60s,0.0002742223622223,0.024897988434213456,-3.297565608540722,0.024623766071991158,11426027357.5474,11341345669.8261,84681687.72129995,5246613,32472,validation,3133272.2128032725,282376693.3157471,-279243421.10294384
2026-02-26,btcusdt,120,synthetic_maker_q99_30s_60s,-0.04775779971670429,-0.014166084185393696,-4.546667395577688,0.033591715531310594,11426027357.5474,11341345669.8261,84681687.72129995,5246613,32472,validation,-545681926.0993327,-160662457.53440678,-385019468.5649259
2026-02-26,btcusdt,300,synthetic_maker_q99_30s_60s,0.1687317260881315,0.23031425483481577,-8.078963431296804,0.06158252874668427,11426027357.5474,11341345669.8261,84681687.72129995,5246613,32472,validation,1927933318.3691847,2612073576.7700624,-684140258.4008778
2026-02-26,ethusdt,30,synthetic_maker_q99_30s_60s,-0.000936673289593,0.04099404350793606,-4.2035138601510535,0.04193071679752906,10308955542.65344,10207115257.47817,101840285.17527,8370406,72198,validation,-9656123.30040519,418430926.9555781,-428087050.25598335
2026-02-26,ethusdt,120,synthetic_maker_q99_30s_60s,0.2006244350786317,0.21739004967996836,-1.4797377153590374,0.01676561460133666,10308955542.65344,10207115257.47817,101840285.17527,8370406,72198,validation,2068228381.9955757,2218925292.9123425,-150696910.91676688
2026-02-26,ethusdt,300,synthetic_maker_q99_30s_60s,0.5136639039677027,0.49592356633048895,2.291719323372495,-0.01774033763721372,10308955542.65344,10207115257.47817,101840285.17527,8370406,72198,validation,5295338349.868853,5061949000.434921,233389349.4339317
2026-02-27,btcusdt,30,synthetic_maker_q99_30s_60s,-0.0309303801509636,-0.024405249048941494,-0.516966659307439,0.006525131102022106,12655338207.9051,12487688572.2918,167649635.61330003,5248413,64466,validation,-391434421.70951915,-304765149.652402,-86669272.05711716
2026-02-27,btcusdt,120,synthetic_maker_q99_30s_60s,0.2667171233025677,0.30108030358660237,-2.2928869710978597,0.03436318028403468,12655338207.9051,12487688572.2918,167649635.61330003,5248413,64466,validation,3375395401.2335205,3759797066.4405603,-384401665.20703936
2026-02-27,btcusdt,300,synthetic_maker_q99_30s_60s,0.3597829635065184,0.4324656563376508,-5.054119842487539,0.07268269283113238,12655338207.9051,12487688572.2918,167649635.61330003,5248413,64466,validation,4553175084.617369,5400496434.5563545,-847321349.9389852
2026-02-27,ethusdt,30,synthetic_maker_q99_30s_60s,-0.1814438668743039,-0.1229655930774254,-4.680894399443207,0.05847827379687849,10795183797.20362,10656681477.26856,138502319.93506002,8552716,97595,validation,-1958719891.783456,-1310405158.0895424,-648314733.6939137
2026-02-27,ethusdt,120,synthetic_maker_q99_30s_60s,0.414999157843433,0.5027996778136087,-6.340571256424183,0.08780051997017568,10795183797.20362,10656681477.26856,138502319.93506002,8552716,97595,validation,4479992184.604576,5358176013.332884,-878183828.7283077
2026-02-27,ethusdt,300,synthetic_maker_q99_30s_60s,0.6151083646585405,0.7543358066123269,-10.097365639329743,0.13922744195378645,10795183797.20362,10656681477.26856,138502319.93506002,8552716,97595,validation,6640207851.686293,8038716417.966023,-1398508566.2797298
2026-02-28,btcusdt,30,synthetic_maker_q99_30s_60s,-0.6120420147402507,-0.6514879696643763,1.235104811890818,-0.039445954924125615,15112081555.0137,14796109558.4828,315971996.5309,6035952,125396,validation,-9249228841.849566,-9639487375.18763,390258533.3380635
2026-02-28,btcusdt,120,synthetic_maker_q99_30s_60s,-0.2389789537990551,-0.15527200825220436,-4.15874763809775,0.08370694554685074,15112081555.0137,14796109558.4828,315971996.5309,6035952,125396,validation,-3611469439.7431717,-2297421645.465261,-1314047794.2779107
2026-02-28,btcusdt,300,synthetic_maker_q99_30s_60s,-0.2201487503356782,-0.18254757803050783,-1.9809094223665706,0.03760117230517038,15112081555.0137,14796109558.4828,315971996.5309,6035952,125396,validation,-3326905869.307119,-2700993964.1750817,-625911905.1320372
2026-02-28,ethusdt,30,synthetic_maker_q99_30s_60s,-0.2708559306595784,-0.2965693191160433,1.404877255748691,-0.02571338845646487,11403769335.27199,11231428014.00007,172341321.27191997,9689971,137771,validation,-3088778556.332257,-3330896958.8128552,242118402.48059842
2026-02-28,ethusdt,120,synthetic_maker_q99_30s_60s,0.2678865400434208,0.3561611076422845,-5.484938401395396,0.0882745675988637,11403769335.27199,11231428014.00007,172341321.27191997,9689971,137771,validation,3054916310.6792736,4000197841.8708487,-945281531.191575
2026-02-28,ethusdt,300,synthetic_maker_q99_30s_60s,0.545769847837528,0.7220572966972137,-10.942826021259362,0.17628744885968572,11403769335.27199,11231428014.00007,172341321.27191997,9689971,137771,validation,6223833454.885662,8109734549.838247,-1885901094.9525855
2026-01-01,btcusdt,30,synthetic_maker_q99_30s_60s,-0.0310867736800933,-0.0551813014278059,3.697287539455478,-0.024094527747712598,3965372747.4532,3939911167.9585,25461579.4947,1045436,5597,train,-123270645.15728739,-217409425.75789678,94138780.6006094
2026-01-01,btcusdt,120,synthetic_maker_q99_30s_60s,-0.0527689850191264,-0.0559635755040803,0.44156023486857876,-0.0031945904849539006,3965372747.4532,3939911167.9585,25461579.4947,1045436,5597,train,-209248695.10560998,-220491516.1274147,11242821.02180472
2026-01-01,btcusdt,300,synthetic_maker_q99_30s_60s,0.432657795752758,0.5048323702327419,-10.735597186053576,0.07217457447998388,3965372747.4532,3939911167.9585,25461579.4947,1045436,5597,train,1715649432.2511592,1988994693.4269397,-273345261.1757808
2026-01-01,ethusdt,30,synthetic_maker_q99_30s_60s,0.0118240605787111,0.03339091787364236,-4.9112770767651295,0.02156685729493126,3088549091.82189,3075077955.32012,13471136.50177,1622062,4934,train,36519191.56202518,102679675.46114218,-66160483.899117
2026-01-01,ethusdt,120,synthetic_maker_q99_30s_60s,0.1247313301219007,0.18348934380432919,-13.28805478109397,0.05875801368242849,3088549091.82189,3075077955.32012,13471136.50177,1622062,4934,train,385238836.36973274,564244036.1688471,-179005199.79911438
2026-01-01,ethusdt,300,synthetic_maker_q99_30s_60s,0.5146628627581723,0.6174797905465319,-22.955522301959228,0.1028169277883596,3088549091.82189,3075077955.32012,13471136.50177,1622062,4934,train,1589561517.3662071,1898798491.7653253,-309236974.39911824
2026-01-02,btcusdt,30,synthetic_maker_q99_30s_60s,-0.162724668200275,-0.14740194132929973,-1.0823320300442434,0.015322726870975273,14073548406.5286,13842894648.6256,230653757.903,3610454,60910,train,-2290113494.8528757,-2040469544.824388,-249643950.02848744
2026-01-02,btcusdt,120,synthetic_maker_q99_30s_60s,-0.0843973539817499,-0.10335619959564685,1.0534349747813594,-0.01895884561389695,14073548406.5286,13842894648.6256,230653757.903,3610454,60910,train,-1187770246.6450865,-1430748982.2848592,242978735.63977256
2026-01-02,btcusdt,300,synthetic_maker_q99_30s_60s,0.273089786711308,0.376598327631187,-5.939069252940743,0.10350854091987899,14073548406.5286,13842894648.6256,230653757.903,3610454,60910,train,3843342332.610164,5213210974.247109,-1369868641.6369452
2026-01-02,ethusdt,30,synthetic_maker_q99_30s_60s,0.1412977622023042,0.18343927651368988,-3.721757249393882,0.042141514311385686,13583512766.75853,13436931207.06962,146581559.68891,6548280,68611,train,1919319956.7894099,2464860939.1890726,-545540982.3996629
2026-01-02,ethusdt,120,synthetic_maker_q99_30s_60s,0.1049307115057214,0.10505248614924564,0.09376779639366159,0.00012177464352423895,13583512766.75853,13436931207.06962,146581559.68891,6548280,68611,train,1425327659.3630228,1411583029.5190477,13744629.843975067
2026-01-02,ethusdt,300,synthetic_maker_q99_30s_60s,0.5068805324633564,0.6167396055618581,-9.563750526654001,0.10985907309850174,13583512766.75853,13436931207.06962,146581559.68891,6548280,68611,train,6885218183.937363,8287087652.60994,-1401869468.6725779
2026-01-03,btcusdt,30,synthetic_maker_q99_30s_60s,-0.1303368031110338,-0.13528467125264912,2.335165443952983,-0.004947868141615325,4717389042.4997,4707940959.0062,9448083.493499998,1270956,2388,train,-614849406.8304316,-636912244.9160354,22062838.085603774
2026-01-03,btcusdt,120,synthetic_maker_q99_30s_60s,0.0391876752234203,0.051739574360668006,-6.215371792018555,0.012551899137247705,4717389042.4997,4707940959.0062,9448083.493499998,1270956,2388,train,184863509.6999999,243586861.33413592,-58723351.63413601
2026-01-03,btcusdt,300,synthetic_maker_q99_30s_60s,0.2575715597977407,0.26630576132029,-4.09464496332185,0.008734201522549279,4717389042.4997,4707940959.0062,9448083.493499998,1270956,2388,train,1215065253.8494182,1253751801.3391223,-38686547.48970407
2026-01-03,ethusdt,30,synthetic_maker_q99_30s_60s,0.0118363139058201,-0.003488258683784803,3.7665587986885662,-0.015324572589604903,4434897414.4128,4416870343.047279,18027071.36552,2150394,6631,train,52492837.93709983,-15407186.329286233,67900024.26638606
2026-01-03,ethusdt,120,synthetic_maker_q99_30s_60s,0.0839606027253923,0.04154057592148426,10.477426881436577,-0.04242002680390804,4434897414.4128,4416870343.047279,18027071.36552,2150394,6631,train,372356659.93938255,183479337.82070774,188877322.1186748
2026-01-03,ethusdt,300,synthetic_maker_q99_30s_60s,0.2603478349394773,0.21228365193930648,12.036706853648447,-0.04806418300017079,4434897414.4128,4416870343.047279,18027071.36552,2150394,6631,train,1154615940.021058,937629366.5644939,216986573.45656425
2026-01-04,btcusdt,30,synthetic_maker_q99_30s_60s,-0.0232821129890227,-0.04983363588253386,5.286698650932949,-0.02655152289351116,6238277636.3538,6207239545.9656,31038090.3882,1713566,8390,train,-145240284.78648263,-309329315.3693145,164089030.58283186
2026-01-04,btcusdt,120,synthetic_maker_q99_30s_60s,-0.3806553914425042,-0.4193186821134489,7.351531216309981,-0.038663290670944706,6238277636.3538,6207239545.9656,31038090.3882,1713566,8390,train,-2374634015.5932755,-2602811505.9767785,228177490.38350308
2026-01-04,btcusdt,300,synthetic_maker_q99_30s_60s,-0.2465500299521015,-0.2741908017246666,5.281267225612823,-0.027640771772565076,6238277636.3538,6207239545.9656,31038090.3882,1713566,8390,train,-1538047538.0925543,-1701967987.6053634,163920449.51280904
2026-01-04,ethusdt,30,synthetic_maker_q99_30s_60s,0.3688570412451249,0.35508178634766036,7.473708597513166,-0.013775254897464562,5674446939.007441,5663466316.61207,10980622.395370007,2931050,7399,train,2093059708.6247404,2010993736.622418,82065972.00232244
2026-01-04,ethusdt,120,synthetic_maker_q99_30s_60s,0.40935910241595524,0.40390059745997847,3.224687582363474,-0.005458504955976773,5674446939.007441,5663466316.61207,10980622.395370007,2931050,7399,train,2322886505.6590505,2287477428.9740787,35409076.68497193
2026-01-04,ethusdt,300,synthetic_maker_q99_30s_60s,0.6614602219286383,0.6524883938373883,5.28885240095972,-0.008971828091249967,5674446939.007441,5663466316.61207,10980622.395370007,2931050,7399,train,3753420931.598144,3695346040.478359,58074891.11978473
2026-01-05,btcusdt,30,synthetic_maker_q99_30s_60s,-0.0227417394575021,-0.025904020990458344,0.1911645538888273,-0.0031622815329562445,15726737986.6588,15497628945.2579,229109041.4009,3886693,61165,train,-357653377.80899554,-401450905.50029546,43797527.691299915
2026-01-05,btcusdt,120,synthetic_maker_q99_30s_60s,0.130880871447316,0.2115769253839655,-5.327644438640247,0.0806960539366495,15726737986.6588,15497628945.2579,229109041.4009,3886693,61165,train,2058329172.7175117,3278940682.9792147,-1220611510.261703
2026-01-05,btcusdt,300,synthetic_maker_q99_30s_60s,0.5842728192458735,0.7337827529413959,-9.52903157885029,0.14950993369552246,15726737986.6588,15497628945.2579,229109041.4009,3886693,61165,train,9188705541.00631,11371892831.515604,-2183187290.5092945
2026-01-05,ethusdt,30,synthetic_maker_q99_30s_60s,0.2723696062860439,0.22777398164794263,3.3281951717451466,-0.04459562463810127,13609215617.38143,13413464319.70929,195751297.67213994,6414696,83912,train,3706736699.56806,3055238175.792797,651498523.7752631
2026-01-05,ethusdt,120,synthetic_maker_q99_30s_60s,0.3830450136639732,0.42496089083876215,-2.489156241701536,0.04191587717478895,13609215617.38143,13413464319.70929,195751297.67213994,6414696,83912,train,5212942182.115828,5700197746.53761,-487255564.4217825
2026-01-05,ethusdt,300,synthetic_maker_q99_30s_60s,0.5012435877346004,0.6502707925777319,-9.710546160793088,0.14902720484313148,13609215617.38143,13413464319.70929,195751297.67213994,6414696,83912,train,6821532062.310023,8722384074.390488,-1900852012.0804634
2026-01-06,btcusdt,30,synthetic_maker_q99_30s_60s,-0.3007695131936717,-0.2929626234990585,-1.0080439690849536,0.007806889694613184,15275628113.858,15108856676.6824,166771437.1756,3474524,34736,train,-4594443231.532636,-4426330290.072142,-168112941.4604938
2026-01-06,btcusdt,120,synthetic_maker_q99_30s_60s,-0.1928027224774679,-0.12864382493578683,-6.005354343475532,0.06415889754168108,15275628113.858,15108856676.6824,166771437.1756,3474524,34736,train,-2945182687.9051704,-1943661113.2950246,-1001521574.6101463
2026-01-06,btcusdt,300,synthetic_maker_q99_30s_60s,-0.5284521585576463,-0.4410320157709315,-8.448383954964989,0.08742014278671478,15275628113.858,15108856676.6824,166771437.1756,3474524,34736,train,-8072438650.092127,-6663489516.111336,-1408949133.9807906
2026-01-06,ethusdt,30,synthetic_maker_q99_30s_60s,0.00018455432733250002,0.0708984274959894,-3.409708129771413,0.0707138731686569,13848981096.85716,13567617754.955301,281363341.90186006,6104719,105498,train,2555889.3905709814,961922763.692997,-959366874.3024259
2026-01-06,ethusdt,120,synthetic_maker_q99_30s_60s,0.0942319729467232,0.08011009842937124,0.7752026855483157,-0.01412187451735196,13848981096.85716,13567617754.955301,281363341.90186006,6104719,105498,train,1305016812.0587249,1086903193.801554,218113618.25717086
2026-01-06,ethusdt,300,synthetic_maker_q99_30s_60s,-0.5418387747195126,-0.6863266783824797,6.425510396864186,-0.14448790366296715,13848981096.85716,13567617754.955301,281363341.90186006,6104719,105498,train,-7503914948.634775,-9311818027.321629,1807903078.6868544
2026-01-07,btcusdt,30,synthetic_maker_q99_30s_60s,-0.05217789277268399,-0.04282011960444408,-0.8700000903552553,0.009357773168239908,12304093507.0582,12164898990.567001,139194516.4912,3044431,32145,train,-642001671.6763601,-520902429.75206006,-121099241.92430007
2026-01-07,btcusdt,120,synthetic_maker_q99_30s_60s,-0.1508604475921499,-0.1150338173538838,-3.28192731004613,0.0358266302382661,12304093507.0582,12164898990.567001,139194516.4912,3044431,32145,train,-1856201053.6904655,-1399374768.6093297,-456826285.0811357
2026-01-07,btcusdt,300,synthetic_maker_q99_30s_60s,0.1682153157185827,0.26874269140519536,-8.617370509364816,0.10052737568661266,12304093507.0582,12164898990.567001,139194516.4912,3044431,32145,train,2069736973.9207587,3269227695.3973203,-1199490721.4765615
2026-01-07,ethusdt,30,synthetic_maker_q99_30s_60s,0.0533844058287535,0.10983425867950838,-3.5481249611157484,0.056449852850754885,13236108413.85168,13031847970.423231,204260443.42845,5778688,83850,train,706601783.1584369,1431343361.0554914,-724741577.8970547
2026-01-07,ethusdt,120,synthetic_maker_q99_30s_60s,0.2110032837428339,0.3731821382361585,-10.136032785992949,0.1621788544933246,13236108413.85168,13031847970.423231,204260443.42845,5778688,83850,train,2792862339.298857,4863252890.771084,-2070390551.472227
2026-01-07,ethusdt,300,synthetic_maker_q99_30s_60s,0.9525496819949254,1.1827853087014382,-13.736519010178915,0.23023562670651276,13236108413.85168,13031847970.423231,204260443.42845,5778688,83850,train,12608050860.464775,15413878324.647251,-2805827464.182478
2026-01-08,btcusdt,30,synthetic_maker_q99_30s_60s,0.0196749179665145,0.05254735655928298,-2.027698989914882,0.03287243859276848,13520210729.7752,13306561852.2136,213648877.5616001,3551844,49632,train,266009036.9983162,699224650.226421,-433215613.2281048
2026-01-08,btcusdt,120,synthetic_maker_q99_30s_60s,0.3281901817206915,0.3542531223001131,-1.2950719426995414,0.0260629405794216,13520210729.7752,13306561852.2136,213648877.5616001,3551844,49632,train,4437200416.306966,4713891083.226244,-276690666.9192779
2026-01-08,btcusdt,300,synthetic_maker_q99_30s_60s,0.4383933197731306,0.5709248365258788,-7.8159857584865025,0.13253151675274816,13520210729.7752,13306561852.2136,213648877.5616001,3551844,49632,train,5927170065.858451,7597046650.196545,-1669876584.3380928
2026-01-08,ethusdt,30,synthetic_maker_q99_30s_60s,0.3030458746671001,0.3395901586337991,-4.143709159920911,0.03654428396669901,12312899623.21822,12212534675.818409,100364947.39981002,5939579,51388,train,3731373436.0063725,4147256587.8819456,-415883151.87557316
2026-01-08,ethusdt,120,synthetic_maker_q99_30s_60s,0.6992080891580137,0.7226886368198713,-2.157934867190356,0.023480547661857587,12312899623.21822,12212534675.818409,100364947.39981002,5939579,51388,train,8609279017.544838,8825860036.982615,-216581019.4377761
2026-01-08,ethusdt,300,synthetic_maker_q99_30s_60s,1.0405685541629446,1.095188194820595,-5.605618912613514,0.05461964065765046,12312899623.21822,12212534675.818409,100364947.39981002,5939579,51388,train,12812416158.485647,13375023805.793484,-562607647.3078356
2026-01-09,btcusdt,30,synthetic_maker_q99_30s_60s,-0.1833513921083317,-0.20235177535428467,0.758722209187708,-0.019000383245952962,11701757189.2934,11470414051.4874,231343137.806,3217793,52487,train,-2145533470.7706237,-2321058647.3672085,175525176.5965847
2026-01-09,btcusdt,120,synthetic_maker_q99_30s_60s,-0.2345736543657966,-0.5064769213624346,13.24688546295183,-0.271903266996638,11701757189.2934,11470414051.4874,231343137.806,3217793,52487,train,-2744923946.3937855,-5809499995.549748,3064576049.1559634
2026-01-09,btcusdt,300,synthetic_maker_q99_30s_60s,-0.37014957031897167,-0.7138046131986501,16.66889325625989,-0.3436550428796784,11701757189.2934,11470414051.4874,231343137.806,3217793,52487,train,-4331400395.593889,-8187634465.250324,3856234069.6564355
2026-01-09,ethusdt,30,synthetic_maker_q99_30s_60s,-0.3357915605778436,-0.2840264401121785,-4.9424984183656155,0.051765120465665115,10822158878.93017,10701902631.67108,120256247.25909,5687287,54928,train,-3633989618.777328,-3039623306.900691,-594366311.8766367
2026-01-09,ethusdt,120,synthetic_maker_q99_30s_60s,-0.0617126188040066,-0.0886615925733486,2.3365436038568568,-0.026948973769342,10822158878.93017,10701902631.67108,120256247.25909,5687287,54928,train,-667863765.531813,-948847730.8888685,280983965.3570554
2026-01-09,ethusdt,300,synthetic_maker_q99_30s_60s,0.0807736741313071,0.05888159041450777,2.029004669871688,-0.02189208371679932,10822158878.93017,10701902631.67108,120256247.25909,5687287,54928,train,874145534.6839373,630145047.4139993,244000487.269938
2026-01-10,btcusdt,30,synthetic_maker_q99_30s_60s,0.0161159759023699,0.016064811933415576,1.6864823830028286,-5.116396895432293e-05,2141846818.2898,2141781214.7029998,65603.58680000002,599672,60,train,34517951.71012606,34407312.41672606,110639.29339999694
2026-01-10,btcusdt,120,synthetic_maker_q99_30s_60s,0.112050317683105,0.11197632581616267,2.5276863886348426,-7.399186694233284e-05,2141846818.2898,2141781214.7029998,65603.58680000002,599672,60,train,239994616.41791975,239828791.12451977,165825.29339998448
2026-01-10,btcusdt,300,synthetic_maker_q99_30s_60s,0.2604766396598387,0.26043130492121364,1.7405343056634601,-4.533473862505799e-05,2141846818.2898,2141781214.7029998,65603.58680000002,599672,60,train,557901061.8942442,557786876.6008443,114185.29339997057
2026-01-10,ethusdt,30,synthetic_maker_q99_30s_60s,-0.0250050099118358,-0.024133387589579426,-1.5953336551917132,0.0008716223222563733,2049696398.15312,2048559330.4149601,1137067.7381600002,1070341,703,train,-51252678.7520729,-49438676.32115354,-1814002.430919367
2026-01-10,ethusdt,120,synthetic_maker_q99_30s_60s,0.2165563050613732,0.21725525168090337,-1.0426770465219977,0.000698946619530183,2049696398.15312,2048559330.4149601,1137067.7381600002,1070341,703,train,443874678.4816449,445060272.91256505,-1185594.430920117
2026-01-10,ethusdt,300,synthetic_maker_q99_30s_60s,0.2351135640565848,0.23596940779680836,-1.306788136759721,0.0008558437402235719,2049696398.15312,2048559330.4149601,1137067.7381600002,1070341,703,train,481911425.40372473,483397332.0346444,-1485906.630919697
2026-01-11,btcusdt,30,synthetic_maker_q99_30s_60s,0.0701555538278954,0.06383434115681712,1.0162624678530703,-0.006321212671078283,3632073527.9824,3607967657.3515,24105870.630900003,1021150,7232,train,254810129.8992432,230312238.3221379,24497891.577105284
2026-01-11,btcusdt,120,synthetic_maker_q99_30s_60s,0.0045612142974222,-0.01880842884078452,3.502336420077171,-0.02336964313820672,3632073527.9824,3607967657.3515,24105870.630900003,1021150,7232,train,16566665.705122013,-67860202.94314772,84426868.64826973
2026-01-11,btcusdt,300,synthetic_maker_q99_30s_60s,-0.0578298160826565,-0.021830455474623856,-5.445916840519912,0.035999360608032646,3632073527.9824,3607967657.3515,24105870.630900003,1021150,7232,train,-210042144.12190753,-78763577.29769486,-131278566.82421269
2026-01-11,ethusdt,30,synthetic_maker_q99_30s_60s,-0.2249118452096558,-0.26508448750193,6.9490988989878435,-0.040172642292274185,4446707518.174561,4421945742.525701,24761775.648859993,2105350,10424,train,-1000117193.0202894,-1172189220.9187665,172072027.89847696
2026-01-11,ethusdt,120,synthetic_maker_q99_30s_60s,-0.3691140804479061,-0.5180047908164682,26.219715903002875,-0.1488907103685621,4446707518.174561,4421945742.525701,24761775.648859993,2105350,10424,train,-1641342356.5917938,-2290589079.3587976,649246722.7670037
2026-01-11,ethusdt,300,synthetic_maker_q99_30s_60s,-0.5947457498038627,-0.6795340629410349,14.546709596921884,-0.08478831313717217,4446707518.174561,4421945742.525701,24761775.648859993,2105350,10424,train,-2644660397.0552025,-3004862756.5233006,360202359.4680983
2026-01-12,btcusdt,30,synthetic_maker_q99_30s_60s,-0.1775611737819322,-0.16591884252632924,-1.2379237493971496,0.011642331255602961,13992793576.8332,13840827166.0746,151966410.75860006,3690684,36232,train,-2484576851.9907846,-2296454023.0020714,-188122828.9887135
2026-01-12,btcusdt,120,synthetic_maker_q99_30s_60s,-0.4243920266112664,-0.42178317503524776,-0.6620015324577598,0.002608851576018645,13992793576.8332,13840827166.0746,151966410.75860006,3690684,36232,train,-5938430024.025353,-5837828027.221055,-100601996.80429864
2026-01-12,btcusdt,300,synthetic_maker_q99_30s_60s,-0.5105844350710328,-0.5349968091809457,1.7128506587905694,-0.024412374109912927,13992793576.8332,13840827166.0746,151966410.75860006,3690684,36232,train,-7144502603.492956,-7404798370.274862,260295766.7819064
2026-01-12,ethusdt,30,synthetic_maker_q99_30s_60s,0.1273581813950594,0.16592513277558532,-3.824667474981101,0.03856695138052593,11561359608.38831,11449625227.62421,111734380.76409999,5568117,45988,train,1472433734.178631,1899780586.1242385,-427346851.9456072
2026-01-12,ethusdt,120,synthetic_maker_q99_30s_60s,0.1236978053532981,0.09274489704263793,3.2954986193776,-0.030952908310660165,11561359608.38831,11449625227.62421,111734380.76409999,5568117,45988,train,1430114810.4578998,1061894312.9127972,368220497.5451026
2026-01-12,ethusdt,300,synthetic_maker_q99_30s_60s,0.0991893641129514,0.06021691841669342,4.092766760565122,-0.03897244569625798,11561359608.38831,11449625227.62421,111734380.76409999,5568117,45988,train,1146763907.8371973,689461148.2335619,457302759.6036354
2026-01-13,btcusdt,30,synthetic_maker_q99_30s_60s,-0.8408175015140437,-0.9059133443365591,2.771565214787713,-0.06509584282251546,16988625303.8118,16687905975.4003,300719328.4115,4089733,70078,train,-14284333482.109299,-15117796712.148933,833463230.0396357
2026-01-13,btcusdt,120,synthetic_maker_q99_30s_60s,-0.3333077605030597,-0.3761941668832972,2.0466001791584647,-0.042886406380237496,16988625303.8118,16687905975.4003,300719328.4115,4089733,70078,train,-5662440654.039124,-6277892885.4425125,615452231.4033891
2026-01-13,btcusdt,300,synthetic_maker_q99_30s_60s,-0.5100784890416682,-0.5372319251323733,0.9967551115264501,-0.027153436090705085,16988625303.8118,16687905975.4003,300719328.4115,4089733,70078,train,-8665532325.863375,-8965275853.592339,299743527.72896385
2026-01-13,ethusdt,30,synthetic_maker_q99_30s_60s,-0.7509770040012531,-0.7575288097607895,-0.2504273915172524,-0.0065518057595364,13882426573.66765,13703064104.7226,179362468.94505,6358664,85872,train,-10425383116.560314,-10380465841.326311,-44917275.23400306
2026-01-13,ethusdt,120,synthetic_maker_q99_30s_60s,-2.541449032847779,-2.5040615301158797,-5.397806606781794,0.03738750273189906,13882426573.66765,13703064104.7226,179362468.94505,6358664,85872,train,-35281479589.22795,-34313315669.347664,-968163919.8802853
2026-01-13,ethusdt,300,synthetic_maker_q99_30s_60s,-3.54711532489498,-3.477187467720384,-8.889514519137421,0.06992785717459604,13882426573.66765,13703064104.7226,179362468.94505,6358664,85872,train,-49242568046.18583,-47648122774.31047,-1594445271.875357
2026-01-14,btcusdt,30,synthetic_maker_q99_30s_60s,0.0311647168828137,0.04420410556072934,-0.8582122296762329,0.01303938867791564,15733426017.5577,15506087206.1162,227338811.44149995,4218072,51849,train,490327767.43388075,685432715.6930351,-195104948.25915435
2026-01-14,btcusdt,120,synthetic_maker_q99_30s_60s,0.0585162659806371,0.08301154380570393,-1.6122319519991568,0.02449527782506683,15733426017.5577,15506087206.1162,227338811.44149995,4218072,51849,train,920661341.6300822,1287184237.36558,-366522895.7354977
2026-01-14,btcusdt,300,synthetic_maker_q99_30s_60s,0.1808939863780576,0.23896070888859725,-3.779660119243591,0.05806672251053965,15733426017.5577,15506087206.1162,227338811.44149995,4218072,51849,train,2846082151.700259,3705345590.861935,-859263439.1616759
2026-01-14,ethusdt,30,synthetic_maker_q99_30s_60s,0.0577406398991709,0.13550786553598046,-7.757546653807052,0.07776722563680956,15061498577.86014,14913103434.32445,148395143.53569,7535600,69299,train,869660565.726097,2020842814.902606,-1151182249.1765091
2026-01-14,ethusdt,120,synthetic_maker_q99_30s_60s,-0.0079804944348061,0.07858453469782299,-8.70741096427174,0.08656502913262909,15061498577.86014,14913103434.32445,148395143.53569,7535600,69299,train,-120198205.58045284,1171939294.286893,-1292137499.8673458
2026-01-14,ethusdt,300,synthetic_maker_q99_30s_60s,0.552464120718391,0.7212205025035964,-16.406860266874084,0.16875638178520536,15061498577.86014,14913103434.32445,148395143.53569,7535600,69299,train,8320937568.518799,10755635952.791588,-2434698384.272789
2026-01-15,btcusdt,30,synthetic_maker_q99_30s_60s,-0.1279513781246305,-0.15249639645653268,2.1678235324459916,-0.024545018331902174,12994148917.7207,12856693035.271,137455882.4497,3705722,36194,train,-1662619261.5790393,-1960599358.2266288,297980096.6475896
2026-01-15,btcusdt,120,synthetic_maker_q99_30s_60s,-0.5320675046926714,-0.56728596773468,2.762029193357583,-0.035218463042008596,12994148917.7207,12856693035.271,137455882.4497,3705722,36194,train,-6913764390.256629,-7293421550.38143,379657160.1247996
2026-01-15,btcusdt,300,synthetic_maker_q99_30s_60s,-0.0575942669345785,-0.006654408741246915,-4.822163875598336,0.05093985819333159,12994148917.7207,12856693035.271,137455882.4497,3705722,36194,train,-748388481.3548703,-85553690.51743567,-662834790.8374346
2026-01-15,ethusdt,30,synthetic_maker_q99_30s_60s,-0.1311189672923929,-0.17084919267155432,3.1886904059093917,-0.03973022537916143,13010362217.70432,12856500473.25807,153861744.44625002,6590452,65699,train,-1705905258.0853572,-2196522726.4375973,490617468.3522401
2026-01-15,ethusdt,120,synthetic_maker_q99_30s_60s,-0.1104308388573404,-0.06581697687007199,-3.838310954980423,0.04461386198726841,13010362217.70432,12856500473.25807,153861744.44625002,6590452,65699,train,-1436745213.5389357,-846175994.2784959,-590569219.2604398
2026-01-15,ethusdt,300,synthetic_maker_q99_30s_60s,0.202644463327975,0.2263318564449004,-1.7766453329370626,0.023687393116925387,13010362217.70432,12856500473.25807,153861744.44625002,6590452,65699,train,2636477869.3092546,2909835619.4972396,-273357750.1879851
2026-01-16,btcusdt,30,synthetic_maker_q99_30s_60s,0.0558584750786153,0.058457306337821396,-0.6376164890931404,0.002598831259206097,8690245815.4679,8657800286.5259,32445528.942,2372032,8988,train,485423879.31035453,506111683.5611224,-20687804.250767916
2026-01-16,btcusdt,120,synthetic_maker_q99_30s_60s,0.090791530043172,0.07568726981245054,4.121228783418432,-0.015104260230721464,8690245815.4679,8657800286.5259,32445528.942,2372032,8988,train,789000714.0376036,655285266.2685974,133715447.7690062
2026-01-16,btcusdt,300,synthetic_maker_q99_30s_60s,0.2234714575047966,0.21295547643523574,3.0295673014005295,-0.010515981069560865,8690245815.4679,8657800286.5259,32445528.942,2372032,8988,train,1942021898.4575713,1843725984.8982434,98295913.55932772
2026-01-16,ethusdt,30,synthetic_maker_q99_30s_60s,0.0019899432750521,0.0012570347000617189,0.09828814268364072,-0.0007329085749903813,7840453207.00027,7781231628.40927,59221578.591000006,4116779,24764,train,15602057.132630859,9781278.166128207,5820778.966502652
2026-01-16,ethusdt,120,synthetic_maker_q99_30s_60s,0.2099131134885727,0.23448580421035042,-3.018737705834126,0.02457269072177773,7840453207.00027,7781231628.40927,59221578.591000006,4116779,24764,train,1645813943.8428915,1824588356.1345623,-178774412.29167074
2026-01-16,ethusdt,300,synthetic_maker_q99_30s_60s,0.6292290847055473,0.6065769516247632,3.605534319600452,-0.022652133080784065,7840453207.00027,7781231628.40927,59221578.591000006,4116779,24764,train,4933441195.117453,4719915761.046687,213525434.07076588
2026-01-17,btcusdt,30,synthetic_maker_q99_30s_60s,-0.1302003007138434,-0.1299932992201853,-0.3306958386008874,0.00020700149365809883,3179483118.2510004,3176203848.5588,3279269.6922000004,816101,1328,train,-413969658.11086875,-412885217.2700082,-1084440.840860553
2026-01-17,btcusdt,120,synthetic_maker_q99_30s_60s,-0.0585330818240863,-0.05589190244205099,-2.616701486791942,0.0026411793820353066,3179483118.2510004,3176203848.5588,3279269.6922000004,816101,1328,train,-186104945.51888686,-177524075.63971537,-8580869.879171494
2026-01-17,btcusdt,300,synthetic_maker_q99_30s_60s,0.37758896248751195,0.3828873843491047,-4.754306089666196,0.005298421861592739,3179483118.2510004,3176203848.5588,3279269.6922000004,816101,1328,train,1200537731.8669546,1216128383.7342389,-15590651.867284253
2026-01-17,ethusdt,30,synthetic_maker_q99_30s_60s,0.1408301458272181,0.14104679559095687,-0.016159762010459336,0.00021664976373877987,3504692636.68885,3499862743.8185997,4829892.87025,1572548,1337,train,493566375.1044682,493644425.0237875,-78049.91931925435
2026-01-17,ethusdt,120,synthetic_maker_q99_30s_60s,0.3064469069388927,0.3246863544470052,-12.910318871589388,0.018239447508112516,3504692636.68885,3499862743.8185997,4829892.87025,1572548,1337,train,1074002218.2848105,1136357675.355354,-62355457.0705436
2026-01-17,ethusdt,300,synthetic_maker_q99_30s_60s,0.5366641374975132,0.5446807400432571,-5.272369175574331,0.008016602545743878,3504692636.68885,3499862743.8185997,4829892.87025,1572548,1337,train,1880842851.062507,1906307829.3529391,-25464978.29043233
2026-01-18,btcusdt,30,synthetic_maker_q99_30s_60s,0.0950767995189432,0.16001449257475872,-4.685098667415215,0.06493769305581552,5198807449.2672,5129129290.8323,69678158.43490005,1231587,18145,train,494285973.5915661,820735020.8228625,-326449047.2312964
2026-01-18,btcusdt,120,synthetic_maker_q99_30s_60s,-0.5888123561900542,-0.4598947041171553,-10.078662837388155,0.12891765207289896,5198807449.2672,5129129290.8323,69678158.43490005,1231587,18145,train,-3061122063.581426,-2358859397.585955,-702262665.9954711
2026-01-18,btcusdt,300,synthetic_maker_q99_30s_60s,0.0006617385430982,-0.23530570537236628,17.37063183326684,-0.23596744391546448,5198807449.2672,5129129290.8323,69678158.43490005,1231587,18145,train,3440251.267326147,-1206913385.7253592,1210353636.9926853
2026-01-18,ethusdt,30,synthetic_maker_q99_30s_60s,-0.6355287847572082,-0.6598776576429246,2.1900924191412634,-0.02434887288571641,5620398466.25384,5572380289.17308,48018177.08075999,2613500,18054,train,-3571925007.10958,-3677089252.715135,105164245.6055552
2026-01-18,ethusdt,120,synthetic_maker_q99_30s_60s,-0.3059110309680167,-0.2622595017683611,-5.371553579108121,0.04365152919965559,5620398466.25384,5572380289.17308,48018177.08075999,2613500,18054,train,-1719341889.262772,-1461409678.3023682,-257932210.96040386
2026-01-18,ethusdt,300,synthetic_maker_q99_30s_60s,-0.0455032150332394,-0.01388751975778897,-3.714419610695674,0.031615695275450426,5620398466.25384,5572380289.17308,48018177.08075999,2613500,18054,train,-255746199.9824374,-77386541.36380497,-178359658.61863244
2026-01-19,btcusdt,30,synthetic_maker_q99_30s_60s,-0.4158252365436874,-0.8198088571905723,14.154283723198267,-0.40398362064688487,9203663768.932,8955359613.429499,248304155.50250006,2648543,59805,train,-3827115663.784714,-7341683130.416243,3514567466.631528
2026-01-19,btcusdt,120,synthetic_maker_q99_30s_60s,-0.3029943147734737,-1.2962125204489892,35.51850125556493,-0.9932182056755154,9203663768.932,8955359613.429499,248304155.50250006,2648543,59805,train,-2788657797.0729976,-11608049256.050535,8819391458.977537
2026-01-19,btcusdt,300,synthetic_maker_q99_30s_60s,0.4207189325727157,-0.3533412252728155,28.338040984256775,-0.7740601578455312,9203663768.932,8955359613.429499,248304155.50250006,2648543,59805,train,3872155596.623248,-3164297738.5678663,7036453335.191114
2026-01-19,ethusdt,30,synthetic_maker_q99_30s_60s,-0.4923184667841633,-0.7066307355333216,6.7303670691313755,-0.21431226874915826,10393640977.42283,10094127001.89919,299513975.52364,5047047,103291,train,-5116981390.30986,-7132820387.918787,2015838997.6089272
2026-01-19,ethusdt,120,synthetic_maker_q99_30s_60s,0.4873176685748953,-0.03390313310558582,18.053339284081204,-0.5212208016804811,10393640977.42283,10094127001.89919,299513975.52364,5047047,103291,train,5065004889.1221895,-342222531.3300762,5407227420.452266
2026-01-19,ethusdt,300,synthetic_maker_q99_30s_60s,1.095728039250408,0.5966940262191408,17.914017392855026,-0.49903401303126727,10393640977.42283,10094127001.89919,299513975.52364,5047047,103291,train,11388603848.864214,6023105281.9305725,5365498566.933641
2026-01-20,btcusdt,30,synthetic_maker_q99_30s_60s,-0.5947282400466387,-0.5660781054507775,-1.9581836820501923,0.028650134595861187,15333244816.5256,15017680009.3952,315564807.13039994,4361006,85762,train,-9119113703.936516,-8501179847.98445,-617933855.9520653
2026-01-20,btcusdt,120,synthetic_maker_q99_30s_60s,-0.2581107444140404,-0.07747278783836002,-8.854642956206613,0.18063795657568038,15333244816.5256,15017680009.3952,315564807.13039994,4361006,85762,train,-3957675233.876149,-1163461537.192255,-2794213696.683894
2026-01-20,btcusdt,300,synthetic_maker_q99_30s_60s,0.3200366390605967,0.627417546109932,-14.308172840449103,0.30738090704933524,15333244816.5256,15017680009.3952,315564807.13039994,4361006,85762,train,4907200136.974169,9422355939.758917,-4515155802.784748
2026-01-20,ethusdt,30,synthetic_maker_q99_30s_60s,0.1753312892215743,0.1593386200320447,0.8262719147120068,-0.0159926691895296,16479428640.91059,16084261608.781818,395167032.1287699,7594478,150166,train,2889359469.2457895,2562844048.9776897,326515420.2680998
2026-01-20,ethusdt,120,synthetic_maker_q99_30s_60s,0.5080775656975477,0.6485463228789503,-5.209343308698412,0.14046875718140261,16479428640.91059,16084261608.781818,395167032.1287699,7594478,150166,train,8372827987.9602995,10431388722.598518,-2058560734.638218
2026-01-20,ethusdt,300,synthetic_maker_q99_30s_60s,1.1043685522263147,1.3160886796827114,-7.5131568003026805,0.21172012745639668,16479428640.91059,16084261608.781818,395167032.1287699,7594478,150166,train,18199362749.67929,21168314624.372986,-2968951874.693695
2026-01-21,btcusdt,30,synthetic_maker_q99_30s_60s,-0.2483930740001603,-0.25076393624702475,-0.13480215138187082,-0.002370862246864447,16474562600.3757,16137736821.5361,336825778.8396,5286663,95257,train,-4092167247.1153946,-4046762407.486943,-45404839.6284523
2026-01-21,btcusdt,120,synthetic_maker_q99_30s_60s,-0.3899741179813513,-0.4648456030407214,3.197210703466273,-0.07487148505937014,16474562600.3757,16137736821.5361,336825778.8396,5286663,95257,train,-6424653019.210071,-7501556004.519403,1076902985.3093328
2026-01-21,btcusdt,300,synthetic_maker_q99_30s_60s,-0.2387170266331652,-0.3186817407593072,3.592490655934313,-0.079964714126142,16474562600.3757,16137736821.5361,336825778.8396,5286663,95257,train,-3932758599.0436335,-5142802062.202694,1210043463.1590605
2026-01-21,ethusdt,30,synthetic_maker_q99_30s_60s,-0.3011973995368585,-0.22634046541809733,-3.4128048510433575,0.07485693411876115,17846882831.24551,17427620987.821,419261843.42450994,9238441,198318,train,-5375434698.610154,-3944575845.513606,-1430858853.096548
2026-01-21,ethusdt,120,synthetic_maker_q99_30s_60s,-0.3683198971765424,-0.2019824454771284,-7.28253379419988,0.166337451699414,17846882831.24551,17427620987.821,419261843.42450994,9238441,198318,train,-6573362049.326146,-3520073505.9686136,-3053288543.3575325
2026-01-21,ethusdt,300,synthetic_maker_q99_30s_60s,-0.5522197740234037,-0.18347801583944,-15.879852623994275,0.3687417581839637,17846882831.24551,17427620987.821,419261843.42450994,9238441,198318,train,-9855401604.09256,-3197585319.6471786,-6657816284.445381
2026-01-22,btcusdt,30,synthetic_maker_q99_30s_60s,-0.0164353311152397,-0.01608726774826067,-0.11773824326651793,0.00034806336697902965,8690556672.4113,8660799314.9349,29757357.476400003,3160315,8184,train,-142832176.48683545,-139328597.49331033,-3503578.9935251195
2026-01-22,btcusdt,120,synthetic_maker_q99_30s_60s,0.1727680375432468,0.13518995304076925,11.109769038849777,-0.03757808450247754,8690556672.4113,8660799314.9349,29757357.476400003,3160315,8184,train,1501450421.4508696,1170853052.6815758,330597368.76929367
2026-01-22,btcusdt,300,synthetic_maker_q99_30s_60s,0.534827299291555,0.4649986185418854,20.858278092231753,-0.06982868074966964,8690556672.4113,8660799314.9349,29757357.476400003,3160315,8184,train,4647946954.445939,4027259716.913236,620687237.5327029
2026-01-22,ethusdt,30,synthetic_maker_q99_30s_60s,-0.0728895352572663,-0.05634480374628731,-1.9041696225218634,0.01654473151097899,9952748859.68369,9863635673.19192,89113186.49177,6344967,48669,train,-725451238.9146312,-555764616.2308772,-169686622.6837541
2026-01-22,ethusdt,120,synthetic_maker_q99_30s_60s,-0.2891540171301117,-0.34083841858012215,5.431616678652128,-0.051684401450010464,9952748859.68369,9863635673.19192,89113186.49177,6344967,48669,train,-2877877314.264677,-3361905984.3012123,484028670.03653544
2026-01-22,ethusdt,300,synthetic_maker_q99_30s_60s,-0.0286539335714122,0.0722604545858055,-11.198524501018763,0.1009143881572177,9952748859.68369,9863635673.19192,89113186.49177,6344967,48669,train,-285185404.67832494,712750797.6136158,-997936202.2919406
2026-01-23,btcusdt,30,synthetic_maker_q99_30s_60s,-0.2460659058975877,-0.2110377748566357,-2.256231601866739,0.03502813104095201,10260028769.2721,10084304773.1072,175723996.1649,3218903,45979,train,-2524643273.646251,-2128169240.292694,-396474033.35355705
2026-01-23,btcusdt,120,synthetic_maker_q99_30s_60s,-0.0448736638186898,0.020247048948146645,-3.781967793902693,0.06512071276683644,10260028769.2721,10084304773.1072,175723996.1649,3218903,45979,train,-460405081.7624019,204177412.34913033,-664582494.1115322
2026-01-23,btcusdt,300,synthetic_maker_q99_30s_60s,0.3734467919544949,0.5355296412149732,-8.928031014767146,0.16208284926047822,10260028769.2721,10084304773.1072,175723996.1649,3218903,45979,train,3831574829.2454906,5400444117.04454,-1568869287.7990503
2026-01-23,ethusdt,30,synthetic_maker_q99_30s_60s,-0.1079483836498818,-0.1506852834088887,3.8390433379533992,-0.04273689975900691,9596959507.5243,9494159458.85225,102800048.67205006,6314483,64198,train,-1035976266.7906138,-1430630108.7863326,394653841.99571896
2026-01-23,ethusdt,120,synthetic_maker_q99_30s_60s,-0.2131974100074129,-0.1756951202614815,-3.676743619560504,0.037502289745931394,9596959507.5243,9494159458.85225,102800048.67205006,6314483,64198,train,-2046046910.9501975,-1668077487.9047282,-377969423.0454693
2026-01-23,ethusdt,300,synthetic_maker_q99_30s_60s,0.3830485579113928,0.3740835817884276,1.2110142442678893,-0.008964976122965207,9596959507.5243,9494159458.85225,102800048.67205006,6314483,64198,train,3676101499.6912136,3551609176.4379287,124492323.25328493
2026-01-24,btcusdt,30,synthetic_maker_q99_30s_60s,-0.2487249320217548,-0.2487249320217548,,0.0,2457569544.7313995,2457569544.7313995,0.0,704903,0,train,-611258817.9520522,-611258817.9520522,0.0
2026-01-24,btcusdt,120,synthetic_maker_q99_30s_60s,-0.179571735638628,-0.179571735638628,,0.0,2457569544.7313995,2457569544.7313995,0.0,704903,0,train,-441310028.6000502,-441310028.6000502,0.0
2026-01-24,btcusdt,300,synthetic_maker_q99_30s_60s,-0.12477388906825751,-0.12477388906825751,,0.0,2457569544.7313995,2457569544.7313995,0.0,704903,0,train,-306640509.75184375,-306640509.75184375,0.0
2026-01-24,ethusdt,30,synthetic_maker_q99_30s_60s,-0.155096666692638,-0.1551828414088908,3.451711844731679,-8.617471625280149e-05,2233520686.41148,2233467323.8855,53362.525980000384,1449072,34,train,-346411613.45147336,-346595805.5144633,184192.06298996927
2026-01-24,ethusdt,120,synthetic_maker_q99_30s_60s,0.0371626463822302,0.037103691917618704,2.5046783400034878,-5.895446461149506e-05,2233520686.41148,2233467323.8855,53362.525980000384,1449072,34,train,83003539.4565059,82869883.49351591,133655.96298998035
2026-01-24,ethusdt,300,synthetic_maker_q99_30s_60s,0.1288715637598529,0.12895521935990623,-3.3725003399848066,8.36556000533284e-05,2233520686.41148,2233467323.8855,53362.525980000384,1449072,34,train,287837303.5478274,288017268.6848374,-179965.13700999937
2026-01-25,btcusdt,30,synthetic_maker_q99_30s_60s,0.3865175186062501,0.43025486506615546,-2.0303979995382977,0.043737346459905346,9638205865.3693,9466889725.962,171316139.40730006,2729945,49814,train,3725335414.8987474,4073175361.6399536,-347839946.74120617
2026-01-25,btcusdt,120,synthetic_maker_q99_30s_60s,0.905276371550544,0.9431601490411352,-1.188172296783304,0.03788377749059124,9638205865.3693,9466889725.962,171316139.40730006,2729945,49814,train,8725240034.058691,8928793124.894312,-203553090.8356204
2026-01-25,btcusdt,300,synthetic_maker_q99_30s_60s,0.6285311914731798,0.5709055115223283,3.812912764427571,-0.05762567995085155,9638205865.3693,9466889725.962,171316139.40730006,2729945,49814,train,6057913016.224357,5404699521.525809,653213494.6985476
2026-01-25,ethusdt,30,synthetic_maker_q99_30s_60s,0.5401578824970519,0.598862293344166,-2.1696222368696705,0.058704410847114086,9616520425.135998,9412606637.720598,203913787.41540003,5461345,121872,train,5194439309.83111,5636855197.411877,-442415887.5807667
2026-01-25,ethusdt,120,synthetic_maker_q99_30s_60s,1.2531455638937363,1.3929188350135087,-5.19875176091919,0.13977327111977234,9616520425.135998,9412606637.720598,203913787.41540003,5461345,121872,train,12050899910.852682,13110997072.254194,-1060097161.4015121
2026-01-25,ethusdt,300,synthetic_maker_q99_30s_60s,1.4079404756814062,1.4547241063278709,-0.7515795741449294,0.046783630646464625,9616520425.135998,9412606637.720598,203913787.41540003,5461345,121872,train,13539488341.765936,13692745779.273882,-153257437.507946
2026-01-26,btcusdt,30,synthetic_maker_q99_30s_60s,-0.1516416777612345,-0.14969960145888653,-0.3588741972914927,0.001942076302347967,10662750389.6195,10563752350.3638,98998039.25569999,3585953,30589,train,-1616917358.6311576,-1581389516.7598367,-35527841.87132102
2026-01-26,btcusdt,120,synthetic_maker_q99_30s_60s,-0.1108458045127249,-0.07990304720298322,-3.412644786745598,0.030942757309741678,10662750389.6195,10563752350.3638,98998039.25569999,3585953,30589,train,-1181921145.2557442,-844076002.6917436,-337845142.5640006
2026-01-26,btcusdt,300,synthetic_maker_q99_30s_60s,-0.1466500417477277,-0.11885116500676748,-3.112975958075244,0.02779887674096021,10662750389.6195,10563752350.3638,98998039.25569999,3585953,30589,train,-1563692789.7832992,-1255514273.6837158,-308178516.0995833
2026-01-26,ethusdt,30,synthetic_maker_q99_30s_60s,-0.3329150149172735,-0.3426982514789072,0.621752705579016,-0.009783236561633712,13525800239.78038,13388596681.15171,137203558.62866998,7853118,74192,train,-4502941988.594546,-4588248672.3869915,85306683.7924447
2026-01-26,ethusdt,120,synthetic_maker_q99_30s_60s,-0.3790593846446362,-0.4186842781427596,3.48761669054215,-0.039624893498123426,13525800239.78038,13388596681.15171,137203558.62866998,7853118,74192,train,-5127081515.717423,-5605594936.792551,478513421.07512784
2026-01-26,ethusdt,300,synthetic_maker_q99_30s_60s,-0.4500989883588115,-0.5056969916512294,4.975264973039073,-0.055598003292417875,13525800239.78038,13388596681.15171,137203558.62866998,7853118,74192,train,-6087949004.668519,-6770573064.0900545,682624059.4215345
2026-01-27,btcusdt,30,synthetic_maker_q99_30s_60s,0.0131413099096243,0.01938825651341164,-0.913301743602452,0.006246946603787339,9431793152.5379,9368621135.903702,63172016.63420001,3074067,23701,train,123946116.82097293,181641229.7598709,-57695112.93889797
2026-01-27,btcusdt,120,synthetic_maker_q99_30s_60s,0.1484751277649784,0.13505547683601277,2.1386541979941978,-0.013419650928965632,9431793152.5379,9368621135.903702,63172016.63420001,3074067,23701,train,1400386693.3759131,1265283594.805422,135103098.57049114
2026-01-27,btcusdt,300,synthetic_maker_q99_30s_60s,0.1999187550293943,0.21833277911327087,-2.5309425411707105,0.018414024083876573,9431793152.5379,9368621135.903702,63172016.63420001,3074067,23701,train,1885592344.750143,2045477089.0611837,-159884744.31104055
2026-01-27,ethusdt,30,synthetic_maker_q99_30s_60s,-0.1673377907500295,-0.18074833595588902,1.837260756428524,-0.01341054520585952,10952908877.24689,10880122049.780008,72786827.46688002,6507520,42958,train,-1832835573.8048804,-1966563955.4947128,133728381.68983245
2026-01-27,ethusdt,120,synthetic_maker_q99_30s_60s,-0.244924195985288,-0.21994950701031477,-3.9781225460115692,0.024974688974973236,10952908877.24689,10880122049.780008,72786827.46688002,6507520,42958,train,-2682632400.459818,-2393077481.061168,-289554919.3986496
2026-01-27,ethusdt,300,synthetic_maker_q99_30s_60s,-0.21581167786725738,-0.10039407836700558,-17.468350536313476,0.11541759950025181,10952908877.24689,10880122049.780008,72786827.46688002,6507520,42958,train,-2363765642.3258295,-1092299825.7081995,-1271465816.6176302
2026-01-28,btcusdt,30,synthetic_maker_q99_30s_60s,-0.1163112805533254,-0.12383928980599686,0.7587480050132378,-0.007528009252671455,10129705775.081202,10043304668.641901,86401106.43929999,3436567,22892,train,-1178199050.3281102,-1243755717.4698656,65556667.141755275
2026-01-28,btcusdt,120,synthetic_maker_q99_30s_60s,-0.1041460499809892,-0.08802852575452377,-1.9776545382586381,0.016117524226465424,10129705775.081202,10043304668.641901,86401106.43929999,3436567,22892,train,-1054968843.9443218,-884097303.6840724,-170871540.26024926
2026-01-28,btcusdt,300,synthetic_maker_q99_30s_60s,0.1385251761074499,0.1744690985789416,-4.0396130358244555,0.035943922471491696,10129705775.081202,10043304668.641901,86401106.43929999,3436567,22892,train,1403219276.4097757,1752246312.2916284,-349027035.8818525
2026-01-28,ethusdt,30,synthetic_maker_q99_30s_60s,-0.0588887687088697,-0.02423268503993525,-5.922364262907607,0.034656083668934454,8568024341.45563,8517680573.342831,50343768.11280002,5603755,32074,train,-504560403.73594624,-206406270.6045919,-298154133.13135433
2026-01-28,ethusdt,120,synthetic_maker_q99_30s_60s,0.3213326307530569,0.3843070278524418,-10.333328688788262,0.0629743970993849,8568024341.45563,8517680573.342831,50343768.11280002,5603755,32074,train,2753185801.9961658,3273404505.337866,-520218703.3417001
2026-01-28,ethusdt,300,synthetic_maker_q99_30s_60s,0.387204332426968,0.45259559981778863,-10.676368157281956,0.06539126739082063,8568024341.45563,8517680573.342831,50343768.11280002,5603755,32074,train,3317576145.3513393,3855064748.148424,-537488602.7970848
2026-01-29,btcusdt,30,synthetic_maker_q99_30s_60s,0.134376843174822,0.12271689659599702,0.6261543550868207,-0.011659946578824992,17337945894.413902,16936387529.008503,401558365.4053999,4837305,127185,train,2329818436.427206,2078380917.10707,251437519.32013607
2026-01-29,btcusdt,120,synthetic_maker_q99_30s_60s,0.1491516989296606,-0.1067931322531271,10.94404783459378,-0.2559448311827877,17337945894.413902,16936387529.008503,401558365.4053999,4837305,127185,train,2585984086.1023674,-1808689873.2756176,4394673959.377985
2026-01-29,btcusdt,300,synthetic_maker_q99_30s_60s,-0.3102964023277049,-0.7356156045970472,17.62824367985948,-0.42531920226934233,17337945894.413902,16936387529.008503,401558365.4053999,4837305,127185,train,-5379902234.789036,-12458670951.84148,7078768717.052444
2026-01-29,ethusdt,30,synthetic_maker_q99_30s_60s,-0.0284090294768756,0.033791457416922605,-2.599672059653741,0.0622004868937982,15233587098.39992,14873780885.58648,359806212.8134401,8165856,196070,train,-432771424.91699517,502606733.4239329,-935378158.3409281
2026-01-29,ethusdt,120,synthetic_maker_q99_30s_60s,0.5375112796193257,0.20238662277938288,14.39099834483344,-0.33512465683994275,15233587098.39992,14873780885.58648,359806212.8134401,8165856,196070,train,8188224894.453391,3010254281.3943863,5177970613.059005
2026-01-29,ethusdt,300,synthetic_maker_q99_30s_60s,0.0988883044215052,-0.4000556777303273,20.724389478177557,-0.4989439821518325,15233587098.39992,14873780885.58648,359806212.8134401,8165856,196070,train,1506423598.4180853,-5950340492.595687,7456764091.013772
2026-01-30,btcusdt,30,synthetic_maker_q99_30s_60s,0.175979837358549,0.13909496467112692,3.5388260399122604,-0.03688487268742208,19363486756.1627,19153405509.1526,210081247.0100999,7025944,73023,train,3407583250.0439296,2664142262.6273484,743440987.4165812
2026-01-30,btcusdt,120,synthetic_maker_q99_30s_60s,-0.0021517658003508,-0.03616298962181452,3.0986997903774696,-0.034011223821463724,19363486756.1627,19153405509.1526,210081247.0100999,7025944,73023,train,-41665688.57745655,-692644404.6498905,650978716.072434
2026-01-30,btcusdt,300,synthetic_maker_q99_30s_60s,-0.992776692087915,-1.1364018177431292,12.10172989585643,-0.14362512565521424,19363486756.1627,19153405509.1526,210081247.0100999,7025944,73023,train,-19223618329.071358,-21765964836.57228,2542346507.500925
2026-01-30,ethusdt,30,synthetic_maker_q99_30s_60s,-0.2872048197085159,-0.37034241509729016,5.481935724001986,-0.08313759538877424,18026448907.53639,17770364767.317818,256084140.21857,13000669,158500,train,-5177283008.4737625,-6581119805.088275,1403836796.6145127
2026-01-30,ethusdt,120,synthetic_maker_q99_30s_60s,-0.8435096028889011,-0.8753506088401359,1.3660231304886585,-0.031841005951234846,18026448907.53639,17770364767.317818,256084140.21857,13000669,158500,train,-15205482759.493084,-15555299618.382952,349816858.88986754
2026-01-30,ethusdt,300,synthetic_maker_q99_30s_60s,-1.2355660686459404,-1.3661429710396975,7.825515120306406,-0.13057690239375708,18026448907.53639,17770364767.317818,256084140.21857,13000669,158500,train,-22272868608.331642,-24276858919.682728,2003990311.3510852
2026-01-31,btcusdt,30,synthetic_maker_q99_30s_60s,0.0691775640015479,0.13606760268976278,-2.138316837553817,0.06689003868821489,19094474308.4742,18532902525.522602,561571782.9516001,6777612,188219,train,1320909218.5503862,2521727617.5309105,-1200818398.980524
2026-01-31,btcusdt,120,synthetic_maker_q99_30s_60s,2.1914200577311096,2.337184607410153,-2.6190783912467706,0.1457645496790434,19094474308.4742,18532902525.522602,561571782.9516001,6777612,188219,train,41844013991.42172,43314814513.28417,-1470800521.8624573
2026-01-31,btcusdt,300,synthetic_maker_q99_30s_60s,2.016448962335236,2.3423044248793077,-8.737381105474373,0.3258554625440717,19094474308.4742,18532902525.522602,561571782.9516001,6777612,188219,train,38503032905.65962,43409699591.38849,-4906666685.728867
2026-01-31,ethusdt,30,synthetic_maker_q99_30s_60s,0.050787754618549,-0.08021579231108046,4.060334183870442,-0.13100354692962946,21794117072.29702,21104569390.20298,689547682.0940402,13937271,401411,train,1106874269.9957507,-1692919755.0193083,2799794025.0150595
2026-01-31,ethusdt,120,synthetic_maker_q99_30s_60s,2.4097190438372125,2.4252662641246334,1.933874663671633,0.015547220287420949,21794117072.29702,21104569390.20298,689547682.0940402,13937271,401411,train,52517698952.73184,51184200160.936676,1333498791.795166
2026-01-31,ethusdt,300,synthetic_maker_q99_30s_60s,3.0529152703336133,2.3610091348212965,24.229668419705238,-0.6919061355123168,21794117072.29702,21104569390.20298,689547682.0940402,13937271,401411,train,66535592813.45407,49828081116.73915,16707511696.714912
