date,split,symbol,rule,horizon_s,pnl_all,pnl_kept,pnl_filtered,all_clipped_turnover,kept_clipped_turnover,filtered_clipped_turnover,kept_trade_count,filtered_trade_count
2026-02-01,validation,btcusdt,baseline_liq1s_d200_gt_100k,30,-0.3296051671913012,4.6541322633673685,-0.3734105310320733,13595179919.170898,118455839.6009,13476724079.57,28188,6731327
2026-02-01,validation,btcusdt,baseline_liq1s_d200_gt_100k,120,-0.570508366859986,-0.508469360222182,-0.5710536687134553,13595179919.170898,118455839.6009,13476724079.57,28188,6731327
2026-02-01,validation,btcusdt,baseline_liq1s_d200_gt_100k,300,0.13480203601789822,20.882917372165476,-0.04756686964260044,13595179919.170898,118455839.6009,13476724079.57,28188,6731327
2026-02-01,validation,btcusdt,liq2s_d0_gt_2m,30,-0.3296051671913012,-8.114676678624548,-0.32838948438116317,13595179919.170898,2122632.5354,13593057286.6355,395,6759120
2026-02-01,validation,btcusdt,liq2s_d0_gt_2m,120,-0.570508366859986,-14.000938333256492,-0.5684111294975631,13595179919.170898,2122632.5354,13593057286.6355,395,6759120
2026-02-01,validation,btcusdt,liq2s_d0_gt_2m,300,0.13480203601789822,-18.446792640404414,0.1377036567929809,13595179919.170898,2122632.5354,13593057286.6355,395,6759120
2026-02-01,validation,btcusdt,liq2s_d200_gt_1m,30,-0.3296051671913012,0.13556900585812,-0.3299546094145088,13595179919.170898,10205131.8988,13584974787.2721,2452,6757063
2026-02-01,validation,btcusdt,liq2s_d200_gt_1m,120,-0.570508366859986,6.486863320290194,-0.5758099158178611,13595179919.170898,10205131.8988,13584974787.2721,2452,6757063
2026-02-01,validation,btcusdt,liq2s_d200_gt_1m,300,0.13480203601789822,21.60732707078649,0.11867171898665847,13595179919.170898,10205131.8988,13584974787.2721,2452,6757063
2026-02-01,validation,btcusdt,liq2s_d200_gt_2m,30,-0.3296051671913012,-8.114676678624548,-0.32838948438116317,13595179919.170898,2122632.5354,13593057286.6355,395,6759120
2026-02-01,validation,btcusdt,liq2s_d200_gt_2m,120,-0.570508366859986,-14.000938333256492,-0.5684111294975631,13595179919.170898,2122632.5354,13593057286.6355,395,6759120
2026-02-01,validation,btcusdt,liq2s_d200_gt_2m,300,0.13480203601789822,-18.446792640404414,0.1377036567929809,13595179919.170898,2122632.5354,13593057286.6355,395,6759120
2026-02-01,validation,btcusdt,bybit5s_d0_gt_2m,30,-0.3296051671913012,,-0.3296051671913012,13595179919.170898,0.0,13595179919.170898,0,6759515
2026-02-01,validation,btcusdt,bybit5s_d0_gt_2m,120,-0.570508366859986,,-0.570508366859986,13595179919.170898,0.0,13595179919.170898,0,6759515
2026-02-01,validation,btcusdt,bybit5s_d0_gt_2m,300,0.13480203601789822,,0.13480203601789822,13595179919.170898,0.0,13595179919.170898,0,6759515
2026-02-01,validation,btcusdt,bybit5s_d200_gt_2m,30,-0.3296051671913012,,-0.3296051671913012,13595179919.170898,0.0,13595179919.170898,0,6759515
2026-02-01,validation,btcusdt,bybit5s_d200_gt_2m,120,-0.570508366859986,,-0.570508366859986,13595179919.170898,0.0,13595179919.170898,0,6759515
2026-02-01,validation,btcusdt,bybit5s_d200_gt_2m,300,0.13480203601789822,,0.13480203601789822,13595179919.170898,0.0,13595179919.170898,0,6759515
2026-02-01,validation,btcusdt,return1s_gt_20,30,-0.3296051671913012,15.31744663475184,-0.3303472900672668,13595179919.170898,644774.2135,13594535144.9574,165,6759350
2026-02-01,validation,btcusdt,return1s_gt_20,120,-0.570508366859986,24.25229061482904,-0.5716856855781051,13595179919.170898,644774.2135,13594535144.9574,165,6759350
2026-02-01,validation,btcusdt,return1s_gt_20,300,0.13480203601789822,56.21895362406552,0.13214202489251517,13595179919.170898,644774.2135,13594535144.9574,165,6759350
2026-02-01,validation,btcusdt,return5s_gt_20,30,-0.3296051671913012,4.080105878321107,-0.3508161282271868,13595179919.170898,65080547.82169999,13530099371.349201,19398,6740117
2026-02-01,validation,btcusdt,return5s_gt_20,120,-0.570508366859986,-0.3429748164101101,-0.5716028161840204,13595179919.170898,65080547.82169999,13530099371.349201,19398,6740117
2026-02-01,validation,btcusdt,return5s_gt_20,300,0.13480203601789822,-14.468759365506031,0.2050459972833678,13595179919.170898,65080547.82169999,13530099371.349201,19398,6740117
2026-02-01,validation,btcusdt,return5s_gt_50,30,-0.3296051671913012,,-0.3296051671913012,13595179919.170898,0.0,13595179919.170898,0,6759515
2026-02-01,validation,btcusdt,return5s_gt_50,120,-0.570508366859986,,-0.570508366859986,13595179919.170898,0.0,13595179919.170898,0,6759515
2026-02-01,validation,btcusdt,return5s_gt_50,300,0.13480203601789822,,0.13480203601789822,13595179919.170898,0.0,13595179919.170898,0,6759515
2026-02-01,validation,btcusdt,return5s_gt_100,30,-0.3296051671913012,,-0.3296051671913012,13595179919.170898,0.0,13595179919.170898,0,6759515
2026-02-01,validation,btcusdt,return5s_gt_100,120,-0.570508366859986,,-0.570508366859986,13595179919.170898,0.0,13595179919.170898,0,6759515
2026-02-01,validation,btcusdt,return5s_gt_100,300,0.13480203601789822,,0.13480203601789822,13595179919.170898,0.0,13595179919.170898,0,6759515
2026-02-01,validation,btcusdt,return30s_gt_50,30,-0.3296051671913012,-2.6731706765270133,-0.3259092362870026,13595179919.170898,21406582.4758,13573773336.6951,4851,6754664
2026-02-01,validation,btcusdt,return30s_gt_50,120,-0.570508366859986,-27.809093292808203,-0.5275516296080759,13595179919.170898,21406582.4758,13573773336.6951,4851,6754664
2026-02-01,validation,btcusdt,return30s_gt_50,300,0.13480203601789822,-32.30918084339771,0.18596797036233834,13595179919.170898,21406582.4758,13573773336.6951,4851,6754664
2026-02-01,validation,btcusdt,neg_return30s_gt_50,30,-0.3296051671913012,7.815994652161078,-0.34007766730279276,13595179919.170898,17456383.126900002,13577723536.043999,5199,6754316
2026-02-01,validation,btcusdt,neg_return30s_gt_50,120,-0.570508366859986,34.674009322355275,-0.6158209556951098,13595179919.170898,17456383.126900002,13577723536.043999,5199,6754316
2026-02-01,validation,btcusdt,neg_return30s_gt_50,300,0.13480203601789822,35.50166202629663,0.08933215615572405,13595179919.170898,17456383.126900002,13577723536.043999,5199,6754316
2026-02-01,validation,btcusdt,baseline_or_return5s_gt_50,30,-0.3296051671913012,4.6541322633673685,-0.3734105310320733,13595179919.170898,118455839.6009,13476724079.57,28188,6731327
2026-02-01,validation,btcusdt,baseline_or_return5s_gt_50,120,-0.570508366859986,-0.508469360222182,-0.5710536687134553,13595179919.170898,118455839.6009,13476724079.57,28188,6731327
2026-02-01,validation,btcusdt,baseline_or_return5s_gt_50,300,0.13480203601789822,20.882917372165476,-0.04756686964260044,13595179919.170898,118455839.6009,13476724079.57,28188,6731327
2026-02-01,validation,btcusdt,baseline_and_return5s_gt_20,30,-0.3296051671913012,1.4165113195043646,-0.3311440097872829,13595179919.170898,11970805.460900001,13583209113.71,2083,6757432
2026-02-01,validation,btcusdt,baseline_and_return5s_gt_20,120,-0.570508366859986,-25.671210433915924,-0.5483872599211657,13595179919.170898,11970805.460900001,13583209113.71,2083,6757432
2026-02-01,validation,btcusdt,baseline_and_return5s_gt_20,300,0.13480203601789822,-26.550713069278476,0.15831982973477343,13595179919.170898,11970805.460900001,13583209113.71,2083,6757432
2026-02-01,validation,btcusdt,liq2s_or_return5s_gt_50,30,-0.3296051671913012,-8.114676678624548,-0.32838948438116317,13595179919.170898,2122632.5354,13593057286.6355,395,6759120
2026-02-01,validation,btcusdt,liq2s_or_return5s_gt_50,120,-0.570508366859986,-14.000938333256492,-0.5684111294975631,13595179919.170898,2122632.5354,13593057286.6355,395,6759120
2026-02-01,validation,btcusdt,liq2s_or_return5s_gt_50,300,0.13480203601789822,-18.446792640404414,0.1377036567929809,13595179919.170898,2122632.5354,13593057286.6355,395,6759120
2026-02-01,validation,btcusdt,liq2s_and_return5s_gt_20,30,-0.3296051671913012,,-0.3296051671913012,13595179919.170898,0.0,13595179919.170898,0,6759515
2026-02-01,validation,btcusdt,liq2s_and_return5s_gt_20,120,-0.570508366859986,,-0.570508366859986,13595179919.170898,0.0,13595179919.170898,0,6759515
2026-02-01,validation,btcusdt,liq2s_and_return5s_gt_20,300,0.13480203601789822,,0.13480203601789822,13595179919.170898,0.0,13595179919.170898,0,6759515
2026-02-01,validation,btcusdt,bybit5s_or_return5s_gt_50,30,-0.3296051671913012,,-0.3296051671913012,13595179919.170898,0.0,13595179919.170898,0,6759515
2026-02-01,validation,btcusdt,bybit5s_or_return5s_gt_50,120,-0.570508366859986,,-0.570508366859986,13595179919.170898,0.0,13595179919.170898,0,6759515
2026-02-01,validation,btcusdt,bybit5s_or_return5s_gt_50,300,0.13480203601789822,,0.13480203601789822,13595179919.170898,0.0,13595179919.170898,0,6759515
2026-02-01,validation,btcusdt,horizon_specific_return_liq,30,-0.3296051671913012,,-0.3296051671913012,13595179919.170898,0.0,13595179919.170898,0,6759515
2026-02-01,validation,btcusdt,horizon_specific_return_liq,120,-0.570508366859986,,-0.570508366859986,13595179919.170898,0.0,13595179919.170898,0,6759515
2026-02-01,validation,btcusdt,horizon_specific_return_liq,300,0.13480203601789822,-18.446792640404414,0.1377036567929809,13595179919.170898,2122632.5354,13593057286.6355,395,6759120
2026-02-01,validation,btcusdt,horizon_specific_bybit_return,30,-0.3296051671913012,,-0.3296051671913012,13595179919.170898,0.0,13595179919.170898,0,6759515
2026-02-01,validation,btcusdt,horizon_specific_bybit_return,120,-0.570508366859986,,-0.570508366859986,13595179919.170898,0.0,13595179919.170898,0,6759515
2026-02-01,validation,btcusdt,horizon_specific_bybit_return,300,0.13480203601789822,-18.446792640404414,0.1377036567929809,13595179919.170898,2122632.5354,13593057286.6355,395,6759120
2026-02-01,validation,ethusdt,baseline_liq1s_d200_gt_100k,30,-0.2086894815485886,9.45311466355515,-0.3226721537015334,16428200726.07704,191547775.37883,16236652950.698212,78659,15264072
2026-02-01,validation,ethusdt,baseline_liq1s_d200_gt_100k,120,-1.060709646213899,-14.647462475499994,-0.9004233922073515,16428200726.07704,191547775.37883,16236652950.698212,78659,15264072
2026-02-01,validation,ethusdt,baseline_liq1s_d200_gt_100k,300,-0.1490942176810457,-8.034437048252896,-0.0560688951665003,16428200726.07704,191547775.37883,16236652950.698212,78659,15264072
2026-02-01,validation,ethusdt,liq2s_d0_gt_2m,30,-0.2086894815485886,12.722645663315124,-0.21506570224814106,16428200726.07704,8096473.21433,16420104252.862709,3725,15339006
2026-02-01,validation,ethusdt,liq2s_d0_gt_2m,120,-1.060709646213899,-8.649260420149504,-1.0569678613183469,16428200726.07704,8096473.21433,16420104252.862709,3725,15339006
2026-02-01,validation,ethusdt,liq2s_d0_gt_2m,300,-0.1490942176810457,61.29247509840539,-0.17939000707150382,16428200726.07704,8096473.21433,16420104252.862709,3725,15339006
2026-02-01,validation,ethusdt,liq2s_d200_gt_1m,30,-0.2086894815485886,7.798932368680723,-0.22212659328510362,16428200726.07704,27521000.63507,16400679725.441969,10082,15332649
2026-02-01,validation,ethusdt,liq2s_d200_gt_1m,120,-1.060709646213899,-50.994221174902854,-0.9769192042628542,16428200726.07704,27521000.63507,16400679725.441969,10082,15332649
2026-02-01,validation,ethusdt,liq2s_d200_gt_1m,300,-0.1490942176810457,-28.779811995378783,-0.10105072098863675,16428200726.07704,27521000.63507,16400679725.441969,10082,15332649
2026-02-01,validation,ethusdt,liq2s_d200_gt_2m,30,-0.2086894815485886,13.018759810371488,-0.21523518448761084,16428200726.07704,8125597.8876600005,16420075128.18938,3793,15338938
2026-02-01,validation,ethusdt,liq2s_d200_gt_2m,120,-1.060709646213899,-8.505386309331943,-1.0570255918782223,16428200726.07704,8125597.8876600005,16420075128.18938,3793,15338938
2026-02-01,validation,ethusdt,liq2s_d200_gt_2m,300,-0.1490942176810457,61.37485386992362,-0.1795398069197273,16428200726.07704,8125597.8876600005,16420075128.18938,3793,15338938
2026-02-01,validation,ethusdt,bybit5s_d0_gt_2m,30,-0.2086894815485886,45.20248691741763,-0.23531494032878192,16428200726.07704,9626530.40819,16418574195.66885,3744,15338987
2026-02-01,validation,ethusdt,bybit5s_d0_gt_2m,120,-1.060709646213899,-23.65542136481756,-1.047461925867951,16428200726.07704,9626530.40819,16418574195.66885,3744,15338987
2026-02-01,validation,ethusdt,bybit5s_d0_gt_2m,300,-0.1490942176810457,72.02585633770265,-0.191411799460729,16428200726.07704,9626530.40819,16418574195.66885,3744,15338987
2026-02-01,validation,ethusdt,bybit5s_d200_gt_2m,30,-0.2086894815485886,43.37234803306852,-0.23525083749833878,16428200726.07704,10006404.810190002,16418194321.26685,3869,15338862
2026-02-01,validation,ethusdt,bybit5s_d200_gt_2m,120,-1.060709646213899,-25.2144083336533,-1.0459886798274307,16428200726.07704,10006404.810190002,16418194321.26685,3869,15338862
2026-02-01,validation,ethusdt,bybit5s_d200_gt_2m,300,-0.1490942176810457,70.6498884236521,-0.19224410777225578,16428200726.07704,10006404.810190002,16418194321.26685,3869,15338862
2026-02-01,validation,ethusdt,return1s_gt_20,30,-0.2086894815485886,11.724434275467383,-0.24660948717760264,16428200726.07704,52038692.39467,16376162033.68237,20310,15322421
2026-02-01,validation,ethusdt,return1s_gt_20,120,-1.060709646213899,5.85203241153483,-1.0826763351613455,16428200726.07704,52038692.39467,16376162033.68237,20310,15322421
2026-02-01,validation,ethusdt,return1s_gt_20,300,-0.1490942176810457,6.565797973808143,-0.17043219714763647,16428200726.07704,52038692.39467,16376162033.68237,20310,15322421
2026-02-01,validation,ethusdt,return5s_gt_20,30,-0.2086894815485886,9.919197122427985,-0.674997996475125,16428200726.07704,723095034.35738,15705105691.71966,359706,14983025
2026-02-01,validation,ethusdt,return5s_gt_20,120,-1.060709646213899,-1.2668437673020478,-1.0512188116855423,16428200726.07704,723095034.35738,15705105691.71966,359706,14983025
2026-02-01,validation,ethusdt,return5s_gt_20,300,-0.1490942176810457,3.3068386641983785,-0.3082124022391386,16428200726.07704,723095034.35738,15705105691.71966,359706,14983025
2026-02-01,validation,ethusdt,return5s_gt_50,30,-0.2086894815485886,13.784278299077668,-0.21364402400061877,16428200726.07704,5814735.64642,16422385990.430618,2485,15340246
2026-02-01,validation,ethusdt,return5s_gt_50,120,-1.060709646213899,-59.58259038117926,-1.0399885849622985,16428200726.07704,5814735.64642,16422385990.430618,2485,15340246
2026-02-01,validation,ethusdt,return5s_gt_50,300,-0.1490942176810457,-75.83485022524594,-0.12229587889885658,16428200726.07704,5814735.64642,16422385990.430618,2485,15340246
2026-02-01,validation,ethusdt,return5s_gt_100,30,-0.2086894815485886,,-0.2086894815485886,16428200726.07704,0.0,16428200726.07704,0,15342731
2026-02-01,validation,ethusdt,return5s_gt_100,120,-1.060709646213899,,-1.060709646213899,16428200726.07704,0.0,16428200726.07704,0,15342731
2026-02-01,validation,ethusdt,return5s_gt_100,300,-0.1490942176810457,,-0.1490942176810457,16428200726.07704,0.0,16428200726.07704,0,15342731
2026-02-01,validation,ethusdt,return30s_gt_50,30,-0.2086894815485886,13.346179631581128,-0.6179278165196188,16428200726.07704,481452146.99161,15946748579.085428,240905,15101826
2026-02-01,validation,ethusdt,return30s_gt_50,120,-1.060709646213899,-9.406754674397872,-0.808732180225765,16428200726.07704,481452146.99161,15946748579.085428,240905,15101826
2026-02-01,validation,ethusdt,return30s_gt_50,300,-0.1490942176810457,-14.279368277461437,0.27751630733742094,16428200726.07704,481452146.99161,15946748579.085428,240905,15101826
2026-02-01,validation,ethusdt,neg_return30s_gt_50,30,-0.2086894815485886,-10.01671759958955,-0.006393080875484642,16428200726.07704,331993820.00131,16096206906.07573,203198,15139533
2026-02-01,validation,ethusdt,neg_return30s_gt_50,120,-1.060709646213899,11.434075457415226,-1.3184220042156782,16428200726.07704,331993820.00131,16096206906.07573,203198,15139533
2026-02-01,validation,ethusdt,neg_return30s_gt_50,300,-0.1490942176810457,16.995774338989772,-0.5027173065716944,16428200726.07704,331993820.00131,16096206906.07573,203198,15139533
2026-02-01,validation,ethusdt,baseline_or_return5s_gt_50,30,-0.2086894815485886,9.544682430568464,-0.32558096938124753,16428200726.07704,194555783.11056,16233644942.966478,79963,15262768
2026-02-01,validation,ethusdt,baseline_or_return5s_gt_50,120,-1.060709646213899,-14.6968793116582,-0.897283892034248,16428200726.07704,194555783.11056,16233644942.966478,79963,15262768
2026-02-01,validation,ethusdt,baseline_or_return5s_gt_50,300,-0.1490942176810457,-8.460856716157329,-0.04948002335799712,16428200726.07704,194555783.11056,16233644942.966478,79963,15262768
2026-02-01,validation,ethusdt,baseline_and_return5s_gt_20,30,-0.2086894815485886,13.20371836479464,-0.29995432810563183,16428200726.07704,111030328.7536,16317170397.32344,41027,15301704
2026-02-01,validation,ethusdt,baseline_and_return5s_gt_20,120,-1.060709646213899,-17.354772397290343,-0.9498365536413924,16428200726.07704,111030328.7536,16317170397.32344,41027,15301704
2026-02-01,validation,ethusdt,baseline_and_return5s_gt_20,300,-0.1490942176810457,-20.81030889969235,-0.008504801579298164,16428200726.07704,111030328.7536,16317170397.32344,41027,15301704
2026-02-01,validation,ethusdt,liq2s_or_return5s_gt_50,30,-0.2086894815485886,12.098301249034591,-0.2188205561008951,16428200726.07704,13512517.692789998,16414688208.38425,5990,15336741
2026-02-01,validation,ethusdt,liq2s_or_return5s_gt_50,120,-1.060709646213899,-30.229561420883435,-1.0366979427517358,16428200726.07704,13512517.692789998,16414688208.38425,5990,15336741
2026-02-01,validation,ethusdt,liq2s_or_return5s_gt_50,300,-0.1490942176810457,1.8605742146781767,-0.1507485701673162,16428200726.07704,13512517.692789998,16414688208.38425,5990,15336741
2026-02-01,validation,ethusdt,liq2s_and_return5s_gt_20,30,-0.2086894815485886,52.335820184346545,-0.21303433241061734,16428200726.07704,1358318.51603,16426842407.561008,993,15341738
2026-02-01,validation,ethusdt,liq2s_and_return5s_gt_20,120,-1.060709646213899,-16.284066425474716,-1.0594508426729408,16428200726.07704,1358318.51603,16426842407.561008,993,15341738
2026-02-01,validation,ethusdt,liq2s_and_return5s_gt_20,300,-0.1490942176810457,75.41496379465791,-0.15534253105728416,16428200726.07704,1358318.51603,16426842407.561008,993,15341738
2026-02-01,validation,ethusdt,bybit5s_or_return5s_gt_50,30,-0.2086894815485886,31.839000259872243,-0.23856547282071136,16428200726.07704,15300686.64184,16412900039.435202,5990,15336741
2026-02-01,validation,ethusdt,bybit5s_or_return5s_gt_50,120,-1.060709646213899,-38.569505980541074,-1.0257426179833484,16428200726.07704,15300686.64184,16412900039.435202,5990,15336741
2026-02-01,validation,ethusdt,bybit5s_or_return5s_gt_50,300,-0.1490942176810457,14.80152629813872,-0.16303171556770776,16428200726.07704,15300686.64184,16412900039.435202,5990,15336741
2026-02-01,validation,ethusdt,horizon_specific_return_liq,30,-0.2086894815485886,13.784278299077668,-0.21364402400061877,16428200726.07704,5814735.64642,16422385990.430618,2485,15340246
2026-02-01,validation,ethusdt,horizon_specific_return_liq,120,-1.060709646213899,-59.58259038117926,-1.0399885849622985,16428200726.07704,5814735.64642,16422385990.430618,2485,15340246
2026-02-01,validation,ethusdt,horizon_specific_return_liq,300,-0.1490942176810457,61.37485386992362,-0.1795398069197273,16428200726.07704,8125597.8876600005,16420075128.18938,3793,15338938
2026-02-01,validation,ethusdt,horizon_specific_bybit_return,30,-0.2086894815485886,13.784278299077668,-0.21364402400061877,16428200726.07704,5814735.64642,16422385990.430618,2485,15340246
2026-02-01,validation,ethusdt,horizon_specific_bybit_return,120,-1.060709646213899,-25.2144083336533,-1.0459886798274307,16428200726.07704,10006404.810190002,16418194321.26685,3869,15338862
2026-02-01,validation,ethusdt,horizon_specific_bybit_return,300,-0.1490942176810457,61.37485386992362,-0.1795398069197273,16428200726.07704,8125597.8876600005,16420075128.18938,3793,15338938
2026-02-02,validation,btcusdt,baseline_liq1s_d200_gt_100k,30,-0.14490576039062938,2.8869412266296557,-0.18667220502571605,18795658671.019,255408773.65320003,18540249897.3658,60162,10295834
2026-02-02,validation,btcusdt,baseline_liq1s_d200_gt_100k,120,-0.1550310515488774,2.9215606325655408,-0.19741389500682568,18795658671.019,255408773.65320003,18540249897.3658,60162,10295834
2026-02-02,validation,btcusdt,baseline_liq1s_d200_gt_100k,300,-0.37839088220196265,-8.306614596576306,-0.26917240309050927,18795658671.019,255408773.65320003,18540249897.3658,60162,10295834
2026-02-02,validation,btcusdt,liq2s_d0_gt_2m,30,-0.14490576039062938,2.223954935166526,-0.1469770540321852,18795658671.019,16420263.6227,18779238407.396297,3680,10352316
2026-02-02,validation,btcusdt,liq2s_d0_gt_2m,120,-0.1550310515488774,-10.166332282605943,-0.14627733098502996,18795658671.019,16420263.6227,18779238407.396297,3680,10352316
2026-02-02,validation,btcusdt,liq2s_d0_gt_2m,300,-0.37839088220196265,-26.81714462912488,-0.3552732617233207,18795658671.019,16420263.6227,18779238407.396297,3680,10352316
2026-02-02,validation,btcusdt,liq2s_d200_gt_1m,30,-0.14490576039062938,-2.470313249182419,-0.13865653941369066,18795658671.019,50375436.4655,18745283234.5535,10909,10345087
2026-02-02,validation,btcusdt,liq2s_d200_gt_1m,120,-0.1550310515488774,-0.36128814694847966,-0.15447676324739631,18795658671.019,50375436.4655,18745283234.5535,10909,10345087
2026-02-02,validation,btcusdt,liq2s_d200_gt_1m,300,-0.37839088220196265,-39.110421791221725,-0.27430373996873486,18795658671.019,50375436.4655,18745283234.5535,10909,10345087
2026-02-02,validation,btcusdt,liq2s_d200_gt_2m,30,-0.14490576039062938,1.005135178137277,-0.1457409246834786,18795658671.019,13639576.792100001,18782019094.2269,3487,10352509
2026-02-02,validation,btcusdt,liq2s_d200_gt_2m,120,-0.1550310515488774,-11.796509411846802,-0.14657696377097384,18795658671.019,13639576.792100001,18782019094.2269,3487,10352509
2026-02-02,validation,btcusdt,liq2s_d200_gt_2m,300,-0.37839088220196265,-24.516005652302677,-0.36086205057937565,18795658671.019,13639576.792100001,18782019094.2269,3487,10352509
2026-02-02,validation,btcusdt,bybit5s_d0_gt_2m,30,-0.14490576039062938,7.348006462378705,-0.1598131583005699,18795658671.019,37320337.5873,18758338333.4317,8654,10347342
2026-02-02,validation,btcusdt,bybit5s_d0_gt_2m,120,-0.1550310515488774,-3.0611785015627753,-0.14924917460513484,18795658671.019,37320337.5873,18758338333.4317,8654,10347342
2026-02-02,validation,btcusdt,bybit5s_d0_gt_2m,300,-0.37839088220196265,-39.11302772601039,-0.3013270347738552,18795658671.019,37320337.5873,18758338333.4317,8654,10347342
2026-02-02,validation,btcusdt,bybit5s_d200_gt_2m,30,-0.14490576039062938,7.374404443872799,-0.1584967912326886,18795658671.019,33911552.6305,18761747118.3885,8320,10347676
2026-02-02,validation,btcusdt,bybit5s_d200_gt_2m,120,-0.1550310515488774,-3.1249099489662435,-0.14966304376684783,18795658671.019,33911552.6305,18761747118.3885,8320,10347676
2026-02-02,validation,btcusdt,bybit5s_d200_gt_2m,300,-0.37839088220196265,-39.342633503282585,-0.3079636476797951,18795658671.019,33911552.6305,18761747118.3885,8320,10347676
2026-02-02,validation,btcusdt,return1s_gt_20,30,-0.14490576039062938,0.5672082575020567,-0.1450672769838669,18795658671.019,4262129.7647,18791396541.254303,928,10355068
2026-02-02,validation,btcusdt,return1s_gt_20,120,-0.1550310515488774,-1.7253276244586275,-0.15467488814462413,18795658671.019,4262129.7647,18791396541.254303,928,10355068
2026-02-02,validation,btcusdt,return1s_gt_20,300,-0.37839088220196265,-19.28283366108509,-0.37410311210057284,18795658671.019,4262129.7647,18791396541.254303,928,10355068
2026-02-02,validation,btcusdt,return5s_gt_20,30,-0.14490576039062938,-4.322807781609862,-0.11381816489723587,18795658671.019,138824726.8362,18656833944.1828,36732,10319264
2026-02-02,validation,btcusdt,return5s_gt_20,120,-0.1550310515488774,3.2130156903790636,-0.18009254753038006,18795658671.019,138824726.8362,18656833944.1828,36732,10319264
2026-02-02,validation,btcusdt,return5s_gt_20,300,-0.37839088220196265,-6.316256199811887,-0.33420747288537983,18795658671.019,138824726.8362,18656833944.1828,36732,10319264
2026-02-02,validation,btcusdt,return5s_gt_50,30,-0.14490576039062938,3.407481950586797,-0.1450851407450253,18795658671.019,949052.2844,18794709618.7346,221,10355775
2026-02-02,validation,btcusdt,return5s_gt_50,120,-0.1550310515488774,28.544561314332334,-0.1564802579611455,18795658671.019,949052.2844,18794709618.7346,221,10355775
2026-02-02,validation,btcusdt,return5s_gt_50,300,-0.37839088220196265,-27.924223161763063,-0.37699993572920854,18795658671.019,949052.2844,18794709618.7346,221,10355775
2026-02-02,validation,btcusdt,return5s_gt_100,30,-0.14490576039062938,,-0.14490576039062938,18795658671.019,0.0,18795658671.019,0,10355996
2026-02-02,validation,btcusdt,return5s_gt_100,120,-0.1550310515488774,,-0.1550310515488774,18795658671.019,0.0,18795658671.019,0,10355996
2026-02-02,validation,btcusdt,return5s_gt_100,300,-0.37839088220196265,,-0.37839088220196265,18795658671.019,0.0,18795658671.019,0,10355996
2026-02-02,validation,btcusdt,return30s_gt_50,30,-0.14490576039062938,-18.63314009095694,0.021321836806467907,18795658671.019,167485783.86870003,18628172887.1503,40815,10315181
2026-02-02,validation,btcusdt,return30s_gt_50,120,-0.1550310515488774,-4.293897989372707,-0.11781852525286896,18795658671.019,167485783.86870003,18628172887.1503,40815,10315181
2026-02-02,validation,btcusdt,return30s_gt_50,300,-0.37839088220196265,-11.635912235188664,-0.2771745793661537,18795658671.019,167485783.86870003,18628172887.1503,40815,10315181
2026-02-02,validation,btcusdt,neg_return30s_gt_50,30,-0.14490576039062938,19.58970791518172,-0.2589901068430517,18795658671.019,108031792.97940001,18687626878.0396,30539,10325457
2026-02-02,validation,btcusdt,neg_return30s_gt_50,120,-0.1550310515488774,7.266169843025803,-0.19793246669021677,18795658671.019,108031792.97940001,18687626878.0396,30539,10325457
2026-02-02,validation,btcusdt,neg_return30s_gt_50,300,-0.37839088220196265,17.68189886547151,-0.48279608548978203,18795658671.019,108031792.97940001,18687626878.0396,30539,10325457
2026-02-02,validation,btcusdt,baseline_or_return5s_gt_50,30,-0.14490576039062938,2.888868300091868,-0.18685619471553086,18795658671.019,256357825.93760002,18539300845.081398,60383,10295613
2026-02-02,validation,btcusdt,baseline_or_return5s_gt_50,120,-0.1550310515488774,3.016418541588895,-0.1988852362110345,18795658671.019,256357825.93760002,18539300845.081398,60383,10295613
2026-02-02,validation,btcusdt,baseline_or_return5s_gt_50,300,-0.37839088220196265,-8.379240178241941,-0.26775670304243127,18795658671.019,256357825.93760002,18539300845.081398,60383,10295613
2026-02-02,validation,btcusdt,baseline_and_return5s_gt_20,30,-0.14490576039062938,1.864944536704747,-0.14994703822080546,18795658671.019,47026916.2574,18748631754.761597,10047,10345949
2026-02-02,validation,btcusdt,baseline_and_return5s_gt_20,120,-0.1550310515488774,4.541243338012325,-0.16681064727236675,18795658671.019,47026916.2574,18748631754.761597,10047,10345949
2026-02-02,validation,btcusdt,baseline_and_return5s_gt_20,300,-0.37839088220196265,-11.257190211775647,-0.3511037504397746,18795658671.019,47026916.2574,18748631754.761597,10047,10345949
2026-02-02,validation,btcusdt,liq2s_or_return5s_gt_50,30,-0.14490576039062938,1.1614180392860896,-0.14592047751402693,18795658671.019,14588629.076500002,18781070041.942497,3708,10352288
2026-02-02,validation,btcusdt,liq2s_or_return5s_gt_50,120,-0.1550310515488774,-9.172151418572804,-0.1480267954506418,18795658671.019,14588629.076500002,18781070041.942497,3708,10352288
2026-02-02,validation,btcusdt,liq2s_or_return5s_gt_50,300,-0.37839088220196265,-24.737724677176356,-0.35946920817104155,18795658671.019,14588629.076500002,18781070041.942497,3708,10352288
2026-02-02,validation,btcusdt,liq2s_and_return5s_gt_20,30,-0.14490576039062938,1.0772345930290481,-0.1449124780007619,18795658671.019,103311.54909999999,18795555359.469902,54,10355942
2026-02-02,validation,btcusdt,liq2s_and_return5s_gt_20,120,-0.1550310515488774,-14.210175321531601,-0.1549537961180276,18795658671.019,103311.54909999999,18795555359.469902,54,10355942
2026-02-02,validation,btcusdt,liq2s_and_return5s_gt_20,300,-0.37839088220196265,-25.405758100766487,-0.37825331690911573,18795658671.019,103311.54909999999,18795555359.469902,54,10355942
2026-02-02,validation,btcusdt,bybit5s_or_return5s_gt_50,30,-0.14490576039062938,7.266408129308515,-0.15867718335988495,18795658671.019,34860604.9149,18760798066.104103,8541,10347455
2026-02-02,validation,btcusdt,bybit5s_or_return5s_gt_50,120,-0.1550310515488774,-2.2627337440052315,-0.15111459817728312,18795658671.019,34860604.9149,18760798066.104103,8541,10347455
2026-02-02,validation,btcusdt,bybit5s_or_return5s_gt_50,300,-0.37839088220196265,-39.03177634961904,-0.3065666242650087,18795658671.019,34860604.9149,18760798066.104103,8541,10347455
2026-02-02,validation,btcusdt,horizon_specific_return_liq,30,-0.14490576039062938,3.407481950586797,-0.1450851407450253,18795658671.019,949052.2844,18794709618.7346,221,10355775
2026-02-02,validation,btcusdt,horizon_specific_return_liq,120,-0.1550310515488774,28.544561314332334,-0.1564802579611455,18795658671.019,949052.2844,18794709618.7346,221,10355775
2026-02-02,validation,btcusdt,horizon_specific_return_liq,300,-0.37839088220196265,-24.516005652302677,-0.36086205057937565,18795658671.019,13639576.792100001,18782019094.2269,3487,10352509
2026-02-02,validation,btcusdt,horizon_specific_bybit_return,30,-0.14490576039062938,3.407481950586797,-0.1450851407450253,18795658671.019,949052.2844,18794709618.7346,221,10355775
2026-02-02,validation,btcusdt,horizon_specific_bybit_return,120,-0.1550310515488774,-3.1249099489662435,-0.14966304376684783,18795658671.019,33911552.6305,18761747118.3885,8320,10347676
2026-02-02,validation,btcusdt,horizon_specific_bybit_return,300,-0.37839088220196265,-24.516005652302677,-0.36086205057937565,18795658671.019,13639576.792100001,18782019094.2269,3487,10352509
2026-02-02,validation,ethusdt,baseline_liq1s_d200_gt_100k,30,-0.0039780707097710755,4.869684676103633,-0.0519816189769234,20740413421.44527,202291942.82274002,20538121478.62253,89094,21132336
2026-02-02,validation,ethusdt,baseline_liq1s_d200_gt_100k,120,0.3461038379852442,7.357776774655824,0.2770417797890702,20740413421.44527,202291942.82274002,20538121478.62253,89094,21132336
2026-02-02,validation,ethusdt,baseline_liq1s_d200_gt_100k,300,0.4105125879181363,-5.83428946204739,0.47202128726758047,20740413421.44527,202291942.82274002,20538121478.62253,89094,21132336
2026-02-02,validation,ethusdt,liq2s_d0_gt_2m,30,-0.0039780707097710755,2.809654570518003,-0.00450666698087093,20740413421.44527,3895762.98954,20736517658.45573,1387,21220043
2026-02-02,validation,ethusdt,liq2s_d0_gt_2m,120,0.3461038379852442,20.35308500841425,0.3423451327841132,20740413421.44527,3895762.98954,20736517658.45573,1387,21220043
2026-02-02,validation,ethusdt,liq2s_d0_gt_2m,300,0.4105125879181363,37.66915019253428,0.40351281949937484,20740413421.44527,3895762.98954,20736517658.45573,1387,21220043
2026-02-02,validation,ethusdt,liq2s_d200_gt_1m,30,-0.0039780707097710755,-6.666704823773339,0.004834995377722436,20740413421.44527,27397967.95343,20713015453.491837,8811,21212619
2026-02-02,validation,ethusdt,liq2s_d200_gt_1m,120,0.3461038379852442,46.324672267372975,0.28528607114673266,20740413421.44527,27397967.95343,20713015453.491837,8811,21212619
2026-02-02,validation,ethusdt,liq2s_d200_gt_1m,300,0.4105125879181363,50.34718644532446,0.34445927022916334,20740413421.44527,27397967.95343,20713015453.491837,8811,21212619
2026-02-02,validation,ethusdt,liq2s_d200_gt_2m,30,-0.0039780707097710755,2.809654570518003,-0.00450666698087093,20740413421.44527,3895762.98954,20736517658.45573,1387,21220043
2026-02-02,validation,ethusdt,liq2s_d200_gt_2m,120,0.3461038379852442,20.35308500841425,0.3423451327841132,20740413421.44527,3895762.98954,20736517658.45573,1387,21220043
2026-02-02,validation,ethusdt,liq2s_d200_gt_2m,300,0.4105125879181363,37.66915019253428,0.40351281949937484,20740413421.44527,3895762.98954,20736517658.45573,1387,21220043
2026-02-02,validation,ethusdt,bybit5s_d0_gt_2m,30,-0.0039780707097710755,,-0.0039780707097710755,20740413421.44527,0.0,20740413421.44527,0,21221430
2026-02-02,validation,ethusdt,bybit5s_d0_gt_2m,120,0.3461038379852442,,0.3461038379852442,20740413421.44527,0.0,20740413421.44527,0,21221430
2026-02-02,validation,ethusdt,bybit5s_d0_gt_2m,300,0.4105125879181363,,0.4105125879181363,20740413421.44527,0.0,20740413421.44527,0,21221430
2026-02-02,validation,ethusdt,bybit5s_d200_gt_2m,30,-0.0039780707097710755,,-0.0039780707097710755,20740413421.44527,0.0,20740413421.44527,0,21221430
2026-02-02,validation,ethusdt,bybit5s_d200_gt_2m,120,0.3461038379852442,,0.3461038379852442,20740413421.44527,0.0,20740413421.44527,0,21221430
2026-02-02,validation,ethusdt,bybit5s_d200_gt_2m,300,0.4105125879181363,,0.4105125879181363,20740413421.44527,0.0,20740413421.44527,0,21221430
2026-02-02,validation,ethusdt,return1s_gt_20,30,-0.0039780707097710755,1.274403629728765,-0.006643304407773504,20740413421.44527,43150681.90581,20697262739.53946,20579,21200851
2026-02-02,validation,ethusdt,return1s_gt_20,120,0.3461038379852442,-1.2488071758460226,0.3494289877256701,20740413421.44527,43150681.90581,20697262739.53946,20579,21200851
2026-02-02,validation,ethusdt,return1s_gt_20,300,0.4105125879181363,13.474299402623252,0.383276555964512,20740413421.44527,43150681.90581,20697262739.53946,20579,21200851
2026-02-02,validation,ethusdt,return5s_gt_20,30,-0.0039780707097710755,0.09659269286320607,-0.008111346031549596,20740413421.44527,818744337.49889,19921669083.94638,448444,20772986
2026-02-02,validation,ethusdt,return5s_gt_20,120,0.3461038379852442,3.372963907661716,0.22170539867745778,20740413421.44527,818744337.49889,19921669083.94638,448444,20772986
2026-02-02,validation,ethusdt,return5s_gt_20,300,0.4105125879181363,2.7375295839785334,0.31487642506652896,20740413421.44527,818744337.49889,19921669083.94638,448444,20772986
2026-02-02,validation,ethusdt,return5s_gt_50,30,-0.0039780707097710755,8.023097817125185,-0.009368233813673727,20740413421.44527,13917794.420170002,20726495627.0251,5934,21215496
2026-02-02,validation,ethusdt,return5s_gt_50,120,0.3461038379852442,14.178905527653633,0.33681514328083123,20740413421.44527,13917794.420170002,20726495627.0251,5934,21215496
2026-02-02,validation,ethusdt,return5s_gt_50,300,0.4105125879181363,49.26349826282139,0.3777079197450824,20740413421.44527,13917794.420170002,20726495627.0251,5934,21215496
2026-02-02,validation,ethusdt,return5s_gt_100,30,-0.0039780707097710755,,-0.0039780707097710755,20740413421.44527,0.0,20740413421.44527,0,21221430
2026-02-02,validation,ethusdt,return5s_gt_100,120,0.3461038379852442,,0.3461038379852442,20740413421.44527,0.0,20740413421.44527,0,21221430
2026-02-02,validation,ethusdt,return5s_gt_100,300,0.4105125879181363,,0.4105125879181363,20740413421.44527,0.0,20740413421.44527,0,21221430
2026-02-02,validation,ethusdt,return30s_gt_50,30,-0.0039780707097710755,-0.63670608858693,0.021076021070510972,20740413421.44527,789976215.21281,19950437206.23246,412923,20808507
2026-02-02,validation,ethusdt,return30s_gt_50,120,0.3461038379852442,0.34371633733632073,0.34619837569922807,20740413421.44527,789976215.21281,19950437206.23246,412923,20808507
2026-02-02,validation,ethusdt,return30s_gt_50,300,0.4105125879181363,-10.098170170951343,0.8266242423599961,20740413421.44527,789976215.21281,19950437206.23246,412923,20808507
2026-02-02,validation,ethusdt,neg_return30s_gt_50,30,-0.0039780707097710755,2.3796344495402373,-0.06709977961007516,20740413421.44527,535068469.17127997,20205344952.27399,325163,20896267
2026-02-02,validation,ethusdt,neg_return30s_gt_50,120,0.3461038379852442,3.8257063360023253,0.2539586364884974,20740413421.44527,535068469.17127997,20205344952.27399,325163,20896267
2026-02-02,validation,ethusdt,neg_return30s_gt_50,300,0.4105125879181363,11.863790934270597,0.1072122420813936,20740413421.44527,535068469.17127997,20205344952.27399,325163,20896267
2026-02-02,validation,ethusdt,baseline_or_return5s_gt_50,30,-0.0039780707097710755,4.70995824014582,-0.052922198840006,20740413421.44527,213131835.86641,20527281585.57886,93965,21127465
2026-02-02,validation,ethusdt,baseline_or_return5s_gt_50,120,0.3461038379852442,7.610669836473963,0.27067688573267,20740413421.44527,213131835.86641,20527281585.57886,93965,21127465
2026-02-02,validation,ethusdt,baseline_or_return5s_gt_50,300,0.4105125879181363,-5.340435882502469,0.47022386534003185,20740413421.44527,213131835.86641,20527281585.57886,93965,21127465
2026-02-02,validation,ethusdt,baseline_and_return5s_gt_20,30,-0.0039780707097710755,4.334978105412201,-0.025132891443805625,20740413421.44527,100630403.26194,20639783018.183327,38095,21183335
2026-02-02,validation,ethusdt,baseline_and_return5s_gt_20,120,0.3461038379852442,9.777301650334701,0.30012151160789124,20740413421.44527,100630403.26194,20639783018.183327,38095,21183335
2026-02-02,validation,ethusdt,baseline_and_return5s_gt_20,300,0.4105125879181363,14.451860085293427,0.34205322186001996,20740413421.44527,100630403.26194,20639783018.183327,38095,21183335
2026-02-02,validation,ethusdt,liq2s_or_return5s_gt_50,30,-0.0039780707097710755,6.882935929128096,-0.009898198431040254,20740413421.44527,17813557.40971,20722599864.03556,7321,21214109
2026-02-02,validation,ethusdt,liq2s_or_return5s_gt_50,120,0.3461038379852442,15.529177085361328,0.3330521674071058,20740413421.44527,17813557.40971,20722599864.03556,7321,21214109
2026-02-02,validation,ethusdt,liq2s_or_return5s_gt_50,300,0.4105125879181363,46.727854704311966,0.3706972829723752,20740413421.44527,17813557.40971,20722599864.03556,7321,21214109
2026-02-02,validation,ethusdt,liq2s_and_return5s_gt_20,30,-0.0039780707097710755,,-0.0039780707097710755,20740413421.44527,0.0,20740413421.44527,0,21221430
2026-02-02,validation,ethusdt,liq2s_and_return5s_gt_20,120,0.3461038379852442,,0.3461038379852442,20740413421.44527,0.0,20740413421.44527,0,21221430
2026-02-02,validation,ethusdt,liq2s_and_return5s_gt_20,300,0.4105125879181363,,0.4105125879181363,20740413421.44527,0.0,20740413421.44527,0,21221430
2026-02-02,validation,ethusdt,bybit5s_or_return5s_gt_50,30,-0.0039780707097710755,8.023097817125185,-0.009368233813673727,20740413421.44527,13917794.420170002,20726495627.0251,5934,21215496
2026-02-02,validation,ethusdt,bybit5s_or_return5s_gt_50,120,0.3461038379852442,14.178905527653633,0.33681514328083123,20740413421.44527,13917794.420170002,20726495627.0251,5934,21215496
2026-02-02,validation,ethusdt,bybit5s_or_return5s_gt_50,300,0.4105125879181363,49.26349826282139,0.3777079197450824,20740413421.44527,13917794.420170002,20726495627.0251,5934,21215496
2026-02-02,validation,ethusdt,horizon_specific_return_liq,30,-0.0039780707097710755,8.023097817125185,-0.009368233813673727,20740413421.44527,13917794.420170002,20726495627.0251,5934,21215496
2026-02-02,validation,ethusdt,horizon_specific_return_liq,120,0.3461038379852442,14.178905527653633,0.33681514328083123,20740413421.44527,13917794.420170002,20726495627.0251,5934,21215496
2026-02-02,validation,ethusdt,horizon_specific_return_liq,300,0.4105125879181363,37.66915019253428,0.40351281949937484,20740413421.44527,3895762.98954,20736517658.45573,1387,21220043
2026-02-02,validation,ethusdt,horizon_specific_bybit_return,30,-0.0039780707097710755,8.023097817125185,-0.009368233813673727,20740413421.44527,13917794.420170002,20726495627.0251,5934,21215496
2026-02-02,validation,ethusdt,horizon_specific_bybit_return,120,0.3461038379852442,,0.3461038379852442,20740413421.44527,0.0,20740413421.44527,0,21221430
2026-02-02,validation,ethusdt,horizon_specific_bybit_return,300,0.4105125879181363,37.66915019253428,0.40351281949937484,20740413421.44527,3895762.98954,20736517658.45573,1387,21220043
2026-02-03,validation,btcusdt,baseline_liq1s_d200_gt_100k,30,-0.11104381795216946,5.07953827334595,-0.18291713646861338,21647930470.5929,295662097.019,21352268373.5739,77133,8826781
2026-02-03,validation,btcusdt,baseline_liq1s_d200_gt_100k,120,-0.42216353220503655,-3.6249920514842464,-0.37781438016954,21647930470.5929,295662097.019,21352268373.5739,77133,8826781
2026-02-03,validation,btcusdt,baseline_liq1s_d200_gt_100k,300,-0.5932023038709833,-9.091041470846658,-0.475533824612464,21647930470.5929,295662097.019,21352268373.5739,77133,8826781
2026-02-03,validation,btcusdt,liq2s_d0_gt_2m,30,-0.11104381795216946,3.9641678838845578,-0.11790099743648283,21647930470.5929,36364830.9268,21611565639.6661,8005,8895909
2026-02-03,validation,btcusdt,liq2s_d0_gt_2m,120,-0.42216353220503655,-5.542608203872011,-0.41354758517649515,21647930470.5929,36364830.9268,21611565639.6661,8005,8895909
2026-02-03,validation,btcusdt,liq2s_d0_gt_2m,300,-0.5932023038709833,-11.009464120897164,-0.575675318266099,21647930470.5929,36364830.9268,21611565639.6661,8005,8895909
2026-02-03,validation,btcusdt,liq2s_d200_gt_1m,30,-0.11104381795216946,14.026865889233603,-0.177847254780609,21647930470.5929,101808191.4782,21546122279.1147,22875,8881039
2026-02-03,validation,btcusdt,liq2s_d200_gt_1m,120,-0.42216353220503655,4.086726088795533,-0.4434686140170828,21647930470.5929,101808191.4782,21546122279.1147,22875,8881039
2026-02-03,validation,btcusdt,liq2s_d200_gt_1m,300,-0.5932023038709833,-3.9252662984333537,-0.5774578740946403,21647930470.5929,101808191.4782,21546122279.1147,22875,8881039
2026-02-03,validation,btcusdt,liq2s_d200_gt_2m,30,-0.11104381795216946,4.5221374179733695,-0.11902950097599814,21647930470.5929,37247854.662200004,21610682615.9307,8007,8895907
2026-02-03,validation,btcusdt,liq2s_d200_gt_2m,120,-0.42216353220503655,-5.6657931318091626,-0.41312568936130856,21647930470.5929,37247854.662200004,21610682615.9307,8007,8895907
2026-02-03,validation,btcusdt,liq2s_d200_gt_2m,300,-0.5932023038709833,-12.502665359259737,-0.5726753285377306,21647930470.5929,37247854.662200004,21610682615.9307,8007,8895907
2026-02-03,validation,btcusdt,bybit5s_d0_gt_2m,30,-0.11104381795216946,8.867313476562598,-0.1450292469986557,21647930470.5929,81634068.6965,21566296401.8964,20273,8883641
2026-02-03,validation,btcusdt,bybit5s_d0_gt_2m,120,-0.42216353220503655,1.2799457128667922,-0.42860646058048635,21647930470.5929,81634068.6965,21566296401.8964,20273,8883641
2026-02-03,validation,btcusdt,bybit5s_d0_gt_2m,300,-0.5932023038709833,2.9265807733619247,-0.6065256027893058,21647930470.5929,81634068.6965,21566296401.8964,20273,8883641
2026-02-03,validation,btcusdt,bybit5s_d200_gt_2m,30,-0.11104381795216946,9.005781828459797,-0.14441268584520328,21647930470.5929,78945527.43130001,21568984943.1616,19336,8884578
2026-02-03,validation,btcusdt,bybit5s_d200_gt_2m,120,-0.42216353220503655,1.3118656400373092,-0.42851032357907076,21647930470.5929,78945527.43130001,21568984943.1616,19336,8884578
2026-02-03,validation,btcusdt,bybit5s_d200_gt_2m,300,-0.5932023038709833,2.9258154434893444,-0.6060824052219534,21647930470.5929,78945527.43130001,21568984943.1616,19336,8884578
2026-02-03,validation,btcusdt,return1s_gt_20,30,-0.11104381795216946,23.5631899402229,-0.1138729209292521,21647930470.5929,2586647.8837,21645343822.709198,628,8903286
2026-02-03,validation,btcusdt,return1s_gt_20,120,-0.42216353220503655,1.2488638841714228,-0.4223632222430224,21647930470.5929,2586647.8837,21645343822.709198,628,8903286
2026-02-03,validation,btcusdt,return1s_gt_20,300,-0.5932023038709833,-36.36285414106092,-0.5889277820623585,21647930470.5929,2586647.8837,21645343822.709198,628,8903286
2026-02-03,validation,btcusdt,return5s_gt_20,30,-0.11104381795216946,10.598991763376768,-0.17697629919394403,21647930470.5929,132452301.39770001,21515478169.195198,32855,8871059
2026-02-03,validation,btcusdt,return5s_gt_20,120,-0.42216353220503655,6.974158513389867,-0.46769632813518774,21647930470.5929,132452301.39770001,21515478169.195198,32855,8871059
2026-02-03,validation,btcusdt,return5s_gt_20,300,-0.5932023038709833,-6.3976695849936664,-0.5574691891464821,21647930470.5929,132452301.39770001,21515478169.195198,32855,8871059
2026-02-03,validation,btcusdt,return5s_gt_50,30,-0.11104381795216946,,-0.11104381795216946,21647930470.5929,0.0,21647930470.5929,0,8903914
2026-02-03,validation,btcusdt,return5s_gt_50,120,-0.42216353220503655,,-0.42216353220503655,21647930470.5929,0.0,21647930470.5929,0,8903914
2026-02-03,validation,btcusdt,return5s_gt_50,300,-0.5932023038709833,,-0.5932023038709833,21647930470.5929,0.0,21647930470.5929,0,8903914
2026-02-03,validation,btcusdt,return5s_gt_100,30,-0.11104381795216946,,-0.11104381795216946,21647930470.5929,0.0,21647930470.5929,0,8903914
2026-02-03,validation,btcusdt,return5s_gt_100,120,-0.42216353220503655,,-0.42216353220503655,21647930470.5929,0.0,21647930470.5929,0,8903914
2026-02-03,validation,btcusdt,return5s_gt_100,300,-0.5932023038709833,,-0.5932023038709833,21647930470.5929,0.0,21647930470.5929,0,8903914
2026-02-03,validation,btcusdt,return30s_gt_50,30,-0.11104381795216946,-6.559697889156531,-0.08968391658948155,21647930470.5929,71467799.2225,21576462671.3704,18033,8885881
2026-02-03,validation,btcusdt,return30s_gt_50,120,-0.42216353220503655,6.668751577954816,-0.44565079724543283,21647930470.5929,71467799.2225,21576462671.3704,18033,8885881
2026-02-03,validation,btcusdt,return30s_gt_50,300,-0.5932023038709833,18.87640126594858,-0.6576915456926204,21647930470.5929,71467799.2225,21576462671.3704,18033,8885881
2026-02-03,validation,btcusdt,neg_return30s_gt_50,30,-0.11104381795216946,2.756971737703212,-0.11883508625502084,21647930470.5929,58649570.3024,21589280900.290497,15220,8888694
2026-02-03,validation,btcusdt,neg_return30s_gt_50,120,-0.42216353220503655,-5.810870754582893,-0.407524537764344,21647930470.5929,58649570.3024,21589280900.290497,15220,8888694
2026-02-03,validation,btcusdt,neg_return30s_gt_50,300,-0.5932023038709833,-16.162921802580705,-0.5509055102656004,21647930470.5929,58649570.3024,21589280900.290497,15220,8888694
2026-02-03,validation,btcusdt,baseline_or_return5s_gt_50,30,-0.11104381795216946,5.07953827334595,-0.18291713646861338,21647930470.5929,295662097.019,21352268373.5739,77133,8826781
2026-02-03,validation,btcusdt,baseline_or_return5s_gt_50,120,-0.42216353220503655,-3.6249920514842464,-0.37781438016954,21647930470.5929,295662097.019,21352268373.5739,77133,8826781
2026-02-03,validation,btcusdt,baseline_or_return5s_gt_50,300,-0.5932023038709833,-9.091041470846658,-0.475533824612464,21647930470.5929,295662097.019,21352268373.5739,77133,8826781
2026-02-03,validation,btcusdt,baseline_and_return5s_gt_20,30,-0.11104381795216946,17.122298748363363,-0.13401139616201269,21647930470.5929,28812679.6517,21619117790.9412,6258,8897656
2026-02-03,validation,btcusdt,baseline_and_return5s_gt_20,120,-0.42216353220503655,-1.3522055133784678,-0.4209240273406238,21647930470.5929,28812679.6517,21619117790.9412,6258,8897656
2026-02-03,validation,btcusdt,baseline_and_return5s_gt_20,300,-0.5932023038709833,-26.049918422126037,-0.559275100476639,21647930470.5929,28812679.6517,21619117790.9412,6258,8897656
2026-02-03,validation,btcusdt,liq2s_or_return5s_gt_50,30,-0.11104381795216946,4.5221374179733695,-0.11902950097599814,21647930470.5929,37247854.662200004,21610682615.9307,8007,8895907
2026-02-03,validation,btcusdt,liq2s_or_return5s_gt_50,120,-0.42216353220503655,-5.6657931318091626,-0.41312568936130856,21647930470.5929,37247854.662200004,21610682615.9307,8007,8895907
2026-02-03,validation,btcusdt,liq2s_or_return5s_gt_50,300,-0.5932023038709833,-12.502665359259737,-0.5726753285377306,21647930470.5929,37247854.662200004,21610682615.9307,8007,8895907
2026-02-03,validation,btcusdt,liq2s_and_return5s_gt_20,30,-0.11104381795216946,3.3652995942007013,-0.11178388073809806,21647930470.5929,4607547.6327,21643322922.960197,932,8902982
2026-02-03,validation,btcusdt,liq2s_and_return5s_gt_20,120,-0.42216353220503655,-4.231631978784027,-0.4213525519602118,21647930470.5929,4607547.6327,21643322922.960197,932,8902982
2026-02-03,validation,btcusdt,liq2s_and_return5s_gt_20,300,-0.5932023038709833,-2.7394313930571053,-0.5927454030154949,21647930470.5929,4607547.6327,21643322922.960197,932,8902982
2026-02-03,validation,btcusdt,bybit5s_or_return5s_gt_50,30,-0.11104381795216946,9.005781828459797,-0.14441268584520328,21647930470.5929,78945527.43130001,21568984943.1616,19336,8884578
2026-02-03,validation,btcusdt,bybit5s_or_return5s_gt_50,120,-0.42216353220503655,1.3118656400373092,-0.42851032357907076,21647930470.5929,78945527.43130001,21568984943.1616,19336,8884578
2026-02-03,validation,btcusdt,bybit5s_or_return5s_gt_50,300,-0.5932023038709833,2.9258154434893444,-0.6060824052219534,21647930470.5929,78945527.43130001,21568984943.1616,19336,8884578
2026-02-03,validation,btcusdt,horizon_specific_return_liq,30,-0.11104381795216946,,-0.11104381795216946,21647930470.5929,0.0,21647930470.5929,0,8903914
2026-02-03,validation,btcusdt,horizon_specific_return_liq,120,-0.42216353220503655,,-0.42216353220503655,21647930470.5929,0.0,21647930470.5929,0,8903914
2026-02-03,validation,btcusdt,horizon_specific_return_liq,300,-0.5932023038709833,-12.502665359259737,-0.5726753285377306,21647930470.5929,37247854.662200004,21610682615.9307,8007,8895907
2026-02-03,validation,btcusdt,horizon_specific_bybit_return,30,-0.11104381795216946,,-0.11104381795216946,21647930470.5929,0.0,21647930470.5929,0,8903914
2026-02-03,validation,btcusdt,horizon_specific_bybit_return,120,-0.42216353220503655,1.3118656400373092,-0.42851032357907076,21647930470.5929,78945527.43130001,21568984943.1616,19336,8884578
2026-02-03,validation,btcusdt,horizon_specific_bybit_return,300,-0.5932023038709833,-12.502665359259737,-0.5726753285377306,21647930470.5929,37247854.662200004,21610682615.9307,8007,8895907
2026-02-03,validation,ethusdt,baseline_liq1s_d200_gt_100k,30,-0.08327108619901565,18.481146684858164,-0.32001615721027143,22430362144.52658,282444108.55439997,22147918035.97218,112342,18185518
2026-02-03,validation,ethusdt,baseline_liq1s_d200_gt_100k,120,-0.1769298627614181,27.612356445686434,-0.5313162292814898,22430362144.52658,282444108.55439997,22147918035.97218,112342,18185518
2026-02-03,validation,ethusdt,baseline_liq1s_d200_gt_100k,300,-1.3825410534387865,22.994737347730805,-1.6934153602615745,22430362144.52658,282444108.55439997,22147918035.97218,112342,18185518
2026-02-03,validation,ethusdt,liq2s_d0_gt_2m,30,-0.08327108619901565,54.370418054137666,-0.14126881135744618,22430362144.52658,23864790.35353,22406497354.17305,6347,18291513
2026-02-03,validation,ethusdt,liq2s_d0_gt_2m,120,-0.1769298627614181,30.922362485898937,-0.2100532055272471,22430362144.52658,23864790.35353,22406497354.17305,6347,18291513
2026-02-03,validation,ethusdt,liq2s_d0_gt_2m,300,-1.3825410534387865,28.59203845105849,-1.4144664831256726,22430362144.52658,23864790.35353,22406497354.17305,6347,18291513
2026-02-03,validation,ethusdt,liq2s_d200_gt_1m,30,-0.08327108619901565,37.46521633625679,-0.19475571650620652,22430362144.52658,66400490.8935,22363961653.63308,21671,18276189
2026-02-03,validation,ethusdt,liq2s_d200_gt_1m,120,-0.1769298627614181,20.828020202699452,-0.23929533347458545,22430362144.52658,66400490.8935,22363961653.63308,21671,18276189
2026-02-03,validation,ethusdt,liq2s_d200_gt_1m,300,-1.3825410534387865,20.60617737819136,-1.4478274155150697,22430362144.52658,66400490.8935,22363961653.63308,21671,18276189
2026-02-03,validation,ethusdt,liq2s_d200_gt_2m,30,-0.08327108619901565,54.370418054137666,-0.14126881135744618,22430362144.52658,23864790.35353,22406497354.17305,6347,18291513
2026-02-03,validation,ethusdt,liq2s_d200_gt_2m,120,-0.1769298627614181,30.922362485898937,-0.2100532055272471,22430362144.52658,23864790.35353,22406497354.17305,6347,18291513
2026-02-03,validation,ethusdt,liq2s_d200_gt_2m,300,-1.3825410534387865,28.59203845105849,-1.4144664831256726,22430362144.52658,23864790.35353,22406497354.17305,6347,18291513
2026-02-03,validation,ethusdt,bybit5s_d0_gt_2m,30,-0.08327108619901565,67.49066137937012,-0.09031685366819049,22430362144.52658,2338514.7722300002,22428023629.754353,800,18297060
2026-02-03,validation,ethusdt,bybit5s_d0_gt_2m,120,-0.1769298627614181,18.249329362251657,-0.1788511234175494,22430362144.52658,2338514.7722300002,22428023629.754353,800,18297060
2026-02-03,validation,ethusdt,bybit5s_d0_gt_2m,300,-1.3825410534387865,-1.5853947084392361,-1.3825199023879111,22430362144.52658,2338514.7722300002,22428023629.754353,800,18297060
2026-02-03,validation,ethusdt,bybit5s_d200_gt_2m,30,-0.08327108619901565,64.29194608975574,-0.09122401946759055,22430362144.52658,2770711.2436800003,22427591433.282898,908,18296952
2026-02-03,validation,ethusdt,bybit5s_d200_gt_2m,120,-0.1769298627614181,16.859341979136932,-0.17903452879669662,22430362144.52658,2770711.2436800003,22427591433.282898,908,18296952
2026-02-03,validation,ethusdt,bybit5s_d200_gt_2m,300,-1.3825410534387865,-3.8896938049241276,-1.3822313190502846,22430362144.52658,2770711.2436800003,22427591433.282898,908,18296952
2026-02-03,validation,ethusdt,return1s_gt_20,30,-0.08327108619901565,-6.456021138222345,-0.029712824465061557,22430362144.52658,186939553.45282,22243422591.07376,67502,18230358
2026-02-03,validation,ethusdt,return1s_gt_20,120,-0.1769298627614181,-5.247438650464202,-0.13431597793003675,22430362144.52658,186939553.45282,22243422591.07376,67502,18230358
2026-02-03,validation,ethusdt,return1s_gt_20,300,-1.3825410534387865,-20.28333270142477,-1.2236938465347018,22430362144.52658,186939553.45282,22243422591.07376,67502,18230358
2026-02-03,validation,ethusdt,return5s_gt_20,30,-0.08327108619901565,3.5631111922800125,-0.2648537072175841,22430362144.52658,1064002428.32252,21366359716.204063,492678,17805182
2026-02-03,validation,ethusdt,return5s_gt_20,120,-0.1769298627614181,9.270343658628889,-0.6473853873009137,22430362144.52658,1064002428.32252,21366359716.204063,492678,17805182
2026-02-03,validation,ethusdt,return5s_gt_20,300,-1.3825410534387865,2.7370669896243394,-1.5876893809862211,22430362144.52658,1064002428.32252,21366359716.204063,492678,17805182
2026-02-03,validation,ethusdt,return5s_gt_50,30,-0.08327108619901565,37.27965094841391,-0.2772881796213925,22430362144.52658,115874024.04802999,22314488120.47855,47161,18250699
2026-02-03,validation,ethusdt,return5s_gt_50,120,-0.1769298627614181,43.86328971458604,-0.40562063240102353,22430362144.52658,115874024.04802999,22314488120.47855,47161,18250699
2026-02-03,validation,ethusdt,return5s_gt_50,300,-1.3825410534387865,35.013672004929354,-1.5715382486427483,22430362144.52658,115874024.04802999,22314488120.47855,47161,18250699
2026-02-03,validation,ethusdt,return5s_gt_100,30,-0.08327108619901565,-90.7363751614215,-0.07308959397084082,22430362144.52658,2518930.9699099995,22427843213.55667,1291,18296569
2026-02-03,validation,ethusdt,return5s_gt_100,120,-0.1769298627614181,-111.74489633332409,-0.16439936647978218,22430362144.52658,2518930.9699099995,22427843213.55667,1291,18296569
2026-02-03,validation,ethusdt,return5s_gt_100,300,-1.3825410534387865,-117.8610262683379,-1.3694590436823304,22430362144.52658,2518930.9699099995,22427843213.55667,1291,18296569
2026-02-03,validation,ethusdt,return30s_gt_50,30,-0.08327108619901565,1.80229913763801,-0.16118146544433912,22430362144.52658,890030702.89904,21540331441.62754,413509,17884351
2026-02-03,validation,ethusdt,return30s_gt_50,120,-0.1769298627614181,19.897554825181267,-1.0063928524820467,22430362144.52658,890030702.89904,21540331441.62754,413509,17884351
2026-02-03,validation,ethusdt,return30s_gt_50,300,-1.3825410534387865,12.314328844735986,-1.94848567578709,22430362144.52658,890030702.89904,21540331441.62754,413509,17884351
2026-02-03,validation,ethusdt,neg_return30s_gt_50,30,-0.08327108619901565,2.990619255964295,-0.1835734790676091,22430362144.52658,708784621.4173,21721577523.109283,358148,17939712
2026-02-03,validation,ethusdt,neg_return30s_gt_50,120,-0.1769298627614181,-16.336269060808068,0.35035647745287,22430362144.52658,708784621.4173,21721577523.109283,358148,17939712
2026-02-03,validation,ethusdt,neg_return30s_gt_50,300,-1.3825410534387865,-5.312126810641647,-1.254316943091245,22430362144.52658,708784621.4173,21721577523.109283,358148,17939712
2026-02-03,validation,ethusdt,baseline_or_return5s_gt_50,30,-0.08327108619901565,15.607127062860481,-0.3277159752807512,22430362144.52658,344087944.47225,22086274200.054333,139909,18157951
2026-02-03,validation,ethusdt,baseline_or_return5s_gt_50,120,-0.1769298627614181,24.574762635969112,-0.5625430683638573,22430362144.52658,344087944.47225,22086274200.054333,139909,18157951
2026-02-03,validation,ethusdt,baseline_or_return5s_gt_50,300,-1.3825410534387865,20.227425684343615,-1.719208477177415,22430362144.52658,344087944.47225,22086274200.054333,139909,18157951
2026-02-03,validation,ethusdt,baseline_and_return5s_gt_20,30,-0.08327108619901565,26.130071516377548,-0.2789754767595566,22430362144.52658,166220324.22024,22264141820.306343,61732,18236128
2026-02-03,validation,ethusdt,baseline_and_return5s_gt_20,120,-0.1769298627614181,39.944194239237326,-0.4764674020988742,22430362144.52658,166220324.22024,22264141820.306343,61732,18236128
2026-02-03,validation,ethusdt,baseline_and_return5s_gt_20,300,-1.3825410534387865,43.614051834052084,-1.7184780196569596,22430362144.52658,166220324.22024,22264141820.306343,61732,18236128
2026-02-03,validation,ethusdt,liq2s_or_return5s_gt_50,30,-0.08327108619901565,40.1984360812764,-0.33579511472389517,22430362144.52658,139738814.40156,22290623330.12502,53508,18244352
2026-02-03,validation,ethusdt,liq2s_or_return5s_gt_50,120,-0.1769298627614181,41.653220045571736,-0.43916100218990933,22430362144.52658,139738814.40156,22290623330.12502,53508,18244352
2026-02-03,validation,ethusdt,liq2s_or_return5s_gt_50,300,-1.3825410534387865,33.9169764365103,-1.603831981464394,22430362144.52658,139738814.40156,22290623330.12502,53508,18244352
2026-02-03,validation,ethusdt,liq2s_and_return5s_gt_20,30,-0.08327108619901565,56.146401302702195,-0.09194775619214965,22430362144.52658,3460643.02049,22426901501.50609,947,18296913
2026-02-03,validation,ethusdt,liq2s_and_return5s_gt_20,120,-0.1769298627614181,30.68940064084254,-0.18169277444666615,22430362144.52658,3460643.02049,22426901501.50609,947,18296913
2026-02-03,validation,ethusdt,liq2s_and_return5s_gt_20,300,-1.3825410534387865,25.499826202341286,-1.3866892090193388,22430362144.52658,3460643.02049,22426901501.50609,947,18296913
2026-02-03,validation,ethusdt,bybit5s_or_return5s_gt_50,30,-0.08327108619901565,37.91046924542221,-0.2853065091880768,22430362144.52658,118644735.29171,22311717409.23487,48069,18249791
2026-02-03,validation,ethusdt,bybit5s_or_return5s_gt_50,120,-0.1769298627614181,43.23266635459962,-0.4077646280940537,22430362144.52658,118644735.29171,22311717409.23487,48069,18249791
2026-02-03,validation,ethusdt,bybit5s_or_return5s_gt_50,300,-1.3825410534387865,34.10516146039204,-1.5712503757037641,22430362144.52658,118644735.29171,22311717409.23487,48069,18249791
2026-02-03,validation,ethusdt,horizon_specific_return_liq,30,-0.08327108619901565,37.27965094841391,-0.2772881796213925,22430362144.52658,115874024.04802999,22314488120.47855,47161,18250699
2026-02-03,validation,ethusdt,horizon_specific_return_liq,120,-0.1769298627614181,43.86328971458604,-0.40562063240102353,22430362144.52658,115874024.04802999,22314488120.47855,47161,18250699
2026-02-03,validation,ethusdt,horizon_specific_return_liq,300,-1.3825410534387865,28.59203845105849,-1.4144664831256726,22430362144.52658,23864790.35353,22406497354.17305,6347,18291513
2026-02-03,validation,ethusdt,horizon_specific_bybit_return,30,-0.08327108619901565,37.27965094841391,-0.2772881796213925,22430362144.52658,115874024.04802999,22314488120.47855,47161,18250699
2026-02-03,validation,ethusdt,horizon_specific_bybit_return,120,-0.1769298627614181,16.859341979136932,-0.17903452879669662,22430362144.52658,2770711.2436800003,22427591433.282898,908,18296952
2026-02-03,validation,ethusdt,horizon_specific_bybit_return,300,-1.3825410534387865,28.59203845105849,-1.4144664831256726,22430362144.52658,23864790.35353,22406497354.17305,6347,18291513
2026-02-04,validation,btcusdt,baseline_liq1s_d200_gt_100k,30,-0.4157036612914518,2.0187275357029186,-0.4441242701553164,20261582369.3745,233812893.7004,20027769475.674103,57782,9087670
2026-02-04,validation,btcusdt,baseline_liq1s_d200_gt_100k,120,-0.14843177544064007,15.23697154600635,-0.32804766705076593,20261582369.3745,233812893.7004,20027769475.674103,57782,9087670
2026-02-04,validation,btcusdt,baseline_liq1s_d200_gt_100k,300,0.09188523958078337,32.22866673885366,-0.28329352836384636,20261582369.3745,233812893.7004,20027769475.674103,57782,9087670
2026-02-04,validation,btcusdt,liq2s_d0_gt_2m,30,-0.4157036612914518,-2.8673612110990607,-0.4144248859686885,20261582369.3745,10562855.3292,20251019514.0453,2872,9142580
2026-02-04,validation,btcusdt,liq2s_d0_gt_2m,120,-0.14843177544064007,27.768368293247864,-0.16299307296816654,20261582369.3745,10562855.3292,20251019514.0453,2872,9142580
2026-02-04,validation,btcusdt,liq2s_d0_gt_2m,300,0.09188523958078337,87.32942669136462,0.046382467288693,20261582369.3745,10562855.3292,20251019514.0453,2872,9142580
2026-02-04,validation,btcusdt,liq2s_d200_gt_1m,30,-0.4157036612914518,-3.1137661559429586,-0.41151891552206527,20261582369.3745,31377429.0646,20230204940.3099,8198,9137254
2026-02-04,validation,btcusdt,liq2s_d200_gt_1m,120,-0.14843177544064007,10.378895602202194,-0.16475985857209788,20261582369.3745,31377429.0646,20230204940.3099,8198,9137254
2026-02-04,validation,btcusdt,liq2s_d200_gt_1m,300,0.09188523958078337,64.26972432495266,-0.007655798157696543,20261582369.3745,31377429.0646,20230204940.3099,8198,9137254
2026-02-04,validation,btcusdt,liq2s_d200_gt_2m,30,-0.4157036612914518,-2.1412190756347202,-0.4140130898106593,20261582369.3745,19831828.7399,20241750540.634598,5113,9140339
2026-02-04,validation,btcusdt,liq2s_d200_gt_2m,120,-0.14843177544064007,20.924329270328702,-0.16907778564107176,20261582369.3745,19831828.7399,20241750540.634598,5113,9140339
2026-02-04,validation,btcusdt,liq2s_d200_gt_2m,300,0.09188523958078337,77.77514192670628,0.01577516997568355,20261582369.3745,19831828.7399,20241750540.634598,5113,9140339
2026-02-04,validation,btcusdt,bybit5s_d0_gt_2m,30,-0.4157036612914518,-0.9631180326910908,-0.41420934076535476,20261582369.3745,55159079.9547,20206423289.4198,13215,9132237
2026-02-04,validation,btcusdt,bybit5s_d0_gt_2m,120,-0.14843177544064007,22.616253657836324,-0.2105743469374572,20261582369.3745,55159079.9547,20206423289.4198,13215,9132237
2026-02-04,validation,btcusdt,bybit5s_d0_gt_2m,300,0.09188523958078337,78.80837713986861,-0.12299342589560153,20261582369.3745,55159079.9547,20206423289.4198,13215,9132237
2026-02-04,validation,btcusdt,bybit5s_d200_gt_2m,30,-0.4157036612914518,-0.776507658622959,-0.4147248037791938,20261582369.3745,54820735.275199994,20206761634.0993,13098,9132354
2026-02-04,validation,btcusdt,bybit5s_d200_gt_2m,120,-0.14843177544064007,22.568902555260358,-0.21006366846995006,20261582369.3745,54820735.275199994,20206761634.0993,13098,9132354
2026-02-04,validation,btcusdt,bybit5s_d200_gt_2m,300,0.09188523958078337,78.70712024009549,-0.12139707970426618,20261582369.3745,54820735.275199994,20206761634.0993,13098,9132354
2026-02-04,validation,btcusdt,return1s_gt_20,30,-0.4157036612914518,0.16015986015251932,-0.41587256542653794,20261582369.3745,5941097.9202,20255641271.4543,2092,9143360
2026-02-04,validation,btcusdt,return1s_gt_20,120,-0.14843177544064007,2.326907996510585,-0.14915780705691148,20261582369.3745,5941097.9202,20255641271.4543,2092,9143360
2026-02-04,validation,btcusdt,return1s_gt_20,300,0.09188523958078337,4.101953294026942,0.09070906319323518,20261582369.3745,5941097.9202,20255641271.4543,2092,9143360
2026-02-04,validation,btcusdt,return5s_gt_20,30,-0.4157036612914518,0.18458035175684973,-0.42144526371523056,20261582369.3745,191962101.059,20069620268.3155,55636,9089816
2026-02-04,validation,btcusdt,return5s_gt_20,120,-0.14843177544064007,4.224599367095271,-0.1902589866631119,20261582369.3745,191962101.059,20069620268.3155,55636,9089816
2026-02-04,validation,btcusdt,return5s_gt_20,300,0.09188523958078337,4.954790105308001,0.04537247935936718,20261582369.3745,191962101.059,20069620268.3155,55636,9089816
2026-02-04,validation,btcusdt,return5s_gt_50,30,-0.4157036612914518,7.4343258740983265,-0.4173660366321055,20261582369.3745,4289821.261,20257292548.113503,1282,9144170
2026-02-04,validation,btcusdt,return5s_gt_50,120,-0.14843177544064007,-8.365923184268503,-0.14669158388868667,20261582369.3745,4289821.261,20257292548.113503,1282,9144170
2026-02-04,validation,btcusdt,return5s_gt_50,300,0.09188523958078337,-54.37891687709707,0.10342034499868913,20261582369.3745,4289821.261,20257292548.113503,1282,9144170
2026-02-04,validation,btcusdt,return5s_gt_100,30,-0.4157036612914518,,-0.4157036612914518,20261582369.3745,0.0,20261582369.3745,0,9145452
2026-02-04,validation,btcusdt,return5s_gt_100,120,-0.14843177544064007,,-0.14843177544064007,20261582369.3745,0.0,20261582369.3745,0,9145452
2026-02-04,validation,btcusdt,return5s_gt_100,300,0.09188523958078337,,0.09188523958078337,20261582369.3745,0.0,20261582369.3745,0,9145452
2026-02-04,validation,btcusdt,return30s_gt_50,30,-0.4157036612914518,-1.0417077667592842,-0.4124794857715091,20261582369.3745,103820663.8902,20157761705.4843,27385,9118067
2026-02-04,validation,btcusdt,return30s_gt_50,120,-0.14843177544064007,-0.9696406648853171,-0.1442022159617479,20261582369.3745,103820663.8902,20157761705.4843,27385,9118067
2026-02-04,validation,btcusdt,return30s_gt_50,300,0.09188523958078337,-19.357252419571584,0.19205620168297555,20261582369.3745,103820663.8902,20157761705.4843,27385,9118067
2026-02-04,validation,btcusdt,neg_return30s_gt_50,30,-0.4157036612914518,-0.6497774851769849,-0.4147904604316917,20261582369.3745,78740068.56279999,20182842300.8117,25033,9120419
2026-02-04,validation,btcusdt,neg_return30s_gt_50,120,-0.14843177544064007,-3.8838211786044674,-0.1338587627137832,20261582369.3745,78740068.56279999,20182842300.8117,25033,9120419
2026-02-04,validation,btcusdt,neg_return30s_gt_50,300,0.09188523958078337,5.524694745074985,0.07069001907737385,20261582369.3745,78740068.56279999,20182842300.8117,25033,9120419
2026-02-04,validation,btcusdt,baseline_or_return5s_gt_50,30,-0.4157036612914518,2.1163432305822725,-0.44581143694035036,20261582369.3745,238093033.1808,20023489336.1937,59053,9086399
2026-02-04,validation,btcusdt,baseline_or_return5s_gt_50,120,-0.14843177544064007,14.81284643339468,-0.32633164340044435,20261582369.3745,238093033.1808,20023489336.1937,59053,9086399
2026-02-04,validation,btcusdt,baseline_or_return5s_gt_50,300,0.09188523958078337,30.671893402743574,-0.27173204889552616,20261582369.3745,238093033.1808,20023489336.1937,59053,9086399
2026-02-04,validation,btcusdt,baseline_and_return5s_gt_20,30,-0.4157036612914518,-4.630859649337483,-0.4110917207970256,20261582369.3745,22144633.020800002,20239437736.3537,5917,9139535
2026-02-04,validation,btcusdt,baseline_and_return5s_gt_20,120,-0.14843177544064007,25.746256257063536,-0.1767640033976414,20261582369.3745,22144633.020800002,20239437736.3537,5917,9139535
2026-02-04,validation,btcusdt,baseline_and_return5s_gt_20,300,0.09188523958078337,44.753830087505975,0.04301914006083222,20261582369.3745,22144633.020800002,20239437736.3537,5917,9139535
2026-02-04,validation,btcusdt,liq2s_or_return5s_gt_50,30,-0.4157036612914518,-0.43829343375311736,-0.41567673584895304,20261582369.3745,24121650.0009,20237460719.3736,6395,9139057
2026-02-04,validation,btcusdt,liq2s_or_return5s_gt_50,120,-0.14843177544064007,15.715317958287427,-0.1673402652005503,20261582369.3745,24121650.0009,20237460719.3736,6395,9139057
2026-02-04,validation,btcusdt,liq2s_or_return5s_gt_50,300,0.09188523958078337,54.27271604941979,0.027305445916167532,20261582369.3745,24121650.0009,20237460719.3736,6395,9139057
2026-02-04,validation,btcusdt,liq2s_and_return5s_gt_20,30,-0.4157036612914518,0.35022728670869585,-0.41585958479769,20261582369.3745,4123888.6639,20257458480.7106,798,9144654
2026-02-04,validation,btcusdt,liq2s_and_return5s_gt_20,120,-0.14843177544064007,49.81793654238137,-0.15860362103905637,20261582369.3745,4123888.6639,20257458480.7106,798,9144654
2026-02-04,validation,btcusdt,liq2s_and_return5s_gt_20,300,0.09188523958078337,134.1833930334702,0.06458771608132594,20261582369.3745,4123888.6639,20257458480.7106,798,9144654
2026-02-04,validation,btcusdt,bybit5s_or_return5s_gt_50,30,-0.4157036612914518,-0.18062410882710278,-0.4163914822326307,20261582369.3745,59110556.5362,20202471812.838303,14380,9131072
2026-02-04,validation,btcusdt,bybit5s_or_return5s_gt_50,120,-0.14843177544064007,20.32387423986138,-0.20833184179662337,20261582369.3745,59110556.5362,20202471812.838303,14380,9131072
2026-02-04,validation,btcusdt,bybit5s_or_return5s_gt_50,300,0.09188523958078337,69.04868788854196,-0.10987596168701061,20261582369.3745,59110556.5362,20202471812.838303,14380,9131072
2026-02-04,validation,btcusdt,horizon_specific_return_liq,30,-0.4157036612914518,7.4343258740983265,-0.4173660366321055,20261582369.3745,4289821.261,20257292548.113503,1282,9144170
2026-02-04,validation,btcusdt,horizon_specific_return_liq,120,-0.14843177544064007,-8.365923184268503,-0.14669158388868667,20261582369.3745,4289821.261,20257292548.113503,1282,9144170
2026-02-04,validation,btcusdt,horizon_specific_return_liq,300,0.09188523958078337,77.77514192670628,0.01577516997568355,20261582369.3745,19831828.7399,20241750540.634598,5113,9140339
2026-02-04,validation,btcusdt,horizon_specific_bybit_return,30,-0.4157036612914518,7.4343258740983265,-0.4173660366321055,20261582369.3745,4289821.261,20257292548.113503,1282,9144170
2026-02-04,validation,btcusdt,horizon_specific_bybit_return,120,-0.14843177544064007,22.568902555260358,-0.21006366846995006,20261582369.3745,54820735.275199994,20206761634.0993,13098,9132354
2026-02-04,validation,btcusdt,horizon_specific_bybit_return,300,0.09188523958078337,77.77514192670628,0.01577516997568355,20261582369.3745,19831828.7399,20241750540.634598,5113,9140339
2026-02-04,validation,ethusdt,baseline_liq1s_d200_gt_100k,30,-0.2418901912890708,12.410527386289228,-0.3510692678475382,21471362473.96348,183693591.86725,21287668882.09623,78120,18681862
2026-02-04,validation,ethusdt,baseline_liq1s_d200_gt_100k,120,-0.1160730617438005,32.25943319078752,-0.39544479873327876,21471362473.96348,183693591.86725,21287668882.09623,78120,18681862
2026-02-04,validation,ethusdt,baseline_liq1s_d200_gt_100k,300,-0.19888078199285322,41.4223120132748,-0.558034545831797,21471362473.96348,183693591.86725,21287668882.09623,78120,18681862
2026-02-04,validation,ethusdt,liq2s_d0_gt_2m,30,-0.2418901912890708,20.63253533250945,-0.2427979109519943,21471362473.96348,933636.73193,21470428837.231552,368,18759614
2026-02-04,validation,ethusdt,liq2s_d0_gt_2m,120,-0.1160730617438005,11.210257759750618,-0.11656558467257402,21471362473.96348,933636.73193,21470428837.231552,368,18759614
2026-02-04,validation,ethusdt,liq2s_d0_gt_2m,300,-0.19888078199285322,-7.019112505370121,-0.19858420576209926,21471362473.96348,933636.73193,21470428837.231552,368,18759614
2026-02-04,validation,ethusdt,liq2s_d200_gt_1m,30,-0.2418901912890708,14.85727347629382,-0.24793169560527337,21471362473.96348,8587723.74059,21462774750.22289,4509,18755473
2026-02-04,validation,ethusdt,liq2s_d200_gt_1m,120,-0.1160730617438005,16.291664130234956,-0.12263815483417327,21471362473.96348,8587723.74059,21462774750.22289,4509,18755473
2026-02-04,validation,ethusdt,liq2s_d200_gt_1m,300,-0.19888078199285322,-24.609445071659618,-0.18911358344042029,21471362473.96348,8587723.74059,21462774750.22289,4509,18755473
2026-02-04,validation,ethusdt,liq2s_d200_gt_2m,30,-0.2418901912890708,20.63253533250945,-0.2427979109519943,21471362473.96348,933636.73193,21470428837.231552,368,18759614
2026-02-04,validation,ethusdt,liq2s_d200_gt_2m,120,-0.1160730617438005,11.210257759750618,-0.11656558467257402,21471362473.96348,933636.73193,21470428837.231552,368,18759614
2026-02-04,validation,ethusdt,liq2s_d200_gt_2m,300,-0.19888078199285322,-7.019112505370121,-0.19858420576209926,21471362473.96348,933636.73193,21470428837.231552,368,18759614
2026-02-04,validation,ethusdt,bybit5s_d0_gt_2m,30,-0.2418901912890708,,-0.2418901912890708,21471362473.96348,0.0,21471362473.96348,0,18759982
2026-02-04,validation,ethusdt,bybit5s_d0_gt_2m,120,-0.1160730617438005,,-0.1160730617438005,21471362473.96348,0.0,21471362473.96348,0,18759982
2026-02-04,validation,ethusdt,bybit5s_d0_gt_2m,300,-0.19888078199285322,,-0.19888078199285322,21471362473.96348,0.0,21471362473.96348,0,18759982
2026-02-04,validation,ethusdt,bybit5s_d200_gt_2m,30,-0.2418901912890708,,-0.2418901912890708,21471362473.96348,0.0,21471362473.96348,0,18759982
2026-02-04,validation,ethusdt,bybit5s_d200_gt_2m,120,-0.1160730617438005,,-0.1160730617438005,21471362473.96348,0.0,21471362473.96348,0,18759982
2026-02-04,validation,ethusdt,bybit5s_d200_gt_2m,300,-0.19888078199285322,,-0.19888078199285322,21471362473.96348,0.0,21471362473.96348,0,18759982
2026-02-04,validation,ethusdt,return1s_gt_20,30,-0.2418901912890708,6.030798659581957,-0.28098922385130104,21471362473.96348,133006608.59158999,21338355865.37189,47916,18712066
2026-02-04,validation,ethusdt,return1s_gt_20,120,-0.1160730617438005,3.9524279275802643,-0.14143291243031406,21471362473.96348,133006608.59158999,21338355865.37189,47916,18712066
2026-02-04,validation,ethusdt,return1s_gt_20,300,-0.19888078199285322,-10.066622601898887,-0.13737300312723774,21471362473.96348,133006608.59158999,21338355865.37189,47916,18712066
2026-02-04,validation,ethusdt,return5s_gt_20,30,-0.2418901912890708,7.768666759318099,-0.6331842940202705,21471362473.96348,999972203.7833099,20471390270.18017,491538,18268444
2026-02-04,validation,ethusdt,return5s_gt_20,120,-0.1160730617438005,13.536547490940034,-0.7829667549079246,21471362473.96348,999972203.7833099,20471390270.18017,491538,18268444
2026-02-04,validation,ethusdt,return5s_gt_20,300,-0.19888078199285322,11.796875703112507,-0.7848411339837964,21471362473.96348,999972203.7833099,20471390270.18017,491538,18268444
2026-02-04,validation,ethusdt,return5s_gt_50,30,-0.2418901912890708,26.370469460528312,-0.32780390082200117,21471362473.96348,69093771.49215999,21402268702.47132,26436,18733546
2026-02-04,validation,ethusdt,return5s_gt_50,120,-0.1160730617438005,17.975137144548103,-0.17447761508285045,21471362473.96348,69093771.49215999,21402268702.47132,26436,18733546
2026-02-04,validation,ethusdt,return5s_gt_50,300,-0.19888078199285322,1.4267011803422,-0.20412871108900504,21471362473.96348,69093771.49215999,21402268702.47132,26436,18733546
2026-02-04,validation,ethusdt,return5s_gt_100,30,-0.2418901912890708,62.12917723822044,-0.2425201144306074,21471362473.96348,216850.08869,21471145623.874786,78,18759904
2026-02-04,validation,ethusdt,return5s_gt_100,120,-0.1160730617438005,84.6723642368141,-0.11692939146510029,21471362473.96348,216850.08869,21471145623.874786,78,18759904
2026-02-04,validation,ethusdt,return5s_gt_100,300,-0.19888078199285322,102.70785144194528,-0.19992009933532184,21471362473.96348,216850.08869,21471145623.874786,78,18759904
2026-02-04,validation,ethusdt,return30s_gt_50,30,-0.2418901912890708,9.278884523216048,-0.6139199124568071,21471362473.96348,807454048.66954,20663908425.29394,374306,18385676
2026-02-04,validation,ethusdt,return30s_gt_50,120,-0.1160730617438005,12.863031847213282,-0.6232390146288739,21471362473.96348,807454048.66954,20663908425.29394,374306,18385676
2026-02-04,validation,ethusdt,return30s_gt_50,300,-0.19888078199285322,15.941789243046042,-0.8295867013049859,21471362473.96348,807454048.66954,20663908425.29394,374306,18385676
2026-02-04,validation,ethusdt,neg_return30s_gt_50,30,-0.2418901912890708,-10.035901072957326,0.022370773971689767,21471362473.96348,564117082.8531201,20907245391.11036,303046,18456936
2026-02-04,validation,ethusdt,neg_return30s_gt_50,120,-0.1160730617438005,-16.109795552420792,0.31546786613181954,21471362473.96348,564117082.8531201,20907245391.11036,303046,18456936
2026-02-04,validation,ethusdt,neg_return30s_gt_50,300,-0.19888078199285322,-23.155051254767923,0.4205201806077512,21471362473.96348,564117082.8531201,20907245391.11036,303046,18456936
2026-02-04,validation,ethusdt,baseline_or_return5s_gt_50,30,-0.2418901912890708,14.932823621542916,-0.4194108974055581,21471362473.96348,248277306.01409,21223085167.94939,102386,18657596
2026-02-04,validation,ethusdt,baseline_or_return5s_gt_50,120,-0.1160730617438005,28.37414848857513,-0.44936463543733446,21471362473.96348,248277306.01409,21223085167.94939,102386,18657596
2026-02-04,validation,ethusdt,baseline_or_return5s_gt_50,300,-0.19888078199285322,31.60377657744241,-0.5709227368173069,21471362473.96348,248277306.01409,21223085167.94939,102386,18657596
2026-02-04,validation,ethusdt,baseline_and_return5s_gt_20,30,-0.2418901912890708,22.183231541015918,-0.3271939028211819,21471362473.96348,81366161.43707,21389996312.526413,30110,18729872
2026-02-04,validation,ethusdt,baseline_and_return5s_gt_20,120,-0.1160730617438005,43.74957938188152,-0.2829351642949934,21471362473.96348,81366161.43707,21389996312.526413,30110,18729872
2026-02-04,validation,ethusdt,baseline_and_return5s_gt_20,300,-0.19888078199285322,46.04468930231744,-0.37478832933090306,21471362473.96348,81366161.43707,21389996312.526413,30110,18729872
2026-02-04,validation,ethusdt,liq2s_or_return5s_gt_50,30,-0.2418901912890708,26.293968755973175,-0.3287182990388339,21471362473.96348,70027408.22409,21401335065.739388,26804,18733178
2026-02-04,validation,ethusdt,liq2s_or_return5s_gt_50,120,-0.1160730617438005,17.884944746444326,-0.1749742760199646,21471362473.96348,70027408.22409,21401335065.739388,26804,18733178
2026-02-04,validation,ethusdt,liq2s_or_return5s_gt_50,300,-0.19888078199285322,1.3140978142032698,-0.2038314063097327,21471362473.96348,70027408.22409,21401335065.739388,26804,18733178
2026-02-04,validation,ethusdt,liq2s_and_return5s_gt_20,30,-0.2418901912890708,,-0.2418901912890708,21471362473.96348,0.0,21471362473.96348,0,18759982
2026-02-04,validation,ethusdt,liq2s_and_return5s_gt_20,120,-0.1160730617438005,,-0.1160730617438005,21471362473.96348,0.0,21471362473.96348,0,18759982
2026-02-04,validation,ethusdt,liq2s_and_return5s_gt_20,300,-0.19888078199285322,,-0.19888078199285322,21471362473.96348,0.0,21471362473.96348,0,18759982
2026-02-04,validation,ethusdt,bybit5s_or_return5s_gt_50,30,-0.2418901912890708,26.370469460528312,-0.32780390082200117,21471362473.96348,69093771.49215999,21402268702.47132,26436,18733546
2026-02-04,validation,ethusdt,bybit5s_or_return5s_gt_50,120,-0.1160730617438005,17.975137144548103,-0.17447761508285045,21471362473.96348,69093771.49215999,21402268702.47132,26436,18733546
2026-02-04,validation,ethusdt,bybit5s_or_return5s_gt_50,300,-0.19888078199285322,1.4267011803422,-0.20412871108900504,21471362473.96348,69093771.49215999,21402268702.47132,26436,18733546
2026-02-04,validation,ethusdt,horizon_specific_return_liq,30,-0.2418901912890708,26.370469460528312,-0.32780390082200117,21471362473.96348,69093771.49215999,21402268702.47132,26436,18733546
2026-02-04,validation,ethusdt,horizon_specific_return_liq,120,-0.1160730617438005,17.975137144548103,-0.17447761508285045,21471362473.96348,69093771.49215999,21402268702.47132,26436,18733546
2026-02-04,validation,ethusdt,horizon_specific_return_liq,300,-0.19888078199285322,-7.019112505370121,-0.19858420576209926,21471362473.96348,933636.73193,21470428837.231552,368,18759614
2026-02-04,validation,ethusdt,horizon_specific_bybit_return,30,-0.2418901912890708,26.370469460528312,-0.32780390082200117,21471362473.96348,69093771.49215999,21402268702.47132,26436,18733546
2026-02-04,validation,ethusdt,horizon_specific_bybit_return,120,-0.1160730617438005,,-0.1160730617438005,21471362473.96348,0.0,21471362473.96348,0,18759982
2026-02-04,validation,ethusdt,horizon_specific_bybit_return,300,-0.19888078199285322,-7.019112505370121,-0.19858420576209926,21471362473.96348,933636.73193,21470428837.231552,368,18759614
2026-02-05,validation,btcusdt,baseline_liq1s_d200_gt_100k,30,-0.48395260163252946,4.263305568162738,-0.6642071428630171,41345673267.9503,1512476132.249,39833197135.7013,370010,19210982
2026-02-05,validation,btcusdt,baseline_liq1s_d200_gt_100k,120,-0.018067544740480466,9.925229682938234,-0.39561694609753867,41345673267.9503,1512476132.249,39833197135.7013,370010,19210982
2026-02-05,validation,btcusdt,baseline_liq1s_d200_gt_100k,300,0.11103681807813436,15.672943894910683,-0.4798525585842908,41345673267.9503,1512476132.249,39833197135.7013,370010,19210982
2026-02-05,validation,btcusdt,liq2s_d0_gt_2m,30,-0.48395260163252946,9.120340487287223,-0.5405163154198391,41345673267.9503,242076337.20610002,41103596930.7442,55761,19525231
2026-02-05,validation,btcusdt,liq2s_d0_gt_2m,120,-0.018067544740480466,28.392643887303834,-0.18539015089771835,41345673267.9503,242076337.20610002,41103596930.7442,55761,19525231
2026-02-05,validation,btcusdt,liq2s_d0_gt_2m,300,0.11103681807813436,27.91272785382403,-0.05269901130460048,41345673267.9503,242076337.20610002,41103596930.7442,55761,19525231
2026-02-05,validation,btcusdt,liq2s_d200_gt_1m,30,-0.48395260163252946,6.327814296269601,-0.5823611803083554,41345673267.9503,588808338.4402001,40756864929.5101,137971,19443021
2026-02-05,validation,btcusdt,liq2s_d200_gt_1m,120,-0.018067544740480466,22.31611843744864,-0.34072619283157796,41345673267.9503,588808338.4402001,40756864929.5101,137971,19443021
2026-02-05,validation,btcusdt,liq2s_d200_gt_1m,300,0.11103681807813436,32.909951844967665,-0.362804207060211,41345673267.9503,588808338.4402001,40756864929.5101,137971,19443021
2026-02-05,validation,btcusdt,liq2s_d200_gt_2m,30,-0.48395260163252946,9.756439105275799,-0.5452682048851094,41345673267.9503,246088810.52250004,41099584457.427795,56150,19524842
2026-02-05,validation,btcusdt,liq2s_d200_gt_2m,120,-0.018067544740480466,29.65628196653927,-0.1957463575718839,41345673267.9503,246088810.52250004,41099584457.427795,56150,19524842
2026-02-05,validation,btcusdt,liq2s_d200_gt_2m,300,0.11103681807813436,30.620299902365595,-0.07164114233062178,41345673267.9503,246088810.52250004,41099584457.427795,56150,19524842
2026-02-05,validation,btcusdt,bybit5s_d0_gt_2m,30,-0.48395260163252946,7.236505145087968,-0.5985248011037634,41345673267.9503,604600717.2226,40741072550.7277,142455,19438537
2026-02-05,validation,btcusdt,bybit5s_d0_gt_2m,120,-0.018067544740480466,23.756431847525768,-0.3708829834178724,41345673267.9503,604600717.2226,40741072550.7277,142455,19438537
2026-02-05,validation,btcusdt,bybit5s_d0_gt_2m,300,0.11103681807813436,20.097647628226433,-0.1855660564686428,41345673267.9503,604600717.2226,40741072550.7277,142455,19438537
2026-02-05,validation,btcusdt,bybit5s_d200_gt_2m,30,-0.48395260163252946,6.8944485558397,-0.5888683714407137,41345673267.9503,579664496.5458,40766008771.404495,138128,19442864
2026-02-05,validation,btcusdt,bybit5s_d200_gt_2m,120,-0.018067544740480466,23.718753064300074,-0.35558874396047996,41345673267.9503,579664496.5458,40766008771.404495,138128,19442864
2026-02-05,validation,btcusdt,bybit5s_d200_gt_2m,300,0.11103681807813436,18.1797884897867,-0.1458883545509538,41345673267.9503,579664496.5458,40766008771.404495,138128,19442864
2026-02-05,validation,btcusdt,return1s_gt_20,30,-0.48395260163252946,-11.432112696324955,-0.4715811748643144,41345673267.9503,46667898.1777,41299005369.7726,10700,19570292
2026-02-05,validation,btcusdt,return1s_gt_20,120,-0.018067544740480466,-4.196053871462292,-0.013346417954555975,41345673267.9503,46667898.1777,41299005369.7726,10700,19570292
2026-02-05,validation,btcusdt,return1s_gt_20,300,0.11103681807813436,9.808734093238789,0.10007841496543857,41345673267.9503,46667898.1777,41299005369.7726,10700,19570292
2026-02-05,validation,btcusdt,return5s_gt_20,30,-0.48395260163252946,4.764102566970669,-0.6465130254880164,41345673267.9503,1242219125.7491,40103454142.2012,364500,19216492
2026-02-05,validation,btcusdt,return5s_gt_20,120,-0.018067544740480466,13.5583765995994,-0.438602856136919,41345673267.9503,1242219125.7491,40103454142.2012,364500,19216492
2026-02-05,validation,btcusdt,return5s_gt_20,300,0.11103681807813436,16.893017659471965,-0.40879116220541517,41345673267.9503,1242219125.7491,40103454142.2012,364500,19216492
2026-02-05,validation,btcusdt,return5s_gt_50,30,-0.48395260163252946,-1.971343265065546,-0.48313189405706936,41345673267.9503,22800999.861,41322872268.0893,5955,19575037
2026-02-05,validation,btcusdt,return5s_gt_50,120,-0.018067544740480466,26.66448317308551,-0.03279035566372067,41345673267.9503,22800999.861,41322872268.0893,5955,19575037
2026-02-05,validation,btcusdt,return5s_gt_50,300,0.11103681807813436,24.286436432949046,0.09769739482405528,41345673267.9503,22800999.861,41322872268.0893,5955,19575037
2026-02-05,validation,btcusdt,return5s_gt_100,30,-0.48395260163252946,,-0.48395260163252946,41345673267.9503,0.0,41345673267.9503,0,19580992
2026-02-05,validation,btcusdt,return5s_gt_100,120,-0.018067544740480466,,-0.018067544740480466,41345673267.9503,0.0,41345673267.9503,0,19580992
2026-02-05,validation,btcusdt,return5s_gt_100,300,0.11103681807813436,,0.11103681807813436,41345673267.9503,0.0,41345673267.9503,0,19580992
2026-02-05,validation,btcusdt,return30s_gt_50,30,-0.48395260163252946,10.43502854477811,-0.8612457948929798,41345673267.9503,1380936813.8294,39964736454.120895,386506,19194486
2026-02-05,validation,btcusdt,return30s_gt_50,120,-0.018067544740480466,22.03191601936341,-0.77998008938994,41345673267.9503,1380936813.8294,39964736454.120895,386506,19194486
2026-02-05,validation,btcusdt,return30s_gt_50,300,0.11103681807813436,23.8838342438328,-0.7104056345856148,41345673267.9503,1380936813.8294,39964736454.120895,386506,19194486
2026-02-05,validation,btcusdt,neg_return30s_gt_50,30,-0.48395260163252946,-9.410903086518724,-0.26942900186624885,41345673267.9503,970261752.3242002,40375411515.6261,319407,19261585
2026-02-05,validation,btcusdt,neg_return30s_gt_50,120,-0.018067544740480466,-18.94154790011057,0.4366827233172949,41345673267.9503,970261752.3242002,40375411515.6261,319407,19261585
2026-02-05,validation,btcusdt,neg_return30s_gt_50,300,0.11103681807813436,-20.57305691467748,0.6080963965944884,41345673267.9503,970261752.3242002,40375411515.6261,319407,19261585
2026-02-05,validation,btcusdt,baseline_or_return5s_gt_50,30,-0.48395260163252946,4.233852627692792,-0.6648305020252981,41345673267.9503,1526638562.4462001,39819034705.504105,373990,19207002
2026-02-05,validation,btcusdt,baseline_or_return5s_gt_50,120,-0.018067544740480466,10.17517137179414,-0.40887037864388653,41345673267.9503,1526638562.4462001,39819034705.504105,373990,19207002
2026-02-05,validation,btcusdt,baseline_or_return5s_gt_50,300,0.11103681807813436,15.90880936172207,-0.4946405657221044,41345673267.9503,1526638562.4462001,39819034705.504105,373990,19207002
2026-02-05,validation,btcusdt,baseline_and_return5s_gt_20,30,-0.48395260163252946,14.39994470736397,-0.6319471818815418,41345673267.9503,407063568.94310004,40938609699.0072,93365,19487627
2026-02-05,validation,btcusdt,baseline_and_return5s_gt_20,120,-0.018067544740480466,32.91769334886905,-0.3455566430215689,41345673267.9503,407063568.94310004,40938609699.0072,93365,19487627
2026-02-05,validation,btcusdt,baseline_and_return5s_gt_20,300,0.11103681807813436,43.49963822968615,-0.3203876751304639,41345673267.9503,407063568.94310004,40938609699.0072,93365,19487627
2026-02-05,validation,btcusdt,liq2s_or_return5s_gt_50,30,-0.48395260163252946,8.76196049779488,-0.544476615707185,41345673267.9503,268889810.38350004,41076783457.5668,62105,19518887
2026-02-05,validation,btcusdt,liq2s_or_return5s_gt_50,120,-0.018067544740480466,29.40258695378893,-0.2106559984503526,41345673267.9503,268889810.38350004,41076783457.5668,62105,19518887
2026-02-05,validation,btcusdt,liq2s_or_return5s_gt_50,300,0.11103681807813436,30.083208445163162,-0.08516188267734116,41345673267.9503,268889810.38350004,41076783457.5668,62105,19518887
2026-02-05,validation,btcusdt,liq2s_and_return5s_gt_20,30,-0.48395260163252946,12.033252063054357,-0.5153621334440808,41345673267.9503,103489374.9576,41242183892.9927,22731,19558261
2026-02-05,validation,btcusdt,liq2s_and_return5s_gt_20,120,-0.018067544740480466,43.25799144707959,-0.1266605403808649,41345673267.9503,103489374.9576,41242183892.9927,22731,19558261
2026-02-05,validation,btcusdt,liq2s_and_return5s_gt_20,300,0.11103681807813436,46.1052941304249,-0.00437697652701818,41345673267.9503,103489374.9576,41242183892.9927,22731,19558261
2026-02-05,validation,btcusdt,bybit5s_or_return5s_gt_50,30,-0.48395260163252946,6.558912464093759,-0.5880947011388038,41345673267.9503,602465496.4068,40743207771.5435,144083,19436909
2026-02-05,validation,btcusdt,bybit5s_or_return5s_gt_50,120,-0.018067544740480466,23.83023760939277,-0.37070990622829414,41345673267.9503,602465496.4068,40743207771.5435,144083,19436909
2026-02-05,validation,btcusdt,bybit5s_or_return5s_gt_50,300,0.11103681807813436,18.410901607025206,-0.15956134360982674,41345673267.9503,602465496.4068,40743207771.5435,144083,19436909
2026-02-05,validation,btcusdt,horizon_specific_return_liq,30,-0.48395260163252946,-1.971343265065546,-0.48313189405706936,41345673267.9503,22800999.861,41322872268.0893,5955,19575037
2026-02-05,validation,btcusdt,horizon_specific_return_liq,120,-0.018067544740480466,26.66448317308551,-0.03279035566372067,41345673267.9503,22800999.861,41322872268.0893,5955,19575037
2026-02-05,validation,btcusdt,horizon_specific_return_liq,300,0.11103681807813436,30.620299902365595,-0.07164114233062178,41345673267.9503,246088810.52250004,41099584457.427795,56150,19524842
2026-02-05,validation,btcusdt,horizon_specific_bybit_return,30,-0.48395260163252946,-1.971343265065546,-0.48313189405706936,41345673267.9503,22800999.861,41322872268.0893,5955,19575037
2026-02-05,validation,btcusdt,horizon_specific_bybit_return,120,-0.018067544740480466,23.718753064300074,-0.35558874396047996,41345673267.9503,579664496.5458,40766008771.404495,138128,19442864
2026-02-05,validation,btcusdt,horizon_specific_bybit_return,300,0.11103681807813436,30.620299902365595,-0.07164114233062178,41345673267.9503,246088810.52250004,41099584457.427795,56150,19524842
2026-02-05,validation,ethusdt,baseline_liq1s_d200_gt_100k,30,0.13331968611761452,9.84773183017961,-0.04461480703875486,31813171056.23014,572226254.8190401,31240944801.4111,227273,30637683
2026-02-05,validation,ethusdt,baseline_liq1s_d200_gt_100k,120,0.2599614047433262,22.753071162400634,-0.1520347124572163,31813171056.23014,572226254.8190401,31240944801.4111,227273,30637683
2026-02-05,validation,ethusdt,baseline_liq1s_d200_gt_100k,300,0.4749701127162807,14.813707688689682,0.2123339423287036,31813171056.23014,572226254.8190401,31240944801.4111,227273,30637683
2026-02-05,validation,ethusdt,liq2s_d0_gt_2m,30,0.13331968611761452,10.956341428648571,0.13072860322134108,31813171056.23014,7614401.57978,31805556654.65036,2633,30862323
2026-02-05,validation,ethusdt,liq2s_d0_gt_2m,120,0.2599614047433262,58.80292379623595,0.24594594102549167,31813171056.23014,7614401.57978,31805556654.65036,2633,30862323
2026-02-05,validation,ethusdt,liq2s_d0_gt_2m,300,0.4749701127162807,-5.003109757451767,0.47628159109946044,31813171056.23014,7614401.57978,31805556654.65036,2633,30862323
2026-02-05,validation,ethusdt,liq2s_d200_gt_1m,30,0.13331968611761452,18.799232497959633,0.08049895465287625,31813171056.23014,89770761.54833001,31723400294.68181,30570,30834386
2026-02-05,validation,ethusdt,liq2s_d200_gt_1m,120,0.2599614047433262,52.85226237638707,0.11113590476705408,31813171056.23014,89770761.54833001,31723400294.68181,30570,30834386
2026-02-05,validation,ethusdt,liq2s_d200_gt_1m,300,0.4749701127162807,30.21445093685159,0.3908134391934193,31813171056.23014,89770761.54833001,31723400294.68181,30570,30834386
2026-02-05,validation,ethusdt,liq2s_d200_gt_2m,30,0.13331968611761452,10.95539772042931,0.13085359880163303,31813171056.23014,7247793.23188,31805923262.99826,2585,30862371
2026-02-05,validation,ethusdt,liq2s_d200_gt_2m,120,0.2599614047433262,59.120568007441776,0.2465485098359273,31813171056.23014,7247793.23188,31805923262.99826,2585,30862371
2026-02-05,validation,ethusdt,liq2s_d200_gt_2m,300,0.4749701127162807,-2.6162593136337424,0.47567452841675345,31813171056.23014,7247793.23188,31805923262.99826,2585,30862371
2026-02-05,validation,ethusdt,bybit5s_d0_gt_2m,30,0.13331968611761452,18.443290775858948,0.10803157497384651,31813171056.23014,43876936.600209996,31769294119.62993,15067,30849889
2026-02-05,validation,ethusdt,bybit5s_d0_gt_2m,120,0.2599614047433262,100.99677864705085,0.1208326306886147,31813171056.23014,43876936.600209996,31769294119.62993,15067,30849889
2026-02-05,validation,ethusdt,bybit5s_d0_gt_2m,300,0.4749701127162807,34.946807948614925,0.4273606619830372,31813171056.23014,43876936.600209996,31769294119.62993,15067,30849889
2026-02-05,validation,ethusdt,bybit5s_d200_gt_2m,30,0.13331968611761452,18.78667870024775,0.10845557561556346,31813171056.23014,42349114.00751001,31770821942.222633,14911,30850045
2026-02-05,validation,ethusdt,bybit5s_d200_gt_2m,120,0.2599614047433262,101.45890560068317,0.12506764489703368,31813171056.23014,42349114.00751001,31770821942.222633,14911,30850045
2026-02-05,validation,ethusdt,bybit5s_d200_gt_2m,300,0.4749701127162807,34.82018087255102,0.4291894511795633,31813171056.23014,42349114.00751001,31770821942.222633,14911,30850045
2026-02-05,validation,ethusdt,return1s_gt_20,30,0.13331968611761452,5.725483088325325,0.10650537589847486,31813171056.23014,151815558.1699,31661355498.06024,65439,30799517
2026-02-05,validation,ethusdt,return1s_gt_20,120,0.2599614047433262,11.516068430486397,0.2059885995980123,31813171056.23014,151815558.1699,31661355498.06024,65439,30799517
2026-02-05,validation,ethusdt,return1s_gt_20,300,0.4749701127162807,11.141544424707888,0.42382410498976586,31813171056.23014,151815558.1699,31661355498.06024,65439,30799517
2026-02-05,validation,ethusdt,return5s_gt_20,30,0.13331968611761452,5.551369967262874,-0.26333737282466596,31813171056.23014,2170172655.08705,29642998401.14309,1186311,29678645
2026-02-05,validation,ethusdt,return5s_gt_20,120,0.2599614047433262,11.066905964972845,-0.5312181936318322,31813171056.23014,2170172655.08705,29642998401.14309,1186311,29678645
2026-02-05,validation,ethusdt,return5s_gt_20,300,0.4749701127162807,11.975574029787285,-0.366992491743195,31813171056.23014,2170172655.08705,29642998401.14309,1186311,29678645
2026-02-05,validation,ethusdt,return5s_gt_50,30,0.13331968611761452,12.935269353945133,0.08181692525529642,31813171056.23014,127472844.37945,31685698211.85069,42164,30822792
2026-02-05,validation,ethusdt,return5s_gt_50,120,0.2599614047433262,50.375319587031996,0.05834529352877221,31813171056.23014,127472844.37945,31685698211.85069,42164,30822792
2026-02-05,validation,ethusdt,return5s_gt_50,300,0.4749701127162807,41.72038191783467,0.30903815422676334,31813171056.23014,127472844.37945,31685698211.85069,42164,30822792
2026-02-05,validation,ethusdt,return5s_gt_100,30,0.13331968611761452,,0.13331968611761452,31813171056.23014,0.0,31813171056.23014,0,30864956
2026-02-05,validation,ethusdt,return5s_gt_100,120,0.2599614047433262,,0.2599614047433262,31813171056.23014,0.0,31813171056.23014,0,30864956
2026-02-05,validation,ethusdt,return5s_gt_100,300,0.4749701127162807,,0.4749701127162807,31813171056.23014,0.0,31813171056.23014,0,30864956
2026-02-05,validation,ethusdt,return30s_gt_50,30,0.13331968611761452,10.356258544831471,-0.6294909057180395,31813171056.23014,2208991198.17064,29604179858.0595,1202883,29662073
2026-02-05,validation,ethusdt,return30s_gt_50,120,0.2599614047433262,21.499880910084197,-1.3249092271102907,31813171056.23014,2208991198.17064,29604179858.0595,1202883,29662073
2026-02-05,validation,ethusdt,return30s_gt_50,300,0.4749701127162807,22.06108120391129,-1.1357324850860342,31813171056.23014,2208991198.17064,29604179858.0595,1202883,29662073
2026-02-05,validation,ethusdt,neg_return30s_gt_50,30,0.13331968611761452,-7.368899985617995,0.5115967989315303,31813171056.23014,1527085769.54186,30286085286.68828,955637,29909319
2026-02-05,validation,ethusdt,neg_return30s_gt_50,120,0.2599614047433262,-15.422304039914692,1.050692995439906,31813171056.23014,1527085769.54186,30286085286.68828,955637,29909319
2026-02-05,validation,ethusdt,neg_return30s_gt_50,300,0.4749701127162807,-17.6488830519875,1.388811502090237,31813171056.23014,1527085769.54186,30286085286.68828,955637,29909319
2026-02-05,validation,ethusdt,baseline_or_return5s_gt_50,30,0.13331968611761452,9.376297676449695,-0.055645275822112324,31813171056.23014,637363339.4776399,31175807716.752502,251983,30612973
2026-02-05,validation,ethusdt,baseline_or_return5s_gt_50,120,0.2599614047433262,22.53913214861123,-0.1955176255072283,31813171056.23014,637363339.4776399,31175807716.752502,251983,30612973
2026-02-05,validation,ethusdt,baseline_or_return5s_gt_50,300,0.4749701127162807,15.704752909363219,0.16360992885249767,31813171056.23014,637363339.4776399,31175807716.752502,251983,30612973
2026-02-05,validation,ethusdt,baseline_and_return5s_gt_20,30,0.13331968611761452,17.851704898759934,-0.054781809502010344,31813171056.23014,334186440.56619,31478984615.663948,123529,30741427
2026-02-05,validation,ethusdt,baseline_and_return5s_gt_20,120,0.2599614047433262,38.4472034299436,-0.14544107704736986,31813171056.23014,334186440.56619,31478984615.663948,123529,30741427
2026-02-05,validation,ethusdt,baseline_and_return5s_gt_20,300,0.4749701127162807,25.39024601823079,0.2104651589432402,31813171056.23014,334186440.56619,31478984615.663948,123529,30741427
2026-02-05,validation,ethusdt,liq2s_or_return5s_gt_50,30,0.13331968611761452,12.77529213143624,0.08089512969201712,31813171056.23014,131380118.40069,31681790937.829453,43825,30821131
2026-02-05,validation,ethusdt,liq2s_or_return5s_gt_50,120,0.2599614047433262,48.965720900969906,0.05798518244052924,31813171056.23014,131380118.40069,31681790937.829453,43825,30821131
2026-02-05,validation,ethusdt,liq2s_or_return5s_gt_50,300,0.4749701127162807,38.741664465015525,0.3162832870670069,31813171056.23014,131380118.40069,31681790937.829453,43825,30821131
2026-02-05,validation,ethusdt,liq2s_and_return5s_gt_20,30,0.13331968611761452,13.077033217005997,0.13105600486348723,31813171056.23014,5562722.51791,31807608333.712227,1617,30863339
2026-02-05,validation,ethusdt,liq2s_and_return5s_gt_20,120,0.2599614047433262,74.08476840888501,0.2470504397945079,31813171056.23014,5562722.51791,31807608333.712227,1617,30863339
2026-02-05,validation,ethusdt,liq2s_and_return5s_gt_20,300,0.4749701127162807,12.669533914356803,0.4728374476650837,31813171056.23014,5562722.51791,31807608333.712227,1617,30863339
2026-02-05,validation,ethusdt,bybit5s_or_return5s_gt_50,30,0.13331968611761452,13.50018548352107,0.07115070416938016,31813171056.23014,147277335.23722,31665893720.99292,51514,30813442
2026-02-05,validation,ethusdt,bybit5s_or_return5s_gt_50,120,0.2599614047433262,52.5370710879727,0.01682178342432698,31813171056.23014,147277335.23722,31665893720.99292,51514,30813442
2026-02-05,validation,ethusdt,bybit5s_or_return5s_gt_50,300,0.4749701127162807,38.59318021670079,0.29768320404439497,31813171056.23014,147277335.23722,31665893720.99292,51514,30813442
2026-02-05,validation,ethusdt,horizon_specific_return_liq,30,0.13331968611761452,12.935269353945133,0.08181692525529642,31813171056.23014,127472844.37945,31685698211.85069,42164,30822792
2026-02-05,validation,ethusdt,horizon_specific_return_liq,120,0.2599614047433262,50.375319587031996,0.05834529352877221,31813171056.23014,127472844.37945,31685698211.85069,42164,30822792
2026-02-05,validation,ethusdt,horizon_specific_return_liq,300,0.4749701127162807,-2.6162593136337424,0.47567452841675345,31813171056.23014,7247793.23188,31805923262.99826,2585,30862371
2026-02-05,validation,ethusdt,horizon_specific_bybit_return,30,0.13331968611761452,12.935269353945133,0.08181692525529642,31813171056.23014,127472844.37945,31685698211.85069,42164,30822792
2026-02-05,validation,ethusdt,horizon_specific_bybit_return,120,0.2599614047433262,101.45890560068317,0.12506764489703368,31813171056.23014,42349114.00751001,31770821942.222633,14911,30850045
2026-02-05,validation,ethusdt,horizon_specific_bybit_return,300,0.4749701127162807,-2.6162593136337424,0.47567452841675345,31813171056.23014,7247793.23188,31805923262.99826,2585,30862371
2026-02-06,validation,btcusdt,baseline_liq1s_d200_gt_100k,30,-0.12737813799564124,13.475280108477072,-0.3653993131408514,33209526120.3311,571111445.6441,32638414674.686996,156746,16176149
2026-02-06,validation,btcusdt,baseline_liq1s_d200_gt_100k,120,-0.2054832701567556,14.300761486582473,-0.45931552568948975,33209526120.3311,571111445.6441,32638414674.686996,156746,16176149
2026-02-06,validation,btcusdt,baseline_liq1s_d200_gt_100k,300,-0.755587683334424,-6.207521185856599,-0.6601890049606315,33209526120.3311,571111445.6441,32638414674.686996,156746,16176149
2026-02-06,validation,btcusdt,liq2s_d0_gt_2m,30,-0.12737813799564124,37.4475682838651,-0.24716874955862878,33209526120.3311,105536999.5059,33103989120.8252,24217,16308678
2026-02-06,validation,btcusdt,liq2s_d0_gt_2m,120,-0.2054832701567556,25.466402920259153,-0.28732639275762195,33209526120.3311,105536999.5059,33103989120.8252,24217,16308678
2026-02-06,validation,btcusdt,liq2s_d0_gt_2m,300,-0.755587683334424,-16.728625663661,-0.7046649230808278,33209526120.3311,105536999.5059,33103989120.8252,24217,16308678
2026-02-06,validation,btcusdt,liq2s_d200_gt_1m,30,-0.12737813799564124,26.88357129244694,-0.26882074243119525,33209526120.3311,172995508.48029998,33036530611.8508,44243,16288652
2026-02-06,validation,btcusdt,liq2s_d200_gt_1m,120,-0.2054832701567556,15.25178831079522,-0.28642513987916685,33209526120.3311,172995508.48029998,33036530611.8508,44243,16288652
2026-02-06,validation,btcusdt,liq2s_d200_gt_1m,300,-0.755587683334424,-21.78265846598797,-0.6454796079849037,33209526120.3311,172995508.48029998,33036530611.8508,44243,16288652
2026-02-06,validation,btcusdt,liq2s_d200_gt_2m,30,-0.12737813799564124,39.338781561274885,-0.24884037711750853,33209526120.3311,101893046.4939,33107633073.837196,24711,16308184
2026-02-06,validation,btcusdt,liq2s_d200_gt_2m,120,-0.2054832701567556,24.889332891585905,-0.2827158305219646,33209526120.3311,101893046.4939,33107633073.837196,24711,16308184
2026-02-06,validation,btcusdt,liq2s_d200_gt_2m,300,-0.755587683334424,-18.743595698072973,-0.7002272492952183,33209526120.3311,101893046.4939,33107633073.837196,24711,16308184
2026-02-06,validation,btcusdt,bybit5s_d0_gt_2m,30,-0.12737813799564124,38.448062924811445,-0.3466474095722565,33209526120.3311,187701584.5471,33021824535.783997,47918,16284977
2026-02-06,validation,btcusdt,bybit5s_d0_gt_2m,120,-0.2054832701567556,23.158873250487925,-0.3382901880814758,33209526120.3311,187701584.5471,33021824535.783997,47918,16284977
2026-02-06,validation,btcusdt,bybit5s_d0_gt_2m,300,-0.755587683334424,-16.72291946279975,-0.664826693651764,33209526120.3311,187701584.5471,33021824535.783997,47918,16284977
2026-02-06,validation,btcusdt,bybit5s_d200_gt_2m,30,-0.12737813799564124,38.4924358460786,-0.34574419639677967,33209526120.3311,186719184.89319998,33022806935.4379,47707,16285188
2026-02-06,validation,btcusdt,bybit5s_d200_gt_2m,120,-0.2054832701567556,22.956952448240965,-0.3364494574325926,33209526120.3311,186719184.89319998,33022806935.4379,47707,16285188
2026-02-06,validation,btcusdt,bybit5s_d200_gt_2m,300,-0.755587683334424,-16.61611811139474,-0.6659082893540424,33209526120.3311,186719184.89319998,33022806935.4379,47707,16285188
2026-02-06,validation,btcusdt,return1s_gt_20,30,-0.12737813799564124,2.269776733073321,-0.1308959471335291,33209526120.3311,48663349.8245,33160862770.5066,15344,16317551
2026-02-06,validation,btcusdt,return1s_gt_20,120,-0.2054832701567556,4.652822862996923,-0.2126128027189315,33209526120.3311,48663349.8245,33160862770.5066,15344,16317551
2026-02-06,validation,btcusdt,return1s_gt_20,300,-0.755587683334424,-35.852714608624055,-0.7040828784920334,33209526120.3311,48663349.8245,33160862770.5066,15344,16317551
2026-02-06,validation,btcusdt,return5s_gt_20,30,-0.12737813799564124,11.102258615204352,-0.4069851115346421,33209526120.3311,806796285.8061,32402729834.525,268331,16064564
2026-02-06,validation,btcusdt,return5s_gt_20,120,-0.2054832701567556,18.779777068156232,-0.6781976866344783,33209526120.3311,806796285.8061,32402729834.525,268331,16064564
2026-02-06,validation,btcusdt,return5s_gt_20,300,-0.755587683334424,5.013133747102146,-0.8992232056405498,33209526120.3311,806796285.8061,32402729834.525,268331,16064564
2026-02-06,validation,btcusdt,return5s_gt_50,30,-0.12737813799564124,36.009577347425356,-0.13979796443883624,33209526120.3311,11409783.6302,33198116336.7009,3074,16329821
2026-02-06,validation,btcusdt,return5s_gt_50,120,-0.2054832701567556,82.99927298183033,-0.2340797199134302,33209526120.3311,11409783.6302,33198116336.7009,3074,16329821
2026-02-06,validation,btcusdt,return5s_gt_50,300,-0.755587683334424,92.87017837762566,-0.7877657057900632,33209526120.3311,11409783.6302,33198116336.7009,3074,16329821
2026-02-06,validation,btcusdt,return5s_gt_100,30,-0.12737813799564124,,-0.12737813799564124,33209526120.3311,0.0,33209526120.3311,0,16332895
2026-02-06,validation,btcusdt,return5s_gt_100,120,-0.2054832701567556,,-0.2054832701567556,33209526120.3311,0.0,33209526120.3311,0,16332895
2026-02-06,validation,btcusdt,return5s_gt_100,300,-0.755587683334424,,-0.755587683334424,33209526120.3311,0.0,33209526120.3311,0,16332895
2026-02-06,validation,btcusdt,return30s_gt_50,30,-0.12737813799564124,14.070083903622328,-0.40909281409909215,33209526120.3311,646142462.1668999,32563383658.1642,202266,16130629
2026-02-06,validation,btcusdt,return30s_gt_50,120,-0.2054832701567556,28.90923057753683,-0.7831951286145887,33209526120.3311,646142462.1668999,32563383658.1642,202266,16130629
2026-02-06,validation,btcusdt,return30s_gt_50,300,-0.755587683334424,-0.8029216648338676,-0.7546484536870609,33209526120.3311,646142462.1668999,32563383658.1642,202266,16130629
2026-02-06,validation,btcusdt,neg_return30s_gt_50,30,-0.12737813799564124,-13.727707516905339,0.06950568060239859,33209526120.3311,473894127.95210004,32735631992.378998,176870,16156025
2026-02-06,validation,btcusdt,neg_return30s_gt_50,120,-0.2054832701567556,-26.868373977790405,0.1804994212272926,33209526120.3311,473894127.95210004,32735631992.378998,176870,16156025
2026-02-06,validation,btcusdt,neg_return30s_gt_50,300,-0.755587683334424,-10.97046394789128,-0.6077130407841377,33209526120.3311,473894127.95210004,32735631992.378998,176870,16156025
2026-02-06,validation,btcusdt,baseline_or_return5s_gt_50,30,-0.12737813799564124,13.748627939811405,-0.3729174801397219,33209526120.3311,577432919.2739999,32632093201.0571,158194,16174701
2026-02-06,validation,btcusdt,baseline_or_return5s_gt_50,120,-0.2054832701567556,15.048527107247345,-0.47540673748048234,33209526120.3311,577432919.2739999,32632093201.0571,158194,16174701
2026-02-06,validation,btcusdt,baseline_or_return5s_gt_50,300,-0.755587683334424,-5.126392125216702,-0.6782452231710018,33209526120.3311,577432919.2739999,32632093201.0571,158194,16174701
2026-02-06,validation,btcusdt,baseline_and_return5s_gt_20,30,-0.12737813799564124,22.955991663105344,-0.2780221502569227,33209526120.3311,215322944.208,32994203176.1231,50964,16281931
2026-02-06,validation,btcusdt,baseline_and_return5s_gt_20,120,-0.2054832701567556,39.23766391582953,-0.46289256522535716,33209526120.3311,215322944.208,32994203176.1231,50964,16281931
2026-02-06,validation,btcusdt,baseline_and_return5s_gt_20,300,-0.755587683334424,14.103485026005915,-0.852559241244066,33209526120.3311,215322944.208,32994203176.1231,50964,16281931
2026-02-06,validation,btcusdt,liq2s_or_return5s_gt_50,30,-0.12737813799564124,38.852015479835714,-0.25827536507848053,33209526120.3311,111148109.30770001,33098378011.0234,27211,16305684
2026-02-06,validation,btcusdt,liq2s_or_return5s_gt_50,120,-0.2054832701567556,28.459542915353648,-0.30174368094528653,33209526120.3311,111148109.30770001,33098378011.0234,27211,16305684
2026-02-06,validation,btcusdt,liq2s_or_return5s_gt_50,300,-0.755587683334424,-10.96805601049996,-0.721293055798562,33209526120.3311,111148109.30770001,33098378011.0234,27211,16305684
2026-02-06,validation,btcusdt,liq2s_and_return5s_gt_20,30,-0.12737813799564124,46.89666747943078,-0.22828117889215213,33209526120.3311,71107603.67230001,33138418516.6588,15081,16317814
2026-02-06,validation,btcusdt,liq2s_and_return5s_gt_20,120,-0.2054832701567556,30.525193741540836,-0.27142440130731893,33209526120.3311,71107603.67230001,33138418516.6588,15081,16317814
2026-02-06,validation,btcusdt,liq2s_and_return5s_gt_20,300,-0.755587683334424,-6.230997483311514,-0.7438386836106,33209526120.3311,71107603.67230001,33138418516.6588,15081,16317814
2026-02-06,validation,btcusdt,bybit5s_or_return5s_gt_50,30,-0.12737813799564124,38.22664833425544,-0.3547121642936936,33209526120.3311,195681416.7989,33013844703.5322,50115,16282780
2026-02-06,validation,btcusdt,bybit5s_or_return5s_gt_50,120,-0.2054832701567556,24.897597870004955,-0.3542755882777355,33209526120.3311,195681416.7989,33013844703.5322,50115,16282780
2026-02-06,validation,btcusdt,bybit5s_or_return5s_gt_50,300,-0.755587683334424,-12.583932764319945,-0.68547808705387,33209526120.3311,195681416.7989,33013844703.5322,50115,16282780
2026-02-06,validation,btcusdt,horizon_specific_return_liq,30,-0.12737813799564124,36.009577347425356,-0.13979796443883624,33209526120.3311,11409783.6302,33198116336.7009,3074,16329821
2026-02-06,validation,btcusdt,horizon_specific_return_liq,120,-0.2054832701567556,82.99927298183033,-0.2340797199134302,33209526120.3311,11409783.6302,33198116336.7009,3074,16329821
2026-02-06,validation,btcusdt,horizon_specific_return_liq,300,-0.755587683334424,-18.743595698072973,-0.7002272492952183,33209526120.3311,101893046.4939,33107633073.837196,24711,16308184
2026-02-06,validation,btcusdt,horizon_specific_bybit_return,30,-0.12737813799564124,36.009577347425356,-0.13979796443883624,33209526120.3311,11409783.6302,33198116336.7009,3074,16329821
2026-02-06,validation,btcusdt,horizon_specific_bybit_return,120,-0.2054832701567556,22.956952448240965,-0.3364494574325926,33209526120.3311,186719184.89319998,33022806935.4379,47707,16285188
2026-02-06,validation,btcusdt,horizon_specific_bybit_return,300,-0.755587683334424,-18.743595698072973,-0.7002272492952183,33209526120.3311,101893046.4939,33107633073.837196,24711,16308184
2026-02-06,validation,ethusdt,baseline_liq1s_d200_gt_100k,30,-0.12388165110919389,11.152714168625797,-0.21142849292534058,23687209972.03989,182481027.05576,23504728944.98413,76904,24396462
2026-02-06,validation,ethusdt,baseline_liq1s_d200_gt_100k,120,0.2777335134351029,42.35250747997567,-0.04891768873465109,23687209972.03989,182481027.05576,23504728944.98413,76904,24396462
2026-02-06,validation,ethusdt,baseline_liq1s_d200_gt_100k,300,0.3416422429480702,25.557712275936545,0.14587506908701398,23687209972.03989,182481027.05576,23504728944.98413,76904,24396462
2026-02-06,validation,ethusdt,liq2s_d0_gt_2m,30,-0.12388165110919389,-12.313219170231953,-0.1137724791613802,23687209972.03989,19628601.578020003,23667581370.46187,6866,24466500
2026-02-06,validation,ethusdt,liq2s_d0_gt_2m,120,0.2777335134351029,111.67611039631501,0.1853457733426097,23687209972.03989,19628601.578020003,23667581370.46187,6866,24466500
2026-02-06,validation,ethusdt,liq2s_d0_gt_2m,300,0.3416422429480702,76.96887594884242,0.2780917932043552,23687209972.03989,19628601.578020003,23667581370.46187,6866,24466500
2026-02-06,validation,ethusdt,liq2s_d200_gt_1m,30,-0.12388165110919389,8.884439323751247,-0.14029086338431596,23687209972.03989,43069260.64013,23644140711.39976,15416,24457950
2026-02-06,validation,ethusdt,liq2s_d200_gt_1m,120,0.2777335134351029,55.595141987917955,0.1769694420059664,23687209972.03989,43069260.64013,23644140711.39976,15416,24457950
2026-02-06,validation,ethusdt,liq2s_d200_gt_1m,300,0.3416422429480702,43.09808975305879,0.26375873665633426,23687209972.03989,43069260.64013,23644140711.39976,15416,24457950
2026-02-06,validation,ethusdt,liq2s_d200_gt_2m,30,-0.12388165110919389,-11.621911676779915,-0.11357451766762458,23687209972.03989,21214814.15297,23665995157.886917,7646,24465720
2026-02-06,validation,ethusdt,liq2s_d200_gt_2m,120,0.2777335134351029,100.9235548274551,0.18751197911105844,23687209972.03989,21214814.15297,23665995157.886917,7646,24465720
2026-02-06,validation,ethusdt,liq2s_d200_gt_2m,300,0.3416422429480702,71.71574277305776,0.27766064116121036,23687209972.03989,21214814.15297,23665995157.886917,7646,24465720
2026-02-06,validation,ethusdt,bybit5s_d0_gt_2m,30,-0.12388165110919389,0.4603822757118706,-0.12508603652965722,23687209972.03989,48727710.35644,23638482261.683453,18036,24455330
2026-02-06,validation,ethusdt,bybit5s_d0_gt_2m,120,0.2777335134351029,34.45907124675521,0.2072730538240948,23687209972.03989,48727710.35644,23638482261.683453,18036,24455330
2026-02-06,validation,ethusdt,bybit5s_d0_gt_2m,300,0.3416422429480702,44.70007627626149,0.2502029998734766,23687209972.03989,48727710.35644,23638482261.683453,18036,24455330
2026-02-06,validation,ethusdt,bybit5s_d200_gt_2m,30,-0.12388165110919389,0.39441429257611726,-0.1249265212319532,23687209972.03989,47656678.106680006,23639553293.933212,17594,24455772
2026-02-06,validation,ethusdt,bybit5s_d200_gt_2m,120,0.2777335134351029,32.18222618533242,0.21341494876020478,23687209972.03989,47656678.106680006,23639553293.933212,17594,24455772
2026-02-06,validation,ethusdt,bybit5s_d200_gt_2m,300,0.3416422429480702,43.36792270909749,0.25490246522015314,23687209972.03989,47656678.106680006,23639553293.933212,17594,24455772
2026-02-06,validation,ethusdt,return1s_gt_20,30,-0.12388165110919389,7.3041466264119475,-0.1722202157002185,23687209972.03989,153150019.70812,23534059952.33177,76986,24396380
2026-02-06,validation,ethusdt,return1s_gt_20,120,0.2777335134351029,12.61512002102627,0.19744685696310416,23687209972.03989,153150019.70812,23534059952.33177,76986,24396380
2026-02-06,validation,ethusdt,return1s_gt_20,300,0.3416422429480702,21.68115022593569,0.20277346829653264,23687209972.03989,153150019.70812,23534059952.33177,76986,24396380
2026-02-06,validation,ethusdt,return5s_gt_20,30,-0.12388165110919389,5.121489845503351,-0.4111680673823159,23687209972.03989,1229971881.78349,22457238090.2564,744944,23728422
2026-02-06,validation,ethusdt,return5s_gt_20,120,0.2777335134351029,18.16899230214872,-0.7021619283546514,23687209972.03989,1229971881.78349,22457238090.2564,744944,23728422
2026-02-06,validation,ethusdt,return5s_gt_20,300,0.3416422429480702,11.061668103181322,-0.24548829942256678,23687209972.03989,1229971881.78349,22457238090.2564,744944,23728422
2026-02-06,validation,ethusdt,return5s_gt_50,30,-0.12388165110919389,12.011919433766211,-0.17318310758234076,23687209972.03989,95839484.93203,23591370487.10786,39370,24433996
2026-02-06,validation,ethusdt,return5s_gt_50,120,0.2777335134351029,36.903454518374204,0.12894223239037353,23687209972.03989,95839484.93203,23591370487.10786,39370,24433996
2026-02-06,validation,ethusdt,return5s_gt_50,300,0.3416422429480702,35.11915000021789,0.20035929236671868,23687209972.03989,95839484.93203,23591370487.10786,39370,24433996
2026-02-06,validation,ethusdt,return5s_gt_100,30,-0.12388165110919389,14.453368376504846,-0.12452073427132358,23687209972.03989,1038428.60485,23686171543.43504,306,24473060
2026-02-06,validation,ethusdt,return5s_gt_100,120,0.2777335134351029,195.96934781925614,0.26915417127962643,23687209972.03989,1038428.60485,23686171543.43504,306,24473060
2026-02-06,validation,ethusdt,return5s_gt_100,300,0.3416422429480702,181.13163443572554,0.3337162047945713,23687209972.03989,1038428.60485,23686171543.43504,306,24473060
2026-02-06,validation,ethusdt,return30s_gt_50,30,-0.12388165110919389,9.622629514133163,-0.5880643668415416,23687209972.03989,1076831171.42811,22610378800.61178,593430,23879936
2026-02-06,validation,ethusdt,return30s_gt_50,120,0.2777335134351029,28.861468210121473,-1.0835818713558087,23687209972.03989,1076831171.42811,22610378800.61178,593430,23879936
2026-02-06,validation,ethusdt,return30s_gt_50,300,0.3416422429480702,16.66501548655361,-0.43576698520225193,23687209972.03989,1076831171.42811,22610378800.61178,593430,23879936
2026-02-06,validation,ethusdt,neg_return30s_gt_50,30,-0.12388165110919389,-8.802471785733664,0.14782100539716486,23687209972.03989,719068976.2691,22968140995.77079,512068,23961298
2026-02-06,validation,ethusdt,neg_return30s_gt_50,120,0.2777335134351029,-21.4595040473555,0.958266307213844,23687209972.03989,719068976.2691,22968140995.77079,512068,23961298
2026-02-06,validation,ethusdt,neg_return30s_gt_50,300,0.3416422429480702,-12.415939591453448,0.7410468491380763,23687209972.03989,719068976.2691,22968140995.77079,512068,23961298
2026-02-06,validation,ethusdt,baseline_or_return5s_gt_50,30,-0.12388165110919389,13.15815114166412,-0.25435891426119717,23687209972.03989,230429823.79672,23456780148.243168,100558,24372808
2026-02-06,validation,ethusdt,baseline_or_return5s_gt_50,120,0.2777335134351029,36.364343467482406,-0.07676659785808658,23687209972.03989,230429823.79672,23456780148.243168,100558,24372808
2026-02-06,validation,ethusdt,baseline_or_return5s_gt_50,300,0.3416422429480702,25.016042056302524,0.09925102107753887,23687209972.03989,230429823.79672,23456780148.243168,100558,24372808
2026-02-06,validation,ethusdt,baseline_and_return5s_gt_20,30,-0.12388165110919389,11.565708852693948,-0.1842459530369431,23687209972.03989,121690842.06867,23565519129.971222,44360,24429006
2026-02-06,validation,ethusdt,baseline_and_return5s_gt_20,120,0.2777335134351029,45.66309903920842,0.04336637227582018,23687209972.03989,121690842.06867,23565519129.971222,44360,24429006
2026-02-06,validation,ethusdt,baseline_and_return5s_gt_20,300,0.3416422429480702,33.74424312771788,0.16915333631576793,23687209972.03989,121690842.06867,23565519129.971222,44360,24429006
2026-02-06,validation,ethusdt,liq2s_or_return5s_gt_50,30,-0.12388165110919389,10.608276109979364,-0.1701886086867878,23687209972.03989,101766128.65905,23585443843.380836,41599,24431767
2026-02-06,validation,ethusdt,liq2s_or_return5s_gt_50,120,0.2777335134351029,38.25847652953057,0.11385475813124513,23687209972.03989,101766128.65905,23585443843.380836,41599,24431767
2026-02-06,validation,ethusdt,liq2s_or_return5s_gt_50,300,0.3416422429480702,35.52893017049239,0.1898166468653207,23687209972.03989,101766128.65905,23585443843.380836,41599,24431767
2026-02-06,validation,ethusdt,liq2s_and_return5s_gt_20,30,-0.12388165110919389,-11.517426141891926,-0.11380718930861838,23687209972.03989,20926329.87982,23666283642.16007,7544,24465822
2026-02-06,validation,ethusdt,liq2s_and_return5s_gt_20,120,0.2777335134351029,100.68289590124184,0.18895271533712285,23687209972.03989,20926329.87982,23666283642.16007,7544,24465822
2026-02-06,validation,ethusdt,liq2s_and_return5s_gt_20,300,0.3416422429480702,71.52278926269706,0.27870206246676854,23687209972.03989,20926329.87982,23666283642.16007,7544,24465822
2026-02-06,validation,ethusdt,bybit5s_or_return5s_gt_50,30,-0.12388165110919389,8.90391506393412,-0.16958930003391154,23687209972.03989,119323982.66182,23567885989.378067,48807,24424559
2026-02-06,validation,ethusdt,bybit5s_or_return5s_gt_50,120,0.2777335134351029,32.31034145179308,0.11555272403497686,23687209972.03989,119323982.66182,23567885989.378067,48807,24424559
2026-02-06,validation,ethusdt,bybit5s_or_return5s_gt_50,300,0.3416422429480702,34.12522807006046,0.17059626914688575,23687209972.03989,119323982.66182,23567885989.378067,48807,24424559
2026-02-06,validation,ethusdt,horizon_specific_return_liq,30,-0.12388165110919389,12.011919433766211,-0.17318310758234076,23687209972.03989,95839484.93203,23591370487.10786,39370,24433996
2026-02-06,validation,ethusdt,horizon_specific_return_liq,120,0.2777335134351029,36.903454518374204,0.12894223239037353,23687209972.03989,95839484.93203,23591370487.10786,39370,24433996
2026-02-06,validation,ethusdt,horizon_specific_return_liq,300,0.3416422429480702,71.71574277305776,0.27766064116121036,23687209972.03989,21214814.15297,23665995157.886917,7646,24465720
2026-02-06,validation,ethusdt,horizon_specific_bybit_return,30,-0.12388165110919389,12.011919433766211,-0.17318310758234076,23687209972.03989,95839484.93203,23591370487.10786,39370,24433996
2026-02-06,validation,ethusdt,horizon_specific_bybit_return,120,0.2777335134351029,32.18222618533242,0.21341494876020478,23687209972.03989,47656678.106680006,23639553293.933212,17594,24455772
2026-02-06,validation,ethusdt,horizon_specific_bybit_return,300,0.3416422429480702,71.71574277305776,0.27766064116121036,23687209972.03989,21214814.15297,23665995157.886917,7646,24465720
2026-02-07,validation,btcusdt,baseline_liq1s_d200_gt_100k,30,-0.028758416789476538,2.704307528181096,-0.054105072013139355,16670369478.078102,153181618.87100002,16517187859.207102,43013,8741232
2026-02-07,validation,btcusdt,baseline_liq1s_d200_gt_100k,120,-0.18615615587304454,5.439579034347108,-0.23832963910294627,16670369478.078102,153181618.87100002,16517187859.207102,43013,8741232
2026-02-07,validation,btcusdt,baseline_liq1s_d200_gt_100k,300,-0.40575956705587335,-3.5798709395293553,-0.37632262399650673,16670369478.078102,153181618.87100002,16517187859.207102,43013,8741232
2026-02-07,validation,btcusdt,liq2s_d0_gt_2m,30,-0.028758416789476538,14.30652592468881,-0.03723634129465931,16670369478.078102,9853072.805300001,16660516405.2728,2826,8781419
2026-02-07,validation,btcusdt,liq2s_d0_gt_2m,120,-0.18615615587304454,17.36605382973906,-0.1965365785847567,16670369478.078102,9853072.805300001,16660516405.2728,2826,8781419
2026-02-07,validation,btcusdt,liq2s_d0_gt_2m,300,-0.40575956705587335,-24.458258549659696,-0.3915348564970821,16670369478.078102,9853072.805300001,16660516405.2728,2826,8781419
2026-02-07,validation,btcusdt,liq2s_d200_gt_1m,30,-0.028758416789476538,8.84435937741725,-0.03861004452421308,16670369478.078102,18488217.903000005,16651881260.175098,5400,8778845
2026-02-07,validation,btcusdt,liq2s_d200_gt_1m,120,-0.18615615587304454,8.2826673229613,-0.1955589045122146,16670369478.078102,18488217.903000005,16651881260.175098,5400,8778845
2026-02-07,validation,btcusdt,liq2s_d200_gt_1m,300,-0.40575956705587335,-33.36287661457463,-0.3691680041021752,16670369478.078102,18488217.903000005,16651881260.175098,5400,8778845
2026-02-07,validation,btcusdt,liq2s_d200_gt_2m,30,-0.028758416789476538,15.064450003233212,-0.036980913367940196,16670369478.078102,9076759.464200001,16661292718.6139,2506,8781739
2026-02-07,validation,btcusdt,liq2s_d200_gt_2m,120,-0.18615615587304454,17.799954431341057,-0.19595465123914876,16670369478.078102,9076759.464200001,16661292718.6139,2506,8781739
2026-02-07,validation,btcusdt,liq2s_d200_gt_2m,300,-0.40575956705587335,-29.161260332286446,-0.3900941101116458,16670369478.078102,9076759.464200001,16661292718.6139,2506,8781739
2026-02-07,validation,btcusdt,bybit5s_d0_gt_2m,30,-0.028758416789476538,-7.46068565839373,-0.022268367411479955,16670369478.078102,14544965.2567,16655824512.8214,5063,8779182
2026-02-07,validation,btcusdt,bybit5s_d0_gt_2m,120,-0.18615615587304454,2.657675471692556,-0.18863957734443462,16670369478.078102,14544965.2567,16655824512.8214,5063,8779182
2026-02-07,validation,btcusdt,bybit5s_d0_gt_2m,300,-0.40575956705587335,-22.122315956095317,-0.3867952367142202,16670369478.078102,14544965.2567,16655824512.8214,5063,8779182
2026-02-07,validation,btcusdt,bybit5s_d200_gt_2m,30,-0.028758416789476538,-7.487649751857641,-0.0223525955057806,16670369478.078102,14304508.6315,16656064969.4466,5016,8779229
2026-02-07,validation,btcusdt,bybit5s_d200_gt_2m,120,-0.18615615587304454,2.6291115308871795,-0.1885739550950767,16670369478.078102,14304508.6315,16656064969.4466,5016,8779229
2026-02-07,validation,btcusdt,bybit5s_d200_gt_2m,300,-0.40575956705587335,-21.98013352932461,-0.3872311319706003,16670369478.078102,14304508.6315,16656064969.4466,5016,8779229
2026-02-07,validation,btcusdt,return1s_gt_20,30,-0.028758416789476538,9.934789630714874,-0.036635624827366355,16670369478.078102,13169227.576,16657200250.5021,3581,8780664
2026-02-07,validation,btcusdt,return1s_gt_20,120,-0.18615615587304454,4.044505518155525,-0.189500928436529,16670369478.078102,13169227.576,16657200250.5021,3581,8780664
2026-02-07,validation,btcusdt,return1s_gt_20,300,-0.40575956705587335,-3.5470720492938885,-0.40327603691012287,16670369478.078102,13169227.576,16657200250.5021,3581,8780664
2026-02-07,validation,btcusdt,return5s_gt_20,30,-0.028758416789476538,5.619469412082124,-0.12515207535735662,16670369478.078102,279725636.78629994,16390643841.2918,88804,8695441
2026-02-07,validation,btcusdt,return5s_gt_20,120,-0.18615615587304454,3.539784556451868,-0.2497437213448437,16670369478.078102,279725636.78629994,16390643841.2918,88804,8695441
2026-02-07,validation,btcusdt,return5s_gt_20,300,-0.40575956705587335,11.781586910670665,-0.6137509850396492,16670369478.078102,279725636.78629994,16390643841.2918,88804,8695441
2026-02-07,validation,btcusdt,return5s_gt_50,30,-0.028758416789476538,49.1375173447315,-0.03125509001900562,16670369478.078102,846481.6821999999,16669522996.3959,559,8783686
2026-02-07,validation,btcusdt,return5s_gt_50,120,-0.18615615587304454,28.440690858815465,-0.1876098328392249,16670369478.078102,846481.6821999999,16669522996.3959,559,8783686
2026-02-07,validation,btcusdt,return5s_gt_50,300,-0.40575956705587335,41.702818363835036,-0.4078978489904972,16670369478.078102,846481.6821999999,16669522996.3959,559,8783686
2026-02-07,validation,btcusdt,return5s_gt_100,30,-0.028758416789476538,,-0.028758416789476538,16670369478.078102,0.0,16670369478.078102,0,8784245
2026-02-07,validation,btcusdt,return5s_gt_100,120,-0.18615615587304454,,-0.18615615587304454,16670369478.078102,0.0,16670369478.078102,0,8784245
2026-02-07,validation,btcusdt,return5s_gt_100,300,-0.40575956705587335,,-0.40575956705587335,16670369478.078102,0.0,16670369478.078102,0,8784245
2026-02-07,validation,btcusdt,return30s_gt_50,30,-0.028758416789476538,10.176772831101312,-0.1382005992253839,16670369478.078102,176873128.17790002,16493496349.9002,48490,8735755
2026-02-07,validation,btcusdt,return30s_gt_50,120,-0.18615615587304454,7.919403967146556,-0.27307864605816495,16670369478.078102,176873128.17790002,16493496349.9002,48490,8735755
2026-02-07,validation,btcusdt,return30s_gt_50,300,-0.40575956705587335,17.080032747087824,-0.5932738890443938,16670369478.078102,176873128.17790002,16493496349.9002,48490,8735755
2026-02-07,validation,btcusdt,neg_return30s_gt_50,30,-0.028758416789476538,-3.2862695429793782,-0.005438002673543776,16670369478.078102,118494325.27039999,16551875152.807701,40311,8743934
2026-02-07,validation,btcusdt,neg_return30s_gt_50,120,-0.18615615587304454,-2.473161342127928,-0.1697835615939481,16670369478.078102,118494325.27039999,16551875152.807701,40311,8743934
2026-02-07,validation,btcusdt,neg_return30s_gt_50,300,-0.40575956705587335,-14.56647014057078,-0.30438350970484657,16670369478.078102,118494325.27039999,16551875152.807701,40311,8743934
2026-02-07,validation,btcusdt,baseline_or_return5s_gt_50,30,-0.028758416789476538,2.9594873389707756,-0.05662619980661885,16670369478.078102,154028100.5532,16516341377.5249,43572,8740673
2026-02-07,validation,btcusdt,baseline_or_return5s_gt_50,120,-0.18615615587304454,5.565984669161268,-0.23979947221913264,16670369478.078102,154028100.5532,16516341377.5249,43572,8740673
2026-02-07,validation,btcusdt,baseline_or_return5s_gt_50,300,-0.40575956705587335,-3.33101396552017,-0.3784792288543707,16670369478.078102,154028100.5532,16516341377.5249,43572,8740673
2026-02-07,validation,btcusdt,baseline_and_return5s_gt_20,30,-0.028758416789476538,-11.194406219253148,-0.003417719050355324,16670369478.078102,37748121.5476,16632621356.530499,9210,8775035
2026-02-07,validation,btcusdt,baseline_and_return5s_gt_20,120,-0.18615615587304454,-3.797622771979456,-0.17795984827560393,16670369478.078102,37748121.5476,16632621356.530499,9210,8775035
2026-02-07,validation,btcusdt,baseline_and_return5s_gt_20,300,-0.40575956705587335,-13.364156204753408,-0.3763501840815079,16670369478.078102,37748121.5476,16632621356.530499,9210,8775035
2026-02-07,validation,btcusdt,liq2s_or_return5s_gt_50,30,-0.028758416789476538,17.97098295304557,-0.03947936457476224,16670369478.078102,9923241.146399999,16660446236.931702,3065,8781180
2026-02-07,validation,btcusdt,liq2s_or_return5s_gt_50,120,-0.18615615587304454,18.70764057320642,-0.19740961802210205,16670369478.078102,9923241.146399999,16660446236.931702,3065,8781180
2026-02-07,validation,btcusdt,liq2s_or_return5s_gt_50,300,-0.40575956705587335,-23.116345807155945,-0.39223276107290644,16670369478.078102,9923241.146399999,16660446236.931702,3065,8781180
2026-02-07,validation,btcusdt,liq2s_and_return5s_gt_20,30,-0.028758416789476538,-7.808986770110417,-0.02767717810138138,16670369478.078102,2316402.9410999995,16668053075.137,864,8783381
2026-02-07,validation,btcusdt,liq2s_and_return5s_gt_20,120,-0.18615615587304454,6.2843966302439735,-0.18705538552132667,16670369478.078102,2316402.9410999995,16668053075.137,864,8783381
2026-02-07,validation,btcusdt,liq2s_and_return5s_gt_20,300,-0.40575956705587335,-45.0586062579776,-0.3995540441350454,16670369478.078102,2316402.9410999995,16668053075.137,864,8783381
2026-02-07,validation,btcusdt,bybit5s_or_return5s_gt_50,30,-0.028758416789476538,-4.324017163733343,-0.024851087460978683,16670369478.078102,15150990.3137,16655218487.764399,5575,8778670
2026-02-07,validation,btcusdt,bybit5s_or_return5s_gt_50,120,-0.18615615587304454,4.071197403649365,-0.19002900344869814,16670369478.078102,15150990.3137,16655218487.764399,5575,8778670
2026-02-07,validation,btcusdt,bybit5s_or_return5s_gt_50,300,-0.40575956705587335,-18.42218443623862,-0.38937030870534367,16670369478.078102,15150990.3137,16655218487.764399,5575,8778670
2026-02-07,validation,btcusdt,horizon_specific_return_liq,30,-0.028758416789476538,49.1375173447315,-0.03125509001900562,16670369478.078102,846481.6821999999,16669522996.3959,559,8783686
2026-02-07,validation,btcusdt,horizon_specific_return_liq,120,-0.18615615587304454,28.440690858815465,-0.1876098328392249,16670369478.078102,846481.6821999999,16669522996.3959,559,8783686
2026-02-07,validation,btcusdt,horizon_specific_return_liq,300,-0.40575956705587335,-29.161260332286446,-0.3900941101116458,16670369478.078102,9076759.464200001,16661292718.6139,2506,8781739
2026-02-07,validation,btcusdt,horizon_specific_bybit_return,30,-0.028758416789476538,49.1375173447315,-0.03125509001900562,16670369478.078102,846481.6821999999,16669522996.3959,559,8783686
2026-02-07,validation,btcusdt,horizon_specific_bybit_return,120,-0.18615615587304454,2.6291115308871795,-0.1885739550950767,16670369478.078102,14304508.6315,16656064969.4466,5016,8779229
2026-02-07,validation,btcusdt,horizon_specific_bybit_return,300,-0.40575956705587335,-29.161260332286446,-0.3900941101116458,16670369478.078102,9076759.464200001,16661292718.6139,2506,8781739
2026-02-07,validation,ethusdt,baseline_liq1s_d200_gt_100k,30,4.020022610078704,64.13592494830505,3.3375406706081074,15930448628.87148,178824546.17889,15751624082.69259,76618,14769542
2026-02-07,validation,ethusdt,baseline_liq1s_d200_gt_100k,120,3.488810015765237,71.30371782968534,2.7189230472644925,15930448628.87148,178824546.17889,15751624082.69259,76618,14769542
2026-02-07,validation,ethusdt,baseline_liq1s_d200_gt_100k,300,4.273341112366012,105.27993080652101,3.126636653936161,15930448628.87148,178824546.17889,15751624082.69259,76618,14769542
2026-02-07,validation,ethusdt,liq2s_d0_gt_2m,30,4.020022610078704,-90.39249354382957,4.037398893783321,15930448628.87148,2931402.20508,15927517226.6664,1217,14844943
2026-02-07,validation,ethusdt,liq2s_d0_gt_2m,120,3.488810015765237,-7.234411675461769,3.4907835861129497,15930448628.87148,2931402.20508,15927517226.6664,1217,14844943
2026-02-07,validation,ethusdt,liq2s_d0_gt_2m,300,4.273341112366012,88.2143475840753,4.257892072320033,15930448628.87148,2931402.20508,15927517226.6664,1217,14844943
2026-02-07,validation,ethusdt,liq2s_d200_gt_1m,30,4.020022610078704,15.991412131287143,3.9968295364216506,15930448628.87148,30803578.65871,15899645050.212769,11389,14834771
2026-02-07,validation,ethusdt,liq2s_d200_gt_1m,120,3.488810015765237,63.642738327806526,3.3722692844131523,15930448628.87148,30803578.65871,15899645050.212769,11389,14834771
2026-02-07,validation,ethusdt,liq2s_d200_gt_1m,300,4.273341112366012,137.96328413266602,4.014333526806789,15930448628.87148,30803578.65871,15899645050.212769,11389,14834771
2026-02-07,validation,ethusdt,liq2s_d200_gt_2m,30,4.020022610078704,-88.70685090139351,4.035565511269376,15930448628.87148,2669818.1753200004,15927778810.696161,1154,14845006
2026-02-07,validation,ethusdt,liq2s_d200_gt_2m,120,3.488810015765237,-6.364148543841777,3.4904615710860236,15930448628.87148,2669818.1753200004,15927778810.696161,1154,14845006
2026-02-07,validation,ethusdt,liq2s_d200_gt_2m,300,4.273341112366012,88.99133004976814,4.259140662364173,15930448628.87148,2669818.1753200004,15927778810.696161,1154,14845006
2026-02-07,validation,ethusdt,bybit5s_d0_gt_2m,30,4.020022610078704,126.42933900480469,3.9927980789874997,15930448628.87148,3542234.94648,15926906393.925,1573,14844587
2026-02-07,validation,ethusdt,bybit5s_d0_gt_2m,120,3.488810015765237,156.36031639364575,3.454810519640911,15930448628.87148,3542234.94648,15926906393.925,1573,14844587
2026-02-07,validation,ethusdt,bybit5s_d0_gt_2m,300,4.273341112366012,222.46346405191932,4.224814382859519,15930448628.87148,3542234.94648,15926906393.925,1573,14844587
2026-02-07,validation,ethusdt,bybit5s_d200_gt_2m,30,4.020022610078704,121.20171098720951,3.937239088416402,15930448628.87148,11246190.92044,15919202437.951038,3302,14842858
2026-02-07,validation,ethusdt,bybit5s_d200_gt_2m,120,3.488810015765237,153.9821014762545,3.382493364877298,15930448628.87148,11246190.92044,15919202437.951038,3302,14842858
2026-02-07,validation,ethusdt,bybit5s_d200_gt_2m,300,4.273341112366012,225.7093513083669,4.116906664281611,15930448628.87148,11246190.92044,15919202437.951038,3302,14842858
2026-02-07,validation,ethusdt,return1s_gt_20,30,4.020022610078704,37.02858362961721,0.7506110405846825,15930448628.87148,1435669893.80791,14494778735.063572,601971,14244189
2026-02-07,validation,ethusdt,return1s_gt_20,120,3.488810015765237,35.197161579901135,0.3481807895470274,15930448628.87148,1435669893.80791,14494778735.063572,601971,14244189
2026-02-07,validation,ethusdt,return1s_gt_20,300,4.273341112366012,36.236396600051506,1.1074841292045159,15930448628.87148,1435669893.80791,14494778735.063572,601971,14244189
2026-02-07,validation,ethusdt,return5s_gt_20,30,4.020022610078704,41.38062450008278,-2.562208606083346,15930448628.87148,2386234314.91289,13544214313.95859,1024457,13821703
2026-02-07,validation,ethusdt,return5s_gt_20,120,3.488810015765237,39.89232347342191,-2.9248003260711712,15930448628.87148,2386234314.91289,13544214313.95859,1024457,13821703
2026-02-07,validation,ethusdt,return5s_gt_20,300,4.273341112366012,46.048388770505255,-3.08663192986785,15930448628.87148,2386234314.91289,13544214313.95859,1024457,13821703
2026-02-07,validation,ethusdt,return5s_gt_50,30,4.020022610078704,62.18309677184326,-0.8350523091087444,15930448628.87148,1227321378.3236299,14703127250.54785,500193,14345967
2026-02-07,validation,ethusdt,return5s_gt_50,120,3.488810015765237,58.020765825770816,-1.0631627738959222,15930448628.87148,1227321378.3236299,14703127250.54785,500193,14345967
2026-02-07,validation,ethusdt,return5s_gt_50,300,4.273341112366012,64.91444436528035,-0.7885835489103298,15930448628.87148,1227321378.3236299,14703127250.54785,500193,14345967
2026-02-07,validation,ethusdt,return5s_gt_100,30,4.020022610078704,84.08734336084474,1.8881336998381655,15930448628.87148,413166341.95278,15517282286.918701,177014,14669146
2026-02-07,validation,ethusdt,return5s_gt_100,120,3.488810015765237,75.46457361918719,1.5723685663270561,15930448628.87148,413166341.95278,15517282286.918701,177014,14669146
2026-02-07,validation,ethusdt,return5s_gt_100,300,4.273341112366012,84.94894837698524,2.125255840601536,15930448628.87148,413166341.95278,15517282286.918701,177014,14669146
2026-02-07,validation,ethusdt,return30s_gt_50,30,4.020022610078704,63.9537979657286,-1.0469807847375894,15930448628.87148,1241825695.5553699,14688622933.31611,574907,14271253
2026-02-07,validation,ethusdt,return30s_gt_50,120,3.488810015765237,56.39531962934735,-0.9840846455357902,15930448628.87148,1241825695.5553699,14688622933.31611,574907,14271253
2026-02-07,validation,ethusdt,return30s_gt_50,300,4.273341112366012,65.94906469026684,-0.9409324569614508,15930448628.87148,1241825695.5553699,14688622933.31611,574907,14271253
2026-02-07,validation,ethusdt,neg_return30s_gt_50,30,4.020022610078704,-51.71609868090076,7.621257066178262,15930448628.87148,966832441.06711,14963616187.804369,570019,14276141
2026-02-07,validation,ethusdt,neg_return30s_gt_50,120,3.488810015765237,-46.04755379586453,6.689464385971583,15930448628.87148,966832441.06711,14963616187.804369,570019,14276141
2026-02-07,validation,ethusdt,neg_return30s_gt_50,300,4.273341112366012,-53.16182133425095,7.984354387125548,15930448628.87148,966832441.06711,14963616187.804369,570019,14276141
2026-02-07,validation,ethusdt,baseline_or_return5s_gt_50,30,4.020022610078704,60.21105566386472,-0.9273867222055441,15930448628.87148,1289114461.18082,14641334167.69066,532281,14313879
2026-02-07,validation,ethusdt,baseline_or_return5s_gt_50,120,3.488810015765237,56.70086812619202,-1.1963117657400633,15930448628.87148,1289114461.18082,14641334167.69066,532281,14313879
2026-02-07,validation,ethusdt,baseline_or_return5s_gt_50,300,4.273341112366012,64.3754902049532,-1.018427291791675,15930448628.87148,1289114461.18082,14641334167.69066,532281,14313879
2026-02-07,validation,ethusdt,baseline_and_return5s_gt_20,30,4.020022610078704,78.66074501562791,3.3514986207271833,15930448628.87148,141415398.23261,15789033230.638868,55359,14790801
2026-02-07,validation,ethusdt,baseline_and_return5s_gt_20,120,3.488810015765237,87.58367119421996,2.7356094803588005,15930448628.87148,141415398.23261,15789033230.638868,55359,14790801
2026-02-07,validation,ethusdt,baseline_and_return5s_gt_20,300,4.273341112366012,127.42848195203719,3.1702949009970243,15930448628.87148,141415398.23261,15789033230.638868,55359,14790801
2026-02-07,validation,ethusdt,liq2s_or_return5s_gt_50,30,4.020022610078704,62.18309677184326,-0.8350523091087444,15930448628.87148,1227321378.3236299,14703127250.54785,500193,14345967
2026-02-07,validation,ethusdt,liq2s_or_return5s_gt_50,120,3.488810015765237,58.020765825770816,-1.0631627738959222,15930448628.87148,1227321378.3236299,14703127250.54785,500193,14345967
2026-02-07,validation,ethusdt,liq2s_or_return5s_gt_50,300,4.273341112366012,64.91444436528035,-0.7885835489103298,15930448628.87148,1227321378.3236299,14703127250.54785,500193,14345967
2026-02-07,validation,ethusdt,liq2s_and_return5s_gt_20,30,4.020022610078704,-88.70685090139351,4.035565511269376,15930448628.87148,2669818.1753200004,15927778810.696161,1154,14845006
2026-02-07,validation,ethusdt,liq2s_and_return5s_gt_20,120,3.488810015765237,-6.364148543841777,3.4904615710860236,15930448628.87148,2669818.1753200004,15927778810.696161,1154,14845006
2026-02-07,validation,ethusdt,liq2s_and_return5s_gt_20,300,4.273341112366012,88.99133004976814,4.259140662364173,15930448628.87148,2669818.1753200004,15927778810.696161,1154,14845006
2026-02-07,validation,ethusdt,bybit5s_or_return5s_gt_50,30,4.020022610078704,62.18309677184326,-0.8350523091087444,15930448628.87148,1227321378.3236299,14703127250.54785,500193,14345967
2026-02-07,validation,ethusdt,bybit5s_or_return5s_gt_50,120,3.488810015765237,58.020765825770816,-1.0631627738959222,15930448628.87148,1227321378.3236299,14703127250.54785,500193,14345967
2026-02-07,validation,ethusdt,bybit5s_or_return5s_gt_50,300,4.273341112366012,64.91444436528035,-0.7885835489103298,15930448628.87148,1227321378.3236299,14703127250.54785,500193,14345967
2026-02-07,validation,ethusdt,horizon_specific_return_liq,30,4.020022610078704,62.18309677184326,-0.8350523091087444,15930448628.87148,1227321378.3236299,14703127250.54785,500193,14345967
2026-02-07,validation,ethusdt,horizon_specific_return_liq,120,3.488810015765237,58.020765825770816,-1.0631627738959222,15930448628.87148,1227321378.3236299,14703127250.54785,500193,14345967
2026-02-07,validation,ethusdt,horizon_specific_return_liq,300,4.273341112366012,88.99133004976814,4.259140662364173,15930448628.87148,2669818.1753200004,15927778810.696161,1154,14845006
2026-02-07,validation,ethusdt,horizon_specific_bybit_return,30,4.020022610078704,62.18309677184326,-0.8350523091087444,15930448628.87148,1227321378.3236299,14703127250.54785,500193,14345967
2026-02-07,validation,ethusdt,horizon_specific_bybit_return,120,3.488810015765237,153.9821014762545,3.382493364877298,15930448628.87148,11246190.92044,15919202437.951038,3302,14842858
2026-02-07,validation,ethusdt,horizon_specific_bybit_return,300,4.273341112366012,88.99133004976814,4.259140662364173,15930448628.87148,2669818.1753200004,15927778810.696161,1154,14845006
