date,rows,min_timestamp,max_timestamp,crossed_rows,negative_spread_rows,zero_spread_rows,bad_bid_amount_rows,bad_ask_amount_rows,null_rows,mid_min,mid_max,spread_bps_mean,spread_bps_p50,spread_bps_p90,spread_bps_p99,spread_bps_p999,spread_bps_max,top_imbalance_mean,top_imbalance_p01,top_imbalance_p50,top_imbalance_p99,source,symbol,bad_price_rows,bad_amount_rows,buy_rows,sell_rows,buy_notional,sell_notional,notional_sum,notional_mean,notional_p50,notional_p90,notional_p99,notional_p999,notional_max,amount_p50,amount_p99,price_min,price_max
2025-11-01,1012885,1761955200491000,1762041599868000,0.0,0.0,0.0,0.0,0.0,0,109351.55,110555.45,0.0093965505188987,0.0090857426078008,0.0091120614983298,0.0091397694681267,0.0820276879898412,6.027224172799262,-0.0004434891008997,-0.9911254538120208,0.0210757693302301,0.986090306013268,binance_booktickers,btcusdt,,,,,,,,,,,,,,,,,
2025-11-02,1088575,1762041600567000,1762127999956000,0.0,0.0,0.0,0.0,0.0,0,109375.55,111206.65,0.009580035687087,0.0090696325579693,0.0090961145497192,0.0091240917542225,0.1363073166587078,5.555510018588191,0.0250945617536925,-0.9961181594395,0.0506112063720338,0.9968167650374694,binance_booktickers,btcusdt,,,,,,,,,,,,,,,,,
2025-11-03,1346742,1762128000764000,1762214399948000,0.0,0.0,0.0,0.0,0.0,0,105300.05,110710.95,0.0133059972886162,0.0093073082385798,0.0094018673040445,0.0755667268369478,0.7949595864723085,22.47998478162225,-0.0018279231271413,-0.9986806299991756,-0.0058479532163743,0.9986381587906852,binance_booktickers,btcusdt,,,,,,,,,,,,,,,,,
2025-11-04,1459477,1762214400452000,1762300799954000,0.0,0.0,0.0,0.0,0.0,0,98888.85,107261.25,0.0193845660844493,0.0096264133371327,0.0099586368011732,0.2569014920740742,1.4625464547621774,18.039383009440247,-0.00568053144796,-0.9989629245527614,-0.0103497501784439,0.9989041095890412,binance_booktickers,btcusdt,,,,,,,,,,,,,,,,,
2025-11-05,1368487,1762300801271000,1762387199974000,0.0,0.0,0.0,0.0,0.0,0,98913.05,104492.65,0.0147897811367128,0.0097985467780977,0.0098909767097983,0.0862701530666575,1.0959209629500586,20.04501148584012,-0.0181257695667698,-0.997914701355444,-0.0353615801210576,0.9977153301347956,binance_booktickers,btcusdt,,,,,,,,,,,,,,,,,
2025-11-06,1318238,1762387200801000,1762473599827000,0.0,0.0,0.0,0.0,0.0,0,100240.05,104178.65,0.0141059785723374,0.0097233275760688,0.0099001226121541,0.0676906979923509,1.0169637374193938,12.271608322489689,-0.0064301378969855,-0.9985587316838818,-0.0154696132596684,0.9984103553991144,binance_booktickers,btcusdt,,,,,,,,,,,,,,,,,
2025-11-07,1358014,1762473601293000,1762559999911000,0.0,0.0,0.0,0.0,0.0,0,99204.3,104061.15,0.0144353918672849,0.0098478458581507,0.0099896756693226,0.0796052376268992,1.0234272238464392,14.460612695266365,0.0108322101447936,-0.9986301369863017,0.0300286705900105,0.9985526125343754,binance_booktickers,btcusdt,,,,,,,,,,,,,,,,,
2025-11-08,1096413,1762560000431000,1762646399977000,0.0,0.0,0.0,0.0,0.0,0,101407.8,103373.75,0.0115073336356515,0.0097810846529665,0.0098308262260164,0.0098545808764239,0.4624457179737488,12.194693649784009,-0.0025881886620278,-0.9973868408772748,0.0,0.9974309569685292,binance_booktickers,btcusdt,,,,,,,,,,,,,,,,,
2025-11-09,1129278,1762646400843000,1762732799859000,0.0,0.0,0.0,0.0,0.0,0,101310.2,105439.95,0.0122759796904516,0.0097798315429709,0.0098344420852971,0.0098563875064197,0.7129966768568196,14.491261461424072,0.0157950510256594,-0.9975645396980029,0.047519363617333,0.9972446368825036,binance_booktickers,btcusdt,,,,,,,,,,,,,,,,,
2025-11-10,1204012,1762732800440000,1762819199939000,0.0,0.0,0.0,0.0,0.0,0,104205.95,106652.35,0.0110514091757372,0.0094397017814908,0.0095066748746493,0.0095863720141035,0.3954586284362144,8.194097326828425,-0.0051851412838314,-0.9979882166978016,-0.0131108462455304,0.997922077922078,binance_booktickers,btcusdt,,,,,,,,,,,,,,,,,
2025-11-11,1260404,1762819200577000,1762905599980000,0.0,0.0,0.0,0.0,0.0,0,102427.75,107473.65,0.0106141021728136,0.0095401686421163,0.0097179604921972,0.0097605683779858,0.2806214895092732,6.945918308283007,-0.0068077684005836,-0.9979957911614392,-0.0121580547112462,0.9979043484769106,binance_booktickers,btcusdt,,,,,,,,,,,,,,,,,
2025-11-12,1248828,1762905600431000,1762991999838000,0.0,0.0,0.0,0.0,0.0,0,100717.25,105296.95,0.0109919580957461,0.0096914015468272,0.0098527166640739,0.0099149741398458,0.3212205602576102,8.13727835163399,-0.0013640345534115,-0.9980129919755444,0.0021957702530914,0.9980031948881788,binance_booktickers,btcusdt,,,,,,,,,,,,,,,,,
2025-11-13,1379001,1762992000362000,1763078399955000,0.0,0.0,0.0,0.0,0.0,0,97963.7,104023.45,0.0122086782210147,0.0098070800244263,0.0101499502897322,0.048919012129469,0.4978857636687405,10.258347312399374,0.0048927999923864,-0.9984268484530676,0.0080335312609151,0.9982961322201398,binance_booktickers,btcusdt,,,,,,,,,,,,,,,,,
2025-11-14,1441853,1763078400499000,1763164799837000,0.0,0.0,0.0,0.0,0.0,0,93957.15,99827.65,0.0143851551400159,0.0103448293688949,0.0105521463335587,0.1041520202888135,0.6893894221936154,11.225929017586992,0.0190710932454328,-0.9986457510439002,0.03725782414307,0.9986452923910588,binance_booktickers,btcusdt,,,,,,,,,,,,,,,,,
2025-11-15,1093964,1763164800783000,1763251199902000,0.0,0.0,0.0,0.0,0.0,0,94523.95,96795.35,0.0114082250100888,0.0104228823966188,0.0104987593082019,0.0105539616132647,0.2702640895952297,3.755641915669279,0.0096330048506691,-0.997704974467841,0.0237437879624517,0.9973504920514764,binance_booktickers,btcusdt,,,,,,,,,,,,,,,,,
2025-11-16,1149263,1763251200357000,1763337599812000,0.0,0.0,0.0,0.0,0.0,0,92954.25,96599.95,0.0128299949794506,0.0104874954960159,0.0106643290463605,0.0423203395777889,0.508058692183743,11.56997111733694,0.0163671905117403,-0.9982260766729082,0.0340829234012649,0.9981528515354424,binance_booktickers,btcusdt,,,,,,,,,,,,,,,,,
2025-11-17,1298642,1763337600607000,1763423999936000,0.0,0.0,0.0,0.0,0.0,0,91250.05,96009.5,0.0139034619242649,0.0105647883007457,0.0108877133778171,0.0850586958165911,0.6074391774412081,9.586730376082842,0.0183187410592723,-0.9986326344576116,0.0280276365532524,0.9985609440207224,binance_booktickers,btcusdt,,,,,,,,,,,,,,,,,
2025-11-18,1373344,1763424002759000,1763510399879000,0.0,0.0,0.0,0.0,0.0,0,89136.35,93786.05,0.014000943098479,0.0109321816650719,0.0111112283969464,0.0759694928235029,0.5765328294657129,29.11390774397395,-0.0018264692931401,-0.9984232103437402,-0.0024336539575848,0.9983844911147012,binance_booktickers,btcusdt,,,,,,,,,,,,,,,,,
2025-11-19,1335280,1763510400438000,1763596799968000,0.0,0.0,0.0,0.0,0.0,0,88568.05,92944.75,0.0130425650524464,0.0109580574877032,0.0112208195580927,0.0437742126107136,0.4369534930240073,13.480357911327616,-0.0014111353287013,-0.998707592891761,-0.0102477623556881,0.9986878792848944,binance_booktickers,btcusdt,,,,,,,,,,,,,,,,,
2025-11-20,1346602,1763596800515000,1763683199967000,0.0,0.0,0.0,0.0,0.0,0,86066.65,93134.1,0.014467025434819,0.0109182523159874,0.0115413402157215,0.0878051778716585,0.6109198529712968,10.333475356495295,0.0008215772211597,-0.9987771323754204,-0.0040610053244291,0.9987960510474354,binance_booktickers,btcusdt,,,,,,,,,,,,,,,,,
2025-11-21,1482786,1763683204808000,1763769599977000,0.0,0.0,0.0,0.0,0.0,0,80600.05,87465.35,0.021410236556514,0.0118408144575478,0.0121410130104091,0.2002868815051725,1.3813755737963862,37.32880633999401,-0.0026456769550568,-0.9991146525011068,-0.0072195809121324,0.9991394148020656,binance_booktickers,btcusdt,,,,,,,,,,,,,,,,,
2025-11-22,1137941,1763769600458000,1763855999957000,0.0,0.0,0.0,0.0,0.0,0,83456.05,85586.85,0.0127968067800654,0.011849696083885,0.0119264922583136,0.0119705930418319,0.2382109405520777,5.730255390319928,0.0191350546481853,-0.9988507948668836,0.0528485757121439,0.9988223748773308,binance_booktickers,btcusdt,,,,,,,,,,,,,,,,,
2025-11-23,1152848,1763856000487000,1763942399949000,0.0,0.0,0.0,0.0,0.0,0,84622.05,88099.95,0.01262506617804,0.0115651124511528,0.0116724182514391,0.0117854968860738,0.2795925404703421,7.961842218094942,0.0058047902646878,-0.998114985862394,0.016352648418059,0.998450905624404,binance_booktickers,btcusdt,,,,,,,,,,,,,,,,,
2025-11-24,1303790,1763942402469000,1764028799953000,0.0,0.0,0.0,0.0,0.0,0,85226.45,89177.25,0.013779729877599,0.0115032769967038,0.0116315384502334,0.0457357161634799,0.5138674128637574,13.16333317981873,-0.0040372228318968,-0.9985166590597898,-0.0181022961973028,0.9986095017381228,binance_booktickers,btcusdt,,,,,,,,,,,,,,,,,
2025-11-25,1196853,1764028800723000,1764115199899000,0.0,0.0,0.0,0.0,0.0,0,86061.15,88477.55,0.0124418296671628,0.0114436050566796,0.0115249529644565,0.0116052160794062,0.2741876334515972,5.2582365703494895,-0.0102958178400676,-0.998610145934677,-0.0183932597602943,0.9985716836279236,binance_booktickers,btcusdt,,,,,,,,,,,,,,,,,
2025-11-26,1173682,1764115200796000,1764201599947000,0.0,0.0,0.0,0.0,0.0,0,86260.95,90598.85,0.0124214525813444,0.0114188816924861,0.0115187003209995,0.0115764791418843,0.2847099915555016,7.704147211251317,0.0001909125672374,-0.9979136240350512,0.0013212533031331,0.9981190854052784,binance_booktickers,btcusdt,,,,,,,,,,,,,,,,,
2025-11-27,1081827,1764201600649000,1764287999851000,0.0,0.0,0.0,0.0,0.0,0,90025.45,91908.45,0.0115892532071003,0.0109534363948539,0.0110305574022839,0.0110926664708369,0.1758939535344536,19.02557999684287,-0.0076377450889001,-0.9978965252214717,-0.0167905312413983,0.9979296066252588,binance_booktickers,btcusdt,,,,,,,,,,,,,,,,,
2025-11-28,1114746,1764288000426000,1764374399989000,0.0,0.0,0.0,0.0,0.0,0,90156.25,93066.7,0.0121034224967897,0.0109634276489169,0.0110166312564158,0.0110830770823875,0.3153166132162435,7.907217676020313,-0.00804943524111,-0.998036074215722,-0.0069835548546969,0.997860130337516,binance_booktickers,btcusdt,,,,,,,,,,,,,,,,,
2025-11-29,908129,1764374400522000,1764460799992000,0.0,0.0,0.0,0.0,0.0,0,90103.05,91129.95,0.011582064701362,0.0110302532276805,0.0110541759643326,0.0110817629080395,0.1437349527458471,17.210780035716517,0.0088416332975672,-0.9973672085829,0.0159313725490196,0.9973739878911664,binance_booktickers,btcusdt,,,,,,,,,,,,,,,,,
2025-11-30,956996,1764460801850000,1764547199907000,0.0,0.0,0.0,0.0,0.0,0,90300.05,91932.25,0.0113542767438868,0.0109660365389728,0.0110202005793121,0.0110586867910365,0.1093966229262502,3.899399864834452,0.0172799392152078,-0.9964284078941342,0.0258339603712064,0.995966263292996,binance_booktickers,btcusdt,,,,,,,,,,,,,,,,,
2025-12-01,1322826,1764547202075000,1764633599895000,0.0,0.0,0.0,0.0,0.0,0,83789.45,90382.45,0.0140991153754974,0.0116130463291823,0.0117966470379821,0.0356074844561948,0.5493359171598035,14.178002799721533,-0.0004721392007255,-0.9985825655563432,9.35366195865e-05,0.998454404945904,binance_booktickers,btcusdt,,,,,,,,,,,,,,,,,
2025-12-02,1225630,1764633601682000,1764719999991000,0.0,0.0,0.0,0.0,0.0,0,86140.05,92266.05,0.0128294360307111,0.0114432252966021,0.0115596846755943,0.0116064956903652,0.3779689893611302,17.179485366156868,-0.0023271074225538,-0.997613568567289,0.0006863417982154,0.9979846097471604,binance_booktickers,btcusdt,,,,,,,,,,,,,,,,,
2025-12-03,1238214,1764720000689000,1764806399948000,0.0,0.0,0.0,0.0,0.0,0,90957.25,94146.95,0.0126966018088803,0.0107666095145411,0.0108608824147456,0.0213927538461058,0.4627823443141924,26.748789201851512,0.0071805459069489,-0.9986012899215168,0.0174409631115912,0.9986304496690253,binance_booktickers,btcusdt,,,,,,,,,,,,,,,,,
2025-12-04,1162876,1764806405193000,1764892799937000,0.0,0.0,0.0,0.0,0.0,0,90834.15,94038.75,0.0119047229086228,0.0107702390299268,0.0108656500392813,0.0109887272132278,0.312138249258987,5.087278964422784,0.0149218379688159,-0.9984481420812138,0.0269986893840104,0.9982896237172176,binance_booktickers,btcusdt,,,,,,,,,,,,,,,,,
2025-12-05,1186973,1764892802086000,1764979199949000,0.0,0.0,0.0,0.0,0.0,0,87999.95,92665.45,0.0125380206254803,0.0109752557378165,0.0112331215334806,0.0113297308555894,0.394154254457865,16.22611680719706,0.0182692163596828,-0.9984130582634324,0.0348724287101615,0.9984459984459984,binance_booktickers,btcusdt,,,,,,,,,,,,,,,,,
2025-12-06,889560,1764979200396000,1765065599989000,0.0,0.0,0.0,0.0,0.0,0,88870.25,90250.05,0.0116541986863783,0.0111679996611428,0.0112075520975573,0.0112384237218198,0.1121154160939437,12.252215796365926,0.0223894924723416,-0.996155029221778,0.0518928115695448,0.996191926884996,binance_booktickers,btcusdt,,,,,,,,,,,,,,,,,
2025-12-07,1047802,1765065600383000,1765151999909000,0.0,0.0,0.0,0.0,0.0,0,87688.05,91720.75,0.0128918655090663,0.0111810235674532,0.0112450332084125,0.0113921101669252,0.4519607102828523,16.67269645589463,0.0121524147880855,-0.9977194982896238,0.0280789546844592,0.9976645258153308,binance_booktickers,btcusdt,,,,,,,,,,,,,,,,,
2025-12-08,1140764,1765152000477000,1765238399741000,0.0,0.0,0.0,0.0,0.0,0,89555.95,92254.95,0.0120807890359689,0.0109818727707505,0.0111128212498555,0.0111534881704231,0.285744744220628,11.06315388912138,0.0148167580328509,-0.9985905567300918,0.0211510912614814,0.9985726833552918,binance_booktickers,btcusdt,,,,,,,,,,,,,,,,,
2025-12-09,1150554,1765238400542000,1765324799857000,0.0,0.0,0.0,0.0,0.0,0,89413.6,94554.95,0.0124723037687872,0.0110508776889764,0.0111111049389217,0.0213051537179241,0.3893327161679353,7.757882722214945,0.0037448010028601,-0.9983635300993572,-0.0069229367826562,0.9983477901693516,binance_booktickers,btcusdt,,,,,,,,,,,,,,,,,
2025-12-10,1171667,1765324801782000,1765411199981000,0.0,0.0,0.0,0.0,0.0,0,91522.05,94442.45,0.0132212026275879,0.0108283644682185,0.0108766291157377,0.032435149970766,0.5645832656457912,14.783602995211726,0.0100498999888871,-0.9983164983164984,0.0180353031465847,0.9983637293335604,binance_booktickers,btcusdt,,,,,,,,,,,,,,,,,
2025-12-11,1251127,1765411200444000,1765497599977000,0.0,0.0,0.0,0.0,0.0,0,89215.4,93538.75,0.0124403970700527,0.011084317852327,0.0111388282293351,0.011197549976717,0.3548128140644572,7.638688909143911,0.000595913810908,-0.9984082769598092,0.0003903962521959,0.998452810727179,binance_booktickers,btcusdt,,,,,,,,,,,,,,,,,
2025-12-12,1183462,1765497600457000,1765583999930000,0.0,0.0,0.0,0.0,0.0,0,89429.05,92714.35,0.0122926152629142,0.0108513243760644,0.0111049355337193,0.0111711685535256,0.3640405188116127,8.660331753968999,0.0050565477254236,-0.9981164652330874,0.0072853975293,0.998085701663967,binance_booktickers,btcusdt,,,,,,,,,,,,,,,,,
2025-12-13,1085864,1765584000731000,1765670399976000,0.0,0.0,0.0,0.0,0.0,0,89712.05,90598.95,0.011213468711554,0.0110791723199976,0.0111055521659236,0.0111172688418272,0.0221229883286955,2.1886712376932613,0.0030637250519986,-0.9835102545604452,0.0045810269135331,0.9817111361643492,binance_booktickers,btcusdt,,,,,,,,,,,,,,,,,
2025-12-14,984571,1765670400424000,1765756799993000,0.0,0.0,0.0,0.0,0.0,0,87519.75,90439.95,0.0123271067410134,0.011199456155061,0.0113087823428369,0.0113822294948647,0.292774988907349,33.66889319441213,0.0324085496795038,-0.997322623828648,0.0685289126745855,0.997462167496945,binance_booktickers,btcusdt,,,,,,,,,,,,,,,,,
2025-12-15,1179387,1765756800614000,1765843199926000,0.0,0.0,0.0,0.0,0.0,0,85084.1,89970.35,0.0131191135369231,0.0112551963824975,0.0116522887140966,0.0230882629657439,0.4287034328151206,6.184133744678633,-0.0015480879301877,-0.99875,-0.0053949903660886,0.998810703666997,binance_booktickers,btcusdt,,,,,,,,,,,,,,,,,
2025-12-16,1173703,1765843200576000,1765929599966000,0.0,0.0,0.0,0.0,0.0,0,85226.05,88141.15,0.0132788264802974,0.0114914856716481,0.0116516234505025,0.0228391847321294,0.4584905573869706,6.891404289612648,0.025937813949182,-0.9987377721678764,0.0427667466724853,0.9988198501209652,binance_booktickers,btcusdt,,,,,,,,,,,,,,,,,
2025-12-17,1191468,1765929600213000,1766015999935000,0.0,0.0,0.0,0.0,0.0,0,85271.35,90351.45,0.0146218216304691,0.011529364427163,0.0116452462073844,0.0573563209820319,0.6647862158324189,8.933214758956147,0.0006602385119804,-0.998375304630382,0.0020741150442478,0.9982853774848632,binance_booktickers,btcusdt,,,,,,,,,,,,,,,,,
2025-12-18,1272992,1766016000295000,1766102399850000,0.0,0.0,0.0,0.0,0.0,0,84412.25,89447.85,0.0146382255826471,0.0115461641611993,0.0117329096960494,0.0468914486419921,0.6439539222721733,16.784484620713975,0.0011929960959804,-0.9982730499856088,0.0072650574173892,0.9982919538827548,binance_booktickers,btcusdt,,,,,,,,,,,,,,,,,
2025-12-19,1189351,1766102400451000,1766188799961000,0.0,0.0,0.0,0.0,0.0,0,85078.65,89374.55,0.013750936711656,0.0113767390046683,0.0116991835731553,0.0340732336013091,0.5335873360421887,18.38265975331289,0.0042708609167707,-0.9981566820276498,-0.0013479684190256,0.9981749262951004,binance_booktickers,btcusdt,,,,,,,,,,,,,,,,,
2025-12-20,836927,1766188800184000,1766275199950000,0.0,0.0,0.0,0.0,0.0,0,87764.35,88542.45,0.0116292426204277,0.0113388648102096,0.0113554875099594,0.0113658643320219,0.0455295139392853,15.006093020685173,-0.0141838419094845,-0.9806300136959498,-0.0332005312084993,0.9798766634209672,binance_booktickers,btcusdt,,,,,,,,,,,,,,,,,
2025-12-21,912813,1766275201295000,1766361599954000,0.0,0.0,0.0,0.0,0.0,0,87548.55,89048.75,0.0120506436067426,0.011333724347483,0.0113721590221104,0.0114114021579268,0.1934380136416002,7.51312235119749,0.013923816643519,-0.9955735890815198,0.0195302843016068,0.9958995386981035,binance_booktickers,btcusdt,,,,,,,,,,,,,,,,,
2025-12-22,1106985,1766361600432000,1766447999989000,0.0,0.0,0.0,0.0,0.0,0,87845.05,90575.45,0.0127250816969175,0.0112229351910082,0.0113256375632687,0.0113736335280236,0.3948255294187322,6.558163350550548,0.0188465444559195,-0.9984141143820005,0.034564958283671,0.9984572365249256,binance_booktickers,btcusdt,,,,,,,,,,,,,,,,,
2025-12-23,1072176,1766448000487000,1766534399948000,0.0,0.0,0.0,0.0,0.0,0,86537.95,88904.65,0.012681908968402,0.0114038543877491,0.0114547209207099,0.0115369062737429,0.349889305182574,10.302262447569175,-0.0049983080534416,-0.9980525803310616,-0.0016008537886873,0.9977185801516474,binance_booktickers,btcusdt,,,,,,,,,,,,,,,,,
2025-12-24,950966,1766534400758000,1766620799769000,0.0,0.0,0.0,0.0,0.0,0,86369.25,88021.9,0.0122570611644631,0.0114601687516519,0.0115125074766046,0.0115402613743722,0.2302017833732157,13.373703166927347,0.0074532701866034,-0.996529705719045,0.0114326545194712,0.9965156794425089,binance_booktickers,btcusdt,,,,,,,,,,,,,,,,,
2025-12-25,834581,1766620800577000,1766707199896000,0.0,0.0,0.0,0.0,0.0,0,86903.15,88568.35,0.0119775161627949,0.0114009290607138,0.0114379113008074,0.0114895844034945,0.1714902099097332,4.708597388260162,0.0334162327152827,-0.9929769801014436,0.0489012689569792,0.9945978391356544,binance_booktickers,btcusdt,,,,,,,,,,,,,,,,,
2025-12-26,998588,1766707200435000,1766793599745000,0.0,0.0,0.0,0.0,0.0,0,86620.05,89534.15,0.0125638045294485,0.0112978456709559,0.0114883040455282,0.0115273044385102,0.3378051224768772,6.405605708565936,0.0315035480319881,-0.9968634160250928,0.0466441160761971,0.9970544918998526,binance_booktickers,btcusdt,,,,,,,,,,,,,,,,,
2025-12-27,830999,1766793601055000,1766879999851000,0.0,0.0,0.0,0.0,0.0,0,87203.05,87955.75,0.0116010032705026,0.0114318442029198,0.011443775302138,0.0114561119206307,0.0114674888098318,3.619917743630472,0.0097222663394249,-0.9820560417219129,0.0183887504115129,0.982104599873976,binance_booktickers,btcusdt,,,,,,,,,,,,,,,,,
2025-12-28,779933,1766880000773000,1766966399960000,0.0,0.0,0.0,0.0,0.0,0,87402.65,88068.45,0.0116498334104829,0.0113939663257957,0.0114214118339839,0.0114329812934498,0.0456158597214443,6.797396039408006,0.0285703412374526,-0.986328715746174,0.0324390911579523,0.9845417954850376,binance_booktickers,btcusdt,,,,,,,,,,,,,,,,,
2025-12-29,1104650,1766966400904000,1767052799953000,0.0,0.0,0.0,0.0,0.0,0,86760.05,90373.35,0.0125031067330357,0.0113872973549322,0.0114599454857063,0.0115110762443351,0.3220198863929585,6.850472760975263,0.0084170746392123,-0.9965811965811966,0.0150923757481134,0.9963704139690016,binance_booktickers,btcusdt,,,,,,,,,,,,,,,,,
2025-12-30,973120,1767052802471000,1767139199706000,0.0,0.0,0.0,0.0,0.0,0,86790.65,89354.95,0.0121213266799726,0.0113679187092943,0.0114678833333032,0.0115061491744419,0.2159141207260145,7.914973173243668,0.0280610998054639,-0.995161778046568,0.0443130030059148,0.995640478619794,binance_booktickers,btcusdt,,,,,,,,,,,,,,,,,
2025-12-31,1066724,1767139202088000,1767225599979000,0.0,0.0,0.0,0.0,0.0,0,87211.75,89191.3,0.011812449966755,0.0113112767197827,0.0114144631511188,0.0114454125362542,0.1244201033468746,5.271763946891447,0.0004456572523806,-0.9935292060160894,-0.0096711798839457,0.993045120851758,binance_booktickers,btcusdt,,,,,,,,,,,,,,,,,
2026-01-01,809044,1767225600658000,1767311999991000,0.0,0.0,0.0,0.0,0.0,0,87515.6,88881.35,0.0115852731284015,0.0113745132409308,0.0114106339127258,0.0114192989584823,0.0341226470305517,3.168383634273125,-0.0116402630359916,-0.9847291815795752,-0.0127053759880808,0.985001549426712,binance_booktickers,btcusdt,,,,,,,,,,,,,,,,,
2026-01-02,1103705,1767312000696000,1767398399960000,0.0,0.0,0.0,0.0,0.0,0,88324.7,90934.65,0.0123370106809405,0.0111834118678667,0.011281060283309,0.0113135674003878,0.3248155131882579,15.176696172014625,-0.0346068213220884,-0.9974694984184368,-0.0570969961018115,0.9971003031501252,binance_booktickers,btcusdt,,,,,,,,,,,,,,,,,
2026-01-03,808542,1767398400464000,1767484799496000,0.0,0.0,0.0,0.0,0.0,0,89261.25,90716.25,0.0114310062027617,0.0111074518218463,0.011154159970873,0.011182786559327,0.0668145495369552,6.514853532529888,0.014829720824674,-0.989647000124735,0.0206708481047177,0.9905571293673276,binance_booktickers,btcusdt,,,,,,,,,,,,,,,,,
2026-01-04,872650,1767484800240000,1767571199953000,0.0,0.0,0.0,0.0,0.0,0,90595.75,91779.6,0.0115889459119508,0.0109569168557177,0.0109768218923734,0.0109999565508119,0.1855248087590725,6.122883757764778,0.0198552712300329,-0.9960101559666305,0.0412762000143071,0.9955711385864549,binance_booktickers,btcusdt,,,,,,,,,,,,,,,,,
2026-01-05,1200139,1767571202501000,1767657599858000,0.0,0.0,0.0,0.0,0.0,0,91476.55,94759.5,0.011807147149207,0.0107577720875425,0.0108218842297841,0.0109051194634921,0.313539783062276,8.96605472901028,-0.0228948890262723,-0.9970944680200328,-0.0439433584731414,0.996872905963815,binance_booktickers,btcusdt,,,,,,,,,,,,,,,,,
2026-01-06,1108481,1767657600544000,1767743999839000,0.0,0.0,0.0,0.0,0.0,0,91209.05,94415.35,0.0119046495568637,0.0106896251299477,0.0108529849242077,0.0109249798014897,0.3490911629750737,9.990140449621933,-0.0075424395761834,-0.9978416295696748,-0.0100459730972245,0.9978343259339468,binance_booktickers,btcusdt,,,,,,,,,,,,,,,,,
2026-01-07,1056244,1767744001308000,1767830399921000,0.0,0.0,0.0,0.0,0.0,0,90637.15,93708.05,0.0120217108471602,0.0108842175027217,0.0109825843674795,0.0110218767711487,0.3380089419726769,7.5703134000032914,0.0075422470139189,-0.997628927089508,0.0035996284254529,0.9976389572060992,binance_booktickers,btcusdt,,,,,,,,,,,,,,,,,
2026-01-08,1189187,1767830400950000,1767916799978000,0.0,0.0,0.0,0.0,0.0,0,89261.65,91658.8,0.0122742878371258,0.0110269327324927,0.0111203348100695,0.0111802735260425,0.3534657872729219,14.188904903005508,-0.0062613997575387,-0.9971027852768816,-0.0043076923076922,0.9962673739010852,binance_booktickers,btcusdt,,,,,,,,,,,,,,,,,
2026-01-09,1085379,1767916800446000,1768003199951000,0.0,0.0,0.0,0.0,0.0,0,89647.15,91998.25,0.0123692501128262,0.0110317255870691,0.0110802771626978,0.0111432469979614,0.3928814251125246,17.360901006558517,-0.0128543959351356,-0.9970025264419988,-0.0239677066689092,0.9970731375285028,binance_booktickers,btcusdt,,,,,,,,,,,,,,,,,
2026-01-10,798533,1768003200549000,1768089599851000,0.0,0.0,0.0,0.0,0.0,0,90358.55,90799.95,0.0111278040427905,0.0110395807599171,0.0110519646791663,0.0110637765875906,0.0110670213284543,3.190660748304752,0.0586632964740254,-0.9803641556586934,0.0842588823632029,0.9812875480122124,binance_booktickers,btcusdt,,,,,,,,,,,,,,,,,
2026-01-11,903265,1768089600658000,1768175999993000,0.0,0.0,0.0,0.0,0.0,0,90181.05,91247.85,0.0114186462375251,0.0110256439931209,0.0110417627076412,0.0110619407849686,0.0880635378412719,10.630713247849473,0.0274592658212568,-0.9857426233573024,0.0412011419307087,0.9876103771647614,binance_booktickers,btcusdt,,,,,,,,,,,,,,,,,
2026-01-12,1103381,1768176000688000,1768262399845000,0.0,0.0,0.0,0.0,0.0,0,90082.45,92487.95,0.0121821941753508,0.0109403265365629,0.0110376189654793,0.0110874025493065,0.3375147050248066,14.63081788240266,0.0166136233589612,-0.9970204313280362,0.0270195754066722,0.9972241498959056,binance_booktickers,btcusdt,,,,,,,,,,,,,,,,,
2026-01-13,1121508,1768262400258000,1768348799956000,0.0,0.0,0.0,0.0,0.0,0,91011.05,96742.45,0.013098918530532,0.0108412894852849,0.0109489390758132,0.0109829462308802,0.5358490922880095,20.836010980180102,0.0031976405200974,-0.9963636363636365,0.0123559339632436,0.9968627450980392,binance_booktickers,btcusdt,,,,,,,,,,,,,,,,,
2026-01-14,1166628,1768348800847000,1768435199991000,0.0,0.0,0.0,0.0,0.0,0,94414.7,97909.85,0.01182764480417,0.0104775730175065,0.0105360033663867,0.0105676575773823,0.3921208475179174,15.291149613550294,-0.0094871664618151,-0.9968652037617554,-0.0246275463666767,0.9971092298162296,binance_booktickers,btcusdt,,,,,,,,,,,,,,,,,
2026-01-15,1129648,1768435200832000,1768521599907000,0.0,0.0,0.0,0.0,0.0,0,95089.05,97154.95,0.0117055142107766,0.0103777662575511,0.0104743684339477,0.0105124338445516,0.3624473480504215,12.1553851140129,-0.0012185599398066,-0.9972899728997292,-0.002283105022831,0.9971658006613132,binance_booktickers,btcusdt,,,,,,,,,,,,,,,,,
2026-01-16,1013095,1768521600715000,1768607999853000,0.0,0.0,0.0,0.0,0.0,0,94237.65,95824.95,0.0111014274265017,0.0104830538819346,0.0105489182354213,0.0105936411675062,0.1782423729314465,7.0169751190199054,-0.0047130040814414,-0.9932142049310112,-0.0111615962070328,0.9938335046248716,binance_booktickers,btcusdt,,,,,,,,,,,,,,,,,
2026-01-17,682900,1768608000534000,1768694399940000,0.0,0.0,0.0,0.0,0.0,0,94977.55,95616.3,0.0106714967262532,0.0104970731526614,0.0105138043628945,0.0105214482358762,0.0210437046176295,8.522035549062272,0.0142599305093478,-0.9844068784610902,0.0244100895036615,0.9883180355227084,binance_booktickers,btcusdt,,,,,,,,,,,,,,,,,
2026-01-18,750620,1768694402204000,1768780799985000,0.0,0.0,0.0,0.0,0.0,0,93550.35,95489.95,0.0113092046839098,0.0105145560891971,0.0105333398630843,0.0106740046897115,0.1789231667081967,29.672612879743195,0.0221336821296582,-0.9890927682781344,0.0441906080535364,0.9883241744640824,binance_booktickers,btcusdt,,,,,,,,,,,,,,,,,
2026-01-19,985140,1768780800891000,1768867199993000,0.0,0.0,0.0,0.0,0.0,0,91806.05,93614.05,0.0139717893246338,0.010766157444423,0.0108125583546552,0.0214604708853398,0.8517221768503184,17.55055031801563,0.0184973304861401,-0.995302407516148,0.0337188070602557,0.9948351692692572,binance_booktickers,btcusdt,,,,,,,,,,,,,,,,,
2026-01-20,1166419,1768867200462000,1768953599884000,0.0,0.0,0.0,0.0,0.0,0,87788.15,92840.35,0.0124882658594139,0.0109964728819633,0.0111796860638864,0.0113667557620948,0.3929453216591265,10.579327813570638,0.0030685920786294,-0.99767211779084,0.0044059442909416,0.9974186690961546,binance_booktickers,btcusdt,,,,,,,,,,,,,,,,,
2026-01-21,1230622,1768953600505000,1769039999989000,0.0,0.0,0.0,0.0,0.0,0,87219.05,90531.25,0.0130079088494546,0.0112020405643611,0.0113502546719998,0.0222140523870764,0.4622236452186931,6.406000286936076,0.0020257225434008,-0.9984279819217924,-0.0009844942160964,0.9985690192671336,binance_booktickers,btcusdt,,,,,,,,,,,,,,,,,
2026-01-22,1093456,1769040000869000,1769126399865000,0.0,0.0,0.0,0.0,0.0,0,88474.35,90327.65,0.0119049514157169,0.0111370294541932,0.0112211343339017,0.0112781721682081,0.2130949063037097,9.989231585928506,0.0176456555594116,-0.9968993190661476,0.0340518149266306,0.9970577418168444,binance_booktickers,btcusdt,,,,,,,,,,,,,,,,,
2026-01-23,1090157,1769126400816000,1769212799899000,0.0,0.0,0.0,0.0,0.0,0,88530.05,91194.95,0.0121270903112867,0.0111655057338579,0.0112296147406459,0.0112740906184143,0.2674812958141107,10.157372298948207,-0.0027325341680797,-0.9970003749531308,-0.0052210233205708,0.996909734336839,binance_booktickers,btcusdt,,,,,,,,,,,,,,,,,
2026-01-24,765583,1769212800507000,1769299199976000,0.0,0.0,0.0,0.0,0.0,0,89116.95,89893.85,0.0112790901250579,0.011173477738384,0.0112014006237859,0.0112150182542667,0.0112200263997424,2.2092222756554767,0.0149954236153803,-0.9858468312627772,0.0329956188389923,0.9849647776259068,binance_booktickers,btcusdt,,,,,,,,,,,,,,,,,
2026-01-25,1028041,1769299200441000,1769385599979000,0.0,0.0,0.0,0.0,0.0,0,86025.25,89281.55,0.0138439029593616,0.0113031197165707,0.0115695413303085,0.0116037617081457,0.5880184456859902,9.907050594740603,0.0014585093934954,-0.9964136282127916,0.0047057218850167,0.9953469276036676,binance_booktickers,btcusdt,,,,,,,,,,,,,,,,,
2026-01-26,1128609,1769385600700000,1769471999925000,0.0,0.0,0.0,0.0,0.0,0,86463.25,88828.55,0.0125174437430106,0.0113895281268179,0.0114517038710561,0.0115470174349363,0.3181908576934979,7.108133180056654,0.0157854001941277,-0.997060984570169,0.0311258278145695,0.997090768037238,binance_booktickers,btcusdt,,,,,,,,,,,,,,,,,
2026-01-27,1086508,1769472000306000,1769558399965000,0.0,0.0,0.0,0.0,0.0,0,87267.95,89490.75,0.0121260973340293,0.0113260865262972,0.0113940182533618,0.0114442336804736,0.23606393735603,10.175941459343704,0.0017488904327952,-0.995662435414939,0.0077315058864874,0.9949466591802356,binance_booktickers,btcusdt,,,,,,,,,,,,,,,,,
2026-01-28,1131570,1769558400514000,1769644799985000,0.0,0.0,0.0,0.0,0.0,0,88799.15,90588.05,0.0122182239320426,0.0111944538204511,0.0112366557696374,0.0112574517301094,0.2907594412952014,11.701591616676891,-0.0076688852885807,-0.9972850678733032,-0.0138046015338446,0.9972948047955736,binance_booktickers,btcusdt,,,,,,,,,,,,,,,,,
2026-01-29,1119994,1769644800515000,1769731199989000,0.0,0.0,0.0,0.0,0.0,0,83339.05,89315.95,0.0137679170888982,0.0113869083565979,0.0119006462652881,0.0227367808352913,0.5781346090087905,18.37281638737385,-0.0073222244316068,-0.9953684643886372,-0.0113360323886639,0.9952204564464094,binance_booktickers,btcusdt,,,,,,,,,,,,,,,,,
2026-01-30,1252008,1769731200751000,1769817599873000,0.0,0.0,0.0,0.0,0.0,0,81028.0,84697.15,0.0159345694750425,0.0120626606979601,0.0121581064468078,0.0604079591110606,0.7974201672317546,22.85426401994083,-0.0024633425563108,-0.9985125196264772,-0.0044112149532709,0.99849510910459,binance_booktickers,btcusdt,,,,,,,,,,,,,,,,,
2026-01-31,1155697,1769817603759000,1769903999934000,0.0,0.0,0.0,0.0,0.0,0,75554.7,84239.45,0.0227016487612177,0.0121432834595511,0.0128649049883371,0.227241165998202,1.7313712848188687,32.99713412606678,-2.85480635078e-05,-0.9982946793997272,0.0040548970679974,0.9984540066993044,binance_booktickers,btcusdt,,,,,,,,,,,,,,,,,
2026-02-01,1216593,1769904000370000,1769990399965000,0.0,0.0,0.0,0.0,0.0,0,75644.05,79393.6,0.016039162113601,0.0127707315274012,0.012993822086154,0.0765332479569858,0.6713774987827524,4.5755298867346985,0.0061439980902318,-0.9985696406222064,0.0073260073260073,0.998531571218796,binance_booktickers,btcusdt,,,,,,,,,,,,,,,,,
2026-02-02,1343749,1769990400444000,1770076799977000,0.0,0.0,0.0,0.0,0.0,0,74556.65,79310.5,0.0176790528387805,0.0128633163309217,0.0132492535709481,0.1331242395277816,0.8220473088237442,6.921500591698702,-0.0125462720591017,-0.9987424020121568,-0.0216766779838077,0.9988058810358984,binance_booktickers,btcusdt,,,,,,,,,,,,,,,,,
2026-02-03,1267153,1770076800484000,1770163199742000,0.0,0.0,0.0,0.0,0.0,0,72906.75,79162.75,0.0164859784603578,0.0128149678832326,0.013369707852607,0.079901242065583,0.7126107020923279,11.649404952932386,-0.0031327645644459,-0.998640791361474,-0.0108219531048698,0.9986187845303868,binance_booktickers,btcusdt,,,,,,,,,,,,,,,,,
2026-02-04,1270325,1770163200310000,1770249599967000,0.0,0.0,0.0,0.0,0.0,0,71839.15,76944.45000000001,0.0172637832133452,0.0132675880110451,0.0137422004431613,0.0949220113990001,0.7464009479299797,16.559881988322164,0.0023234096307337,-0.9986779481755684,-0.0026505111700113,0.9986462093862816,binance_booktickers,btcusdt,,,,,,,,,,,,,,,,,
2026-02-05,1533586,1770249600567000,1770335999980000,0.0,0.0,0.0,0.0,0.0,0,62236.55,73316.25,0.0256054926718272,0.0143018447242741,0.0157414746138883,0.3327895130098585,1.4044521131986156,25.719775481489325,-0.0028915554855806,-0.9986666666666666,-0.010135135135135,0.9987691225602252,binance_booktickers,btcusdt,,,,,,,,,,,,,,,,,
2026-02-06,1520095,1770336000244000,1770422399983000,0.0,0.0,0.0,0.0,0.0,0,59828.2,71714.35,0.0250740310498051,0.0150953307864393,0.0155615744265045,0.2932602919699467,1.4903647916221627,16.73771434245157,0.0003474308442589,-0.997836166924266,-0.0022201078338091,0.9979821758870018,binance_booktickers,btcusdt,,,,,,,,,,,,,,,,,
2026-02-07,1296477,1770422400851000,1770508799798000,0.0,0.0,0.0,0.0,0.0,0,67275.05,71666.55,0.0194875481263096,0.0144335655461871,0.0147123839293424,0.115500949271746,0.9850572693179048,22.120261016187825,-0.0024099073574823,-0.9976673664567296,-0.0087260034904014,0.997773241788829,binance_booktickers,btcusdt,,,,,,,,,,,,,,,,,
2026-02-08,1162866,1770508801289000,1770595199955000,0.0,0.0,0.0,0.0,0.0,0,68848.55,72271.8,0.0158288614198869,0.014163212614015,0.0144487895173773,0.0145144727444793,0.4100385931143461,12.049224835562889,0.0101125180405305,-0.9969837878597464,0.0170432025366626,0.9971271247306678,binance_booktickers,btcusdt,,,,,,,,,,,,,,,,,
2026-02-09,1306207,1770595200452000,1770681599984000,0.0,0.0,0.0,0.0,0.0,0,68276.6,71421.45,0.0164522240658646,0.0142204525667306,0.0145199100645222,0.0289268569953224,0.5222171647152881,8.399417677956436,-0.00447826953676,-0.9972761321075928,-0.0097517730496453,0.9970184853905784,binance_booktickers,btcusdt,,,,,,,,,,,,,,,,,
2026-02-10,1188253,1770681602626000,1770767999812000,0.0,0.0,0.0,0.0,0.0,0,67883.05,70498.25,0.0160989887288734,0.0144777408362517,0.0145785451932452,0.0147183604911029,0.4326469629625356,14.475882402880108,8.00509168403e-05,-0.9973839110529756,-0.0030075187969924,0.9975024015369836,binance_booktickers,btcusdt,,,,,,,,,,,,,,,,,
2026-02-11,1277783,1770768000449000,1770854399980000,0.0,0.0,0.0,0.0,0.0,0,65718.55,69262.65,0.0173063252483756,0.0149059620130234,0.0150504377804849,0.0300798469533009,0.5860024524202634,33.25540885710808,-0.0044143526117388,-0.9976295292922452,-0.0108055009823182,0.9977011494252874,binance_booktickers,btcusdt,,,,,,,,,,,,,,,,,
2026-02-12,1215859,1770854400661000,1770940799956000,0.0,0.0,0.0,0.0,0.0,0,65081.65,68384.95,0.0163124244785614,0.0148898486210539,0.0152468890615416,0.0153408938380723,0.3667913023512056,10.193578656754864,0.0069190258695049,-0.9978656909825444,0.0085192697768763,0.9978902953586498,binance_booktickers,btcusdt,,,,,,,,,,,,,,,,,
2026-02-13,1174329,1770940800462000,1771027199951000,0.0,0.0,0.0,0.0,0.0,0,65833.95,69449.0,0.0159125164104556,0.0149172799520362,0.0151033104177755,0.0151734131463696,0.3004315699502335,11.52620909354269,0.0161814601282301,-0.9975797579757978,0.0235634559735427,0.9977307110438728,binance_booktickers,btcusdt,,,,,,,,,,,,,,,,,
2026-02-14,1007236,1771027201934000,1771113599875000,0.0,0.0,0.0,0.0,0.0,0,68690.15,70553.3,0.0150599775557465,0.014361285419959,0.0145242544142867,0.0145474753228733,0.1575943649994119,11.040771993719664,-0.0090851816187631,-0.9946046897696618,-0.0125408942202835,0.9947482796088374,binance_booktickers,btcusdt,,,,,,,,,,,,,,,,,
2026-02-15,1062775,1771113600743000,1771199999983000,0.0,0.0,0.0,0.0,0.0,0,68040.05,70938.45,0.0159526302669906,0.0143924548981868,0.0146078913276993,0.0146857218790482,0.3944389945307512,12.440286987066466,0.0003843892600951,-0.9959890610756608,0.0020661157024792,0.9956815621479534,binance_booktickers,btcusdt,,,,,,,,,,,,,,,,,
2026-02-16,1169816,1771200000770000,1771286399991000,0.0,0.0,0.0,0.0,0.0,0,67250.05,70108.85,0.0157869067616918,0.0146006822907332,0.0147366885321696,0.0148443385556934,0.3103224323967488,12.672601643904494,0.0078098765025166,-0.9962876123485735,0.0224748127098941,0.9962128897004124,binance_booktickers,btcusdt,,,,,,,,,,,,,,,,,
2026-02-17,1148050,1771286401115000,1771372799907000,0.0,0.0,0.0,0.0,0.0,0,66588.05,69218.85,0.0158677652130571,0.0147080344853137,0.0148819157179473,0.01498119485385,0.3280296896685691,7.0676310579047374,-0.0011309962647265,-0.9971674253920082,0.0014160294534126,0.9970501474926252,binance_booktickers,btcusdt,,,,,,,,,,,,,,,,,
2026-02-18,1099472,1771372801112000,1771459199996000,0.0,0.0,0.0,0.0,0.0,0,65826.15,68437.95,0.0159872694834103,0.0148577482051202,0.0150852201809805,0.0151550398450653,0.3219447806161568,5.732522287587029,0.0115971386851426,-0.9969183359013868,0.0246045694200351,0.9962965041243476,binance_booktickers,btcusdt,,,,,,,,,,,,,,,,,
2026-02-19,1131838,1771459200729000,1771545599940000,0.0,0.0,0.0,0.0,0.0,0,65595.75,67299.35,0.0158884214653676,0.0149751151033501,0.0151142904869629,0.0151965868474788,0.2539809648732508,9.985945154804506,0.0067238667110488,-0.9960629921259844,0.0067450980392157,0.99616214919645,binance_booktickers,btcusdt,,,,,,,,,,,,,,,,,
2026-02-20,1137479,1771545601329000,1771631999920000,0.0,0.0,0.0,0.0,0.0,0,66414.55,68283.55,0.0165571216156474,0.0148003324163275,0.0149176805103966,0.0150324061103454,0.4475627967900796,11.886080598311436,0.0099248160979412,-0.9960825674250414,0.0104997900041999,0.995854763184156,binance_booktickers,btcusdt,,,,,,,,,,,,,,,,,
2026-02-21,811733,1771632000515000,1771718399948000,0.0,0.0,0.0,0.0,0.0,0,67490.05,68678.35,0.0152597425843096,0.0146778110401828,0.0147528637161166,0.0147958651483871,0.132692575628381,10.55282478072152,-0.0009350111336105,-0.989584512623118,-0.0137023105857066,0.988840984022318,binance_booktickers,btcusdt,,,,,,,,,,,,,,,,,
2026-02-22,902295,1771718400535000,1771804799844000,0.0,0.0,0.0,0.0,0.0,0,67159.6,68219.85,0.0152038175087735,0.0147591781802997,0.0148392060736604,0.0148658763458291,0.1028825485494136,9.07934003616852,-0.002091777432993,-0.990566037735849,0.0007877737513786,0.9870003644757624,binance_booktickers,btcusdt,,,,,,,,,,,,,,,,,
2026-02-23,1273054,1771804800658000,1771891199864000,0.0,0.0,0.0,0.0,0.0,0,63860.05,67654.55,0.0171960247244048,0.0153149793513562,0.0155106212854651,0.0156408730420238,0.4895855963913089,14.44313308482374,-0.0118999220103515,-0.9953938277291572,-0.0149253731343283,0.9948936170212768,binance_booktickers,btcusdt,,,,,,,,,,,,,,,,,
2026-02-24,1213688,1771891200931000,1771977599980000,0.0,0.0,0.0,0.0,0.0,0,62428.9,64979.95,0.0173662663293227,0.0157105858710844,0.0158808933011725,0.0159456699132387,0.4104273811889362,20.95223003595836,0.0147841831195619,-0.9965059399021664,0.0186113897247298,0.9964739069111426,binance_booktickers,btcusdt,,,,,,,,,,,,,,,,,
2026-02-25,1284138,1771977600964000,1772063999952000,0.0,0.0,0.0,0.0,0.0,0,63876.05,69998.65,0.017092011307295,0.0151233650683944,0.0153917074095748,0.0156453511803745,0.5230847469949247,18.012654191795033,0.0040006438314481,-0.996561358263486,-0.0004283878337855,0.996779388083736,binance_booktickers,btcusdt,,,,,,,,,,,,,,,,,
2026-02-26,1171579,1772064000442000,1772150399967000,0.0,0.0,0.0,0.0,0.0,0,66469.95,68828.95000000001,0.016189327159748,0.014710198066318,0.0149344787069831,0.0150175292096603,0.3799703038580532,7.86310788228525,0.0082476572968881,-0.9962153467688524,0.0116441546343736,0.996124031007752,binance_booktickers,btcusdt,,,,,,,,,,,,,,,,,
2026-02-27,1171650,1772150401160000,1772236799899000,0.0,0.0,0.0,0.0,0.0,0,64883.05,68185.05,0.0163628193795445,0.0151302525626215,0.0152852495047265,0.0153430357574887,0.344597940353529,14.34996883366144,-0.0036979362082045,-0.9971367215461704,-0.0075726283904722,0.9966598626832436,binance_booktickers,btcusdt,,,,,,,,,,,,,,,,,
2026-02-28,1157393,1772236800450000,1772323199949000,0.0,0.0,0.0,0.0,0.0,0,62979.8,67732.95,0.0184472799726706,0.0153741964097476,0.0157217748938261,0.0459499344823831,0.7307492278552845,12.494078016252136,0.0054397666088684,-0.9967118783394986,0.0010515247108306,0.9970906068162928,binance_booktickers,btcusdt,,,,,,,,,,,,,,,,,
2026-03-01,1183578,1772323201802000,1772409599936000,0.0,0.0,0.0,0.0,0.0,0,65014.65,68179.95,0.018332224874336,0.0150219959584552,0.0152527494996443,0.0302457009512408,0.7008560136051197,63.07379211577511,0.0084938956005568,-0.9962174940898344,0.013277428371768,0.996491997368998,binance_booktickers,btcusdt,,,,,,,,,,,,,,,,,
2026-03-02,1311276,1772409600931000,1772495999980000,0.0,0.0,0.0,0.0,0.0,0,65237.35,70099.95,0.0170747295200736,0.0150081757024042,0.0151918310472821,0.0301800238439755,0.5318676075151373,12.514631076037425,-0.0004994468896702,-0.9981519127702828,0.0021901007446342,0.9980452842482488,binance_booktickers,btcusdt,,,,,,,,,,,,,,,,,
2026-03-03,1332449,1772496002619000,1772582399752000,0.0,0.0,0.0,0.0,0.0,0,66095.95,69221.45000000001,0.0166203032306995,0.0146933821728527,0.0149907169993712,0.029232628875273,0.4505018590710051,10.342147798156734,-0.0056964035911567,-0.9982762335703514,-0.0104895104895104,0.9981500513874614,binance_booktickers,btcusdt,,,,,,,,,,,,,,,,,
2026-03-04,1383469,1772582400516000,1772668799987000,0.0,0.0,0.0,0.0,0.0,0,67358.35,74043.45,0.0167125059165861,0.0140173324323675,0.0147180572173041,0.0291711456525643,0.6143801825528316,12.567458716461646,-0.010061185436368,-0.997801291741102,-0.0217113665389527,0.997541655285441,binance_booktickers,btcusdt,,,,,,,,,,,,,,,,,
2026-03-05,1291427,1772668800607000,1772755199947000,0.0,0.0,0.0,0.0,0.0,0,70612.85,73526.15,0.0154571998323831,0.0138159617195374,0.0140952770258712,0.0141537107124863,0.4002238493383788,10.682394360900226,-0.0122166700009375,-0.998175737306172,-0.022964509394572,0.9977700348432056,binance_booktickers,btcusdt,,,,,,,,,,,,,,,,,
2026-03-06,1253177,1772755201030000,1772841599993000,0.0,0.0,0.0,0.0,0.0,0,67712.35,71387.45,0.0157103578637182,0.0142929526461359,0.0146810433238793,0.0147576099447502,0.340757589309608,12.481713714876683,-0.0022331877788101,-0.9972055888223554,0.0030147189217946,0.9963133640552996,binance_booktickers,btcusdt,,,,,,,,,,,,,,,,,
2026-03-07,925930,1772841601258000,1772927999993000,0.0,0.0,0.0,0.0,0.0,0,66868.25,68524.85,0.0153578559086951,0.0147314131905469,0.0148604418761041,0.0149136314328376,0.1469758254162355,9.411848802818357,-0.0028319632799536,-0.9912552667143651,0.001151884153365,0.9912204951065056,binance_booktickers,btcusdt,,,,,,,,,,,,,,,,,
2026-03-08,1035336,1772928000460000,1773014399865000,0.0,0.0,0.0,0.0,0.0,0,65570.85,68168.85,0.016200280602101,0.0148935298791495,0.0150734415744012,0.0152269230258132,0.3619712956775697,14.281962663728132,0.012524742466709,-0.9966410324405552,0.0270959515460631,0.9961959106038992,binance_booktickers,btcusdt,,,,,,,,,,,,,,,,,
2026-03-09,1295123,1773014400472000,1773100799951000,0.0,0.0,0.0,0.0,0.0,0,65772.45,69491.65,0.016235531159241,0.0147138559633078,0.0150542668671797,0.015171295303319,0.4016473491642522,6.975282176819889,-0.0035325113898608,-0.997837691735928,-0.0045787545787545,0.9974979149291074,binance_booktickers,btcusdt,,,,,,,,,,,,,,,,,
2026-03-10,1280414,1773100800563000,1773187199960000,0.0,0.0,0.0,0.0,0.0,0,68345.35,71748.05,0.0156968136448389,0.0142490636592337,0.0144393385347422,0.0146218604132606,0.373912955938855,12.370323694971152,0.0023107285934205,-0.9973597359735974,0.0020134228187919,0.9969894631209232,binance_booktickers,btcusdt,,,,,,,,,,,,,,,,,
2026-03-11,1191468,1773187200636000,1773273599992000,0.0,0.0,0.0,0.0,0.0,0,68933.35,71281.6,0.0154689211772031,0.0142830923168059,0.0143960600871135,0.014483087737216,0.3116354771489164,7.038993353701804,-0.0105430275033204,-0.996829171621086,-0.0157200811359026,0.996542783059637,binance_booktickers,btcusdt,,,,,,,,,,,,,,,,,
2026-03-12,1181038,1773273600946000,1773359999975000,0.0,0.0,0.0,0.0,0.0,0,69164.65,70756.45,0.0148498914460364,0.0142724103611734,0.0144080281541256,0.0144446153732338,0.1297792095139955,8.011627647738237,-0.0088893116296132,-0.9955566526783508,-0.0154707922112563,0.995766299745978,binance_booktickers,btcusdt,,,,,,,,,,,,,,,,,
2026-03-13,1260216,1773360000609000,1773446399923000,0.0,0.0,0.0,0.0,0.0,0,70342.75,73866.65,0.0146630412728874,0.0139814480154059,0.0140839020303804,0.0141760222494467,0.1792629946714641,20.220315726388375,-0.0122449984635933,-0.9932450689002972,-0.0249974492398734,0.992931613359251,binance_booktickers,btcusdt,,,,,,,,,,,,,,,,,
2026-03-14,869571,1773446401285000,1773532799965000,0.0,0.0,0.0,0.0,0.0,0,70267.15,71268.85,0.014433964256896,0.0141476433904358,0.0141781527434825,0.0142028205389573,0.0424096303792778,6.036112998875862,0.0096883947271495,-0.987394232429632,0.0304815864022663,0.9896085902320748,binance_booktickers,btcusdt,,,,,,,,,,,,,,,,,
2026-03-15,1027967,1773532800925000,1773619199976000,0.0,0.0,0.0,0.0,0.0,0,70818.65,73178.45000000001,0.0143944569850578,0.0139815262102333,0.0140346839151744,0.0141076256642073,0.0972848493435829,8.599625420161184,-0.0256948357601076,-0.9911894273127752,-0.0495195861049519,0.9918616480162769,binance_booktickers,btcusdt,,,,,,,,,,,,,,,,,
2026-03-16,1287152,1773619202112000,1773705599864000,0.0,0.0,0.0,0.0,0.0,0,72242.9,74879.85,0.0142390981559635,0.0135648491359287,0.0137683678640539,0.013819684898169,0.1745597904212209,11.42241162862946,-0.0254792879276043,-0.9941834162735088,-0.0518444666001993,0.9941537809786064,binance_booktickers,btcusdt,,,,,,,,,,,,,,,,,
2026-03-17,1252428,1773705600412000,1773791999884000,0.0,0.0,0.0,0.0,0.0,0,73345.45,75984.25,0.0139907517539398,0.0134691290916714,0.0135596805618346,0.0135988092870713,0.1349219948486782,11.7910054347291,-0.0025781767033174,-0.9919992557447206,-0.0005481454412571,0.9925494761350409,binance_booktickers,btcusdt,,,,,,,,,,,,,,,,,
2026-03-18,1192842,1773792002689000,1773878399988000,0.0,0.0,0.0,0.0,0.0,0,70456.05,74632.95,0.0143402754278111,0.0138201241746201,0.0140622352352957,0.0141395217315004,0.1262347334861025,10.901523579103532,-0.0084094950831417,-0.9918820410868124,-0.0124260355029585,0.9905445060319532,binance_booktickers,btcusdt,,,,,,,,,,,,,,,,,
2026-03-19,1231919,1773878402008000,1773964799619000,0.0,0.0,0.0,0.0,0.0,0,68759.75,71583.35,0.0147201502635571,0.014259690351654,0.0144288380516262,0.0144795226978566,0.0996809497596748,8.019818369664693,-0.0084947968221322,-0.9935828877005348,-0.0167352537722907,0.9939926576927356,binance_booktickers,btcusdt,,,,,,,,,,,,,,,,,
2026-03-20,1183532,1773964801622000,1774051199852000,0.0,0.0,0.0,0.0,0.0,0,69355.05,71340.65,0.014680523892906,0.0142166720342878,0.0143381201134817,0.0143827257697841,0.0990274794177876,7.760182052738497,0.0010719336566593,-0.992193450114242,0.0028499580888516,0.9910909532680005,binance_booktickers,btcusdt,,,,,,,,,,,,,,,,,
2026-03-21,875313,1774051200416000,1774137599972000,0.0,0.0,0.0,0.0,0.0,0,68512.05,71076.45,0.0145903910408366,0.0141687311696954,0.0142285257740878,0.0144460551804378,0.0704373667413068,8.17403556215521,-0.0057765924502819,-0.9818758495695517,-0.0087027746493293,0.9805409881313828,binance_booktickers,btcusdt,,,,,,,,,,,,,,,,,
2026-03-22,1046581,1774137600443000,1774223999979000,0.0,0.0,0.0,0.0,0.0,0,67311.05,69555.75,0.0151219802906565,0.0145551827011392,0.0146819055066425,0.014796127854202,0.1447609562329725,6.756477662318168,0.0085234097600143,-0.9912752653773448,0.0196457326892109,0.9909448349815322,binance_booktickers,btcusdt,,,,,,,,,,,,,,,,,
2026-03-23,1261056,1774224000427000,1774310399936000,0.0,0.0,0.0,0.0,0.0,0,67405.25,71785.9,0.015448821729039,0.0142325354345044,0.0147243852761773,0.0148002228922182,0.2822538534707345,11.586166494226736,-0.0038277322353072,-0.9972241498959056,-0.0157631680123029,0.9975426201812316,binance_booktickers,btcusdt,,,,,,,,,,,,,,,,,
2026-03-24,1205010,1774310400532000,1774396799948000,0.0,0.0,0.0,0.0,0.0,0,68884.55,71375.75,0.0147303707574343,0.0142081883218383,0.0144080489111864,0.014490265076399,0.113829744851041,7.115623113962925,-0.006280081665301,-0.9936542471217478,-0.0148786217697729,0.9941244360507816,binance_booktickers,btcusdt,,,,,,,,,,,,,,,,,
2026-03-25,1176902,1774396800443000,1774483199952000,0.0,0.0,0.0,0.0,0.0,0,70375.35,71999.85,0.0145888638239822,0.0140746052609214,0.0141472631066711,0.0141945346770734,0.1123538697485675,16.476525871099533,0.0173540085215849,-0.9904044779103086,0.0297082228116711,0.9899074852817492,binance_booktickers,btcusdt,,,,,,,,,,,,,,,,,
2026-03-26,1164471,1774483200422000,1774569599920000,0.0,0.0,0.0,0.0,0.0,0,68117.25,71404.25,0.0150717649834255,0.0143988584593395,0.0145761014621754,0.0146566639807746,0.1412696753340321,21.303782768397937,0.0238883180314309,-0.9895908980876305,0.0466002965473416,0.9902060114826072,binance_booktickers,btcusdt,,,,,,,,,,,,,,,,,
2026-03-27,1192580,1774569601365000,1774655999832000,0.0,0.0,0.0,0.0,0.0,0,65515.05,69142.65,0.0155433368782123,0.0150231920536058,0.0151893850510356,0.0152405685633201,0.1327362170043546,10.240188995395895,0.0056245521973512,-0.9932756277273052,0.0158632373325119,0.9916045755063492,binance_booktickers,btcusdt,,,,,,,,,,,,,,,,,
2026-03-28,943890,1774656001590000,1774742399928000,0.0,0.0,0.0,0.0,0.0,0,65889.95,67275.05,0.0153235130022638,0.015056034798384,0.0151171465487661,0.0151580262114512,0.0302481253719898,9.980010099531617,0.0087801963308807,-0.9879797157703624,0.0273447938006591,0.991103922361504,binance_booktickers,btcusdt,,,,,,,,,,,,,,,,,
2026-03-29,980757,1774742400757000,1774828799980000,0.0,0.0,0.0,0.0,0.0,0,64939.65,67099.95,0.015533463391096,0.0150252010170962,0.0150936903078537,0.0153060014063987,0.0761412236960625,21.20961563260764,0.0253865476853216,-0.991363124295907,0.0402343147834129,0.9942076954902772,binance_booktickers,btcusdt,,,,,,,,,,,,,,,,,
2026-03-30,1189429,1774828800453000,1774915199968000,0.0,0.0,0.0,0.0,0.0,0,65754.25,68137.8,0.0154530835034276,0.0148577261298848,0.0150415862242036,0.0151851179778617,0.1333573376554048,9.212552215108271,0.0007158165416095,-0.995671798676807,-0.0013123359580052,0.9957825679475164,binance_booktickers,btcusdt,,,,,,,,,,,,,,,,,
2026-03-31,1279990,1774915200427000,1775001599883000,0.0,0.0,0.0,0.0,0.0,0,65955.05,68582.85,0.0153984740030963,0.0148257858972411,0.0150213415719114,0.015114747384328,0.1201951970003651,7.805775833113074,-0.0072723013535283,-0.9959373566607692,-0.013550464847785,0.9960413855150696,binance_booktickers,btcusdt,,,,,,,,,,,,,,,,,
2026-04-01,1206410,1775001600571000,1775087999956000,0.0,0.0,0.0,0.0,0.0,0,67538.45,69287.95,0.0150317760750681,0.0146305457985489,0.0147089863804006,0.0147897817406568,0.0735210325293808,9.75791292015153,0.003185408604545,-0.9970629884092936,0.0050930641726085,0.9965503724029792,binance_booktickers,btcusdt,,,,,,,,,,,,,,,,,
2026-04-02,1239256,1775088000422000,1775174399915000,0.0,0.0,0.0,0.0,0.0,0,65677.55,68624.25,0.0154352773226094,0.0149861565387704,0.015107805524142,0.0151880008726753,0.1045221508563857,7.981775697072194,0.0122106958831853,-0.9954104148278906,0.0286446204005588,0.995572681807002,binance_booktickers,btcusdt,,,,,,,,,,,,,,,,,
2026-04-03,919796,1775174400439000,1775260799908000,0.0,0.0,0.0,0.0,0.0,0,66240.05,67338.15,0.0151506021617456,0.0149672479206108,0.0150259460532205,0.0150754412778879,0.0299129383923724,3.145148608271741,-0.0071378946691415,-0.9958266148155174,-0.0131611621554506,0.9946413137424372,binance_booktickers,btcusdt,,,,,,,,,,,,,,,,,
2026-04-04,729796,1775260800441000,1775347199876000,0.0,0.0,0.0,0.0,0.0,0,66745.55,67543.79999999999,0.0150220247345375,0.0149023412331867,0.0149631047253964,0.0149727832219885,0.0149812397412243,14.45913877195702,0.0076482765225463,-0.9907375406096632,0.0198139911039223,0.989165204829223,binance_booktickers,btcusdt,,,,,,,,,,,,,,,,,
2026-04-05,857678,1775347200685000,1775433599960000,0.0,0.0,0.0,0.0,0.0,0,66575.55,69107.95,0.0151129211940291,0.0149011198945329,0.0149722900350906,0.0150019164935223,0.0299797037401313,4.189283117985459,0.0068749275340162,-0.992074724030569,0.0069832402234636,0.9921173305036572,binance_booktickers,btcusdt,,,,,,,,,,,,,,,,,
2026-04-06,1133410,1775433601722000,1775519999971000,0.0,0.0,0.0,0.0,0.0,0,68249.95,70318.95,0.0148692755735697,0.0144161495461102,0.0145174016451509,0.0145937146317704,0.0862796640278253,10.468785182283456,-0.0004523631573637,-0.994123252858958,-0.0020908004778972,0.9935558936722456,binance_booktickers,btcusdt,,,,,,,,,,,,,,,,,
2026-04-07,1205309,1775520000469000,1775606399964000,0.0,0.0,0.0,0.0,0.0,0,67711.05,72743.35,0.0151948657420657,0.0145738072258132,0.014678500472467,0.0147434238787838,0.1459159582446893,10.51233152930436,-0.0024115051251739,-0.9958727264001536,-0.0076080195224652,0.99468177351292,binance_booktickers,btcusdt,,,,,,,,,,,,,,,,,
2026-04-08,1213073,1775606400463000,1775692799972000,0.0,0.0,0.0,0.0,0.0,0,70671.65,72846.55,0.0143479948322982,0.0139755860475112,0.0140589138794266,0.0141113085898031,0.069484349692497,7.827270873182078,0.0095906007779966,-0.9936051159072744,0.0146549427124966,0.9939754816112084,binance_booktickers,btcusdt,,,,,,,,,,,,,,,,,
2026-04-09,1159885,1775692800568000,1775779199972000,0.0,0.0,0.0,0.0,0.0,0,70428.05,73127.95,0.014505406873284,0.0140488802699381,0.0141280552790211,0.0141751179889007,0.0991071156781212,9.224776600274106,-0.0089269864920391,-0.9948090470893584,-0.0227210884353741,0.9942976620414372,binance_booktickers,btcusdt,,,,,,,,,,,,,,,,,
2026-04-10,1098165,1775779200460000,1775865599756000,0.0,0.0,0.0,0.0,0.0,0,71390.75,73412.35,0.0141729020500949,0.0138507895996942,0.0139436661929913,0.0139925014172681,0.0687762166340782,4.443117680137181,-0.0220488065861788,-0.994381145621976,-0.0395220588235294,0.9942385041852374,binance_booktickers,btcusdt,,,,,,,,,,,,,,,,,
2026-04-11,892409,1775865600830000,1775951999732000,0.0,0.0,0.0,0.0,0.0,0,72466.45,73773.25,0.0139005059957262,0.0137275614416505,0.0137625316460222,0.0137782894123932,0.0273214339377412,5.005643414786907,-0.0158622742006037,-0.9907746895328208,-0.0362945039751122,0.9926343926343923,binance_booktickers,btcusdt,,,,,,,,,,,,,,,,,
2026-04-12,999967,1775952000453000,1776038399972000,0.0,0.0,0.0,0.0,0.0,0,70471.75,73094.35,0.0143228529721366,0.0140136591143536,0.0141311697578582,0.0141674263957317,0.055911291146689,6.563339360179736,-0.0212386168091105,-0.9952180028129394,-0.0379357484620642,0.9932835114937092,binance_booktickers,btcusdt,,,,,,,,,,,,,,,,,
2026-04-13,1145079,1776038401030000,1776124799960000,0.0,0.0,0.0,0.0,0.0,0,70524.95,74869.95,0.0143747421384859,0.0140482684443255,0.0141350048435387,0.0141648777594093,0.0835812911625696,13.544130394870864,-0.032071685757287,-0.9949763087286636,-0.0522535908865774,0.9943765177011888,binance_booktickers,btcusdt,,,,,,,,,,,,,,,,,
2026-04-14,1177876,1776124800786000,1776211199952000,0.0,0.0,0.0,0.0,0.0,0,73766.85,76006.35,0.013722885123393,0.013444139933501,0.013497344058944,0.0135257323665052,0.0535574892796291,9.085234620498609,-0.0187507429290933,-0.9947761194029848,-0.0349985887665819,0.9926183239253148,binance_booktickers,btcusdt,,,,,,,,,,,,,,,,,
2026-04-15,1121715,1776211200786000,1776297599984000,0.0,0.0,0.0,0.0,0.0,0,73477.29999999999,75404.05,0.0137551451958771,0.0134818221229718,0.0135400538495822,0.0135888120600463,0.0404911577418565,8.6413246594507,-0.0211555480177494,-0.994931140015302,-0.0323991254223811,0.9939003337553228,binance_booktickers,btcusdt,,,,,,,,,,,,,,,,,
2026-04-16,1180055,1776297601787000,1776383999918000,0.0,0.0,0.0,0.0,0.0,0,73259.75,75499.95,0.0137140094278911,0.0133866210101438,0.0134830036634427,0.0135948714694994,0.0537913487385567,4.787901321086681,-0.0157920670277538,-0.9949329955330356,-0.0323289391086001,0.9938791124713084,binance_booktickers,btcusdt,,,,,,,,,,,,,,,,,
2026-04-17,1208528,1776384000825000,1776470399974000,0.0,0.0,0.0,0.0,0.0,0,74486.95,78296.7,0.013658341051904,0.0131813697145203,0.0133906183976744,0.0134105692727409,0.1177343977387381,5.741945038413495,-0.0014733592615098,-0.9947990031422692,-0.0046423044875609,0.9946499400424316,binance_booktickers,btcusdt,,,,,,,,,,,,,,,,,
2026-04-18,980381,1776470401587000,1776556799826000,0.0,0.0,0.0,0.0,0.0,0,75398.35,77379.85,0.0133376292525793,0.0131289678210076,0.0132166130170776,0.0132398862152618,0.0264819988628155,6.691818066855334,-0.012412374456627,-0.9945866696740726,-0.0146525917756421,0.9925436893203884,binance_booktickers,btcusdt,,,,,,,,,,,,,,,,,
2026-04-19,1092008,1776556800428000,1776643199994000,0.0,0.0,0.0,0.0,0.0,0,73723.35,76199.85,0.013600923396347,0.0132694013564338,0.0134369140234042,0.013549189994366,0.0532423244526262,6.923821226133962,-0.011439219545947,-0.9954055766793408,-0.0211692135146501,0.9939531368102796,binance_booktickers,btcusdt,,,,,,,,,,,,,,,,,
2026-04-20,1172940,1776643200478000,1776729599945000,0.0,0.0,0.0,0.0,0.0,0,73669.25,76530.95,0.0136905849269496,0.0133046573606711,0.0134594483652922,0.0135104919110416,0.0799076267842135,8.000996499728414,-0.0433633297868433,-0.996590441479043,-0.0642136498516319,0.9950444541612008,binance_booktickers,btcusdt,,,,,,,,,,,,,,,,,
2026-04-21,1165372,1776729600495000,1776815999961000,0.0,0.0,0.0,0.0,0.0,0,74777.95,76869.45,0.0135457251645898,0.013188775561439,0.0132489551531173,0.0133445338461843,0.0786459268626725,5.751867069123063,-0.0187025101715233,-0.9965818707684218,-0.0370776255707762,0.9958276090164352,binance_booktickers,btcusdt,,,,,,,,,,,,,,,,,
2026-04-22,1300827,1776816000450000,1776902399997000,0.0,0.0,0.0,0.0,0.0,0,76095.15,79431.05,0.0131886788267158,0.0127942599839458,0.0129720277686777,0.0131290367692881,0.0644998584228107,10.616816204176704,-0.0188496184372774,-0.9956121524300092,-0.0427518427518427,0.9968180403278802,binance_booktickers,btcusdt,,,,,,,,,,,,,,,,,
2026-04-23,1193429,1776902400476000,1776988799993000,0.0,0.0,0.0,0.0,0.0,0,76900.15,78632.25,0.0132865899388723,0.0128457349258536,0.0129074977707162,0.0129595874711659,0.0645372389549355,79.30080640828199,0.0058765959487565,-0.9963521640540276,0.0142218610321007,0.9957671957671956,binance_booktickers,btcusdt,,,,,,,,,,,,,,,,,
2026-04-24,1122071,1776988800427000,1777075199861000,0.0,0.0,0.0,0.0,0.0,0,77208.25,78537.45,0.0130894747631017,0.0128706174731848,0.0129065315427588,0.0129374390735009,0.0383969773903123,6.6258607990273495,-0.0216868120629646,-0.9950512141788468,-0.0466070489216202,0.9935098206660972,binance_booktickers,btcusdt,,,,,,,,,,,,,,,,,
2026-04-25,773830,1777075202251000,1777161599993000,0.0,0.0,0.0,0.0,0.0,0,77100.05,77846.95,0.0129840273934452,0.0129015860553553,0.0129382927542094,0.0129542488324427,0.0129612335972372,4.127903076835756,0.0422982380487587,-0.990687601515972,0.092870742542839,0.9893357909288396,binance_booktickers,btcusdt,,,,,,,,,,,,,,,,,
2026-04-26,919480,1777161600424000,1777247999961000,0.0,0.0,0.0,0.0,0.0,0,77280.05,78927.1,0.0130742123785467,0.0128221484671212,0.0129084141550144,0.0129300619403327,0.0255265488867986,6.973112573545546,-0.0226281611659503,-0.9935942069349674,-0.029362765514369,0.9935430972635032,binance_booktickers,btcusdt,,,,,,,,,,,,,,,,,
2026-04-27,1123150,1777248000459000,1777334399961000,0.0,0.0,0.0,0.0,0.0,0,76405.8,79452.45,0.0132411723471356,0.0128719262652068,0.0130323809059747,0.0130604653843232,0.0515671914050614,6.984664328249004,0.0111842235217541,-0.9946419873356064,0.0127288265191381,0.9949632738719834,binance_booktickers,btcusdt,,,,,,,,,,,,,,,,,
2026-04-28,1142251,1777334400431000,1777420799709000,0.0,0.0,0.0,0.0,0.0,0,75637.55,77449.95,0.0132797649562525,0.0130964534156952,0.0131613669140109,0.0132063673187073,0.0262936820222325,5.538152225693756,-0.0030664949568397,-0.9954994118549584,-0.0040618788350186,0.9933522851519788,binance_booktickers,btcusdt,,,,,,,,,,,,,,,,,
2025-11-01,1039094,1761955200734000,1762041599973000,0.0,0.0,0.0,0.0,0.0,0,3828.89,3907.405,0.0265233467100706,0.0258362883593783,0.0259954637909536,0.0260685838366008,0.1811230925478552,7.889709086314823,0.0012767096976706,-0.9964126167591714,-0.0062528595394235,0.9960049447638484,binance_booktickers,ethusdt,,,,,,,,,,,,,,,,,
2025-11-02,1103883,1762041600530000,1762127999979000,0.0,0.0,0.0,0.0,0.0,0,3837.305,3916.495,0.0268655425691404,0.0258527864773472,0.0259654270344711,0.0260221161959401,0.2845527929506632,31.443461048767823,0.0087752655866001,-0.9968501228237088,0.009895816323198,0.99687945475564,binance_booktickers,ethusdt,,,,,,,,,,,,,,,,,
2025-11-03,1495063,1762128000195000,1762214399675000,0.0,0.0,0.0,0.0,0.0,0,3556.01,3913.335,0.0341248134607907,0.0269678799059994,0.0278411550731833,0.1603995016920688,1.3387705266991006,37.28667718342202,0.0056481771487224,-0.9988294271827364,0.0134426808798846,0.9988461862566522,binance_booktickers,ethusdt,,,,,,,,,,,,,,,,,
2025-11-04,1543723,1762214400777000,1762300799966000,0.0,0.0,0.0,0.0,0.0,0,3055.16,3653.645,0.0513677521339394,0.0286145547939202,0.0312582541319927,0.6160385640149476,2.985715218750405,43.978455114346986,0.0092281599057113,-0.9992133841234696,0.0210906537825528,0.9992293448360752,binance_booktickers,ethusdt,,,,,,,,,,,,,,,,,
2025-11-05,1505308,1762300800396000,1762387199959000,0.0,0.0,0.0,0.0,0.0,0,3165.415,3478.995,0.0393832439587049,0.0299938662536417,0.0306152595631004,0.2102888317108459,1.8920032347162623,18.917152129770404,-0.0003147204361902,-0.9984483275439496,-0.0019485148514851,0.998453765799457,binance_booktickers,ethusdt,,,,,,,,,,,,,,,,,
2025-11-06,1440148,1762387200451000,1762473599738000,0.0,0.0,0.0,0.0,0.0,0,3245.005,3454.875,0.0369366536636054,0.0296170369049553,0.0303176838495076,0.1476901991298895,1.6205903368609966,26.45486918215839,-0.0030742805642233,-0.9985974355815432,-0.0135495850983577,0.99861734874098,binance_booktickers,ethusdt,,,,,,,,,,,,,,,,,
2025-11-07,1458552,1762473600751000,1762559999871000,0.0,0.0,0.0,0.0,0.0,0,3192.925,3471.915,0.0384130063968152,0.0300229525465124,0.030920742406294,0.1832782989328481,1.7183807028763816,24.85527838370408,0.0089037358535324,-0.9987720510037388,0.0250066664691416,0.9988043228328348,binance_booktickers,ethusdt,,,,,,,,,,,,,,,,,
2025-11-08,1278252,1762560001177000,1762646399951000,0.0,0.0,0.0,0.0,0.0,0,3354.275,3487.25,0.0330515442153889,0.0292732762803568,0.0295910954482038,0.0297794977085079,1.0103415676168468,16.419346580626723,-0.0204613820668721,-0.9981294729993494,-0.0396277283303172,0.997869510325548,binance_booktickers,ethusdt,,,,,,,,,,,,,,,,,
2025-11-09,1318234,1762646400634000,1762732799986000,0.0,0.0,0.0,0.0,0.0,0,3356.745,3622.445,0.0335615754240982,0.0290336863352034,0.0295959998053124,0.0297708980533212,1.244495639199981,23.29643068456454,0.0182638308583456,-0.997623895619627,0.0384930384930384,0.9975636150748362,binance_booktickers,ethusdt,,,,,,,,,,,,,,,,,
2025-11-10,1400703,1762732800703000,1762819199971000,0.0,0.0,0.0,0.0,0.0,0,3505.635,3657.995,0.0304659336117685,0.0278046942658755,0.028301953541674,0.0284933161796832,0.6262025936167183,16.54545205516967,-0.0024508293713442,-0.9982884477038948,-0.0066405292820387,0.9982435748417926,binance_booktickers,ethusdt,,,,,,,,,,,,,,,,,
2025-11-11,1446513,1762819200828000,1762905599996000,0.0,0.0,0.0,0.0,0.0,0,3403.325,3647.535,0.0303669859604628,0.0281765939857575,0.0291387602338043,0.0293599099244372,0.5170601111100025,23.02820955670697,0.0038621987867237,-0.9983308682730512,0.0049621545819025,0.9983667497469312,binance_booktickers,ethusdt,,,,,,,,,,,,,,,,,
2025-11-12,1411592,1762905600544000,1762991999967000,0.0,0.0,0.0,0.0,0.0,0,3370.005,3587.235,0.0315519040801338,0.0290727676845089,0.0293800083726076,0.0574554145982194,0.6316466453828199,9.396568652407014,0.0087749496707017,-0.9984908976293724,0.0130176236330512,0.998315617889768,binance_booktickers,ethusdt,,,,,,,,,,,,,,,,,
2025-11-13,1515036,1762992000844000,1763078399974000,0.0,0.0,0.0,0.0,0.0,0,3152.565,3564.825,0.0340094597395169,0.0291525216195494,0.0313537122018247,0.1176214588601844,0.9008631200630554,18.690191387559807,0.0115369551389589,-0.9987574652290674,0.024853916614024,0.9986839940779731,binance_booktickers,ethusdt,,,,,,,,,,,,,,,,,
2025-11-14,1531090,1763078400745000,1763164799965000,0.0,0.0,0.0,0.0,0.0,0,3068.005,3255.865,0.0383910294894027,0.0314060981213297,0.0320716866332058,0.2156337553085602,1.1663039041231706,32.282935727463126,0.0127271362125451,-0.9990227482490904,0.0234562416703687,0.9989881902834647,binance_booktickers,ethusdt,,,,,,,,,,,,,,,,,
2025-11-15,1274675,1763164800847000,1763251199860000,0.0,0.0,0.0,0.0,0.0,0,3109.175,3230.485,0.0327019991792589,0.0315250064239081,0.0317710956095952,0.0320226976873641,0.3465456487245469,11.173522253932516,0.0231702313129185,-0.9977117016494816,0.0425593074178657,0.9976356758329696,binance_booktickers,ethusdt,,,,,,,,,,,,,,,,,
2025-11-16,1379560,1763251200963000,1763337599948000,0.0,0.0,0.0,0.0,0.0,0,3001.135,3248.445,0.0360355894418629,0.0316465210180797,0.0326183925337095,0.0955327303101472,0.9336001068809984,16.032742644605637,0.0046557255328673,-0.998458653147956,0.0039527112005461,0.99832181382514,binance_booktickers,ethusdt,,,,,,,,,,,,,,,,,
2025-11-17,1469463,1763337600589000,1763423999988000,0.0,0.0,0.0,0.0,0.0,0,2958.0550000000003,3221.7650000000003,0.0373149185638037,0.0319247597255221,0.0332965406566353,0.1614092968517993,0.9251549634555376,14.623755513647923,0.0147889426025445,-0.9990795932678822,0.0322349489995857,0.9989981610078774,binance_booktickers,ethusdt,,,,,,,,,,,,,,,,,
2025-11-18,1510603,1763424001462000,1763510399945000,0.0,0.0,0.0,0.0,0.0,0,2943.315,3169.175,0.0373539902787895,0.0327680301997318,0.0334285489844182,0.1328202046094043,0.8940737809551748,15.581072384242484,0.0067669603885623,-0.998875140607424,0.022706630336058,0.998841107570051,binance_booktickers,ethusdt,,,,,,,,,,,,,,,,,
2025-11-19,1474041,1763510401102000,1763596799964000,0.0,0.0,0.0,0.0,0.0,0,2873.005,3124.5950000000003,0.0371057833430609,0.0327940354215534,0.0345190035751962,0.1021146236641972,0.8230537351215427,13.505422127602774,0.0129604507446573,-0.9987031817076576,0.0286290204785136,0.9986333031856096,binance_booktickers,ethusdt,,,,,,,,,,,,,,,,,
2025-11-20,1474717,1763596800600000,1763683199982000,0.0,0.0,0.0,0.0,0.0,0,2788.53,3062.545,0.0394347527467238,0.033235123542477,0.0353745009992174,0.1723903123546341,0.9972255759859012,21.66434946030995,0.0237690588596963,-0.999046256556986,0.0512725526514372,0.9990631384860718,binance_booktickers,ethusdt,,,,,,,,,,,,,,,,,
2025-11-21,1549938,1763683202781000,1763769599950000,0.0,0.0,0.0,0.0,0.0,0,2620.855,2885.8450000000003,0.0482038612163857,0.0363527305436134,0.0371645665580725,0.3199903291816799,1.8130923770558036,39.50671218663356,0.0066984155240256,-0.9993417701680836,0.0180864523200958,0.999379336685976,binance_booktickers,ethusdt,,,,,,,,,,,,,,,,,
2025-11-22,1242863,1763769600459000,1763855999903000,0.0,0.0,0.0,0.0,0.0,0,2702.875,2797.995,0.0377957208845424,0.0364288771700719,0.0367754545913907,0.0369413316249874,0.3661716026612026,9.964242708362193,0.0039112108720734,-0.9983331481275696,0.010075121520106,0.99848476550377,binance_booktickers,ethusdt,,,,,,,,,,,,,,,,,
2025-11-23,1290516,1763856000783000,1763942399933000,0.0,0.0,0.0,0.0,0.0,0,2766.875,2856.995,0.0370420524449137,0.0355027274978149,0.0358360643392225,0.0361114471489769,0.4251293987603611,9.740040453159938,0.0074871159537759,-0.99756000145238,0.0191268524958536,0.9977542020155504,binance_booktickers,ethusdt,,,,,,,,,,,,,,,,,
2025-11-24,1432815,1763942401319000,1764028799961000,0.0,0.0,0.0,0.0,0.0,0,2761.385,2986.815,0.0384999627581775,0.0352445886347419,0.0357819519420413,0.0712268468230397,0.7987262053386797,13.086875887973056,0.005439534845126,-0.9986286399965716,0.0095940303810961,0.9986542149507108,binance_booktickers,ethusdt,,,,,,,,,,,,,,,,,
2025-11-25,1392535,1764028801451000,1764115199957000,0.0,0.0,0.0,0.0,0.0,0,2855.225,2979.2250000000004,0.0360352042015335,0.0342444057490134,0.0346661905834962,0.0349423712949058,0.4778320079179244,18.01926675445378,-0.0059332662195548,-0.9983556514306646,-0.0129959860498783,0.9986129785577804,binance_booktickers,ethusdt,,,,,,,,,,,,,,,,,
2025-11-26,1300654,1764115201181000,1764201599953000,0.0,0.0,0.0,0.0,0.0,0,2887.285,3043.54,0.0357621194022545,0.0339807227351883,0.0343767242067606,0.0345833484643031,0.529433175605885,12.34656325567395,-0.0058045044076016,-0.998216003848621,-0.0178024222968043,0.9980728732069776,binance_booktickers,ethusdt,,,,,,,,,,,,,,,,,
2025-11-27,1199236,1764201600687000,1764287999805000,0.0,0.0,0.0,0.0,0.0,0,2984.585,3069.735,0.0340867408913664,0.0330326808820503,0.0333641952146344,0.0334673701499958,0.2985961006671815,14.635821920877984,-0.008806573183394,-0.9963938752224484,-0.0215096860387441,0.9966557125770752,binance_booktickers,ethusdt,,,,,,,,,,,,,,,,,
2025-11-28,1275153,1764288000373000,1764374399925000,0.0,0.0,0.0,0.0,0.0,0,2992.34,3097.445,0.0347199182143242,0.0329701669451599,0.033268404497949,0.0333859161520003,0.4870390783910053,29.27305252886648,-0.0006403882202493,-0.9973868115305584,0.0008198524265631,0.9974069997501536,binance_booktickers,ethusdt,,,,,,,,,,,,,,,,,
2025-11-29,1137431,1764374402387000,1764460799765000,0.0,0.0,0.0,0.0,0.0,0,2961.105,3051.405,0.0343592605776704,0.0333372782453199,0.0334827220775477,0.0336631763570662,0.2667173429615868,28.51117473108711,-0.0067357440660658,-0.995697890806003,-0.0248505550811272,0.995959297917768,binance_booktickers,ethusdt,,,,,,,,,,,,,,,,,
2025-11-30,1096924,1764460800553000,1764547199958000,0.0,0.0,0.0,0.0,0.0,0,2974.005,3051.995,0.033859801124024,0.0332363386191905,0.033408781498946,0.033494722069901,0.1995569834964559,11.840660431026258,0.0227556699524358,-0.9960436932775392,0.038665449672771,0.9963597375179156,binance_booktickers,ethusdt,,,,,,,,,,,,,,,,,
2025-12-01,1453969,1764547200683000,1764633599948000,0.0,0.0,0.0,0.0,0.0,0,2718.085,2998.5150000000003,0.0399125263216151,0.0354826977502844,0.0365122745130212,0.0723175608732411,0.9805794548315132,36.80713471138222,-0.0116976555915555,-0.9981025388030816,-0.0237468063615297,0.9977545025300296,binance_booktickers,ethusdt,,,,,,,,,,,,,,,,,
2025-12-02,1323714,1764633600679000,1764719999958000,0.0,0.0,0.0,0.0,0.0,0,2780.605,3032.855,0.0372827522740576,0.0354009243172968,0.0357726078417787,0.035909414909099,0.6638982111271757,24.0027488625254,0.0058044566059662,-0.9968399205516748,0.0051603391079985,0.9970095055003736,binance_booktickers,ethusdt,,,,,,,,,,,,,,,,,
2025-12-03,1385981,1764720000846000,1764806399949000,0.0,0.0,0.0,0.0,0.0,0,2983.795,3215.645,0.0355882364507005,0.0325666598826567,0.033070259418868,0.033487992043984,0.7589970019619025,29.537322562139963,-0.0086129395420617,-0.9971655422218852,-0.0205640357616041,0.9969447734593796,binance_booktickers,ethusdt,,,,,,,,,,,,,,,,,
2025-12-04,1334437,1764806400439000,1764892799753000,0.0,0.0,0.0,0.0,0.0,0,3064.88,3239.2650000000003,0.0334821973493186,0.0314191232500515,0.0319427075604181,0.0325380491804919,0.5297526211071292,25.7918552036185,0.0027245685493805,-0.9977185423821172,0.0031084949782216,0.9973419403835202,binance_booktickers,ethusdt,,,,,,,,,,,,,,,,,
2025-12-05,1296912,1764892800572000,1764979199985000,0.0,0.0,0.0,0.0,0.0,0,2979.0,3191.785,0.0347422807967414,0.0320033283453912,0.033138863437124,0.0334285489844182,0.6350023311271611,26.909240794140104,-0.0024844822819177,-0.998158548936562,-0.0048219662672927,0.997504450903115,binance_booktickers,ethusdt,,,,,,,,,,,,,,,,,
2025-12-06,1067209,1764979203451000,1765065599963000,0.0,0.0,0.0,0.0,0.0,0,3011.005,3068.09,0.033669548441207,0.0329485491922285,0.0330882048828868,0.0331863730107292,0.1980792911400632,17.640937546455095,0.0318790740187477,-0.9951345808059672,0.0694406570314881,0.9957443833725108,binance_booktickers,ethusdt,,,,,,,,,,,,,,,,,
2025-12-07,1188587,1765065600444000,1765151999992000,0.0,0.0,0.0,0.0,0.0,0,2908.245,3149.29,0.0376857561949265,0.0328754333385283,0.0332440729965493,0.0341034459834437,1.0288947955077834,119.05371062102404,0.0205262333981307,-0.9967320699122748,0.0338128546918305,0.9967020816674766,binance_booktickers,ethusdt,,,,,,,,,,,,,,,,,
2025-12-08,1314503,1765152000450000,1765238399961000,0.0,0.0,0.0,0.0,0.0,0,3038.975,3179.445,0.0343826964465368,0.0319920659683383,0.0322868623135265,0.0328450910540269,0.607392607391328,22.372819625645853,0.0215816215487322,-0.9977633556997764,0.0433529247131262,0.9980148296948392,binance_booktickers,ethusdt,,,,,,,,,,,,,,,,,
2025-12-09,1313566,1765238400456000,1765324799996000,0.0,0.0,0.0,0.0,0.0,0,3089.605,3396.975,0.034417843117151,0.0320058890828345,0.0322144710617842,0.0600272523725225,0.7780708511317042,16.79730364030508,0.0181127514313958,-0.997835066229882,0.0277438639329769,0.9977784092376843,binance_booktickers,ethusdt,,,,,,,,,,,,,,,,,
2025-12-10,1356817,1765324800815000,1765411199980000,0.0,0.0,0.0,0.0,0.0,0,3286.705,3445.94,0.0347245307297217,0.0300844621280794,0.0302342702436376,0.0605021069858207,1.0383707666005486,23.269785912108365,0.0144606665609065,-0.9981618192060244,0.0231853213375898,0.998241850979289,binance_booktickers,ethusdt,,,,,,,,,,,,,,,,,
2025-12-11,1370705,1765411200554000,1765497599977000,0.0,0.0,0.0,0.0,0.0,0,3143.69,3326.145,0.0336453080303855,0.0312566908860749,0.0314725205561769,0.0317361079147109,0.6313191097146527,11.02676370628309,-0.0054345304668315,-0.9979279816657772,-0.0090398398656938,0.9981740016841733,binance_booktickers,ethusdt,,,,,,,,,,,,,,,,,
2025-12-12,1285272,1765497600470000,1765583999829000,0.0,0.0,0.0,0.0,0.0,0,3042.86,3264.7650000000003,0.0337992903519719,0.0309312630014716,0.0325705845287061,0.0327882290264954,0.6097668604550291,23.089795656951324,0.0002348480455297,-0.9977204513506324,-0.0037539643157644,0.9975238095238096,binance_booktickers,ethusdt,,,,,,,,,,,,,,,,,
2025-12-13,1025039,1765584000540000,1765670399974000,0.0,0.0,0.0,0.0,0.0,0,3077.005,3134.295,0.0325814281493298,0.0322016078269816,0.0324013096616437,0.0324584167101237,0.0961928474211502,8.453564505394013,0.0185790978187085,-0.9937936384794414,0.0276957189870397,0.9939043698543384,binance_booktickers,ethusdt,,,,,,,,,,,,,,,,,
2025-12-14,1075567,1765670400321000,1765756799947000,0.0,0.0,0.0,0.0,0.0,0,3023.45,3128.5950000000003,0.0340601812874847,0.03231941928391,0.0325295815889668,0.0327684597013926,0.4541237681888658,23.33082180010821,0.0016516870554712,-0.9968588763615516,-0.0031201415321931,0.9959493670886076,binance_booktickers,ethusdt,,,,,,,,,,,,,,,,,
2025-12-15,1362374,1765756800807000,1765843199951000,0.0,0.0,0.0,0.0,0.0,0,2893.155,3176.865,0.0355989819650668,0.032162562456378,0.0340851959464642,0.0648497916699852,0.6921840880063825,13.50117142516727,-0.0150402768591641,-0.9986746040660452,-0.0252931012602622,0.9985316054447138,binance_booktickers,ethusdt,,,,,,,,,,,,,,,,,
2025-12-16,1350348,1765843200610000,1765929599948000,0.0,0.0,0.0,0.0,0.0,0,2874.385,2981.535,0.0368130021916792,0.0340045260016068,0.0342250674669113,0.0345770107820231,0.6890350408763771,25.914025184542027,0.0126906375009074,-0.9988234035725746,0.0182171678163368,0.9989733853672256,binance_booktickers,ethusdt,,,,,,,,,,,,,,,,,
2025-12-17,1299385,1765929600213000,1766015999961000,0.0,0.0,0.0,0.0,0.0,0,2789.525,3028.925,0.0388122857393737,0.0341923009187933,0.035498820552462,0.101565978106438,0.9304789103367744,19.36114964006176,-0.0012550492233002,-0.9991209757169542,-0.0113056875637436,0.9990637626884794,binance_booktickers,ethusdt,,,,,,,,,,,,,,,,,
2025-12-18,1326902,1766016000773000,1766102399984000,0.0,0.0,0.0,0.0,0.0,0,2773.85,2996.655,0.0398983581804206,0.0352644747436309,0.0355972597237235,0.1066247749763927,1.0052416170020295,21.241410771818902,0.0013830379957038,-0.9992327926348092,0.0055554978660657,0.9991920280096956,binance_booktickers,ethusdt,,,,,,,,,,,,,,,,,
2025-12-19,1322376,1766102400429000,1766188799893000,0.0,0.0,0.0,0.0,0.0,0,2807.42,3017.965,0.0377168243759303,0.0338281832735314,0.0353619918710499,0.0677018276107747,0.895137909256163,14.86211822509699,-0.011515529181001,-0.9990160579345088,-0.025130406813319,0.9989354582009244,binance_booktickers,ethusdt,,,,,,,,,,,,,,,,,
2025-12-20,902580,1766188800185000,1766275199987000,0.0,0.0,0.0,0.0,0.0,0,2965.54,2992.965,0.0339485231473499,0.0335755811520731,0.0336244651615849,0.0336685032827246,0.1008008628545303,4.53154712053717,0.0334073387842734,-0.9933987369908228,0.0673014675522614,0.9942650979577126,binance_booktickers,ethusdt,,,,,,,,,,,,,,,,,
2025-12-21,1013167,1766275200694000,1766361599980000,0.0,0.0,0.0,0.0,0.0,0,2943.085,3011.8450000000003,0.0347260870710712,0.0335782869357413,0.0337261872031497,0.0339212450461185,0.3684727974961513,12.01628575935853,0.0080036102337833,-0.9965991624533064,0.0075410746803016,0.9967025972264252,binance_booktickers,ethusdt,,,,,,,,,,,,,,,,,
2025-12-22,1302130,1766361600479000,1766447999956000,0.0,0.0,0.0,0.0,0.0,0,2962.33,3076.16,0.0354450827627676,0.0330032458699516,0.0334711788054413,0.0336910764137812,0.6547609304161753,12.860684103310357,-0.0066188195392597,-0.9989947161299024,-0.0117840158242498,0.9989967246009028,binance_booktickers,ethusdt,,,,,,,,,,,,,,,,,
2025-12-23,1247904,1766448000201000,1766534399727000,0.0,0.0,0.0,0.0,0.0,0,2899.87,3034.995,0.0359041576432472,0.0337604594130686,0.0340864739750232,0.0343693988627794,0.6022423490137981,17.845950128803214,-0.0199500903936599,-0.9986222099751998,-0.0329132800209753,0.9978696620509344,binance_booktickers,ethusdt,,,,,,,,,,,,,,,,,
2025-12-24,1100783,1766534400708000,1766620799843000,0.0,0.0,0.0,0.0,0.0,0,2887.035,2976.475,0.0352429309046964,0.034071608299906,0.0342212024311367,0.0344417254623139,0.3735074557185767,7.290833418278317,-0.0097410510202923,-0.9976807481633574,-0.0097891646650654,0.9973519358009478,binance_booktickers,ethusdt,,,,,,,,,,,,,,,,,
2025-12-25,954383,1766620802678000,1766707199973000,0.0,0.0,0.0,0.0,0.0,0,2889.075,2969.975,0.0351182668147282,0.0340014042571918,0.0342385433561588,0.0345337852646532,0.3407015726781496,12.8680644917107,0.0164422077477434,-0.9949590422180214,0.0302828618968385,0.9958849907676076,binance_booktickers,ethusdt,,,,,,,,,,,,,,,,,
2025-12-26,1088100,1766707200847000,1766793599949000,0.0,0.0,0.0,0.0,0.0,0,2892.735,2993.83,0.035640544647525,0.033815142759817,0.0343308151687901,0.0345182886514689,0.5141802338837608,7.874704698574293,0.0104864782732914,-0.9973909802459934,0.0179738803217,0.9970861268695204,binance_booktickers,ethusdt,,,,,,,,,,,,,,,,,
2025-12-27,798605,1766793600466000,1766879999997000,0.0,0.0,0.0,0.0,0.0,0,2916.215,2959.77,0.0345295800624058,0.0341488651485843,0.0341965102468758,0.0342539070870247,0.0683830820254447,5.145147313691447,0.0214553588970995,-0.9905069631014696,0.0370022884228646,0.9903473335904672,binance_booktickers,ethusdt,,,,,,,,,,,,,,,,,
2025-12-28,828192,1766880000587000,1766966399919000,0.0,0.0,0.0,0.0,0.0,0,2923.735,2959.72,0.0345427282646882,0.0339982830859001,0.0340879844975287,0.0341339450128208,0.1362940953989281,5.185890284302727,-0.0050308105678843,-0.9935016324306952,-0.0115254132263411,0.9922502960502184,binance_booktickers,ethusdt,,,,,,,,,,,,,,,,,
2025-12-29,1160985,1766966402065000,1767052799951000,0.0,0.0,0.0,0.0,0.0,0,2908.585,3055.995,0.0360724317088701,0.0338081690670924,0.0341443177887398,0.0343232737545998,0.63711247214747,22.204210626689942,0.00870655482232,-0.9979200151271628,0.0178443469598196,0.9975878184833408,binance_booktickers,ethusdt,,,,,,,,,,,,,,,,,
2025-12-30,1061906,1767052801203000,1767139199983000,0.0,0.0,0.0,0.0,0.0,0,2917.7200000000003,3008.635,0.0351406493963482,0.0336639696208377,0.0340688224273815,0.034202358253348,0.4352520695402537,7.747196738021561,0.0186505097367002,-0.9977631599457548,0.0291524690356427,0.9978208556149732,binance_booktickers,ethusdt,,,,,,,,,,,,,,,,,
2025-12-31,1073001,1767139200155000,1767225599967000,0.0,0.0,0.0,0.0,0.0,0,2958.04,3027.08,0.0345915701561364,0.0335981426954052,0.0336882389312011,0.0337442824523439,0.2691762869162895,16.472240224670923,-0.0118817329039234,-0.9967278388293676,-0.028012206880784,0.9975273993926788,binance_booktickers,ethusdt,,,,,,,,,,,,,,,,,
2026-01-01,881091,1767225601829000,1767311999984000,0.0,0.0,0.0,0.0,0.0,0,2970.005,3008.5550000000003,0.0338527095845323,0.033516725684766,0.0335826847684667,0.0336251435365363,0.0999531885906769,14.206582383170083,0.0266598280413434,-0.9952118918755936,0.0292047476472564,0.996143502709012,binance_booktickers,ethusdt,,,,,,,,,,,,,,,,,
2026-01-02,1198898,1767312000671000,1767398399861000,0.0,0.0,0.0,0.0,0.0,0,2990.995,3148.645,0.034897519269677,0.0327780190596429,0.0332999778562415,0.0334038711753595,0.6099410764819708,12.038204263341516,-0.0170533109133559,-0.9987004932218908,-0.0339011757291687,0.9985837271844816,binance_booktickers,ethusdt,,,,,,,,,,,,,,,,,
2026-01-03,991001,1767398400825000,1767484799717000,0.0,0.0,0.0,0.0,0.0,0,3074.525,3134.995,0.0326272614063955,0.0321686667527613,0.0323125267595165,0.0324222150525435,0.1297605917081802,6.627374272918958,-0.0127232886370306,-0.9949004991859636,-0.0156406688892972,0.9949050426517028,binance_booktickers,ethusdt,,,,,,,,,,,,,,,,,
2026-01-04,1044759,1767484802203000,1767571199965000,0.0,0.0,0.0,0.0,0.0,0,3115.98,3165.725,0.0328737249702454,0.0318522564941759,0.0319322015489146,0.0320118315721923,0.2882181234748562,10.67024663467669,0.0153161793730857,-0.9961554336930244,0.008009520498489,0.9967933147583768,binance_booktickers,ethusdt,,,,,,,,,,,,,,,,,
2026-01-05,1281854,1767571202207000,1767657599917000,0.0,0.0,0.0,0.0,0.0,0,3133.545,3264.4700000000003,0.0334075902254478,0.0314912525165873,0.0317185926467366,0.0318195196850449,0.564977071346674,13.497182855439464,0.0081696202146961,-0.9973828703631006,0.0074321014207023,0.9976115659390984,binance_booktickers,ethusdt,,,,,,,,,,,,,,,,,
2026-01-06,1242260,1767657600416000,1767743999963000,0.0,0.0,0.0,0.0,0.0,0,3181.665,3307.995,0.0328537952597282,0.0309482066294719,0.0310941889617604,0.0313015987298383,0.5536008660786945,11.459501633589197,-0.0278619444908921,-0.9977307404701908,-0.036636349029825,0.9975273899620228,binance_booktickers,ethusdt,,,,,,,,,,,,,,,,,
2026-01-07,1241089,1767744000733000,1767830399985000,0.0,0.0,0.0,0.0,0.0,0,3123.585,3295.785,0.033256530272655,0.0311516289972392,0.031801811113837,0.0319346489351176,0.5423434661173241,14.896403717788262,-0.0209174502313047,-0.9975787071874166,-0.0245263333852103,0.996834743117778,binance_booktickers,ethusdt,,,,,,,,,,,,,,,,,
2026-01-08,1255039,1767830400754000,1767916799819000,0.0,0.0,0.0,0.0,0.0,0,3052.725,3183.58,0.0341067649118031,0.0320738468241712,0.0323293455092705,0.0326292485313201,0.5808887598019695,22.40020837403174,0.0001290151415706,-0.9973066754791804,-0.0016012669364772,0.9973192189314488,binance_booktickers,ethusdt,,,,,,,,,,,,,,,,,
2026-01-09,1156701,1767916801167000,1768003199953000,0.0,0.0,0.0,0.0,0.0,0,3057.13,3147.8500000000004,0.0343010796255729,0.0322834226246044,0.0324854099894699,0.0326237131991246,0.5836594800885746,15.439679977541298,0.0086368181164684,-0.9975395994590176,0.0144448740027413,0.9974870014867626,binance_booktickers,ethusdt,,,,,,,,,,,,,,,,,
2026-01-10,880770,1768003200166000,1768089599789000,0.0,0.0,0.0,0.0,0.0,0,3077.085,3102.495,0.0325267635576965,0.0323655494625483,0.0324376750627856,0.032473911272241,0.0324913207566522,3.1709258456342115,0.0511816371481694,-0.9923706503685128,0.0749267786304823,0.9933149615385368,binance_booktickers,ethusdt,,,,,,,,,,,,,,,,,
2026-01-11,950649,1768089600168000,1768175999957000,0.0,0.0,0.0,0.0,0.0,0,3083.235,3146.915,0.032890052741211,0.0321915526139171,0.0323415788195591,0.0324125468976112,0.2229842620898522,8.20463788152362,0.0468678528987511,-0.9936957394171226,0.0589180162488552,0.9950986807959452,binance_booktickers,ethusdt,,,,,,,,,,,,,,,,,
2026-01-12,1210028,1768176001355000,1768262399861000,0.0,0.0,0.0,0.0,0.0,0,3063.91,3170.565,0.0337255812532482,0.0320857845542828,0.0322914497091937,0.0325117082796536,0.4835925120538366,14.599860461510575,0.0211995262922724,-0.997482996547328,0.0264345861484665,0.9976450192779094,binance_booktickers,ethusdt,,,,,,,,,,,,,,,,,
2026-01-13,1212396,1768262400251000,1768348799980000,0.0,0.0,0.0,0.0,0.0,0,3090.335,3381.235,0.0356275230991133,0.0318502274894966,0.0321971495855857,0.032339486997953,0.9558829197596276,38.56419325111639,0.0157641211205513,-0.997198665058611,0.0186858345623505,0.996303223355446,binance_booktickers,ethusdt,,,,,,,,,,,,,,,,,
2026-01-14,1348941,1768348800405000,1768435199996000,0.0,0.0,0.0,0.0,0.0,0,3280.005,3402.225,0.0320746382954281,0.0299924269114954,0.0303214528833981,0.0304466369412647,0.6018458612559262,14.58698746227774,0.0203636331886205,-0.996058159201266,0.0273864877039479,0.9963589009878088,binance_booktickers,ethusdt,,,,,,,,,,,,,,,,,
2026-01-15,1347531,1768435200200000,1768521599969000,0.0,0.0,0.0,0.0,0.0,0,3271.555,3383.065,0.0316585043030152,0.0301074686098577,0.0303882555476595,0.0304960332277566,0.4549859636832962,15.270439483248328,-0.0078957096293541,-0.996446268693182,-0.0181384334934199,0.9965256166101538,binance_booktickers,ethusdt,,,,,,,,,,,,,,,,,
2026-01-16,1092608,1768521600462000,1768607999879000,0.0,0.0,0.0,0.0,0.0,0,3251.425,3325.225,0.0312639945730508,0.0303269702301916,0.0305438173961198,0.0306807286679755,0.2745899075995526,6.89280769066471,-0.0024741512350279,-0.9954284249428552,-0.0034319923618816,0.9956019137618496,binance_booktickers,ethusdt,,,,,,,,,,,,,,,,,
2026-01-17,932889,1768608000555000,1768694399932000,0.0,0.0,0.0,0.0,0.0,0,3282.395,3328.355,0.0305596243453518,0.0302979347405619,0.0304092322435727,0.030445061126736,0.0603434750599868,4.49495825571557,0.0066830306841643,-0.9911218927882992,0.0189265119030016,0.9911050740513538,binance_booktickers,ethusdt,,,,,,,,,,,,,,,,,
2026-01-18,889316,1768694400454000,1768780799959000,0.0,0.0,0.0,0.0,0.0,0,3277.425,3367.975,0.0311828979855804,0.0301216160253572,0.0302709705939263,0.0304414466390916,0.3042991382245638,15.034745296379931,0.0141959545541484,-0.9943201987930425,0.0127305130850764,0.9947952437136915,binance_booktickers,ethusdt,,,,,,,,,,,,,,,,,
2026-01-19,1106657,1768780800510000,1768867199967000,0.0,0.0,0.0,0.0,0.0,0,3165.005,3283.195,0.0349910884348235,0.0311405700910963,0.0312904331057899,0.0315652081969109,1.0394438364042138,8.374110250785343,-0.0066711274002428,-0.9948846291356122,-0.0041179210262984,0.9941006430299096,binance_booktickers,ethusdt,,,,,,,,,,,,,,,,,
2026-01-20,1274251,1768867200153000,1768953599968000,0.0,0.0,0.0,0.0,0.0,0,2910.105,3199.555,0.0353270103580933,0.0323312269531327,0.0334584120295154,0.0340865901657401,0.6659186180850781,51.06953563664978,-0.0169815277007222,-0.9965872185831454,-0.027328315379877,0.9957676373282468,binance_booktickers,ethusdt,,,,,,,,,,,,,,,,,
2026-01-21,1294246,1768953601738000,1769039999952000,0.0,0.0,0.0,0.0,0.0,0,2864.405,3067.645,0.0364836159171629,0.0336883524197957,0.0343849985135993,0.0348288250329333,0.7341286393601557,9.861071031041869,0.0077766593257256,-0.9988338074159706,0.0163498508749864,0.9986808563737812,binance_booktickers,ethusdt,,,,,,,,,,,,,,,,,
2026-01-22,1170560,1769040001269000,1769126399891000,0.0,0.0,0.0,0.0,0.0,0,2904.485,3037.215,0.0349535279463359,0.0334733075484594,0.034015514476895,0.0343329367871015,0.4382453331089601,14.577826483276748,0.0100336613978006,-0.9960561697042128,0.0111136760874583,0.9960851505183363,binance_booktickers,ethusdt,,,,,,,,,,,,,,,,,
2026-01-23,1174879,1769126401195000,1769212799877000,0.0,0.0,0.0,0.0,0.0,0,2890.655,3018.335,0.0355853707144063,0.0339069829743486,0.0341851708154984,0.0344803212194251,0.5121752595451232,10.499722216087497,0.0057363435251819,-0.9974492846040413,0.0074246190424726,0.997470930232558,binance_booktickers,ethusdt,,,,,,,,,,,,,,,,,
2026-01-24,812108,1769212801244000,1769299199997000,0.0,0.0,0.0,0.0,0.0,0,2942.005,2968.745,0.0340065369437118,0.0337986848923715,0.0338666770531868,0.0339046837617366,0.0339557997362255,4.347115486683045,0.0334310469430618,-0.991133764728114,0.0681390977443609,0.9916205612118204,binance_booktickers,ethusdt,,,,,,,,,,,,,,,,,
2026-01-25,1063863,1769299200476000,1769385599945000,0.0,0.0,0.0,0.0,0.0,0,2784.44,2959.26,0.0388720417447098,0.0341252088028144,0.0356738341336646,0.0358707719560996,1.152900855768197,26.26651546717934,-0.0043531345047188,-0.9969913501316284,-0.0158288117746566,0.9962934923188544,binance_booktickers,ethusdt,,,,,,,,,,,,,,,,,
2026-01-26,1237430,1769385600569000,1769471999949000,0.0,0.0,0.0,0.0,0.0,0,2810.715,2949.995,0.0367633231061841,0.0345050679326056,0.0349650960935885,0.0354824459477034,0.6463607339257895,13.121727023770466,-0.01249563581858,-0.9970514265891944,-0.0261862375558185,0.9961862870111488,binance_booktickers,ethusdt,,,,,,,,,,,,,,,,,
2026-01-27,1194235,1769472000442000,1769558399968000,0.0,0.0,0.0,0.0,0.0,0,2898.9,3034.195,0.035339712879828,0.0340624398576991,0.0343444924305203,0.0344473016559284,0.444603285618654,10.329427729449826,-0.0085273620131077,-0.9971461597597464,-0.0142071494042163,0.9959434871026438,binance_booktickers,ethusdt,,,,,,,,,,,,,,,,,
2026-01-28,1203983,1769558400396000,1769644799991000,0.0,0.0,0.0,0.0,0.0,0,2981.705,3044.385,0.0345047296042939,0.0332068705007215,0.03335840773721,0.0334590837237225,0.4307581177199281,6.652965509972802,-0.0045406094880914,-0.9963468254347932,-0.0128919218000737,0.9965308976692946,binance_booktickers,ethusdt,,,,,,,,,,,,,,,,,
2026-01-29,1265544,1769644800361000,1769731199968000,0.0,0.0,0.0,0.0,0.0,0,2752.775,3012.045,0.0375567174056748,0.0341317314165983,0.0357111609884787,0.0362169904758859,0.7834032461374655,11.75966146648406,-0.0046834919832988,-0.9971740267366432,-0.0005768635506654,0.9969853850283974,binance_booktickers,ethusdt,,,,,,,,,,,,,,,,,
2026-01-30,1349305,1769731200447000,1769817599995000,0.0,0.0,0.0,0.0,0.0,0,2634.635,2827.2650000000003,0.0420382966435448,0.0365799903785975,0.0370710188050834,0.1092106436700604,1.1804807507863613,40.99671877441381,-0.0035186350115712,-0.9992521826917684,-0.0083666554254789,0.9992365015866452,binance_booktickers,ethusdt,,,,,,,,,,,,,,,,,
2026-01-31,1249740,1769817600432000,1769903999957000,0.0,0.0,0.0,0.0,0.0,0,2226.035,2713.425,0.0605288688495983,0.0382455247963646,0.0419869042835608,0.457427055979205,3.5184130281814223,130.25981361197395,0.0136835855050818,-0.999319749927116,0.0219374581619967,0.999346183649748,binance_booktickers,ethusdt,,,,,,,,,,,,,,,,,
2026-02-01,1438247,1769904000868000,1769990399994000,0.0,0.0,0.0,0.0,0.0,0,2218.005,2474.76,0.0478283099110862,0.041756530200278,0.0434781663527613,0.1333626731223095,1.1989955082074877,16.050816201080092,0.0132405157887288,-0.9988721451173282,0.0127494826780588,0.9989287425881204,binance_booktickers,ethusdt,,,,,,,,,,,,,,,,,
2026-02-02,1446380,1769990400687000,1770076799865000,0.0,0.0,0.0,0.0,0.0,0,2156.645,2395.2200000000003,0.0532655503889559,0.0434946186272817,0.0452702748594619,0.3057736619679319,1.5999890286462446,19.89107681082599,-0.0049775702108792,-0.9993067266254448,-0.0067886319180761,0.9992462500942186,binance_booktickers,ethusdt,,,,,,,,,,,,,,,,,
2026-02-03,1430294,1770076803060000,1770163199952000,0.0,0.0,0.0,0.0,0.0,0,2106.835,2358.5950000000003,0.0509847559480155,0.0435945445776605,0.0455268710984872,0.1756481416425016,1.4456481473102314,22.33801678393345,0.0066944140676302,-0.9990691579817912,0.0083694182484125,0.9990255192155428,binance_booktickers,ethusdt,,,,,,,,,,,,,,,,,
2026-02-04,1423821,1770163200718000,1770249599961000,0.0,0.0,0.0,0.0,0.0,0,2074.825,2294.785,0.0524325410282992,0.0448270683779472,0.0471594673798602,0.1857191276770884,1.398960106319696,40.36043017299634,-0.0010061524715897,-0.9992423955452856,-0.0010826416456153,0.9992112173200072,binance_booktickers,ethusdt,,,,,,,,,,,,,,,,,
2026-02-05,1571770,1770249600709000,1770335999978000,0.0,0.0,0.0,0.0,0.0,0,1814.01,2172.995,0.0669955670077367,0.0482731487861392,0.0537144913640037,0.5900512003513485,2.170408036710102,19.91054277261209,0.0077995366593819,-0.9995413370026373,0.0138048006674607,0.9995611027293922,binance_booktickers,ethusdt,,,,,,,,,,,,,,,,,
2026-02-06,1572412,1770336001180000,1770422399929000,0.0,0.0,0.0,0.0,0.0,0,1740.115,2093.95,0.0651231484885064,0.0518055530371829,0.0530541975154236,0.4445975836129923,2.2173006169771163,24.86119167978863,0.0057329141650418,-0.9991305045748836,0.0129493060797862,0.9989859414611664,binance_booktickers,ethusdt,,,,,,,,,,,,,,,,,
2026-02-07,1358592,1770422400740000,1770508799952000,0.0,0.0,0.0,0.0,0.0,0,1993.635,2124.925,0.0707100114543779,0.0487045799340224,0.0497108073780328,0.3388279939696542,4.971172075659201,63.192990617973,0.0001825953735873,-0.9982783004365736,0.0139493198803105,0.9975206099299572,binance_booktickers,ethusdt,,,,,,,,,,,,,,,,,
2026-02-08,1193098,1770508801452000,1770595199967000,0.0,0.0,0.0,0.0,0.0,0,2065.38,2151.385,0.0498522513120854,0.0476250574465993,0.0480848986960026,0.0483078951997098,0.6732938013680977,11.513727545891268,0.0081721295356118,-0.9968845399772606,0.0206090904453399,0.9959251956742544,binance_booktickers,ethusdt,,,,,,,,,,,,,,,,,
2026-02-09,1330922,1770595201202000,1770681599924000,0.0,0.0,0.0,0.0,0.0,0,2008.035,2147.91,0.0512430487216848,0.0480719540997614,0.0492862124284593,0.0497125372532873,0.7870529785040181,128.4204573740272,0.0040043430398881,-0.9983277242417274,0.0115874687946435,0.9974739432932652,binance_booktickers,ethusdt,,,,,,,,,,,,,,,,,
2026-02-10,1309146,1770681602533000,1770767999871000,0.0,0.0,0.0,0.0,0.0,0,1986.41,2123.695,0.0516531595745559,0.0495354810266273,0.0498401377580954,0.050076993377272,0.696039535046088,29.07985150085913,0.0010104695056508,-0.9968773709720908,-0.0026647966339411,0.996161333662362,binance_booktickers,ethusdt,,,,,,,,,,,,,,,,,
2026-02-11,1348513,1770768001034000,1770854399978000,0.0,0.0,0.0,0.0,0.0,0,1901.455,2030.995,0.0543685169791437,0.0512558976316746,0.05180931065117,0.052397033279928,0.8857003675660317,27.10412246596716,-0.0171485654586463,-0.9987206863141656,-0.0405258126195028,0.9981690440706834,binance_booktickers,ethusdt,,,,,,,,,,,,,,,,,
2026-02-12,1285753,1770854400721000,1770940799950000,0.0,0.0,0.0,0.0,0.0,0,1895.225,2000.035,0.0528023469909658,0.0509412672658594,0.0522112781581474,0.052543499449559,0.5109470403399659,9.405544186991923,-0.0014225884190408,-0.99841245455011,-0.0099526950270435,0.998009004728614,binance_booktickers,ethusdt,,,,,,,,,,,,,,,,,
2026-02-13,1231414,1770940800437000,1771027199929000,0.0,0.0,0.0,0.0,0.0,0,1923.495,2072.115,0.0519535660201278,0.051005184676976,0.0516255598146172,0.051875964568669,0.5069348690087214,15.198527611079228,0.0059969387126837,-0.9972979583279952,0.0133378758197768,0.9961691809246944,binance_booktickers,ethusdt,,,,,,,,,,,,,,,,,
2026-02-14,1034861,1771027200968000,1771113599940000,0.0,0.0,0.0,0.0,0.0,0,2041.145,2106.67,0.0491845372945197,0.0481457854393581,0.0487594379975646,0.0489068105178541,0.2422075767360937,19.272256579893487,0.0100497437153249,-0.9958628607625004,0.0356938993935069,0.994756540541865,binance_booktickers,ethusdt,,,,,,,,,,,,,,,,,
2026-02-15,1219525,1771113601343000,1771199999954000,0.0,0.0,0.0,0.0,0.0,0,1927.855,2102.725,0.0527546708327105,0.0489906697269059,0.0512259654173041,0.051698956973496,0.8409576033690017,125.33736342993237,-0.0010549824490805,-0.9970378433358168,-0.0046632364529736,0.9959239732399982,binance_booktickers,ethusdt,,,,,,,,,,,,,,,,,
2026-02-16,1198199,1771200000837000,1771286399990000,0.0,0.0,0.0,0.0,0.0,0,1936.05,2022.995,0.052491053527108,0.0507152112668452,0.0510903967935202,0.0513994793232277,0.5587684742833278,29.31482184177477,0.0118910879683863,-0.997425640119632,0.0321380210616555,0.9969948281157904,binance_booktickers,ethusdt,,,,,,,,,,,,,,,,,
2026-02-17,1199333,1771286401303000,1771372799898000,0.0,0.0,0.0,0.0,0.0,0,1940.345,2014.775,0.052157183541196,0.0503627376176456,0.0509264799871202,0.0513730738307663,0.5560231204529431,9.295398777605724,0.0119823889141194,-0.9964801543316948,0.0185729230857421,0.9964859229229146,binance_booktickers,ethusdt,,,,,,,,,,,,,,,,,
2026-02-18,1174849,1771372800618000,1771459199908000,0.0,0.0,0.0,0.0,0.0,0,1922.005,2038.265,0.052217117961087,0.0504672001049258,0.0514470776773234,0.0517396152124346,0.5058041020708078,29.87768197313032,0.0055515515171374,-0.9956799987766368,0.0093385214007782,0.9943653630227977,binance_booktickers,ethusdt,,,,,,,,,,,,,,,,,
2026-02-19,1151634,1771459201282000,1771545599846000,0.0,0.0,0.0,0.0,0.0,0,1905.505,1986.805,0.0526588016506416,0.0513050727901919,0.052032520326339,0.0522445567701939,0.4183115898451057,17.23482448358936,0.0070656634807498,-0.9963858531967988,0.018925682449548,0.9967377750066804,binance_booktickers,ethusdt,,,,,,,,,,,,,,,,,
2026-02-20,1122414,1771545600743000,1771631999954000,0.0,0.0,0.0,0.0,0.0,0,1921.615,1980.51,0.0531989010796501,0.0510924850617882,0.0515244805687834,0.0518993878466731,0.6191854615248003,13.792821602623931,0.0068904254015466,-0.9972431662913056,0.0164981628683268,0.996979519088966,binance_booktickers,ethusdt,,,,,,,,,,,,,,,,,
2026-02-21,834098,1771632000519000,1771718399910000,0.0,0.0,0.0,0.0,0.0,0,1955.12,1995.58,0.0513027014105518,0.0506509918730022,0.0509872404430327,0.0511003175884273,0.1530093106164118,11.477862511245869,-0.0263042242694385,-0.9925658834662032,-0.0843690717603192,0.9924158696944244,binance_booktickers,ethusdt,,,,,,,,,,,,,,,,,
2026-02-22,865047,1771718400487000,1771804799884000,0.0,0.0,0.0,0.0,0.0,0,1933.815,1982.535,0.0516185463137779,0.0508619834647229,0.0514828343359147,0.0516234277439318,0.1539246949082876,12.830653410042482,0.0377223471988076,-0.9928693667997718,0.1082992288204013,0.9925029393457362,binance_booktickers,ethusdt,,,,,,,,,,,,,,,,,
2026-02-23,1283443,1771804800445000,1771891199930000,0.0,0.0,0.0,0.0,0.0,0,1836.265,1957.495,0.0558418756938847,0.0532837439289349,0.0538896178956153,0.0541698604313053,0.7971282127581092,17.783221986724076,0.0028084776710298,-0.996198744044485,-0.0020194734944103,0.995813290863218,binance_booktickers,ethusdt,,,,,,,,,,,,,,,,,
2026-02-24,1210432,1771891200439000,1771977599972000,0.0,0.0,0.0,0.0,0.0,0,1799.96,1868.935,0.0563590606159604,0.0545171551857585,0.0549500366790995,0.0552994882031863,0.5968772467687363,15.92228592985938,0.0023391283286133,-0.9975663178388902,-0.0011008969236357,0.9971209856964228,binance_booktickers,ethusdt,,,,,,,,,,,,,,,,,
2026-02-25,1324383,1771977600532000,1772063999968000,0.0,0.0,0.0,0.0,0.0,0,1845.705,2148.59,0.0542912133381646,0.0512225543150694,0.0529177525829996,0.0541296893225989,0.9542200381188536,22.920428554232423,0.0293019931032605,-0.997430097592575,0.04053695095342,0.9976586462292496,binance_booktickers,ethusdt,,,,,,,,,,,,,,,,,
2026-02-26,1247485,1772064000481000,1772150399991000,0.0,0.0,0.0,0.0,0.0,0,1974.61,2082.975,0.051287309428183,0.0487071894257582,0.0499476798053584,0.0504733134972752,0.6846166635700804,15.502998476769328,0.0082108212323846,-0.9980012719178706,0.0152410037742371,0.9971278614535072,binance_booktickers,ethusdt,,,,,,,,,,,,,,,,,
2026-02-27,1242072,1772150400695000,1772236799875000,0.0,0.0,0.0,0.0,0.0,0,1885.635,2063.0950000000003,0.0527412681838958,0.0510090872688505,0.0520913369501611,0.0524107641226878,0.6275888038163584,15.50343676683805,-0.0055066514132275,-0.997928547847308,-0.0100852695533416,0.9963218390804596,binance_booktickers,ethusdt,,,,,,,,,,,,,,,,,
2026-02-28,1208879,1772236800807000,1772323199829000,0.0,0.0,0.0,0.0,0.0,0,1834.12,1984.125,0.0570860326267943,0.0526095659973374,0.0538855524750491,0.0544565912896187,1.1193880678564323,26.689452918962026,0.0049148295659181,-0.9981875492513792,0.0130292369283028,0.9979732842008292,binance_booktickers,ethusdt,,,,,,,,,,,,,,,,,
2026-03-01,1234758,1772323201286000,1772409599995000,0.0,0.0,0.0,0.0,0.0,0,1906.055,2054.455,0.0561725844736654,0.0504165668838321,0.0518633194079849,0.0524528252402518,1.2178290168060868,141.15845879050704,0.0337891982147328,-0.9977916566026016,0.0663629845206462,0.9977069792868856,binance_booktickers,ethusdt,,,,,,,,,,,,,,,,,
2026-03-02,1363772,1772409600444000,1772495999935000,0.0,0.0,0.0,0.0,0.0,0,1917.005,2088.785,0.0535761733879204,0.050802295247653,0.0516968188362058,0.0520249407565513,0.8660015435207687,20.633811290227477,0.0009848868469967,-0.9985024613012276,0.0016761649346295,0.9982119276755572,binance_booktickers,ethusdt,,,,,,,,,,,,,,,,,
2026-03-03,1366774,1772496000452000,1772582399819000,0.0,0.0,0.0,0.0,0.0,0,1926.82,2040.725,0.0528408909233914,0.0504679641979802,0.0512813938282376,0.0516588963076334,0.7031395179481387,11.395953419040444,-0.0181116860576679,-0.9982590753755884,-0.0318872748171782,0.9978071825520524,binance_booktickers,ethusdt,,,,,,,,,,,,,,,,,
2026-03-04,1404888,1772582400713000,1772668799957000,0.0,0.0,0.0,0.0,0.0,0,1943.485,2198.245,0.0521636745299194,0.048320967193534,0.050916885821383,0.0513862731847973,0.936917354521436,50.79844316895135,-0.0021839965631846,-0.9977063159549772,-0.0128394427681838,0.997735604916972,binance_booktickers,ethusdt,,,,,,,,,,,,,,,,,
2026-03-05,1327223,1772668800851000,1772755199969000,0.0,0.0,0.0,0.0,0.0,0,2053.775,2162.715,0.0495123540284423,0.0472787531636035,0.0482393831158216,0.0485864973275885,0.6099205930288628,13.023760251576157,-0.0135694616027655,-0.9977374541834472,-0.0398414048830601,0.997100321223108,binance_booktickers,ethusdt,,,,,,,,,,,,,,,,,
2026-03-06,1249994,1772755200457000,1772841599877000,0.0,0.0,0.0,0.0,0.0,0,1954.735,2092.385,0.051123046283139,0.0487994124561392,0.0506653628779491,0.0510627433470008,0.529295291437818,33.468567314332624,0.0045692601073124,-0.9964127571324476,0.0142735900007715,0.9959864849414336,binance_booktickers,ethusdt,,,,,,,,,,,,,,,,,
2026-03-07,942822,1772841600539000,1772927999947000,0.0,0.0,0.0,0.0,0.0,0,1946.885,1995.455,0.051235222438953,0.0505736314142708,0.0508741449963543,0.0511735371404273,0.1531295859130994,10.826600753777148,0.0211097518986966,-0.9910081887991844,0.069609818648104,0.9914145276214016,binance_booktickers,ethusdt,,,,,,,,,,,,,,,,,
2026-03-08,1100624,1772928000718000,1773014399971000,0.0,0.0,0.0,0.0,0.0,0,1908.48,1979.025,0.0530811054269378,0.0513530237943768,0.05170617449278,0.0520688245722723,0.5631625159024293,8.722197993894842,0.0133283697214249,-0.9955223235510222,0.0420726991492652,0.9956447106010188,binance_booktickers,ethusdt,,,,,,,,,,,,,,,,,
2026-03-09,1344035,1773014401320000,1773100799949000,0.0,0.0,0.0,0.0,0.0,0,1928.235,2052.825,0.0522793103155958,0.0499586592094586,0.0511593999001926,0.0516354229327934,0.6475280616252911,13.381304045951351,0.0076887795731742,-0.9976125481659632,0.0260242893367143,0.997251088388851,binance_booktickers,ethusdt,,,,,,,,,,,,,,,,,
2026-03-10,1312948,1773100800572000,1773187199975000,0.0,0.0,0.0,0.0,0.0,0,1990.235,2087.395,0.0507085704761667,0.0489214053162446,0.0495448070859888,0.0501707058265292,0.5382091823374422,19.59120972073895,0.0063866342744647,-0.9967804827993124,0.0149972918962329,0.9967205251955992,binance_booktickers,ethusdt,,,,,,,,,,,,,,,,,
2026-03-11,1224019,1773187200437000,1773273599997000,0.0,0.0,0.0,0.0,0.0,0,2006.005,2084.885,0.0503292439641231,0.0490936092393726,0.0495585571521219,0.0497528527041466,0.4360517932637048,11.54851740331798,0.0001357515577771,-0.9952063527312688,-0.0082345963392598,0.9955091546083792,binance_booktickers,ethusdt,,,,,,,,,,,,,,,,,
2026-03-12,1231987,1773273600568000,1773359999961000,0.0,0.0,0.0,0.0,0.0,0,2016.285,2094.435,0.0492488480296523,0.048642272565824,0.0493509121281885,0.0494972318672628,0.1465469866285648,8.220225578284527,-0.0044493066136244,-0.9935091412926794,-0.0160410201381564,0.993280302608889,binance_booktickers,ethusdt,,,,,,,,,,,,,,,,,
2026-03-13,1331721,1773360000657000,1773446399973000,0.0,0.0,0.0,0.0,0.0,0,2069.375,2206.115,0.0480943929326694,0.047347251846015,0.0477617643206165,0.0481022461332457,0.2284539379755869,24.17750004649646,-0.0094188041420948,-0.9939616509069472,-0.015819328471268,0.992663139329806,binance_booktickers,ethusdt,,,,,,,,,,,,,,,,,
2026-03-14,897117,1773446400702000,1773532799915000,0.0,0.0,0.0,0.0,0.0,0,2060.205,2104.865,0.0482811853201552,0.0481376737479669,0.0482806068882824,0.048451842501295,0.0485207244154746,6.658169574067812,0.0085041006306172,-0.9902040334597172,0.0101326875936603,0.9926069327154656,binance_booktickers,ethusdt,,,,,,,,,,,,,,,,,
2026-03-15,1054869,1773532801110000,1773619199997000,0.0,0.0,0.0,0.0,0.0,0,2082.125,2202.66,0.0477803800570851,0.0474474460214772,0.0478289254981431,0.0479709487922763,0.0947889760420001,15.648597994796182,-0.0068214941673946,-0.9928109221487031,-0.0154826087945585,0.9928928729418742,binance_booktickers,ethusdt,,,,,,,,,,,,,,,,,
2026-03-16,1459917,1773619200436000,1773705599949000,0.0,0.0,0.0,0.0,0.0,0,2163.715,2384.985,0.0448034558497016,0.0439687030761099,0.0458569401028733,0.0461342923124965,0.2142727048722694,14.52229892649234,-0.0166967992100923,-0.99548963384597,-0.0168410587194005,0.9927184585597524,binance_booktickers,ethusdt,,,,,,,,,,,,,,,,,
2026-03-17,1359613,1773705601612000,1773791999961000,0.0,0.0,0.0,0.0,0.0,0,2293.505,2376.52,0.0436310799754277,0.0429849617120836,0.0432714047421923,0.043453416851749,0.1686909581644889,13.03415206798468,0.0045901999926243,-0.9928391648055586,0.0030231284419891,0.9933533601038124,binance_booktickers,ethusdt,,,,,,,,,,,,,,,,,
2026-03-18,1350018,1773792000443000,1773878399803000,0.0,0.0,0.0,0.0,0.0,0,2151.675,2349.12,0.0449253304663417,0.0445858310676903,0.0458409639447904,0.0460728642357929,0.1325120530763781,18.421481739374972,-0.0020607415091957,-0.9945233227675976,-0.003968337508684,0.9941911904933112,binance_booktickers,ethusdt,,,,,,,,,,,,,,,,,
2026-03-19,1342219,1773878400442000,1773964799761000,0.0,0.0,0.0,0.0,0.0,0,2098.155,2232.585,0.0468816886865885,0.0463506939846696,0.0472720482752475,0.0474713213868439,0.0949050237973484,40.62109752362265,0.0056161097138786,-0.994782057732804,-0.0004310647298828,0.994896630734781,binance_booktickers,ethusdt,,,,,,,,,,,,,,,,,
2026-03-20,1268842,1773964801586000,1774051199944000,0.0,0.0,0.0,0.0,0.0,0,2115.17,2175.635,0.0471117522231047,0.0467362881582784,0.0470405607223714,0.0471723701982113,0.0934304387025399,15.126458581489665,-0.0130686401390857,-0.9941881348287902,-0.0231704309864557,0.9935774722588236,binance_booktickers,ethusdt,,,,,,,,,,,,,,,,,
2026-03-21,826954,1774051200439000,1774137599968000,0.0,0.0,0.0,0.0,0.0,0,2068.785,2167.605,0.0467523199881371,0.046451888616563,0.0465745577152549,0.0476295941709165,0.0482917983634792,8.217913204061613,-0.0133946762494665,-0.9911927520459836,-0.0231239723775074,0.9915929725873424,binance_booktickers,ethusdt,,,,,,,,,,,,,,,,,
2026-03-22,1090432,1774137600525000,1774223999900000,0.0,0.0,0.0,0.0,0.0,0,2024.435,2126.375,0.048821391929185,0.0480606332960139,0.0486266615110906,0.0491464490461455,0.1903194035388162,32.58858023401787,0.0031238334807577,-0.9911260226347204,0.001069535175396,0.9906098955835148,binance_booktickers,ethusdt,,,,,,,,,,,,,,,,,
2026-03-23,1344041,1774224001401000,1774310399933000,0.0,0.0,0.0,0.0,0.0,0,2021.635,2198.615,0.0494196102132503,0.0470522915652569,0.0489702774900328,0.0492789261135973,0.5373179530134987,30.77760411524179,-0.0109113145564797,-0.9963947066791704,-0.0164015757797688,0.9959841169569534,binance_booktickers,ethusdt,,,,,,,,,,,,,,,,,
2026-03-24,1266914,1774310400983000,1774396799993000,0.0,0.0,0.0,0.0,0.0,0,2102.005,2174.495,0.047141846637905,0.0467083460797149,0.0472028755980652,0.0474672653859849,0.093913027145475,10.746960698505344,0.0059073152159361,-0.99534756256891,0.0073153771266978,0.995044006907576,binance_booktickers,ethusdt,,,,,,,,,,,,,,,,,
2026-03-25,1160373,1774396800433000,1774483199947000,0.0,0.0,0.0,0.0,0.0,0,2144.885,2198.675,0.0465226546736831,0.0461043017628822,0.0463375925292843,0.0465160631605259,0.0921412709966083,16.582637193608736,-0.0105696367252763,-0.9931232851846938,-0.0179484193226962,0.9926850881348692,binance_booktickers,ethusdt,,,,,,,,,,,,,,,,,
2026-03-26,1254926,1774483200441000,1774569599844000,0.0,0.0,0.0,0.0,0.0,0,2033.335,2171.315,0.0484222729409158,0.0481910292387674,0.0487416133949924,0.0490312647859462,0.0967534383752282,17.721579615392955,0.009559942552015,-0.9934205913287368,0.0119666136608457,0.9930345117845116,binance_booktickers,ethusdt,,,,,,,,,,,,,,,,,
2026-03-27,1262867,1774569601074000,1774655999911000,0.0,0.0,0.0,0.0,0.0,0,1966.495,2076.115,0.0501533678053442,0.0501900949847091,0.0504735682540986,0.0506489395389339,0.1002687201699645,32.26011427901155,0.0172514412892477,-0.9928613015251652,0.0193985297393628,0.9930321183020824,binance_booktickers,ethusdt,,,,,,,,,,,,,,,,,
2026-03-28,1010892,1774656000808000,1774742399872000,0.0,0.0,0.0,0.0,0.0,0,1981.525,2045.87,0.0502347951253216,0.0499641507218116,0.0502892891357076,0.0503977643551273,0.0504501413864753,40.97648380645534,0.007451510427623,-0.9863686958934336,0.0092351600950272,0.988061634342024,binance_booktickers,ethusdt,,,,,,,,,,,,,,,,,
2026-03-29,1020784,1774742400451000,1774828799972000,0.0,0.0,0.0,0.0,0.0,0,1936.655,2018.835,0.0504165250103801,0.0500459171289203,0.0503021904088356,0.051124352318315,0.0516071764939163,12.543307285739669,0.019341085404541,-0.9906822197413876,0.0315380809195752,0.9905815778763976,binance_booktickers,ethusdt,,,,,,,,,,,,,,,,,
2026-03-30,1316518,1774828800429000,1774915199988000,0.0,0.0,0.0,0.0,0.0,0,1978.705,2084.695,0.0494715841192943,0.0488919853812519,0.0496846268311438,0.0504292792394806,0.0990525622431898,41.76188038993799,-0.0083477948340786,-0.9917708519993934,-0.0156301306889079,0.9914068372885332,binance_booktickers,ethusdt,,,,,,,,,,,,,,,,,
2026-03-31,1355782,1774915201723000,1775001599947000,0.0,0.0,0.0,0.0,0.0,0,2011.255,2123.965,0.0489250906161807,0.0484614694981973,0.0493290022468911,0.0495452980273088,0.1428588435564487,16.295543648091197,0.0006230510922544,-0.9905879047552152,0.0018394322177366,0.9905008746655692,binance_booktickers,ethusdt,,,,,,,,,,,,,,,,,
2026-04-01,1309329,1775001600725000,1775087999751000,0.0,0.0,0.0,0.0,0.0,0,2081.2,2167.195,0.0473478214706343,0.0469160882292861,0.0476048795011878,0.0479134874060046,0.0933863767952681,4.797313504437515,0.0027532215174182,-0.991769426645748,0.0036066091111962,0.9918653267545496,binance_booktickers,ethusdt,,,,,,,,,,,,,,,,,
2026-04-02,1287232,1775088000941000,1775174399939000,0.0,0.0,0.0,0.0,0.0,0,2015.625,2158.295,0.0490307237576478,0.0486917737671293,0.0492013392604099,0.0494982118770509,0.0979738997530166,9.748739575273914,0.0067750998573494,-0.9926735763857322,0.0159030815826162,0.9932392224279292,binance_booktickers,ethusdt,,,,,,,,,,,,,,,,,
2026-04-03,997089,1775174400428000,1775260799959000,0.0,0.0,0.0,0.0,0.0,0,2039.335,2077.255,0.0488211197906257,0.0487014963523238,0.0488427921470114,0.0489451105057787,0.0489904297195097,12.215627729962687,-0.0150387927634223,-0.9922663413414492,-0.0314988683041327,0.9910811658723874,binance_booktickers,ethusdt,,,,,,,,,,,,,,,,,
2026-04-04,836051,1775260800458000,1775347199591000,0.0,0.0,0.0,0.0,0.0,0,2043.145,2083.105,0.0487293894933622,0.0487169181666047,0.0488063194433067,0.0488458936477913,0.0489072888977564,2.0953991369871394,0.0082965925169565,-0.9891004633169508,0.0112267067881357,0.9898091633308232,binance_booktickers,ethusdt,,,,,,,,,,,,,,,,,
2026-04-05,1055167,1775347200435000,1775433599959000,0.0,0.0,0.0,0.0,0.0,0,2020.855,2122.715,0.0488958686004005,0.0486737616797231,0.0491401698775225,0.0493984503705669,0.0494602648596733,5.462935896761665,0.0247251900980315,-0.9912522599054652,0.0233934958681083,0.99233292885713,binance_booktickers,ethusdt,,,,,,,,,,,,,,,,,
2026-04-06,1265367,1775433600701000,1775519999953000,0.0,0.0,0.0,0.0,0.0,0,2086.8050000000003,2173.935,0.0470715425214503,0.0467736692316642,0.0472100066318895,0.047801032981366,0.0479084373954974,11.02821620959335,-0.0077441648723993,-0.9914424500018976,-0.0218636690945471,0.9921505488514172,binance_booktickers,ethusdt,,,,,,,,,,,,,,,,,
2026-04-07,1321967,1775520000475000,1775606399984000,0.0,0.0,0.0,0.0,0.0,0,2059.2200000000003,2272.995,0.0479170107236446,0.0475415096795156,0.0481223848480104,0.0484086854874066,0.1354264239512706,11.897622175224384,-0.0099142095443902,-0.9934536939407856,-0.0174796439152745,0.9926796557041868,binance_booktickers,ethusdt,,,,,,,,,,,,,,,,,
2026-04-08,1273952,1775606400760000,1775692799976000,0.0,0.0,0.0,0.0,0.0,0,2178.435,2269.645,0.0451045089372737,0.0447354235203804,0.0454228526903434,0.0457882795729946,0.0458670360481123,9.162523045981036,-0.0066040014823062,-0.9918254988541724,-0.0138196013130327,0.9921379119062096,binance_booktickers,ethusdt,,,,,,,,,,,,,,,,,
2026-04-09,1261677,1775692800522000,1775779199972000,0.0,0.0,0.0,0.0,0.0,0,2156.215,2245.645,0.0459238855884349,0.0457897472186999,0.0459908616147094,0.0462576411830092,0.0463483308796381,6.849505262086222,-0.0011573316724092,-0.9921000233030856,0.0032567772533742,0.9917037106086471,binance_booktickers,ethusdt,,,,,,,,,,,,,,,,,
2026-04-10,1178687,1775779200434000,1775865599960000,0.0,0.0,0.0,0.0,0.0,0,2175.115,2257.11,0.0453517403194342,0.0450987775986176,0.0457558058387315,0.0459085180969922,0.0459576775757245,9.28057521545777,0.0031206016582004,-0.9920629887972944,0.0058669228441943,0.9923763422703366,binance_booktickers,ethusdt,,,,,,,,,,,,,,,,,
2026-04-11,1086051,1775865600862000,1775951999879000,0.0,0.0,0.0,0.0,0.0,0,2227.315,2329.0200000000004,0.0445145521021441,0.0445737081991922,0.0447873162330207,0.0448431498735121,0.0448765558150739,8.221726995391899,0.0175952838786827,-0.9873308395897998,0.0339194321831327,0.9885037603200592,binance_booktickers,ethusdt,,,,,,,,,,,,,,,,,
2026-04-12,1137155,1775952000486000,1776038399955000,0.0,0.0,0.0,0.0,0.0,0,2173.505,2287.495,0.0455367719112421,0.0453449960673113,0.0457455495308486,0.0458779783399215,0.0459517644317882,13.572520444464857,0.008834613135385,-0.9918040222187836,0.0145068194012049,0.9912214360938923,binance_booktickers,ethusdt,,,,,,,,,,,,,,,,,
2026-04-13,1258282,1776038401561000,1776124799968000,0.0,0.0,0.0,0.0,0.0,0,2174.5950000000003,2395.385,0.0453740677534659,0.0453960464593048,0.0457815715429238,0.0458826093449949,0.0870458383383898,16.352171408724306,-0.0139261343189099,-0.9922997036399098,-0.0250915920076352,0.9919188807294336,binance_booktickers,ethusdt,,,,,,,,,,,,,,,,,
2026-04-14,1322106,1776124800741000,1776211199980000,0.0,0.0,0.0,0.0,0.0,0,2301.965,2416.375,0.0427043346644035,0.0422810633696666,0.0431600959026751,0.0433006341387321,0.0434322793052497,9.174694524374736,-0.0434385554406197,-0.9920431170570696,-0.0685781544719852,0.987519715365147,binance_booktickers,ethusdt,,,,,,,,,,,,,,,,,
2026-04-15,1243465,1776211200890000,1776297599964000,0.0,0.0,0.0,0.0,0.0,0,2307.155,2384.665,0.0429952807573517,0.0428620719963579,0.0431500391596024,0.0432618575353212,0.0433040093026464,8.926272422967674,0.002628482431945,-0.9907515456370634,0.007947337365393,0.9913531023357726,binance_booktickers,ethusdt,,,,,,,,,,,,,,,,,
2026-04-16,1229308,1776297601320000,1776383999820000,0.0,0.0,0.0,0.0,0.0,0,2283.215,2368.445,0.0429746635420309,0.0427062981103041,0.0431163645995827,0.0436017676146281,0.0437635803869938,5.008636687621915,-0.0141297350680915,-0.9937419679275856,-0.014832429473252,0.991823852107913,binance_booktickers,ethusdt,,,,,,,,,,,,,,,,,
2026-04-17,1238457,1776384001547000,1776470399961000,0.0,0.0,0.0,0.0,0.0,0,2316.0550000000003,2463.655,0.0423228379064112,0.0421940038110395,0.042960770373472,0.0431128327511733,0.0834728024740579,12.042329613406652,-0.011033131728118,-0.994334039072274,-0.021180614189564,0.994048477229082,binance_booktickers,ethusdt,,,,,,,,,,,,,,,,,
2026-04-18,1183959,1776470401354000,1776556799949000,0.0,0.0,0.0,0.0,0.0,0,2337.5550000000003,2426.615,0.0422712075820934,0.0423718938743526,0.0425764726659621,0.0426494703991927,0.0427322121815158,4.545637993037798,0.02451120183896,-0.9887063753712476,0.038890592578727,0.992144902224018,binance_booktickers,ethusdt,,,,,,,,,,,,,,,,,
2026-04-19,1232176,1776556800433000,1776643199957000,0.0,0.0,0.0,0.0,0.0,0,2251.065,2353.985,0.0434454069862607,0.0430691971245433,0.043904420076453,0.0442817826949606,0.0443962005721051,6.319087593963754,0.0116456483720876,-0.9920499342969776,0.0140423462363086,0.9927809331705504,binance_booktickers,ethusdt,,,,,,,,,,,,,,,,,
2026-04-20,1237512,1776643200445000,1776729599973000,0.0,0.0,0.0,0.0,0.0,0,2258.6,2345.875,0.0437225415535632,0.0433691779578908,0.0439441645434905,0.0441420225442944,0.0442641418409823,7.8550866001724815,-0.0031562626754632,-0.9935873693288296,-0.0049194155059611,0.992259171851534,binance_booktickers,ethusdt,,,,,,,,,,,,,,,,,
2026-04-21,1295999,1776729600536000,1776815999981000,0.0,0.0,0.0,0.0,0.0,0,2285.335,2337.905,0.0435667842661397,0.0432347365176507,0.0434509623291607,0.0436464896209238,0.0863024988887768,15.668332056415098,-0.0099797176807996,-0.9941456643212442,-0.0210234958915398,0.994184073243804,binance_booktickers,ethusdt,,,,,,,,,,,,,,,,,
2026-04-22,1349610,1776816001959000,1776902399977000,0.0,0.0,0.0,0.0,0.0,0,2311.645,2422.545,0.0423012845093313,0.0418127499608571,0.0424060335294479,0.0431517149560112,0.0826040087724706,21.075168800371227,-0.0204676352516375,-0.9935758017675974,-0.0324636165205279,0.9903083588283468,binance_booktickers,ethusdt,,,,,,,,,,,,,,,,,
2026-04-23,1285978,1776902400941000,1776988799965000,0.0,0.0,0.0,0.0,0.0,0,2283.505,2381.675,0.0430931666425652,0.0429211259937561,0.0432639163804467,0.0436000566790426,0.0437712427321934,15.918565780245569,0.0367383925150264,-0.9940680928805836,0.0561804359970336,0.995555956717036,binance_booktickers,ethusdt,,,,,,,,,,,,,,,,,
2026-04-24,1133015,1776988800424000,1777075199885000,0.0,0.0,0.0,0.0,0.0,0,2298.455,2336.445,0.0433050488217168,0.0432082095607595,0.0433516927741985,0.0434473754516399,0.0434897005526161,8.965942350714592,-0.0025205383181359,-0.9926266719478382,-0.0136485232297865,0.9951478513333464,binance_booktickers,ethusdt,,,,,,,,,,,,,,,,,
2026-04-25,868538,1777075202278000,1777161599877000,0.0,0.0,0.0,0.0,0.0,0,2299.415,2322.135,0.0432642611684732,0.0431966375746741,0.0433137627305149,0.0433727519350255,0.0434254894604959,2.866549109197516,0.0196832569485366,-0.990908034062176,0.023863120547666,0.992761725416348,binance_booktickers,ethusdt,,,,,,,,,,,,,,,,,
2026-04-26,1029957,1777161601751000,1777247999765000,0.0,0.0,0.0,0.0,0.0,0,2305.075,2379.135,0.0429129594234143,0.0428563775656218,0.0432046626481359,0.0433278379181993,0.0433686137015254,8.3044629035395,-0.0104526368749841,-0.9917297290814676,-0.0161192244430045,0.991420326027611,binance_booktickers,ethusdt,,,,,,,,,,,,,,,,,
2026-04-27,1189839,1777248000450000,1777334399989000,0.0,0.0,0.0,0.0,0.0,0,2263.885,2403.575,0.0432691991207841,0.0431761218765358,0.0438332146193338,0.0440194125619002,0.0441242981468391,7.54521832386027,-0.0055276521773418,-0.9929474888898796,-0.0063424947145876,0.9935029764218452,binance_booktickers,ethusdt,,,,,,,,,,,,,,,,,
2026-04-28,1162314,1777334400431000,1777420799857000,0.0,0.0,0.0,0.0,0.0,0,2256.565,2309.585,0.0439031413763059,0.0437635803869938,0.0440155374836912,0.0441673678225864,0.0442386854021784,13.073889264157932,-0.0097377237414049,-0.9939319789100606,-0.0262606678553499,0.993597237076332,binance_booktickers,ethusdt,,,,,,,,,,,,,,,,,
2025-11-01,445,1761955325274000,1762041468527000,,,,,,0,,,,,,,,,,,,,binance_liquidations,btcusdt,0.0,0.0,219.0,226.0,1486014.58161,1887012.06577,3373026.64738,7579.835162651685,881.288,13839.1125,178067.6525,372087.7633000001,372087.7633000001,0.008,1.607,108946.8,110977.6
2025-11-02,666,1762041906546000,1762127836061000,,,,,,0,,,,,,,,,,,,,binance_liquidations,btcusdt,0.0,0.0,292.0,374.0,2679955.13985,1885154.60615,4565109.746,6854.519138138138,880.7376,11135.52,105036.3312,309524.55415999994,313756.0497,0.008,0.944,109009.0,111640.2
2025-11-03,2124,1762128372292000,1762214181205000,,,,,,0,,,,,,,,,,,,,binance_liquidations,btcusdt,0.0,0.0,521.0,1603.0,4168209.73424,24392770.64387,28560980.37811,13446.789255230697,1056.446,16461.8539,122526.8887,652264.2,11754417.7938,0.01,1.153,103527.0,111136.3
2025-11-04,4097,1762214451216000,1762300430170000,,,,,,0,,,,,,,,,,,,,binance_liquidations,btcusdt,0.0,0.0,1048.0,3049.0,12135447.80665,42314458.95759,54449906.76424,13290.189593419576,1042.7910000000002,17040.4245,184473.476,1666337.676,6003019.2,0.01,1.826,98523.5,147311.2
2025-11-05,1921,1762300807256000,1762386990132000,,,,,,0,,,,,,,,,,,,,binance_liquidations,btcusdt,0.0,0.0,901.0,1020.0,9351936.77605,10129357.47703,19481294.25308,10141.225535179594,923.6835,14032.7182,179771.508,685380.8784,1784057.4,0.009,1.779,98531.8,104910.3
2025-11-06,1815,1762387215614000,1762471942122000,,,,,,0,,,,,,,,,,,,,binance_liquidations,btcusdt,0.0,0.0,575.0,1240.0,3546602.12057,12489158.767,16035760.88757,8835.129965603306,818.6216,13468.1624,153628.3481,456813.0784,1603510.248,0.008,1.5,99875.4,104581.8
2025-11-07,2201,1762473730947000,1762559956400000,,,,,,0,,,,,,,,,,,,,binance_liquidations,btcusdt,0.0,0.0,916.0,1285.0,10021807.34122,11976490.3905,21998297.73172,9994.683203870967,917.37,13626.738,171294.8108,783902.5278,2501246.295,0.009,1.669,98829.3,104477.6
2025-11-08,887,1762560129288000,1762645522153000,,,,,,0,,,,,,,,,,,,,binance_liquidations,btcusdt,0.0,0.0,235.0,652.0,2475638.1737,7135504.33129,9611142.50499,10835.560884994364,808.81176,12745.4875,132550.8345,788711.2999999999,1719652.77,0.008,1.281,100859.4,103782.2
2025-11-09,1109,1762646564066000,1762732397742000,,,,,,0,,,,,,,,,,,,,binance_liquidations,btcusdt,0.0,0.0,657.0,452.0,8358120.06911,5709320.47648,14067440.54559,12684.797606483318,1114.564,15651.48,181473.6777,1242716.0508,1475890.7795,0.011,1.757,101029.5,105857.6
2025-11-10,1315,1762732879061000,1762818869911000,,,,,,0,,,,,,,,,,,,,binance_liquidations,btcusdt,0.0,0.0,681.0,634.0,6207724.53982,6001272.80874,12208997.34856,9284.40863008365,960.0975,16921.682,143954.1048,795856.053,1061270.0,0.009,1.364,103807.1,107058.0
2025-11-11,1584,1762819867338000,1762905511564000,,,,,,0,,,,,,,,,,,,,binance_liquidations,btcusdt,0.0,0.0,416.0,1168.0,4061520.85791,13015096.31113,17076617.169040002,10780.692657222224,1135.7588,17353.149,161550.521,739076.8345,1030675.0,0.011,1.51,85790.1,107895.3
2025-11-12,1292,1762905740509000,1762991591380000,,,,,,0,,,,,,,,,,,,,binance_liquidations,btcusdt,0.0,0.0,515.0,777.0,4551785.92875,18292198.80098,22843984.72973,17681.102731989162,1051.752,17447.86188,176744.93850000002,783225.0480000001,10140075.355,0.01,1.74,100362.0,105707.0
2025-11-13,2604,1762992511624000,1763077969282000,,,,,,0,,,,,,,,,,,,,binance_liquidations,btcusdt,0.0,0.0,821.0,1783.0,13297681.72274,18557674.98347,31855356.70621,12233.239902538402,1188.738,18336.4736,182887.397,793025.7725,2125424.136,0.012,1.834,97590.4,104424.2
2025-11-14,3166,1763078414777000,1763164700112000,,,,,,0,,,,,,,,,,,,,binance_liquidations,btcusdt,0.0,0.0,991.0,2175.0,10042045.99433,20134516.15672,30176562.15105,9531.447299763107,1053.3644,16792.559100000002,148849.8272,479930.0,2426550.3639,0.011,1.55,93636.9,100216.1
2025-11-15,1068,1763164840328000,1763250939205000,,,,,,0,,,,,,,,,,,,,binance_liquidations,btcusdt,0.0,0.0,451.0,617.0,4215059.9203,3672423.23298,7887483.15328,7385.283851385768,960.375,11278.5582,116580.789,300667.1248,597496.929,0.01,1.235,94233.0,97170.9
2025-11-16,1624,1763251629145000,1763337149661000,,,,,,0,,,,,,,,,,,,,binance_liquidations,btcusdt,0.0,0.0,499.0,1125.0,7135456.44527,12712677.98711,19848134.43238,12221.757655406404,1124.4936,15856.2659,234120.656,1164285.3348,1480270.4,0.012,2.5,92516.9,96984.7
2025-11-17,2233,1763337919626000,1763423917156000,,,,,,0,,,,,,,,,,,,,binance_liquidations,btcusdt,0.0,0.0,701.0,1532.0,6926307.62928,13627428.30693,20553735.93621,9204.539156386028,1196.9021999999998,17071.630400000002,159987.2088,369452.4,813288.4031000001,0.013,1.691,90898.4,96357.9
2025-11-18,2242,1763424176159000,1763510312975000,,,,,,0,,,,,,,,,,,,,binance_liquidations,btcusdt,0.0,0.0,1025.0,1217.0,10467742.50941,8669438.25747,19137180.76688,8535.763053916146,1074.7236,14985.9105,130947.8352,663928.5048,1150615.0435,0.012,1.456,88951.2,94154.6
2025-11-19,2467,1763510535691000,1763596576326000,,,,,,0,,,,,,,,,,,,,binance_liquidations,btcusdt,0.0,0.0,789.0,1678.0,6891832.51574,13373143.69748,20264976.21322,8214.42084038103,1080.3576,15030.4056,135188.5374,429090.2843,899894.0,0.012,1.493,88236.2,93182.6
2025-11-20,3020,1763597120055000,1763683138403000,,,,,,0,,,,,,,,,,,,,binance_liquidations,btcusdt,0.0,0.0,982.0,2038.0,9167830.6021,19902879.38377,29070709.98587,9626.062909228476,1152.3473,17358.44,161325.059,558275.7136,916775.1033,0.013,1.834,85727.7,93501.9
2025-11-21,4150,1763683307414000,1763769352440000,,,,,,0,,,,,,,,,,,,,binance_liquidations,btcusdt,0.0,0.0,1663.0,2487.0,19068499.99856,39541154.35019,58609654.34875,14122.808276807227,1203.7018,16113.5893,136972.8064,786313.76,16341302.2311,0.014,1.616,80299.3,87797.6
2025-11-22,1194,1763769672244000,1763855852178000,,,,,,0,,,,,,,,,,,,,binance_liquidations,btcusdt,0.0,0.0,541.0,653.0,4119223.63211,3977395.71734,8096619.34945,6781.088232370184,843.667,10162.5722,114778.5579,306617.1498,680508.0,0.01,1.36,83141.5,88128.7
2025-11-23,1576,1763856201501000,1763942002756000,,,,,,0,,,,,,,,,,,,,binance_liquidations,btcusdt,0.0,0.0,894.0,682.0,6268187.63051,4466084.73945,10734272.36996,6811.086529162437,945.8526,12590.149399999998,112766.676,286359.1586,571164.4199999999,0.011,1.32,84537.7,96291.9
2025-11-24,1992,1763942412273000,1764028472165000,,,,,,0,,,,,,,,,,,,,binance_liquidations,btcusdt,0.0,0.0,1074.0,918.0,14008287.33639,5870634.66542,19878922.00181,9979.37851496486,1058.22,15419.974499999998,142717.9104,302781.56580000004,4236584.0955,0.012,1.638,84906.9,89634.7
2025-11-25,1605,1764028867204000,1764114757312000,,,,,,0,,,,,,,,,,,,,binance_liquidations,btcusdt,0.0,0.0,619.0,986.0,5777359.15597,11444024.40464,17221383.56061,10729.833994149532,1220.2526,15200.368199999995,192891.8258,391431.3876,2284519.9936,0.014,2.234,85744.2,88827.7
2025-11-26,1352,1764115384474000,1764201487169000,,,,,,0,,,,,,,,,,,,,binance_liquidations,btcusdt,0.0,0.0,784.0,568.0,8303148.15026,4060460.2944,12363608.44466,9144.680802263314,1117.5631999999998,15600.1475,148688.9377,609303.7694,1264116.0106,0.013,1.717,85916.6,90954.4
2025-11-27,942,1764202113936000,1764287416575000,,,,,,0,,,,,,,,,,,,,binance_liquidations,btcusdt,0.0,0.0,505.0,437.0,6085759.83871,3699041.84157,9784801.68028,10387.262930233546,1266.3336,17221.6341,199706.2062,328007.4743,670421.626,0.014,2.202,89675.2,92263.0
2025-11-28,1258,1764288213599000,1764374334054000,,,,,,0,,,,,,,,,,,,,binance_liquidations,btcusdt,0.0,0.0,577.0,681.0,11010703.91699,7891514.13328,18902218.05027,15025.61053280604,1104.8964,14524.64,174553.7304,2333372.5552,5868236.4328,0.012,1.887,89696.8,93390.8
2025-11-29,484,1764374445090000,1764458664324000,,,,,,0,,,,,,,,,,,,,binance_liquidations,btcusdt,0.0,0.0,192.0,292.0,1012764.85983,2672675.89765,3685440.75748,7614.547019586777,903.054,13641.929999999998,136282.71,435866.6856,435866.6856,0.01,1.514,89755.33,91488.7
2025-11-30,758,1764462446607000,1764547149732000,,,,,,0,,,,,,,,,,,,,binance_liquidations,btcusdt,0.0,0.0,312.0,446.0,2673209.71324,2852116.86039,5525326.57363,7289.349041728232,1006.7178,14446.9516,103291.5786,254569.2072,302176.6032,0.011,1.127,89941.0,92297.2
2025-12-01,2922,1764547206091000,1764633376660000,,,,,,0,,,,,,,,,,,,,binance_liquidations,btcusdt,0.0,0.0,963.0,1959.0,8276695.890959999,21396996.29249,29673692.18345,10155.267687696782,1203.111,18577.2418,150367.6704,355836.2346,2369839.1167,0.014,1.706,83473.8,91711.0
2025-12-02,1645,1764634020555000,1764719995636000,,,,,,0,,,,,,,,,,,,,binance_liquidations,btcusdt,0.0,0.0,1094.0,551.0,10130635.57448,3964433.2114,14095068.78588,8568.43087287538,1314.8325,15412.8576,142759.7526,346780.6488,436647.7464,0.015,1.583,85802.3,92619.0
2025-12-03,1767,1764720215292000,1764806329511000,,,,,,0,,,,,,,,,,,,,binance_liquidations,btcusdt,0.0,0.0,1126.0,641.0,12169296.45291,5384289.58183,17553586.03474,9934.117733299378,1209.1911,16686.218399999998,100826.424,517316.3325,3031221.2247,0.013,1.072,90612.3,94431.0
2025-12-04,1289,1764806500333000,1764892763785000,,,,,,0,,,,,,,,,,,,,binance_liquidations,btcusdt,0.0,0.0,541.0,748.0,6320706.11943,7427940.11789,13748646.23732,10666.133620884406,1097.8092,17804.121,175485.33,694842.6035999999,804234.7848000001,0.012,1.9,88340.0,177134.7
2025-12-05,1516,1764892953066000,1764977795932000,,,,,,0,,,,,,,,,,,,,binance_liquidations,btcusdt,0.0,0.0,535.0,981.0,6888292.7165,18839951.56851,25728244.28501,16971.137391167544,1078.2804,15197.814600000002,228272.9036,1579617.0,5609470.0732,0.012,2.543,87714.7,93061.2
2025-12-06,565,1764979547457000,1765064998325000,,,,,,0,,,,,,,,,,,,,binance_liquidations,btcusdt,0.0,0.0,205.0,360.0,1563830.10443,2460688.23325,4024518.33768,7123.041305628319,974.1259,12752.551399999998,119955.36,247708.86520000003,296417.8584,0.011,1.33,88525.2,92807.0
2025-12-07,1175,1765065708295000,1765151962356000,,,,,,0,,,,,,,,,,,,,binance_liquidations,btcusdt,0.0,0.0,523.0,652.0,4746384.00058,4702647.38751,9449031.38809,8041.728840927659,1150.6807,15630.1694,118553.9376,265239.70550000004,271294.5,0.013,1.321,87351.9,92080.9
2025-12-08,1114,1765152074323000,1765238182393000,,,,,,0,,,,,,,,,,,,,binance_liquidations,btcusdt,0.0,0.0,570.0,544.0,4602678.34588,4123708.24776,8726386.59364,7833.381143303411,1086.8928,15332.24829,144752.76320000002,298017.27670000005,302409.7098,0.012,1.583,89216.0,92618.2
2025-12-09,1398,1765238863094000,1765324577385000,,,,,,0,,,,,,,,,,,,,binance_liquidations,btcusdt,0.0,0.0,784.0,614.0,8466253.01682,6244451.33981,14710704.35663,10522.678366688126,1223.6691999999998,17695.0215,167390.79200000002,508285.7676,1157722.6031999998,0.013,1.823,89153.2,94923.68
2025-12-10,1163,1765324924573000,1765411142521000,,,,,,0,,,,,,,,,,,,,binance_liquidations,btcusdt,0.0,0.0,572.0,591.0,3799231.65214,5604684.92423,9403916.57637,8085.912791375753,1120.3884,15126.555600000002,96913.5534,458658.0,1133376.6132,0.012,1.062,91178.6,94814.1
2025-12-11,1631,1765411207742000,1765497274168000,,,,,,0,,,,,,,,,,,,,binance_liquidations,btcusdt,0.0,0.0,647.0,984.0,8475794.21538,11816190.18985,20291984.40523,12441.437403574497,1111.7892000000002,20315.4784,229626.75,782162.966,1274821.8,0.012,2.503,88883.0,93900.7
2025-12-12,999,1765498830114000,1765583158301000,,,,,,0,,,,,,,,,,,,,binance_liquidations,btcusdt,0.0,0.0,331.0,668.0,2162666.93173,6555222.4205,8717889.35223,8726.615968198197,1103.3436000000002,14834.736,147530.3688,489389.9925,740677.0308,0.012,1.637,89087.2,93079.7
2025-12-13,348,1765584064362000,1765670065170000,,,,,,0,,,,,,,,,,,,,binance_liquidations,btcusdt,0.0,0.0,95.0,253.0,427381.01504,1876090.52691,2303471.54195,6619.171097557472,989.7349,13405.2924,109031.8894,298006.02900000004,298006.02900000004,0.011,1.214,89365.3,90955.4
2025-12-14,909,1765670401290000,1765756648152000,,,,,,0,,,,,,,,,,,,,binance_liquidations,btcusdt,0.0,0.0,197.0,712.0,1223191.81979,6495949.65069,7719141.47048,8491.904808008801,978.3202,13389.222,132554.25,709488.0,743711.9975999999,0.011,1.5,87195.4,90799.8
2025-12-15,1842,1765756873187000,1765842513422000,,,,,,0,,,,,,,,,,,,,binance_liquidations,btcusdt,0.0,0.0,585.0,1257.0,5607829.94565,28007626.362850003,33615456.3085,18249.4333922367,1235.7688,17794.34,173093.781,384037.0191,11484194.9,0.014,2.0,84816.3,90323.5
2025-12-16,1199,1765843286498000,1765929571995000,,,,,,0,,,,,,,,,,,,,binance_liquidations,btcusdt,0.0,0.0,538.0,661.0,9071942.02235,4752380.45557,13824322.47792,11529.876962402,1049.9808,14911.68,166513.15,598330.208,3030236.325,0.012,1.9,84899.6,88477.3
2025-12-17,1642,1765930437582000,1766015987261000,,,,,,0,,,,,,,,,,,,,binance_liquidations,btcusdt,0.0,0.0,628.0,1014.0,6541508.3213,7731165.63217,14272673.95347,8692.249667155907,1119.5586999999998,16211.88,153284.8518,304315.13656,591244.2454,0.013,1.75,84944.3,90687.6
2025-12-18,1554,1766016065145000,1766101711237000,,,,,,0,,,,,,,,,,,,,binance_liquidations,btcusdt,0.0,0.0,706.0,848.0,8155309.39574,9288775.19009,17444084.58583,11225.27965626126,1235.3166,18961.1386,192863.428,356818.8,1150987.2271999998,0.014,2.26,84086.1,89823.8
2025-12-19,1239,1766102661489000,1766187472162000,,,,,,0,,,,,,,,,,,,,binance_liquidations,btcusdt,0.0,0.0,817.0,422.0,6478445.74839,4114804.69534,10593250.44373,8549.83893763519,1297.386,15584.345,141329.43,369260.1316,408206.754,0.015,1.65,84764.1,89721.1
2025-12-20,252,1766188933187000,1766274941305000,,,,,,0,,,,,,,,,,,,,binance_liquidations,btcusdt,0.0,0.0,143.0,109.0,758723.80025,490237.15571,1248960.95596,4956.194269682539,796.266,9206.2672,88450.8,111685.6174,111685.6174,0.009,1.0,87470.3,88875.0
2025-12-21,640,1766275796319000,1766361096127000,,,,,,0,,,,,,,,,,,,,binance_liquidations,btcusdt,0.0,0.0,351.0,289.0,2557548.02584,1760404.77356,4317952.7994,6746.8012490625,975.4316,9963.577200000002,142236.6372,297724.2901,301337.733,0.011,1.596,87238.1,93078.2
2025-12-22,1040,1766361604461000,1766447385666000,,,,,,0,,,,,,,,,,,,,binance_liquidations,btcusdt,0.0,0.0,526.0,514.0,3953872.93154,5676649.01632,9630521.94786,9260.117257557691,1271.4435999999998,20752.6784,132005.09999999998,353568.8,774356.0859999999,0.014,1.5,87529.3,90910.2
2025-12-23,885,1766448768384000,1766532686337000,,,,,,0,,,,,,,,,,,,,binance_liquidations,btcusdt,0.0,0.0,325.0,560.0,2454568.58636,5772342.65797,8226911.24433,9295.944908847458,969.0164,13251.225,162637.9299,607161.1680000001,797942.2871999999,0.011,1.851,86226.3,89256.4
2025-12-24,617,1766534590047000,1766618891397000,,,,,,0,,,,,,,,,,,,,binance_liquidations,btcusdt,0.0,0.0,252.0,365.0,4352710.699680001,2542945.73705,6895656.43673,11176.10443554295,950.28604,14398.1262,173298.84279999998,950983.5159,1502051.9352000002,0.011,1.964,86047.9,88343.9
2025-12-25,483,1766620888063000,1766706715222000,,,,,,0,,,,,,,,,,,,,binance_liquidations,btcusdt,0.0,0.0,157.0,326.0,1392718.65484,2186671.03407,3579389.68891,7410.744697536232,1051.0164,14092.336,66211.8171,494332.9135,494332.9135,0.012,0.753,86563.7,88904.0
2025-12-26,824,1766707259432000,1766792648072000,,,,,,0,,,,,,,,,,,,,binance_liquidations,btcusdt,0.0,0.0,384.0,440.0,3697861.40308,4259722.62806,7957584.03114,9657.262173713592,1136.681,17022.3452,227164.5978,433197.0,527164.6625,0.013,2.562,86280.8,89871.6
2025-12-27,198,1766794450591000,1766879461841000,,,,,,0,,,,,,,,,,,,,binance_liquidations,btcusdt,0.0,0.0,94.0,104.0,888550.36358,3747964.31962,4636514.6832,23416.740824242424,1320.5234999999998,20306.286,194065.52,2391792.165,2391792.165,0.015,2.2,86870.9,88300.5
2025-12-28,248,1766881770075000,1766965882618000,,,,,,0,,,,,,,,,,,,,binance_liquidations,btcusdt,0.0,0.0,107.0,141.0,808434.7791,1218232.01251,2026666.79161,8172.043514556452,971.9853,17105.606,155736.64260000002,232827.0588,232827.0588,0.011,1.782,87069.6,88404.7
2025-12-29,1141,1766966412188000,1767050965337000,,,,,,0,,,,,,,,,,,,,binance_liquidations,btcusdt,0.0,0.0,494.0,647.0,8076475.25511,9932245.37866,18008720.63377,15783.278381919368,1155.2502,19755.18,172124.50139999998,2913880.7379000005,3889086.0288,0.013,1.926,86419.4,90733.4
2025-12-30,638,1767054570124000,1767137818521000,,,,,,0,,,,,,,,,,,,,binance_liquidations,btcusdt,0.0,0.0,329.0,309.0,5428431.88451,2483784.60884,7912216.49335,12401.59324976489,1138.4386,16997.5428,264798.768,623098.7000000001,793908.9,0.013,3.016,86454.6,89707.4
2025-12-31,722,1767139620100000,1767224234505000,,,,,,0,,,,,,,,,,,,,binance_liquidations,btcusdt,0.0,0.0,220.0,502.0,3424287.91279,5117417.713509999,8541705.6263,11830.617210941828,960.2978,13524.110599999998,174834.4,1341340.5,1469020.1108999995,0.011,2.0,86876.94,89503.0
2026-01-01,442,1767225612878000,1767311542412000,,,,,,0,,,,,,,,,,,,,binance_liquidations,btcusdt,0.0,0.0,234.0,208.0,2050983.96014,964490.04037,3015474.00051,6822.339367669683,970.1142,11406.655,86472.738,563669.8308,563669.8308,0.011,0.99,86374.3,90741.1
2026-01-02,1070,1767312467487000,1767397630225000,,,,,,0,,,,,,,,,,,,,binance_liquidations,btcusdt,0.0,0.0,665.0,405.0,23327214.182680003,5074441.75863,28401655.941310003,26543.60368346729,1359.0555,19663.1778,303009.168,1583495.7303000002,12196879.2495,0.015,3.383,88021.4,91288.49
2026-01-03,425,1767398884262000,1767483207749000,,,,,,0,,,,,,,,,,,,,binance_liquidations,btcusdt,0.0,0.0,251.0,174.0,1858759.4615,1468867.24776,3327626.70926,7829.709904141177,905.256,10199.6496,126888.3,655118.79,655118.79,0.01,1.4,88915.3,91079.2
2026-01-04,556,1767484951305000,1767571180222000,,,,,,0,,,,,,,,,,,,,binance_liquidations,btcusdt,0.0,0.0,351.0,205.0,3737552.90464,1512508.2324400002,5250061.13708,9442.556001942448,1000.0331,14581.4448,178686.0711,297182.76,323879.2095,0.011,1.959,90513.4,92119.7
2026-01-05,1278,1767571264277000,1767657540568000,,,,,,0,,,,,,,,,,,,,binance_liquidations,btcusdt,0.0,0.0,859.0,419.0,11552845.49936,4741667.42419,16294512.92355,12750.010112323944,1284.5798,22505.014,187339.8,794309.8685999999,1807003.7035,0.014,2.0,91320.7,95131.9
2026-01-06,1281,1767657647216000,1767743858520000,,,,,,0,,,,,,,,,,,,,binance_liquidations,btcusdt,0.0,0.0,605.0,676.0,6784487.81657,7818806.7183,14603294.53487,11399.917669687744,1207.1943,16098.384600000005,235306.0,780416.9961,781645.9552,0.013,2.5,90879.5,94782.4
2026-01-07,964,1767744138576000,1767830283359000,,,,,,0,,,,,,,,,,,,,binance_liquidations,btcusdt,0.0,0.0,259.0,705.0,3668360.18946,7454030.089029999,11122390.27849,11537.749251545643,1282.5442,20269.3686,183775.2,780571.1555999999,785784.0875999999,0.014,2.0,90287.59,93994.2
2026-01-08,1192,1767830412496000,1767916418365000,,,,,,0,,,,,,,,,,,,,binance_liquidations,btcusdt,0.0,0.0,412.0,780.0,3811312.18667,8829542.26781,12640854.45448,10604.743669865771,1265.117,22406.1,157424.477,344633.3069,903256.0,0.014,1.745,88926.3,91968.3
2026-01-09,910,1767917280361000,1768001247254000,,,,,,0,,,,,,,,,,,,,binance_liquidations,btcusdt,0.0,0.0,372.0,538.0,4783289.22798,3597189.08464,8380478.31262,9209.316827054943,1093.458,16006.936,90711.6015,811679.5079999999,818750.8996799999,0.012,1.005,89302.6,92372.8
2026-01-10,166,1768003582169000,1768086004517000,,,,,,0,,,,,,,,,,,,,binance_liquidations,btcusdt,0.0,0.0,34.0,132.0,280855.98275,706407.86205,987263.8448,5947.372559036145,900.44,7856.2827,44368.6689,273687.6478,273687.6478,0.01,0.493,89997.3,91158.3
2026-01-11,337,1768089822480000,1768175994692000,,,,,,0,,,,,,,,,,,,,binance_liquidations,btcusdt,0.0,0.0,162.0,175.0,1578624.26007,1924548.51969,3503172.77976,10395.171453293768,990.8536,20112.9669,125170.65,721268.46,721268.46,0.011,1.375,89852.5,91609.2
2026-01-12,992,1768177041415000,1768260770627000,,,,,,0,,,,,,,,,,,,,binance_liquidations,btcusdt,0.0,0.0,451.0,541.0,4701413.03209,4387231.1480600005,9088644.18015,9161.939697731856,1193.2596,18019.3505,139984.8628,271145.2934,937177.6206,0.013,1.516,89742.6,92851.9
2026-01-13,1073,1768262516481000,1768348608515000,,,,,,0,,,,,,,,,,,,,binance_liquidations,btcusdt,0.0,0.0,816.0,257.0,17670838.2559,13498586.52722,31169424.78312,29048.85813897484,1467.6176,24641.54304,296752.526,4824051.4665,8997274.9178,0.016,3.221,90656.9,97722.1
2026-01-14,1403,1768348909625000,1768434754179000,,,,,,0,,,,,,,,,,,,,binance_liquidations,btcusdt,0.0,0.0,921.0,482.0,18733589.41338,5160198.27099,23893787.68437,17030.497280377764,1347.7114,17030.754599999997,194002.0,2272555.648,7139906.38695,0.014,2.0,94159.1,98640.2
2026-01-15,1042,1768435359647000,1768520428425000,,,,,,0,,,,,,,,,,,,,binance_liquidations,btcusdt,0.0,0.0,424.0,618.0,4318194.93191,5654164.334199999,9972359.26611,9570.402366708253,1236.8837,14965.6276,182025.7965,390023.9872,636879.2198999999,0.013,1.899,94718.0,103763.2
2026-01-16,635,1768523091620000,1768605979060000,,,,,,0,,,,,,,,,,,,,binance_liquidations,btcusdt,0.0,0.0,290.0,345.0,1769465.85408,2930087.23041,4699553.08449,7400.870999196851,960.69,11934.7125,124489.233,172350.6796,521069.28,0.01,1.299,93875.8,96195.8
2026-01-17,275,1768608892489000,1768690923293000,,,,,,0,,,,,,,,,,,,,binance_liquidations,btcusdt,0.0,0.0,121.0,154.0,954898.51998,826729.68566,1781628.20564,6478.648020509091,949.852,12901.8304,97325.68976999998,302792.5138,302792.5138,0.01,1.017,94610.61,95994.25
2026-01-18,495,1768694736447000,1768780774550000,,,,,,0,,,,,,,,,,,,,binance_liquidations,btcusdt,0.0,0.0,135.0,360.0,912513.86267,6912825.32209,7825339.18476,15808.766029818182,957.329,15224.2092,193158.5045,2802876.0,2802876.0,0.01,2.015,93186.6,95879.2
2026-01-19,787,1768780806098000,1768865507287000,,,,,,0,,,,,,,,,,,,,binance_liquidations,btcusdt,0.0,0.0,241.0,546.0,2171752.00358,8832710.89904,11004462.90262,13982.799113875477,1205.1104,18389.214000000004,290380.40400000004,1103389.2000000002,1915690.395,0.013,3.156,91543.6,98867.0
2026-01-20,1450,1768867504093000,1768953115119000,,,,,,0,,,,,,,,,,,,,binance_liquidations,btcusdt,0.0,0.0,312.0,1138.0,2794513.88387,21638785.41145,24433299.29532,16850.551238151726,1183.2678,16651.5584,180891.2,2951002.4946000003,6221742.21372,0.013,2.0,87522.1,99258.4
2026-01-21,1538,1768953628707000,1769039470098000,,,,,,0,,,,,,,,,,,,,binance_liquidations,btcusdt,0.0,0.0,630.0,908.0,8355913.85467,10937324.1738,19293238.02847,12544.368028914176,1319.6745,18341.379,194373.5549,791498.8956,1552395.3804000004,0.015,2.179,86884.2,92755.9
2026-01-22,776,1769040290632000,1769126353510000,,,,,,0,,,,,,,,,,,,,binance_liquidations,btcusdt,0.0,0.0,291.0,485.0,1447635.58112,6317148.63561,7764784.21673,10006.165227744848,976.7208,12447.834000000004,89015.6,297333.1712,3094553.0,0.011,1.0,88128.3,90690.6
2026-01-23,845,1769126450456000,1769212020309000,,,,,,0,,,,,,,,,,,,,binance_liquidations,btcusdt,0.0,0.0,379.0,466.0,5188500.04469,4181081.41388,9369581.45857,11088.262081147928,1162.1532,18682.552,134427.75,638623.2773000001,1007535.6564,0.013,1.5,88171.1,91553.6
2026-01-24,210,1769214592243000,1769299138278000,,,,,,0,,,,,,,,,,,,,binance_liquidations,btcusdt,0.0,0.0,62.0,148.0,232862.2682,646397.93262,879260.20082,4186.953337238096,889.378,8895.1797,68514.76,171512.8038,171512.8038,0.01,0.76,88769.9,90244.0
2026-01-25,1123,1769299217495000,1769385527145000,,,,,,0,,,,,,,,,,,,,binance_liquidations,btcusdt,0.0,0.0,196.0,927.0,1807126.06484,9500359.8104,11307485.87524,10068.99899843277,1290.069,18332.6544,219824.75,424845.3114,488810.2222,0.015,2.5,85692.9,90134.6
2026-01-26,924,1769385608568000,1769471903134000,,,,,,0,,,,,,,,,,,,,binance_liquidations,btcusdt,0.0,0.0,478.0,446.0,3866162.80675,3190221.88409,7056384.69084,7636.779968441559,1044.1452000000002,13028.9481,137723.1198,411344.22,435506.0,0.012,1.563,86132.4,89174.6
2026-01-27,799,1769472096666000,1769558271723000,,,,,,0,,,,,,,,,,,,,binance_liquidations,btcusdt,0.0,0.0,411.0,388.0,4103044.45315,2215430.03687,6318474.49002,7907.978085131414,1153.4315,15251.165100000002,132850.1874,277661.12,278027.8247,0.013,1.491,86931.5,89834.0
2026-01-28,745,1769558513594000,1769644757145000,,,,,,0,,,,,,,,,,,,,binance_liquidations,btcusdt,0.0,0.0,359.0,386.0,3134230.19684,2291185.95011,5425416.14695,7282.4377811409395,985.3426,14079.9747,135347.18899999998,206858.8736,273743.0814,0.011,1.51,88457.7,90931.4
2026-01-29,1732,1769645047959000,1769731193274000,,,,,,0,,,,,,,,,,,,,binance_liquidations,btcusdt,0.0,0.0,353.0,1379.0,2676350.70705,25051668.66721,27728019.37426,16009.24906135104,1366.6096000000002,19620.045,228238.0681,1408673.5058000002,3462121.8697999995,0.016,2.603,83014.8,89467.6
2026-01-30,2124,1769731229577000,1769816993783000,,,,,,0,,,,,,,,,,,,,binance_liquidations,btcusdt,0.0,0.0,855.0,1269.0,8151020.5017,12138818.268,20289838.7697,9552.654787994352,1228.8705,16429.66,148144.32,387019.48530000006,1849864.9966,0.015,1.8,80818.2,85026.8
2026-01-31,2466,1769818279612000,1769903970407000,,,,,,0,,,,,,,,,,,,,binance_liquidations,btcusdt,0.0,0.0,724.0,1742.0,7548594.68857,24358542.75137,31907137.43994,12938.822968345496,1133.013,16215.2415,176884.37000000002,1457544.6,4826858.6834,0.014,2.212,75252.7,84554.1
2026-02-01,2125,1769904144441000,1769990361475000,,,,,,0,,,,,,,,,,,,,binance_liquidations,btcusdt,0.0,0.0,760.0,1365.0,5519589.25007,12657767.5726,18177356.82267,8554.050269491763,987.1433,12044.337,98082.1024,616102.1757,2852704.12692,0.013,1.264,75391.5,79692.4
2026-02-02,2206,1769990509467000,1770076575267000,,,,,,0,,,,,,,,,,,,,binance_liquidations,btcusdt,0.0,0.0,1004.0,1202.0,10630097.41356,8829280.32499,19459377.73855,8821.114115389846,1090.5552,17686.656000000003,149091.8,352684.2816,1393052.2271999998,0.014,1.905,74269.7,79579.5
2026-02-03,2541,1770076936547000,1770162405186000,,,,,,0,,,,,,,,,,,,,binance_liquidations,btcusdt,0.0,0.0,796.0,1745.0,10681077.41071,19156663.78134,29837741.19205,11742.519162554112,1209.032,16082.6848,199867.647,1112920.5084,1726917.2889000005,0.016,2.618,72651.8,79471.2
2026-02-04,2391,1770163288470000,1770249516312000,,,,,,0,,,,,,,,,,,,,binance_liquidations,btcusdt,0.0,0.0,889.0,1502.0,9017891.91156,12957042.38601,21974934.29757,9190.687702873276,1118.142,15661.46,148765.7652,544800.1194000001,810738.5,0.015,2.028,71575.97,77238.6
2026-02-05,5650,1770249675059000,1770335910359000,,,,,,0,,,,,,,,,,,,,binance_liquidations,btcusdt,0.0,0.0,2007.0,3643.0,18038973.24669,54153076.00285,72192049.24954,12777.353849476109,1219.4237999999998,15429.1782,143356.2,647078.126,11955765.129,0.018,2.134,61844.4,73586.4
2026-02-06,4862,1770336006364000,1770422229795000,,,,,,0,,,,,,,,,,,,,binance_liquidations,btcusdt,0.0,0.0,2782.0,2080.0,38427196.3667,24348690.67075,62775887.03745,12911.535795444262,1107.4565,16242.264,168117.9669,723723.3654,11006680.3682,0.017,2.482,59122.3,89324.5
2026-02-07,2366,1770422423079000,1770508316270000,,,,,,0,,,,,,,,,,,,,binance_liquidations,btcusdt,0.0,0.0,1092.0,1274.0,11173309.99588,25240784.66185,36414094.65773,15390.572551872358,996.6376,15692.419199999998,153755.8414,692668.893,15054961.919999998,0.014,2.219,67022.0,71913.9
2026-02-08,1520,1770508872162000,1770595112489000,,,,,,0,,,,,,,,,,,,,binance_liquidations,btcusdt,0.0,0.0,850.0,670.0,10511624.1901,4492629.31508,15004253.50518,9871.219411302633,1050.0795,16428.766200000002,131055.1779,383057.0556,2836686.66,0.015,1.847,68577.1,72527.8
2026-02-09,1796,1770595246296000,1770681400632000,,,,,,0,,,,,,,,,,,,,binance_liquidations,btcusdt,0.0,0.0,817.0,979.0,6391171.69682,10069097.03094,16460268.72776,9164.96031612472,1106.1088,14569.921599999998,169329.2823,582550.8598,791665.4204999999,0.016,2.439,67999.4,71701.1
2026-02-10,1392,1770682056248000,1770767435328000,,,,,,0,,,,,,,,,,,,,binance_liquidations,btcusdt,0.0,0.0,571.0,821.0,5183229.28954,6872142.71045,12055371.99999,8660.468390797414,1054.7775,14426.706,159432.08740000002,302958.38100000005,747382.7436,0.015,2.333,67626.6,70756.5
2026-02-11,2250,1770768150107000,1770854364379000,,,,,,0,,,,,,,,,,,,,binance_liquidations,btcusdt,0.0,0.0,915.0,1335.0,6895847.07058,12343603.39387,19239450.46445,8550.86687308889,934.4622,12277.764,146482.29059999998,666958.8919999999,1121411.266,0.014,2.183,65473.3,69526.7
2026-02-12,1712,1770854470590000,1770940164601000,,,,,,0,,,,,,,,,,,,,binance_liquidations,btcusdt,0.0,0.0,738.0,974.0,5666958.45835,10587387.01776,16254345.47611,9494.360675297898,933.1868,13806.2575,170430.41400000002,505178.7006,1369103.7075,0.014,2.611,64829.3,68653.6
2026-02-13,1400,1770940832479000,1771026860459000,,,,,,0,,,,,,,,,,,,,binance_liquidations,btcusdt,0.0,0.0,866.0,534.0,8130995.62918,2947211.49055,11078207.11973,7913.005085521429,1074.904,15800.3804,131439.0926,471300.8328,751725.9648,0.016,1.966,65585.2,69682.1
2026-02-14,991,1771027438431000,1771111414198000,,,,,,0,,,,,,,,,,,,,binance_liquidations,btcusdt,0.0,0.0,611.0,380.0,5050380.03245,2958005.19623,8008385.22868,8081.115266074672,1043.9054999999998,12970.6275,131893.0713,301389.51599999995,564509.6,0.015,1.893,67525.3,70779.6
2026-02-15,1191,1771113917875000,1771199898171000,,,,,,0,,,,,,,,,,,,,binance_liquidations,btcusdt,0.0,0.0,492.0,699.0,3960323.14512,9172371.85982,13132695.00494,11026.612094827877,1057.6665,15039.8235,217791.5832,721745.8184000001,1547869.1468,0.015,3.153,67775.4,71221.3
2026-02-16,1108,1771200434462000,1771286083283000,,,,,,0,,,,,,,,,,,,,binance_liquidations,btcusdt,0.0,0.0,559.0,549.0,4052027.46984,5141961.19301,9193988.66285,8297.823702933212,1035.552,15101.3278,130288.4352,259729.5232,679454.0,0.015,1.904,66994.05,70362.4
2026-02-17,1140,1771286504252000,1771371473682000,,,,,,0,,,,,,,,,,,,,binance_liquidations,btcusdt,0.0,0.0,458.0,682.0,7784431.07302,5887651.29985,13672082.37287,11993.05471304386,875.9374,14016.5584,170499.5,723270.01638,3521024.622,0.013,2.5,66358.5,69407.5
2026-02-18,1134,1771373572901000,1771458816410000,,,,,,0,,,,,,,,,,,,,binance_liquidations,btcusdt,0.0,0.0,416.0,718.0,3321748.29782,17286173.43109,20607921.728910003,18172.77048404762,868.0854,14875.887,133752.8,889229.2174999999,11776138.8,0.013,2.023,64518.0,68715.6
2026-02-19,1034,1771459515470000,1771544132461000,,,,,,0,,,,,,,,,,,,,binance_liquidations,btcusdt,0.0,0.0,431.0,603.0,4005666.73146,3422131.19864,7427797.930099999,7183.556992359768,917.63,15052.143,121528.122,293500.7996,297003.8783,0.014,1.813,65349.0,67551.7
2026-02-20,1019,1771545618267000,1771630807412000,,,,,,0,,,,,,,,,,,,,binance_liquidations,btcusdt,0.0,0.0,544.0,475.0,3821331.77681,2964838.51932,6786170.29613,6659.637189528949,1076.2352,11408.1253,132392.5196,298065.46199999994,301824.5659,0.016,1.958,66160.4,68550.92
2026-02-21,398,1771632108155000,1771717871325000,,,,,,0,,,,,,,,,,,,,binance_liquidations,btcusdt,0.0,0.0,207.0,191.0,1560265.05283,710967.71985,2271232.77268,5706.615006733668,823.014,11471.6952,92692.2258,195953.12293000004,195953.12293000004,0.012,1.359,67239.8,68944.4
2026-02-22,420,1771718411881000,1771804661213000,,,,,,0,,,,,,,,,,,,,binance_liquidations,btcusdt,0.0,0.0,136.0,284.0,931355.49166,1718223.93859,2649579.43025,6308.522452976191,739.5223,7523.076000000001,68025.5,793712.8881,793712.8881,0.011,1.0,66898.3,68490.9
2026-02-23,1811,1771804804611000,1771890951360000,,,,,,0,,,,,,,,,,,,,binance_liquidations,btcusdt,0.0,0.0,622.0,1189.0,8493429.95315,21111779.6521,29605209.60525,16347.437661651022,1180.6686,17138.5265,196874.2404,1273026.0,6264556.474,0.018,2.988,63612.0,67817.4
2026-02-24,1570,1771891261673000,1771976341265000,,,,,,0,,,,,,,,,,,,,binance_liquidations,btcusdt,0.0,0.0,618.0,952.0,5982278.17296,6169218.80455,12151496.97751,7739.806992044586,1066.2553,15058.9296,119759.5782,302041.3025,508555.6416000001,0.017,1.901,62323.5,65236.4
2026-02-25,1928,1771978199395000,1772063565593000,,,,,,0,,,,,,,,,,,,,binance_liquidations,btcusdt,0.0,0.0,1256.0,672.0,21010373.8549,7288277.61191,28298651.46681,14677.72378983921,1216.26,18023.7808,175505.3079,351957.7208,4980070.0816,0.018,2.681,63634.5,70194.1
2026-02-26,1421,1772064112695000,1772149861257000,,,,,,0,,,,,,,,,,,,,binance_liquidations,btcusdt,0.0,0.0,667.0,754.0,6390964.83062,4875783.49206,11266748.32268,7928.746180633357,933.6138,13619.676,131493.5968,682061.9232000001,800561.0123000001,0.014,1.942,66229.4,69068.6
2026-02-27,1303,1772151103105000,1772236311117000,,,,,,0,,,,,,,,,,,,,binance_liquidations,btcusdt,0.0,0.0,460.0,843.0,6089758.86397,7396091.07976,13485849.94373,10349.84646487337,1151.988,19575.0956,169282.951,620274.66,809754.7782,0.017,2.554,64640.1,68459.7
2026-02-28,1916,1772236936364000,1772323150548000,,,,,,0,,,,,,,,,,,,,binance_liquidations,btcusdt,0.0,0.0,990.0,926.0,16499529.82276,8339504.07198,24839033.89474,12964.00516426931,1257.9767,19849.2999,221873.9072,798582.4068,2030568.9027,0.019,3.454,62755.6,68000.7
2026-03-01,1483,1772323244114000,1772409589139000,,,,,,0,,,,,,,,,,,,,binance_liquidations,btcusdt,0.0,0.0,633.0,850.0,5964047.70811,6610243.32303,12574291.03114,8478.95551661497,1181.3256,16595.05,142855.713,301540.4366,386108.0942,0.018,2.145,64772.0,68432.3
2026-03-02,1969,1772409761206000,1772495667447000,,,,,,0,,,,,,,,,,,,,binance_liquidations,btcusdt,0.0,0.0,1204.0,765.0,8264631.65876,6235859.0316,14500490.69036,7364.393443555105,1114.8048,14047.885,117761.0364,276925.0484,367426.6644,0.016,1.722,65008.4,70339.8
2026-03-03,1924,1772496232323000,1772582147680000,,,,,,0,,,,,,,,,,,,,binance_liquidations,btcusdt,0.0,0.0,948.0,976.0,11136449.26287,6759716.70969,17896165.97256,9301.541565779626,1148.7818,16450.8216,140081.66596,643756.4058000001,1025096.8488800002,0.017,2.08,65898.9,69486.3
2026-03-04,2436,1772582475383000,1772668317537000,,,,,,0,,,,,,,,,,,,,binance_liquidations,btcusdt,0.0,0.0,1610.0,826.0,14644013.45234,9607914.48402,24251927.93636,9955.635441855502,1129.7232,15498.105,191312.0665,688174.0,806141.0736000001,0.016,2.693,64076.6,74302.9
2026-03-05,1584,1772668917442000,1772755092304000,,,,,,0,,,,,,,,,,,,,binance_liquidations,btcusdt,0.0,0.0,725.0,859.0,4773758.2362,6078398.68095,10852156.91715,6851.109164867425,1032.1402,14337.402800000002,95559.7124,301363.02,372660.4405999999,0.014,1.322,70338.1,73809.3
2026-03-06,1487,1772755205571000,1772841405572000,,,,,,0,,,,,,,,,,,,,binance_liquidations,btcusdt,0.0,0.0,485.0,1002.0,3581486.03334,18668981.08655,22250467.11989,14963.326913174176,1050.2265,16148.393,147691.6733,1563121.4,7168537.371100001,0.015,2.089,67454.5,71660.6
2026-03-07,677,1772841714354000,1772925884523000,,,,,,0,,,,,,,,,,,,,binance_liquidations,btcusdt,0.0,0.0,213.0,464.0,1044357.24593,3971810.43991,5016167.68584,7409.405739793206,806.3543999999999,8901.4728,127182.1414,243042.5876,1220156.679,0.012,1.877,66577.0,68784.3
2026-03-08,1169,1772928249637000,1773014357106000,,,,,,0,,,,,,,,,,,,,binance_liquidations,btcusdt,0.0,0.0,448.0,721.0,3318454.24302,10281428.27876,13599882.52178,11633.774612301111,1014.642,14191.3593,127852.8647,2301921.5094,2957267.1557000005,0.015,1.903,64733.3,68441.0
2026-03-09,1543,1773014677304000,1773100560420000,,,,,,0,,,,,,,,,,,,,binance_liquidations,btcusdt,0.0,0.0,891.0,652.0,9396390.30282,4266910.64186,13663300.94468,8855.023295320803,1023.105,16134.7141,151334.4559,296619.8268,533810.2000000001,0.015,2.204,65528.4,69734.8
2026-03-10,1769,1773100814342000,1773186327522000,,,,,,0,,,,,,,,,,,,,binance_liquidations,btcusdt,0.0,0.0,978.0,791.0,9580858.56306,6997569.08158,16578427.64464,9371.638012798192,1180.6058,17530.37,143183.04,366108.4404000001,1013224.63818,0.017,2.0,68106.3,72028.6
2026-03-11,1298,1773187430640000,1773272897675000,,,,,,0,,,,,,,,,,,,,binance_liquidations,btcusdt,0.0,0.0,688.0,610.0,5637028.91763,4780663.03566,10417691.95329,8025.956820716487,1063.5929999999998,14496.4466,111381.336,497102.9,639717.9225,0.015,1.584,68670.6,71567.0
2026-03-12,1095,1773273633329000,1773359723272000,,,,,,0,,,,,,,,,,,,,binance_liquidations,btcusdt,0.0,0.0,569.0,526.0,6913700.34508,4673500.59385,11587200.93893,10581.918665689496,1130.1136,16669.1506,230113.2405,580411.58,806655.321,0.016,3.289,68893.53,71036.47
2026-03-13,1748,1773360036460000,1773445533572000,,,,,,0,,,,,,,,,,,,,binance_liquidations,btcusdt,0.0,0.0,1039.0,709.0,12655127.76668,10556617.427,23211745.19368,13279.030431167048,1365.6668,21584.082,225870.1484,1054512.3372,1410629.671,0.019,3.068,70068.0,74157.8
2026-03-14,455,1773446558095000,1773532562385000,,,,,,0,,,,,,,,,,,,,binance_liquidations,btcusdt,0.0,0.0,239.0,216.0,1342882.74583,1498766.04095,2841648.78678,6245.381948967033,842.5007999999999,11484.3443,90702.4716,291178.52930000005,291178.52930000005,0.012,1.278,70029.46,71540.8
2026-03-15,771,1773532825172000,1773619163160000,,,,,,0,,,,,,,,,,,,,binance_liquidations,btcusdt,0.0,0.0,515.0,256.0,5470179.57267,952289.99859,6422469.57126,8330.051324591439,1017.5214,12424.7043,95149.9399,330999.451,1715306.4259999995,0.014,1.333,70537.4,73471.3
2026-03-16,1708,1773619206106000,1773705483535000,,,,,,0,,,,,,,,,,,,,binance_liquidations,btcusdt,0.0,0.0,1177.0,531.0,10239565.96406,3770808.53932,14010374.50338,8202.795376686183,1103.9205,14780.542,115819.956,239863.9474,1772023.7472,0.015,1.561,71959.7,75174.6
2026-03-17,1443,1773705638308000,1773791886283000,,,,,,0,,,,,,,,,,,,,binance_liquidations,btcusdt,0.0,0.0,728.0,715.0,5247980.54615,6046684.34372,11294664.88987,7827.210595890507,1039.6638,14891.5208,132089.7104,444406.26720000006,552198.6957,0.014,1.798,73076.0,76278.3
2026-03-18,1587,1773792090390000,1773877640288000,,,,,,0,,,,,,,,,,,,,binance_liquidations,btcusdt,0.0,0.0,500.0,1087.0,4008674.58016,12526224.87977,16534899.45993,10418.966263345936,934.2554,15138.4271,192670.10730000003,397148.803,1603427.5192000002,0.013,2.673,70175.0,74898.0
2026-03-19,1833,1773878410121000,1773964517835000,,,,,,0,,,,,,,,,,,,,binance_liquidations,btcusdt,0.0,0.0,603.0,1230.0,5919260.94416,10915629.26505,16834890.20921,9184.33726634479,1040.595,16266.040399999998,163535.08980000002,344992.0,645390.7448999999,0.015,2.351,68428.3,71863.2
2026-03-20,1218,1773965312349000,1774048598329000,,,,,,0,,,,,,,,,,,,,binance_liquidations,btcusdt,0.0,0.0,571.0,647.0,6198668.84234,6056933.68753,12255602.52987,10062.071042586207,850.572,12681.9549,198173.6375,794287.6212,1420692.0,0.012,2.785,69098.6,71615.8
2026-03-21,525,1774052174125000,1774137569081000,,,,,,0,,,,,,,,,,,,,binance_liquidations,btcusdt,0.0,0.0,160.0,365.0,1162323.44611,3563820.30582,4726143.75193,9002.178575104763,979.09,14684.434399999998,147329.0199,470983.7344,512288.25000000006,0.014,2.099,68272.4,71324.0
2026-03-22,1271,1774137634344000,1774223591536000,,,,,,0,,,,,,,,,,,,,binance_liquidations,btcusdt,0.0,0.0,440.0,831.0,3032304.05801,8790722.842910001,11823026.90092,9302.145476726986,1022.1465,13701.020000000002,152649.44999999998,405408.698,2344674.5,0.015,2.25,66990.7,69820.5
2026-03-23,1894,1774224027187000,1774310173904000,,,,,,0,,,,,,,,,,,,,binance_liquidations,btcusdt,0.0,0.0,957.0,937.0,18206211.591950003,9861890.30235,28068101.894300003,14819.483576715946,1072.143,16885.600199999997,168496.71550000002,438151.2806,10567571.869200002,0.015,2.455,67152.5,72055.3
2026-03-24,1130,1774310425543000,1774396064493000,,,,,,0,,,,,,,,,,,,,binance_liquidations,btcusdt,0.0,0.0,536.0,594.0,4483790.21333,4689092.1491,9172882.36243,8117.595011,972.685,12577.462199999998,165455.54864999998,297777.4962,806962.4582,0.014,2.367,68634.9,71660.5
2026-03-25,942,1774397273722000,1774482988451000,,,,,,0,,,,,,,,,,,,,binance_liquidations,btcusdt,0.0,0.0,547.0,395.0,4148974.5592,2506173.81225,6655148.37145,7064.913345488323,993.2426,14116.22,127515.61386,257619.29920000004,284201.1054,0.014,1.773,70104.4,72274.1
2026-03-26,953,1774483214405000,1774568126462000,,,,,,0,,,,,,,,,,,,,binance_liquidations,btcusdt,0.0,0.0,214.0,739.0,1892450.93038,5259821.78697,7152272.71735,7505.00809795383,1021.6485,16758.7984,118815.016,196803.378,381688.2288,0.015,1.73,67855.8,71688.71
2026-03-27,1382,1774569857643000,1774655960109000,,,,,,0,,,,,,,,,,,,,binance_liquidations,btcusdt,0.0,0.0,421.0,961.0,3460084.61805,6588385.7002,10048470.31825,7270.962603654125,929.6378,13550.4946,115664.728,297251.6726,301511.2452,0.014,1.762,65277.65,69402.3
2026-03-28,628,1774656063094000,1774742244107000,,,,,,0,,,,,,,,,,,,,binance_liquidations,btcusdt,0.0,0.0,236.0,392.0,2067521.95567,1960638.85914,4028160.81481,6414.26881339172,874.0315999999999,11824.1306,113014.8606,264110.4,284029.0374,0.013,1.693,65653.3,67526.6
2026-03-29,712,1774742412549000,1774828497408000,,,,,,0,,,,,,,,,,,,,binance_liquidations,btcusdt,0.0,0.0,280.0,432.0,2095861.50722,4247063.86301,6342925.3702300005,8908.603048075844,924.7238,14771.653800000002,139172.6475,297913.3828,610601.8144000001,0.014,2.097,64698.1,67356.7
2026-03-30,1036,1774829075563000,1774915195586000,,,,,,0,,,,,,,,,,,,,binance_liquidations,btcusdt,0.0,0.0,470.0,566.0,6228371.03607,5233646.05666,11462017.09273,11063.723062480696,1014.744,15828.5322,195835.7254,513053.4192,749878.3232,0.015,2.954,65504.6,68389.3
2026-03-31,1349,1774915703226000,1775001072130000,,,,,,0,,,,,,,,,,,,,binance_liquidations,btcusdt,0.0,0.0,726.0,623.0,7503868.14415,4860991.99363,12364860.13778,9165.945246686431,1218.987,18447.5364,148945.92479999998,459858.246,530246.4,0.018,2.242,65696.3,68840.3
2026-04-01,1090,1775001668212000,1775087242714000,,,,,,0,,,,,,,,,,,,,binance_liquidations,btcusdt,0.0,0.0,575.0,515.0,4773202.13539,4153340.49483,8926542.63022,8189.488651577982,1027.2165,16386.695999999996,134616.79799999998,270103.0206,482840.4,0.015,1.97,67290.1,69527.8
2026-04-02,1601,1775088640672000,1775173361160000,,,,,,0,,,,,,,,,,,,,binance_liquidations,btcusdt,0.0,0.0,481.0,1120.0,4437003.02448,10395045.79696,14832048.82144,9264.240363173018,996.063,13801.3824,134224.62569999998,622561.57278,1661337.5,0.015,2.013,65445.1,68869.1
2026-04-03,554,1775174455171000,1775259673570000,,,,,,0,,,,,,,,,,,,,binance_liquidations,btcusdt,0.0,0.0,231.0,323.0,1144958.53968,2423714.4228,3568672.96248,6441.647946714802,932.8004,13223.569900000002,94547.78440000002,205528.1175,317409.707,0.014,1.429,65987.8,67576.6
2026-04-04,330,1775261406375000,1775346830384000,,,,,,0,,,,,,,,,,,,,binance_liquidations,btcusdt,0.0,0.0,219.0,111.0,1182241.24028,645788.94091,1828030.18119,5539.485397545455,608.1165,8349.8125,136368.06809999995,301741.29370000004,301741.29370000004,0.009,2.013,66497.0,67787.2
2026-04-05,651,1775347705415000,1775433560173000,,,,,,0,,,,,,,,,,,,,binance_liquidations,btcusdt,0.0,0.0,376.0,275.0,2740581.85464,1479618.05855,4220199.91319,6482.641955745007,1149.8970000000002,15778.887,92691.8538,175286.02519999995,286525.395,0.017,1.365,66310.5,69375.5
2026-04-06,965,1775433605117000,1775519749109000,,,,,,0,,,,,,,,,,,,,binance_liquidations,btcusdt,0.0,0.0,512.0,453.0,5126122.39853,16997206.86549,22123329.26402,22925.729807274613,1187.4398,17143.5784,207837.888,1041425.5684,11751321.582,0.017,2.976,68032.7,70571.9
2026-04-07,1407,1775520077542000,1775606235445000,,,,,,0,,,,,,,,,,,,,binance_liquidations,btcusdt,0.0,0.0,919.0,488.0,24881477.98397,5044051.97495,29925529.95892,21269.033375209667,1105.344,19514.7948,251762.8556,1062725.9895,11892857.0012,0.016,3.518,67449.6,73035.0
2026-04-08,1064,1775606438454000,1775692212407000,,,,,,0,,,,,,,,,,,,,binance_liquidations,btcusdt,0.0,0.0,538.0,526.0,4016222.09026,5962496.79201,9978718.88227,9378.495190103382,1221.0046000000002,15061.893,166301.4792,569957.3495,592766.1687500001,0.017,2.307,70403.7,73108.9
2026-04-09,1210,1775692891243000,1775779086081000,,,,,,0,,,,,,,,,,,,,binance_liquidations,btcusdt,0.0,0.0,705.0,505.0,7607054.86484,4997433.48714,12604488.35198,10416.932522297522,1139.9664,16463.354000000003,211041.2234,722219.0,790084.2975999999,0.016,2.986,70164.66,77008.4
2026-04-10,875,1775779274576000,1775865393753000,,,,,,0,,,,,,,,,,,,,binance_liquidations,btcusdt,0.0,0.0,572.0,303.0,7637497.47365,2948065.95155,10585563.4252,12097.786771657144,1086.1695,14665.34,244831.0668,1022889.435,1977399.8426,0.015,3.284,71115.0,74696.3
2026-04-11,597,1775867206313000,1775950141095000,,,,,,0,,,,,,,,,,,,,binance_liquidations,btcusdt,0.0,0.0,404.0,193.0,7284615.12742,1981867.63309,9266482.76051,15521.746667520938,955.9589,12977.445299999998,191689.456,568547.8520999999,3813319.8246,0.013,2.621,72159.9,74168.9
2026-04-12,965,1775952134322000,1776038205137000,,,,,,0,,,,,,,,,,,,,binance_liquidations,btcusdt,0.0,0.0,311.0,654.0,2656736.15035,9829207.38145,12485943.5318,12938.801587357511,1006.7218,16024.870400000002,171672.24240000002,795066.1554,3605215.9416,0.014,2.403,70203.0,73366.4
2026-04-13,1389,1776038565637000,1776124797217000,,,,,,0,,,,,,,,,,,,,binance_liquidations,btcusdt,0.0,0.0,1010.0,379.0,14160678.85795,2620042.1591,16780721.017049998,12081.152640064793,1163.3583999999998,17439.408,223370.4,808141.3999999999,822593.5795999999,0.016,3.047,70252.3,75151.0
2026-04-14,1410,1776124891478000,1776210503643000,,,,,,0,,,,,,,,,,,,,binance_liquidations,btcusdt,0.0,0.0,847.0,563.0,31163561.18079,11406631.09288,42570192.27367,30191.62572600709,2285.4192,59036.0782,434050.7076,1826286.625,4868900.905,0.031,5.758,73502.2,76336.9
2026-04-15,1032,1776211264198000,1776297120572000,,,,,,0,,,,,,,,,,,,,binance_liquidations,btcusdt,0.0,0.0,629.0,403.0,17018022.52943,4283678.42496,21301700.95439,20641.183095339147,2004.1128,44905.8321,302356.1412,807217.736,1056934.2,0.027,4.017,73202.6,75694.2
2026-04-16,1193,1776297890591000,1776383712611000,,,,,,0,,,,,,,,,,,,,binance_liquidations,btcusdt,0.0,0.0,706.0,487.0,22056091.68854,19161862.10222,41217953.79076,34549.83553290863,2253.081,53448.0128,532184.9856,2878841.8746,3754295.4378,0.03,7.192,72915.3,75795.8
2026-04-17,1564,1776384015513000,1776469946504000,,,,,,0,,,,,,,,,,,,,binance_liquidations,btcusdt,0.0,0.0,1120.0,444.0,109330995.23437,6919807.65702,116250802.89139,74329.15785894501,3982.5083999999993,109245.22,760539.0,7991758.159100001,12595841.90784,0.052,9.845,72704.3,78593.8
2026-04-18,1094,1776470477207000,1776556464475000,,,,,,0,,,,,,,,,,,,,binance_liquidations,btcusdt,0.0,0.0,448.0,646.0,3616051.91569,20392481.35445,24008533.27014,21945.642842906764,1585.4853,32769.4738,286755.6252,1658568.6399,2922995.3861,0.021,3.739,75051.9,77675.1
2026-04-19,1181,1776556985475000,1776642992979000,,,,,,0,,,,,,,,,,,,,binance_liquidations,btcusdt,0.0,0.0,435.0,746.0,6323044.98082,43160271.23449,49483316.21531,41899.50568612193,2362.4418,62897.52,441000.6,5869313.245499999,9555039.136,0.032,6.0,73444.2,76496.3
2026-04-20,1043,1776643213267000,1776729416331000,,,,,,0,,,,,,,,,,,,,binance_liquidations,btcusdt,0.0,0.0,657.0,386.0,27868987.81517,5130893.32694,32999881.14211,31639.387480450623,2238.126,61378.381,562100.2189999999,1883196.084,2899226.9252,0.03,7.51,73413.1,76819.0
2026-04-21,1147,1776729737392000,1776815526392000,,,,,,0,,,,,,,,,,,,,binance_liquidations,btcusdt,0.0,0.0,579.0,568.0,18743714.12973,16361961.13292,35105675.26265,30606.517229860503,2125.858,44995.4304,408117.0378,3644209.2056,4903409.5266,0.028,5.322,74487.4,77160.2
2026-04-22,1166,1776816141237000,1776902287855000,,,,,,0,,,,,,,,,,,,,binance_liquidations,btcusdt,0.0,0.0,840.0,326.0,47783018.60118,7058710.25819,54841728.85937,47034.07277819039,3543.0258,92161.8869,593592.8452999999,1834923.0483,7568472.760000001,0.046,7.593,75811.9,79832.0
2026-04-23,1108,1776902512109000,1776988682530000,,,,,,0,,,,,,,,,,,,,binance_liquidations,btcusdt,0.0,0.0,542.0,566.0,10881092.87858,10755401.78768,21636494.66626,19527.522261967508,2408.2133,47125.9075,291768.1804,784830.8325,809018.7482,0.031,3.793,76635.4,78934.0
2026-04-24,727,1776988949712000,1777072699422000,,,,,,0,,,,,,,,,,,,,binance_liquidations,btcusdt,0.0,0.0,335.0,392.0,8812446.953230001,11207584.816729998,20020031.76996,27537.870385089405,1935.6275000000005,33601.053,302343.552,2772142.12566,4715253.3248,0.025,3.84,76774.4,78828.9
2026-04-25,303,1777075306256000,1777160575553000,,,,,,0,,,,,,,,,,,,,binance_liquidations,btcusdt,0.0,0.0,159.0,144.0,1671744.65909,1895346.59603,3567091.25512,11772.578399735974,1404.0792,30460.7952,202223.65200000003,301807.1485,301807.1485,0.018,2.62,76802.6,78152.9
2026-04-26,437,1777161828468000,1777247794634000,,,,,,0,,,,,,,,,,,,,binance_liquidations,btcusdt,0.0,0.0,265.0,172.0,8487778.44875,1743142.12656,10230920.57531,23411.71756363844,2561.1102,40100.535,302196.7214,1188106.5,1188106.5,0.033,3.857,76972.8,79214.9
2026-04-27,880,1777248170347000,1777334106273000,,,,,,0,,,,,,,,,,,,,binance_liquidations,btcusdt,0.0,0.0,372.0,508.0,8971006.75922,37094355.77701,46065362.53623,52347.00288207954,3553.3758000000003,84451.39300000001,638372.0,3850430.000000001,7635389.999999999,0.046,8.0,76122.9,79796.5
2026-04-28,619,1777335066441000,1777419146199000,,,,,,0,,,,,,,,,,,,,binance_liquidations,btcusdt,0.0,0.0,206.0,413.0,3730238.14681,13381090.58384,17111328.73065,27643.503603634894,1996.0746,73722.8982,464381.69140000007,792816.8570000001,806652.1332,0.026,6.094,75341.4,77742.8
2025-11-01,509,1761955324068000,1762040799914000,,,,,,0,,,,,,,,,,,,,binance_liquidations,ethusdt,0.0,0.0,224.0,285.0,1605295.77453,3134769.52078,4740065.29531,9312.505491768174,681.9792299999999,12563.3638,175600.62784,417590.66466,638966.4461000001,0.177,45.736,3818.08,3921.78
2025-11-02,833,1762041641611000,1762127837767000,,,,,,0,,,,,,,,,,,,,binance_liquidations,ethusdt,0.0,0.0,354.0,479.0,3916121.64602,3361210.68572,7277332.33174,8736.293315414166,763.4694700000001,10108.37508,220689.67455,691804.8,790653.7128,0.198,56.799,3823.04,3931.31
2025-11-03,3027,1762128059253000,1762214251235000,,,,,,0,,,,,,,,,,,,,binance_liquidations,ethusdt,0.0,0.0,756.0,2271.0,6193809.77396,22724278.18156,28918087.95552,9553.382211932609,1020.7699300000002,15031.4292,143195.85216,782990.4641999999,1730688.9355,0.278,38.686,3542.9,3927.7
2025-11-04,5240,1762214596108000,1762300796122000,,,,,,0,,,,,,,,,,,,,binance_liquidations,ethusdt,0.0,0.0,1505.0,3735.0,15434846.66215,37947023.16559,53381869.82774,10187.37973811832,1013.3035,16993.20889,151219.81536,783860.70672,2966716.82107,0.3,44.609,3049.28,3666.75
2025-11-05,2640,1762300807482000,1762386825476000,,,,,,0,,,,,,,,,,,,,binance_liquidations,ethusdt,0.0,0.0,1305.0,1335.0,11855140.10286,8334166.65497,20189306.75783,7647.464680996212,804.92181,13911.6845,112972.98286,535412.9798699999,789550.55408,0.24,34.351,3154.27,3492.66
2025-11-06,2367,1762387278048000,1762473448210000,,,,,,0,,,,,,,,,,,,,binance_liquidations,ethusdt,0.0,0.0,858.0,1509.0,8584552.87838,11144634.79431,19729187.67269,8335.102523316435,830.235,13518.16,129442.53592,625580.0904399999,791840.7575,0.25,39.581,3233.19,3467.96
2025-11-07,2899,1762473691672000,1762559605313000,,,,,,0,,,,,,,,,,,,,binance_liquidations,ethusdt,0.0,0.0,1310.0,1589.0,11494313.17626,11694177.10646,23188490.28272,7998.789335191445,657.2260000000001,13394.56,138170.7059,541003.83798,904076.05696,0.2,41.666,339.43,3485.15
2025-11-08,1395,1762560185130000,1762646334062000,,,,,,0,,,,,,,,,,,,,binance_liquidations,ethusdt,0.0,0.0,550.0,845.0,4057145.75206,7438579.477969999,11495725.23003,8240.663247333334,658.46486,11552.11064,101123.35591,503580.06288,2145097.1332499995,0.195,29.101,3341.46,3497.69
2025-11-09,1517,1762646489458000,1762732751405000,,,,,,0,,,,,,,,,,,,,binance_liquidations,ethusdt,0.0,0.0,903.0,614.0,8206937.76254,3477604.36655,11684542.12909,7702.40087613052,669.79968,12379.36194,141596.2996,298147.34174,1524022.4,0.195,39.845,3343.97,3632.51
2025-11-10,1750,1762732899497000,1762818842233000,,,,,,0,,,,,,,,,,,,,binance_liquidations,ethusdt,0.0,0.0,835.0,915.0,7351712.90669,7494340.35767,14846053.26436,8483.459008205715,759.7284,14238.8,151888.57231999998,378765.66925,1384645.19736,0.212,42.608,3492.73,3871.12
2025-11-11,2134,1762819505516000,1762905511638000,,,,,,0,,,,,,,,,,,,,binance_liquidations,ethusdt,0.0,0.0,707.0,1427.0,5133346.58137,15733941.02171,20867287.60308,9778.485287291473,841.0038999999999,13382.73906,157359.763,692360.0,2967283.86405,0.236,45.1,3390.47,3661.54
2025-11-12,1900,1762905634314000,1762991080416000,,,,,,0,,,,,,,,,,,,,binance_liquidations,ethusdt,0.0,0.0,894.0,1006.0,8269555.92395,14899057.40939,23168613.33334,12194.007017547368,865.9168,14701.02792,136742.15952000002,290593.24,8443868.1764,0.25,40.35,3356.62,3601.48
2025-11-13,3336,1762992135121000,1763078292509000,,,,,,0,,,,,,,,,,,,,binance_liquidations,ethusdt,0.0,0.0,1202.0,2134.0,10317913.29669,15604277.6935,25922190.99019,7770.440944301558,847.8029,12839.94139,131142.4,471703.99068,1171325.06478,0.251,40.0,3141.3,3579.61
2025-11-14,3774,1763078414290000,1763164518087000,,,,,,0,,,,,,,,,,,,,binance_liquidations,ethusdt,0.0,0.0,1509.0,2265.0,15627091.94765,16827309.21941,32454401.16706,8599.470367530472,874.2570799999999,15078.565320000002,133666.19556,779379.2999999999,1415852.9868599998,0.275,42.356,3056.77,3268.6
2025-11-15,1270,1763164840327000,1763250974433000,,,,,,0,,,,,,,,,,,,,binance_liquidations,ethusdt,0.0,0.0,589.0,681.0,3987254.01164,4432856.77799,8420110.78963,6630.0084957716535,698.5057499999999,12284.45694,92400.36036,405965.96155,474180.97716,0.222,29.449,3101.26,3243.55
2025-11-16,2171,1763251404208000,1763337540412000,,,,,,0,,,,,,,,,,,,,binance_liquidations,ethusdt,0.0,0.0,756.0,1415.0,4696035.73981,11183712.59796,15879748.33777,7314.485646140028,759.391,11408.0394,125491.97388,387515.69688,2106671.0,0.247,40.584,2992.76,3427.19
2025-11-17,2747,1763337855312000,1763423981421000,,,,,,0,,,,,,,,,,,,,binance_liquidations,ethusdt,0.0,0.0,1067.0,1680.0,8558038.53767,16234758.51884,24792797.05651,9025.408466148529,835.69131,13363.61568,122746.1136,475857.09064,2670088.9192600003,0.272,40.0,2946.89,3233.87
2025-11-18,2429,1763424001225000,1763510338623000,,,,,,0,,,,,,,,,,,,,binance_liquidations,ethusdt,0.0,0.0,1218.0,1211.0,7646807.914609999,6865732.83913,14512540.75374,5974.697716648827,811.0855,11230.2225,92122.8,296611.42896,808277.0059,0.269,30.0,2935.08,3181.6
2025-11-19,3165,1763510533229000,1763596623412000,,,,,,0,,,,,,,,,,,,,binance_liquidations,ethusdt,0.0,0.0,1099.0,2066.0,5903100.10703,22021310.75512,27924410.86215,8822.87862943128,858.0695999999999,12123.6155,103704.99216,746460.0,2945739.05784,0.286,34.43,2861.67,3145.19
2025-11-20,3172,1763596908301000,1763683128440000,,,,,,0,,,,,,,,,,,,,binance_liquidations,ethusdt,0.0,0.0,1090.0,2082.0,7866328.62442,14615020.9701,22481349.59452,7087.436820466583,773.1137600000001,12422.49918,102087.37476,468951.17634,1128076.0,0.264,35.4,2779.81,3075.7
2025-11-21,4218,1763683229550000,1763769034188000,,,,,,0,,,,,,,,,,,,,binance_liquidations,ethusdt,0.0,0.0,1665.0,2553.0,22110747.45614,18562109.01357,40672856.46971,9642.68764099336,809.5304,12047.11074,137328.5,806523.0338999999,3039393.3369,0.297,50.0,2498.5,3386.6
2025-11-22,1329,1763769756546000,1763855985405000,,,,,,0,,,,,,,,,,,,,binance_liquidations,ethusdt,0.0,0.0,559.0,770.0,4153208.70717,4191858.14772,8345066.85489,6279.207565756208,631.41078,9508.485,92059.18164,394614.70663,1115325.64068,0.231,33.434,2534.69,2809.58
2025-11-23,1562,1763856203159000,1763941995507000,,,,,,0,,,,,,,,,,,,,binance_liquidations,ethusdt,0.0,0.0,821.0,741.0,5570603.26468,3554663.13721,9125266.40189,5842.039949993598,638.09904,10062.95544,103126.7237,270730.56,302157.91257,0.228,36.567,2756.78,2868.24
2025-11-24,2110,1763942482314000,1764028455643000,,,,,,0,,,,,,,,,,,,,binance_liquidations,ethusdt,0.0,0.0,1206.0,904.0,12783730.64574,5562057.09468,18345787.74042,8694.686132900473,872.10615,14215.64864,141497.0,501248.07018,1190869.4268,0.304,48.941,2750.87,2994.88
2025-11-25,1747,1764028822285000,1764115147135000,,,,,,0,,,,,,,,,,,,,binance_liquidations,ethusdt,0.0,0.0,790.0,957.0,7095580.1755,8669139.08548,15764719.26098,9023.880515729825,910.7838,14880.20625,182851.8492,440899.6541,609957.3944100001,0.314,63.264,2844.52,2990.79
2025-11-26,1449,1764115359099000,1764201487169000,,,,,,0,,,,,,,,,,,,,binance_liquidations,ethusdt,0.0,0.0,785.0,664.0,6014300.47604,4755644.40605,10769944.88209,7432.67417673568,778.18112,11140.51071,175426.80000000002,377782.57416,408087.4004,0.261,58.216,2876.27,3055.43
2025-11-27,911,1764201770157000,1764287191824000,,,,,,0,,,,,,,,,,,,,binance_liquidations,ethusdt,0.0,0.0,425.0,486.0,3795112.78018,4430742.94293,8225855.72311,9029.47938870472,789.0259199999999,16825.58922,121820.0,603268.0,811059.1798499998,0.262,40.0,2973.1,3081.9
2025-11-28,1286,1764289093478000,1764374334542000,,,,,,0,,,,,,,,,,,,,binance_liquidations,ethusdt,0.0,0.0,606.0,680.0,7939841.985770001,7552107.58104,15491949.56681,12046.61708150078,684.20053,14632.18884,165418.55000000002,1476398.4126,4131676.4097000007,0.222,55.0,2980.71,3114.3
2025-11-29,684,1764375011302000,1764459080556000,,,,,,0,,,,,,,,,,,,,binance_liquidations,ethusdt,0.0,0.0,219.0,465.0,1857676.40375,8043815.146939999,9901491.55069,14475.864840190055,649.44816,11993.12,212364.03528,687525.8864000001,4350303.6,0.218,71.748,2768.02,3075.5
2025-11-30,886,1764461052224000,1764547147587000,,,,,,0,,,,,,,,,,,,,binance_liquidations,ethusdt,0.0,0.0,379.0,507.0,2055385.82967,3113566.55804,5168952.38771,5834.032040304741,598.642,12166.25952,91555.8,229885.81000000003,375606.8554,0.2,30.0,2869.06,3063.44
2025-12-01,2699,1764547209455000,1764633376660000,,,,,,0,,,,,,,,,,,,,binance_liquidations,ethusdt,0.0,0.0,837.0,1862.0,6309784.34799,16000229.70823,22310014.05622,8266.02966143757,731.7402000000001,12816.9528,149294.9787,593441.88852,2042172.3926,0.263,53.285,2708.06,3031.94
2025-12-02,1654,1764633655131000,1764719707663000,,,,,,0,,,,,,,,,,,,,binance_liquidations,ethusdt,0.0,0.0,994.0,660.0,9755425.581,5071051.87321,14826477.45421,8964.01297110641,843.3235199999999,13449.6236,146304.19111,329232.20926,2266812.52968,0.292,50.0,2770.93,3043.7
2025-12-03,1894,1764720247076000,1764806322234000,,,,,,0,,,,,,,,,,,,,binance_liquidations,ethusdt,0.0,0.0,1269.0,625.0,12650992.35986,3677598.68677,16328591.04663,8621.220193574445,820.73904,13803.30324,127791.14126,738792.0,1416905.27181,0.266,40.0,2973.45,3225.77
2025-12-04,1787,1764806744534000,1764892765120000,,,,,,0,,,,,,,,,,,,,binance_liquidations,ethusdt,0.0,0.0,809.0,978.0,7051933.07072,10077145.87633,17129078.94705,9585.38273477896,889.9576399999999,14103.49336,149529.98379,783584.3288,807077.26568,0.282,47.451,2811.19,3758.84
2025-12-05,1928,1764892870485000,1764979128500000,,,,,,0,,,,,,,,,,,,,binance_liquidations,ethusdt,0.0,0.0,793.0,1135.0,7835823.75689,8355499.36481,16191323.1217,8397.989171006224,855.7405400000001,14039.06234,161531.2281,305608.20102,797547.39381,0.279,53.57,2973.82,3203.58
2025-12-06,754,1764979316258000,1765065239206000,,,,,,0,,,,,,,,,,,,,binance_liquidations,ethusdt,0.0,0.0,363.0,391.0,1836822.87089,2511697.46905,4348520.33994,5767.268355358091,561.0902,9273.03288,120297.2,298494.22716,298533.3008,0.185,40.0,3000.05,3079.21
2025-12-07,1497,1765065923070000,1765151966256000,,,,,,0,,,,,,,,,,,,,binance_liquidations,ethusdt,0.0,0.0,692.0,805.0,7520186.73516,11057189.75485,18577376.49001,12409.737134275218,908.445,14932.150500000002,228281.58840000004,1556505.368,2090619.01368,0.3,73.273,2911.35,3184.33
2025-12-08,1417,1765152036347000,1765236937054000,,,,,,0,,,,,,,,,,,,,binance_liquidations,ethusdt,0.0,0.0,777.0,640.0,11709823.4259,5900629.14668,17610452.57258,12427.98346688779,746.3841,10864.6422,129203.9352,984444.18852,4138733.76435,0.239,41.676,3027.56,3192.48
2025-12-09,1766,1765239109431000,1765324678533000,,,,,,0,,,,,,,,,,,,,binance_liquidations,ethusdt,0.0,0.0,1050.0,716.0,8427270.81996,4330842.25711,12758113.07707,7224.299590639864,840.3848,13217.844639999998,135945.2793,244672.93510000003,382783.4049,0.259,41.798,3077.75,3410.49
2025-12-10,1806,1765324804356000,1765411142521000,,,,,,0,,,,,,,,,,,,,binance_liquidations,ethusdt,0.0,0.0,996.0,810.0,8886228.48336,6998410.93209,15884639.41545,8795.481403903654,923.55716,13807.24431,169736.5,496664.31205,744772.64924,0.274,50.0,2923.59,3459.49
2025-12-11,2015,1765411223097000,1765497273352000,,,,,,0,,,,,,,,,,,,,binance_liquidations,ethusdt,0.0,0.0,784.0,1231.0,7620957.30193,26658610.82409,34279568.12602,17012.19261837221,798.2815499999999,15882.29291,282718.4388,1905511.86062,3923028.57729,0.249,89.206,3133.11,3337.28
2025-12-12,1531,1765498328488000,1765583831440000,,,,,,0,,,,,,,,,,,,,binance_liquidations,ethusdt,0.0,0.0,523.0,1008.0,3891536.35089,7782376.74918,11673913.10007,7625.024885741345,921.30367,13470.92474,143762.52,358528.38504,614301.8494399999,0.297,44.0,3034.1,3277.06
2025-12-13,602,1765584013435000,1765670276346000,,,,,,0,,,,,,,,,,,,,binance_liquidations,ethusdt,0.0,0.0,263.0,339.0,1619990.3768999998,2137729.7477100003,3757720.12461,6242.060007657807,601.59788,13427.0565,98526.51627,298097.59422,303157.06044,0.195,31.551,3064.94,3145.74
2025-12-14,1064,1765670401290000,1765756648152000,,,,,,0,,,,,,,,,,,,,binance_liquidations,ethusdt,0.0,0.0,354.0,710.0,2793600.82294,3612804.03298,6406404.85592,6021.057195413534,696.03075,10516.24962,99832.35456,316799.64729,327080.68928,0.225,32.112,3018.01,3142.87
2025-12-15,2115,1765756861613000,1765843007247000,,,,,,0,,,,,,,,,,,,,binance_liquidations,ethusdt,0.0,0.0,713.0,1402.0,9075946.81725,17703383.9624,26779330.77965,12661.622118037823,977.35156,15725.96286,190738.68471,837141.1199999999,3582482.46228,0.32,60.571,2885.4,3187.89
2025-12-16,1608,1765843201435000,1765929523221000,,,,,,0,,,,,,,,,,,,,binance_liquidations,ethusdt,0.0,0.0,655.0,953.0,8740578.388,8549267.866770001,17289846.25477,10752.39194948383,821.1733499999999,12624.58572,143049.919,791795.6063999999,2392734.28028,0.278,48.7,2871.24,2990.27
2025-12-17,1969,1765929605861000,1766015985076000,,,,,,0,,,,,,,,,,,,,binance_liquidations,ethusdt,0.0,0.0,672.0,1297.0,6342093.56157,9455982.43358,15798075.99515,8023.400708557643,752.0006200000001,14748.7,150214.728,364368.4373,456193.5,0.262,51.65,2778.99,3041.29
2025-12-18,1933,1766016042611000,1766102398581000,,,,,,0,,,,,,,,,,,,,binance_liquidations,ethusdt,0.0,0.0,886.0,1047.0,8563490.69721,8466383.26364,17029873.96085,8810.074475349198,899.99095,16123.44814,163637.28912,444965.48,701145.0,0.317,56.986,2764.69,3007.59
2025-12-19,1523,1766102527280000,1766188470593000,,,,,,0,,,,,,,,,,,,,binance_liquidations,ethusdt,0.0,0.0,950.0,573.0,6896177.28164,4452410.01164,11348587.29328,7451.469004123441,747.1961500000001,12926.4296,128396.17687,332093.43048,603100.7646999999,0.255,44.239,2798.02,3028.45
2025-12-20,409,1766188945346000,1766274805878000,,,,,,0,,,,,,,,,,,,,binance_liquidations,ethusdt,0.0,0.0,253.0,156.0,1004911.58122,498426.15788,1503337.7391,3675.642393887531,619.8563800000001,7675.42699,44770.04856,156914.4678,156914.4678,0.209,15.142,2954.68,3004.67
2025-12-21,870,1766275858456000,1766360515368000,,,,,,0,,,,,,,,,,,,,binance_liquidations,ethusdt,0.0,0.0,507.0,363.0,2575005.94604,1566721.58934,4141727.53538,4760.606362505747,508.6876000000001,9020.7,79994.23692,198276.944,211857.96108,0.171,26.682,2821.49,3023.2
2025-12-22,1149,1766361664324000,1766447531537000,,,,,,0,,,,,,,,,,,,,binance_liquidations,ethusdt,0.0,0.0,575.0,574.0,7464756.79029,5347206.2018,12811962.99209,11150.53350051349,755.8811999999999,12157.02972,130321.72868,1361531.93121,3088027.51299,0.253,43.394,2951.35,3088.2
2025-12-23,1057,1766448969488000,1766534234390000,,,,,,0,,,,,,,,,,,,,binance_liquidations,ethusdt,0.0,0.0,406.0,651.0,2978847.58021,5138073.75345,8116921.33366,7679.20655975402,668.62623,12133.2695,117482.4,329513.93444,1442620.0,0.224,40.0,0.01,3046.94
2025-12-24,765,1766535079425000,1766620366693000,,,,,,0,,,,,,,,,,,,,binance_liquidations,ethusdt,0.0,0.0,296.0,469.0,1564405.80515,4824011.221580001,6388417.02673,8350.871930366013,516.23997,9850.00254,129271.90923,467128.7608000001,1381258.3928,0.177,44.199,2876.84,2987.86
2025-12-25,637,1766620803477000,1766706749373000,,,,,,0,,,,,,,,,,,,,binance_liquidations,ethusdt,0.0,0.0,226.0,411.0,1733357.79208,1946706.59087,3680064.38295,5777.181134929357,710.51824,10764.12711,103815.95,236954.72372,306156.17,0.244,35.0,2877.8,2981.4
2025-12-26,890,1766707255560000,1766792704087000,,,,,,0,,,,,,,,,,,,,binance_liquidations,ethusdt,0.0,0.0,415.0,475.0,3181806.87844,2323191.06375,5504997.94219,6185.390946280899,739.62779,12319.041340000002,99370.51145999998,301542.58964,366243.5445,0.253,33.6,2881.8,3004.88
2025-12-27,290,1766794331560000,1766879480077000,,,,,,0,,,,,,,,,,,,,binance_liquidations,ethusdt,0.0,0.0,159.0,131.0,2282709.1581,410484.24087,2693193.39897,9286.873789551724,327.36144,14693.85,156006.03,600936.89599,600936.89599,0.112,53.0,2905.0,2970.45
2025-12-28,324,1766880090723000,1766965877672000,,,,,,0,,,,,,,,,,,,,binance_liquidations,ethusdt,0.0,0.0,143.0,181.0,1159283.28406,1735023.90963,2894307.19369,8933.046894104938,567.80114,9775.11432,147687.75366,787271.8442200001,787271.8442200001,0.193,49.862,2768.94,2970.56
2025-12-29,1176,1766966439457000,1767051641481000,,,,,,0,,,,,,,,,,,,,binance_liquidations,ethusdt,0.0,0.0,544.0,632.0,6633735.82255,4466546.30426,11100282.12681,9439.01541395408,812.66528,12935.290819999998,160224.27607999998,806267.30899,1697198.97852,0.274,53.647,2898.53,3066.55
2025-12-30,789,1767053229091000,1767139009298000,,,,,,0,,,,,,,,,,,,,binance_liquidations,ethusdt,0.0,0.0,399.0,390.0,12490407.61783,3181867.23353,15672274.85136,19863.466224790875,733.53,12809.13945,166773.66584,786700.32,9086976.77015,0.246,57.361,2906.86,3018.74
2025-12-31,819,1767139235076000,1767225290417000,,,,,,0,,,,,,,,,,,,,binance_liquidations,ethusdt,0.0,0.0,369.0,450.0,2654075.41522,6526457.492620001,9180532.90784,11209.441889914531,617.08124,10855.37505,174530.95856,737141.5533,2979364.4032500004,0.206,58.882,1464.31,3569.38
2026-01-01,493,1767225613678000,1767311762263000,,,,,,0,,,,,,,,,,,,,binance_liquidations,ethusdt,0.0,0.0,290.0,203.0,2120555.82472,1012196.9641,3132752.78882,6354.46813148073,857.0561999999999,14860.05,97073.128,238136.0,238136.0,0.286,32.3,2875.14,3021.56
2026-01-02,1239,1767312482118000,1767397746391000,,,,,,0,,,,,,,,,,,,,binance_liquidations,ethusdt,0.0,0.0,849.0,390.0,6743767.90613,3080585.30556,9824353.21169,7929.260057861178,744.55186,12806.38808,137582.1,495079.74795,587051.4879899999,0.244,44.246,2980.94,3161.26
2026-01-03,540,1767398452531000,1767483715057000,,,,,,0,,,,,,,,,,,,,binance_liquidations,ethusdt,0.0,0.0,294.0,246.0,1705261.09815,2570969.81118,4276230.90933,7918.9461283888895,588.9504,9115.565439999998,185959.2,409087.39700000006,436221.2055999999,0.192,60.0,3063.37,3147.64
2026-01-04,648,1767484802414000,1767571177576000,,,,,,0,,,,,,,,,,,,,binance_liquidations,ethusdt,0.0,0.0,395.0,253.0,5444241.7804,1088731.84347,6532973.62387,10081.749419552469,637.24704,9428.55511,95196.74401,303517.19762,3295420.5042,0.203,30.139,3106.75,3176.76
2026-01-05,1268,1767571264747000,1767657591330000,,,,,,0,,,,,,,,,,,,,binance_liquidations,ethusdt,0.0,0.0,755.0,513.0,9322202.92781,4323080.86506,13645283.79287,10761.264820875394,843.6116000000001,16195.946129999998,193965.73551,721153.7384100001,1614733.8844,0.265,61.101,3103.54,3416.92
2026-01-06,1362,1767657602255000,1767743695707000,,,,,,0,,,,,,,,,,,,,binance_liquidations,ethusdt,0.0,0.0,772.0,590.0,8962160.28189,9139697.78114,18101858.06303,13290.644686512482,909.5296000000002,22455.59874,287967.54720000003,640226.0,724398.9743900001,0.28,88.224,3170.62,3423.07
2026-01-07,1117,1767744291542000,1767830318179000,,,,,,0,,,,,,,,,,,,,binance_liquidations,ethusdt,0.0,0.0,329.0,788.0,2856441.96404,9109322.00209,11965763.96613,10712.411787045658,956.16824,17310.38078,264587.84118,446321.4,575919.76057,0.299,84.501,3113.71,3298.07
2026-01-08,1251,1767830413572000,1767916482571000,,,,,,0,,,,,,,,,,,,,binance_liquidations,ethusdt,0.0,0.0,430.0,821.0,3706401.56334,8606468.87181,12312870.43515,9842.422410191846,850.42375,16422.033030000002,141686.21948,810190.28014,1853286.0,0.275,45.587,3040.8,3203.96
2026-01-09,1078,1767916994414000,1768002930318000,,,,,,0,,,,,,,,,,,,,binance_liquidations,ethusdt,0.0,0.0,409.0,669.0,3261430.3809700003,6290615.52713,9552045.9081,8860.89601864564,921.924,14539.74772,150036.01914,630875.28,978434.90088,0.299,48.783,3046.11,3158.4
2026-01-10,238,1768004057664000,1768086426118000,,,,,,0,,,,,,,,,,,,,binance_liquidations,ethusdt,0.0,0.0,54.0,184.0,226568.45509,1262127.85373,1488696.30882,6255.026507647059,593.53097,6206.66,89867.27592,569352.66189,569352.66189,0.193,28.872,3064.86,3114.14
2026-01-11,392,1768091101245000,1768175688584000,,,,,,0,,,,,,,,,,,,,binance_liquidations,ethusdt,0.0,0.0,206.0,186.0,1535183.25515,1146830.779,2682014.03415,6841.872536096939,766.71876,15296.85765,114185.39769,242720.5315,242720.5315,0.247,36.351,3076.33,3159.36
2026-01-12,1050,1768176103301000,1768260869215000,,,,,,0,,,,,,,,,,,,,binance_liquidations,ethusdt,0.0,0.0,396.0,654.0,6241280.28339,4462437.51715,10703717.80054,10194.016952895236,771.085,15326.07298,105774.8592,378680.113,3048459.19898,0.25,34.032,3053.82,3183.08
2026-01-13,1107,1768263080302000,1768348611217000,,,,,,0,,,,,,,,,,,,,binance_liquidations,ethusdt,0.0,0.0,789.0,318.0,31122645.77583,15974851.32714,47097497.10297,42545.16450132792,965.07333,17606.313759999997,299009.37913,11169443.67945,12806788.5696,0.3,94.161,3078.5,3385.23
2026-01-14,1428,1768348847725000,1768433726089000,,,,,,0,,,,,,,,,,,,,binance_liquidations,ethusdt,0.0,0.0,874.0,554.0,7183267.76399,5012334.06917,12195601.83316,8540.337418179271,699.83388,13494.8,148934.10704,638007.11568,788056.1738999999,0.21,44.272,3267.23,3412.99
2026-01-15,1259,1768435305062000,1768521275482000,,,,,,0,,,,,,,,,,,,,binance_liquidations,ethusdt,0.0,0.0,539.0,720.0,3710831.98462,6103665.7654,9814497.75002,7795.470810182684,847.06048,16149.85524,110240.22576000002,325127.39922,335480.98764,0.254,33.536,3259.59,3564.83
2026-01-16,754,1768521758412000,1768607896491000,,,,,,0,,,,,,,,,,,,,binance_liquidations,ethusdt,0.0,0.0,327.0,427.0,3102877.03985,2589204.53856,5692081.57841,7549.179812214854,784.71885,11702.48019,149115.4604,306287.45154,808011.77625,0.237,45.112,3238.61,3338.47
2026-01-17,331,1768610351774000,1768693329193000,,,,,,0,,,,,,,,,,,,,binance_liquidations,ethusdt,0.0,0.0,186.0,145.0,1357747.14216,1068957.20329,2426704.34545,7331.433067824773,642.2130000000001,7671.653600000001,66433.4,649733.46438,649733.46438,0.195,20.0,3269.4,3341.66
2026-01-18,601,1768694403409000,1768780725599000,,,,,,0,,,,,,,,,,,,,binance_liquidations,ethusdt,0.0,0.0,270.0,331.0,1107263.66676,3322607.8618900003,4429871.52865,7370.834490266223,785.14545,14992.094389999998,103486.43695,263170.6532,669276.33038,0.237,31.583,3264.68,3381.2
2026-01-19,982,1768780801729000,1768866793553000,,,,,,0,,,,,,,,,,,,,binance_liquidations,ethusdt,0.0,0.0,328.0,654.0,1893454.84122,8483791.06633,10377245.90755,10567.46019098778,769.4399999999999,13045.24442,142807.39817,587364.79947,2867839.7636,0.24,44.461,3153.26,3294.68
2026-01-20,1664,1768867420621000,1768953363324000,,,,,,0,,,,,,,,,,,,,binance_liquidations,ethusdt,0.0,0.0,356.0,1308.0,2986286.7351,48382892.27435,51369179.00945,30870.90084702524,778.86836,13727.15541,217543.2,6544269.48756,12794494.11072,0.259,71.914,2873.0,3212.16
2026-01-21,2139,1768953614400000,1769039936828000,,,,,,0,,,,,,,,,,,,,binance_liquidations,ethusdt,0.0,0.0,949.0,1190.0,10594801.62385,33985896.33034,44580697.95419,20841.841025801776,873.1697999999999,16566.528,254379.07356,2125204.02696,11831034.906,0.292,86.342,2854.55,3079.59
2026-01-22,1215,1769040025630000,1769124897542000,,,,,,0,,,,,,,,,,,,,binance_liquidations,ethusdt,0.0,0.0,422.0,793.0,4610040.51718,6895680.65767,11505721.17485,9469.72936201646,665.9576,14600.1,197816.58313,628757.37948,872041.704,0.222,67.709,2894.63,3049.95
2026-01-23,1112,1769126470612000,1769211946678000,,,,,,0,,,,,,,,,,,,,binance_liquidations,ethusdt,0.0,0.0,455.0,657.0,3938916.89711,5216276.16579,9155193.0629,8233.087286780576,737.485,13601.24688,148224.5,648107.65728,798868.1628,0.25,50.0,2879.88,3030.27
2026-01-24,310,1769213257157000,1769298855060000,,,,,,0,,,,,,,,,,,,,binance_liquidations,ethusdt,0.0,0.0,99.0,211.0,800833.9859000001,592386.4687,1393220.4546,4494.259530967742,532.99975,6937.03552,72603.91958,280881.5752,280881.5752,0.181,24.422,2931.32,2980.19
2026-01-25,1276,1769299218105000,1769385586480000,,,,,,0,,,,,,,,,,,,,binance_liquidations,ethusdt,0.0,0.0,236.0,1040.0,1731123.49043,48224070.68446,49955194.17489,39149.83869505486,696.6275,12880.948,295231.90106,12039599.64123,14978271.47562,0.245,101.363,2737.79,2985.14
2026-01-26,1253,1769385608568000,1769471904921000,,,,,,0,,,,,,,,,,,,,binance_liquidations,ethusdt,0.0,0.0,702.0,551.0,6224188.67341,4148450.30384,10372638.97725,8278.24339764565,716.23356,11661.98438,141937.35453999997,524614.5872,806523.2690900001,0.249,48.794,2801.21,2961.16
2026-01-27,1222,1769472047585000,1769558236436000,,,,,,0,,,,,,,,,,,,,binance_liquidations,ethusdt,0.0,0.0,657.0,565.0,13598539.50383,4125236.07956,17723775.58339,14503.908006047464,672.47103,13332.86285,246341.96037,2416990.64992,3868323.88061,0.226,83.193,2888.89,3056.84
2026-01-28,1102,1769558475459000,1769644757145000,,,,,,0,,,,,,,,,,,,,binance_liquidations,ethusdt,0.0,0.0,557.0,545.0,3351803.15259,2815317.50096,6167120.65355,5596.298233711434,528.7999199999999,10087.85096,99865.8619,298056.7636,402093.79584,0.177,32.971,2971.42,3056.17
2026-01-29,1913,1769644849355000,1769730035573000,,,,,,0,,,,,,,,,,,,,binance_liquidations,ethusdt,0.0,0.0,495.0,1418.0,5751121.86129,8991097.57227,14742219.43356,7706.335302435965,648.8966,13513.14542,123631.04727,439404.71574,706936.0477000001,0.228,43.439,2743.55,3020.57
2026-01-30,2497,1769731229577000,1769816650738000,,,,,,0,,,,,,,,,,,,,binance_liquidations,ethusdt,0.0,0.0,816.0,1681.0,5375190.99905,16676954.30096,22052145.30001,8831.455867044453,807.25875,11932.21071,129392.6375,441430.59963,5053699.21936,0.3,47.582,2625.9,2838.56
2026-01-31,3056,1769817667491000,1769903982077000,,,,,,0,,,,,,,,,,,,,binance_liquidations,ethusdt,0.0,0.0,1008.0,2048.0,7181663.78747,39788090.4567,46969754.24417,15369.683980422118,750.9757500000001,11612.699659999998,126940.4335,1480633.31174,15482567.62927,0.3,50.0,2221.73,2724.39
2026-02-01,2950,1769904017240000,1769990292672000,,,,,,0,,,,,,,,,,,,,binance_liquidations,ethusdt,0.0,0.0,1095.0,1855.0,10237786.93925,19726079.7074,29963866.64665,10157.242931067796,703.1369599999999,11944.69419,122661.63807,778445.2414400001,3777429.31472,0.3,52.439,2214.17,2484.17
2026-02-02,3116,1769990412172000,1770076203396000,,,,,,0,,,,,,,,,,,,,binance_liquidations,ethusdt,0.0,0.0,1465.0,1651.0,15372261.66882,11979622.62571,27351884.29453,8777.883278090501,776.028,12927.75766,140413.8757,463808.0,4383154.137,0.341,59.999,2138.08,4095.62
2026-02-03,3227,1770076821560000,1770163150406000,,,,,,0,,,,,,,,,,,,,binance_liquidations,ethusdt,0.0,0.0,1185.0,2042.0,11290992.56937,20693329.4943,31984322.06367,9911.472594877594,735.25459,11905.37404,135699.90852,631559.214,5998569.00726,0.325,59.285,2075.84,2376.6
2026-02-04,2893,1770163281295000,1770249394199000,,,,,,0,,,,,,,,,,,,,binance_liquidations,ethusdt,0.0,0.0,1135.0,1758.0,11417076.72188,15592489.77222,27009566.4941,9336.179223677844,778.1774000000001,12573.279,146711.53557,806217.90261,2465395.47436,0.357,66.666,2067.34,2303.5
2026-02-05,5313,1770249671593000,1770335924165000,,,,,,0,,,,,,,,,,,,,binance_liquidations,ethusdt,0.0,0.0,1906.0,3407.0,17352458.01155,25377369.69447,42729827.70602,8042.504744216073,688.1109299999999,10367.34399,137027.22474,720839.0,2435320.37936,0.346,72.7,1810.99,2177.23
2026-02-06,4242,1770336007528000,1770422348527000,,,,,,0,,,,,,,,,,,,,binance_liquidations,ethusdt,0.0,0.0,2392.0,1850.0,16272984.34761,14696953.93905,30969938.28666,7300.786960551627,737.64108,10527.68024,108097.24666,625603.77,1027309.60563,0.376,56.407,1736.94,2569.95
2026-02-07,2368,1770422430326000,1770508317657000,,,,,,0,,,,,,,,,,,,,binance_liquidations,ethusdt,0.0,0.0,1173.0,1195.0,8704988.27499,7515916.41294,16220904.68793,6850.044209429899,685.1361,11134.84104,117595.76384,451446.6253500001,811513.6747200001,0.335,56.288,1614.3,2126.28
2026-02-08,1480,1770508800180000,1770595110305000,,,,,,0,,,,,,,,,,,,,binance_liquidations,ethusdt,0.0,0.0,788.0,692.0,7080721.60136,4754793.6937,11835515.29506,7996.969793959459,647.66582,10863.873200000002,105371.0,490096.90928,1840802.2872,0.307,50.133,2036.84,2157.97
2026-02-09,1863,1770595373572000,1770681090458000,,,,,,0,,,,,,,,,,,,,binance_liquidations,ethusdt,0.0,0.0,852.0,1011.0,10742251.04036,6619035.58947,17361286.62983,9318.99443361782,704.76004,13160.37275,165475.80699999997,760779.9714400001,1044960.0,0.341,80.0,2000.35,2154.26
2026-02-10,1463,1770681712388000,1770767998143000,,,,,,0,,,,,,,,,,,,,binance_liquidations,ethusdt,0.0,0.0,560.0,903.0,3388546.64378,7262938.79394,10651485.43772,7280.577879507861,746.06714,13245.00086,96208.63114,830676.2609999999,1287721.1114,0.37,47.268,1982.04,2131.63
2026-02-11,2281,1770768111408000,1770854351164000,,,,,,0,,,,,,,,,,,,,binance_liquidations,ethusdt,0.0,0.0,887.0,1394.0,7553041.32153,10106143.26596,17659184.58749,7741.860845019728,542.18349,9885.2671,112561.33287,794688.01068,1014613.197,0.279,57.813,1894.49,2039.32
2026-02-12,1754,1770854475209000,1770940682338000,,,,,,0,,,,,,,,,,,,,binance_liquidations,ethusdt,0.0,0.0,786.0,968.0,4239018.15813,4831170.43523,9070188.59336,5171.1451501482325,384.4269,9579.26655,98758.0,302627.57912,484379.8421,0.198,50.0,1889.52,2008.02
2026-02-13,1440,1770940835082000,1771025916917000,,,,,,0,,,,,,,,,,,,,binance_liquidations,ethusdt,0.0,0.0,859.0,581.0,6151267.08947,2854556.55283,9005823.6423,6254.0441960416665,412.50058,8645.510250000001,98124.59624,495058.54308,1848717.1864,0.207,50.072,1916.14,2078.52
2026-02-14,970,1771027321202000,1771111475423000,,,,,,0,,,,,,,,,,,,,binance_liquidations,ethusdt,0.0,0.0,582.0,388.0,2724115.17472,2081203.27645,4805318.45117,4953.936547597938,451.414,8608.196,70899.96731999998,284178.63739,309639.00000000006,0.217,33.852,2034.26,2113.98
2026-02-15,1652,1771113922076000,1771199452142000,,,,,,0,,,,,,,,,,,,,binance_liquidations,ethusdt,0.0,0.0,626.0,1026.0,4075684.18434,6555652.95284,10631337.13718,6435.434102409201,659.9187,10995.66258,122575.44012,269393.6,497696.80104,0.324,60.0,1920.48,2110.42
2026-02-16,1321,1771200074119000,1771286063238000,,,,,,0,,,,,,,,,,,,,binance_liquidations,ethusdt,0.0,0.0,662.0,659.0,4858366.96402,6670531.57817,11528898.54219,8727.402378644967,617.69298,13422.32168,159139.92978,855068.5047599999,914394.92758,0.317,80.547,1929.78,2030.35
2026-02-17,1317,1771287373063000,1771371024180000,,,,,,0,,,,,,,,,,,,,binance_liquidations,ethusdt,0.0,0.0,554.0,763.0,3513112.45586,4545314.45514,8058426.911,6118.7751791951405,643.6478800000001,9777.55,101904.53,399246.48342,683350.5,0.327,51.415,1933.53,2128.26
2026-02-18,1298,1771373152525000,1771458818138000,,,,,,0,,,,,,,,,,,,,binance_liquidations,ethusdt,0.0,0.0,505.0,793.0,3755410.14535,14410597.1845,18166007.32985,13995.383150885978,671.36994,9108.50786,214404.00696,2926288.01725,2960591.61282,0.339,107.203,1914.98,2045.96
2026-02-19,1218,1771459423311000,1771545236558000,,,,,,0,,,,,,,,,,,,,binance_liquidations,ethusdt,0.0,0.0,451.0,767.0,5329521.446,4012563.12746,9342084.57346,7670.020175254515,510.07465,10384.7484,90599.25364,298933.48947000003,2934960.0,0.259,47.276,1898.38,1994.57
2026-02-20,1106,1771545763113000,1771631600385000,,,,,,0,,,,,,,,,,,,,binance_liquidations,ethusdt,0.0,0.0,518.0,588.0,4683418.92118,3260027.64946,7943446.57064,7182.139756455696,641.3451,11572.105,134140.005,297778.17574000004,501485.06992,0.328,68.94,1915.16,1988.22
2026-02-21,443,1771633096206000,1771718187316000,,,,,,0,,,,,,,,,,,,,binance_liquidations,ethusdt,0.0,0.0,248.0,195.0,1584526.77891,640931.48274,2225458.26165,5023.607814108353,333.52319,8322.66576,95602.1647,242139.73047,242139.73047,0.169,48.454,1947.72,2002.5
2026-02-22,601,1771718414746000,1771804651639000,,,,,,0,,,,,,,,,,,,,binance_liquidations,ethusdt,0.0,0.0,204.0,397.0,504363.55979,1550370.75159,2054734.31138,3418.859087154742,384.8863,6111.1241,68860.0392,138825.75199999998,156082.4943,0.195,35.47,1926.7,2022.91
2026-02-23,1935,1771805076695000,1771890490171000,,,,,,0,,,,,,,,,,,,,binance_liquidations,ethusdt,0.0,0.0,663.0,1272.0,5218629.95685,12839404.06984,18058034.02669,9332.31732645478,622.69002,11038.68,139208.25,769404.4488,2755695.0,0.326,75.0,1829.23,1961.25
2026-02-24,1544,1771891236450000,1771977551360000,,,,,,0,,,,,,,,,,,,,binance_liquidations,ethusdt,0.0,0.0,583.0,961.0,3013812.64722,4145262.70766,7159075.35488,4636.706836062176,605.58048,9140.7,73069.2,173586.36119,448152.9906,0.33,40.0,1795.98,2104.69
2026-02-25,2091,1771977689621000,1772063995256000,,,,,,0,,,,,,,,,,,,,binance_liquidations,ethusdt,0.0,0.0,1360.0,731.0,12074159.03126,7946356.48907,20020515.52033,9574.61287438068,810.93009,13306.41516,200616.8976,735793.16514,961350.0,0.404,100.265,1838.44,2154.2
2026-02-26,1585,1772064121577000,1772149892575000,,,,,,0,,,,,,,,,,,,,binance_liquidations,ethusdt,0.0,0.0,798.0,787.0,5911074.45479,5078019.66319,10989094.11798,6933.182408820189,678.84459,10537.156,114598.60327,633024.76328,959155.95978,0.331,55.301,1967.46,2090.29
2026-02-27,1602,1772150521483000,1772236320508000,,,,,,0,,,,,,,,,,,,,binance_liquidations,ethusdt,0.0,0.0,547.0,1055.0,3327063.94228,12031340.20703,15358404.14931,9587.018819794008,732.22906,11591.7,132916.24865,584397.0,2924730.0,0.367,67.137,1879.06,2070.76
2026-02-28,2062,1772236951557000,1772322590541000,,,,,,0,,,,,,,,,,,,,binance_liquidations,ethusdt,0.0,0.0,995.0,1067.0,8138894.14922,6921123.33167,15060017.48089,7303.597226425801,815.4604800000001,13367.13696,132107.68,279390.42552,404245.20459,0.428,68.0,1828.02,1991.43
2026-03-01,1924,1772323214441000,1772408968412000,,,,,,0,,,,,,,,,,,,,binance_liquidations,ethusdt,0.0,0.0,842.0,1082.0,5383022.47315,7283827.34564,12666849.81879,6583.60177691788,771.45416,10626.13548,123203.1108,276883.13304000004,791066.8942,0.39,64.68,1898.81,2062.1
2026-03-02,2084,1772409786354000,1772495267120000,,,,,,0,,,,,,,,,,,,,binance_liquidations,ethusdt,0.0,0.0,1202.0,882.0,8729679.77459,5549115.55436,14278795.32895,6851.629236540308,745.81878,10693.5328,123193.539,348121.3304,728152.26234,0.377,63.087,1913.05,2093.51
2026-03-03,2112,1772496229398000,1772582279428000,,,,,,0,,,,,,,,,,,,,binance_liquidations,ethusdt,0.0,0.0,933.0,1179.0,12113407.13039,9216607.84305,21330014.97344,10099.438907878788,753.68044,12481.28585,147742.91327,778713.47109,3485335.0,0.38,75.226,1921.01,2048.26
2026-03-04,2475,1772582475156000,1772668789213000,,,,,,0,,,,,,,,,,,,,binance_liquidations,ethusdt,0.0,0.0,1568.0,907.0,13114764.59013,6513139.37264,19627903.96277,7930.466247583839,701.2722,11968.7822,153464.77636,651819.8147999999,969556.98006,0.34,73.234,1936.14,2292.11
2026-03-05,1836,1772668959041000,1772755081146000,,,,,,0,,,,,,,,,,,,,binance_liquidations,ethusdt,0.0,0.0,881.0,955.0,5560965.18707,6432273.151699999,11993238.33877,6532.264890397603,515.79281,9766.64605,109402.75472,349479.04799999995,1305797.9766399998,0.245,52.958,2045.83,2171.13
2026-03-06,1526,1772755875476000,1772841359687000,,,,,,0,,,,,,,,,,,,,binance_liquidations,ethusdt,0.0,0.0,513.0,1013.0,1729002.56157,5877664.94005,7606667.50162,4984.710027273919,426.55842,8193.6825,64565.47926,295034.3297,785302.0268400001,0.211,31.649,1947.75,2100.36
2026-03-07,688,1772843599176000,1772926552106000,,,,,,0,,,,,,,,,,,,,binance_liquidations,ethusdt,0.0,0.0,242.0,446.0,798224.55271,1682143.89399,2480368.4467,3605.186695784884,431.365,7174.79136,58820.62161,130711.12824,133868.67496,0.22,30.007,1940.48,2003.45
2026-03-08,1125,1772928249637000,1773014332734000,,,,,,0,,,,,,,,,,,,,binance_liquidations,ethusdt,0.0,0.0,423.0,702.0,3328496.18887,3157837.46338,6486333.65225,5765.629913111111,706.96074,10238.5528,99723.72312,302992.80712,671440.8300999999,0.366,51.544,1903.98,1986.76
2026-03-09,1629,1773014412578000,1773100655121000,,,,,,0,,,,,,,,,,,,,binance_liquidations,ethusdt,0.0,0.0,899.0,730.0,5872052.44938,5963570.82223,11835623.27161,7265.575980116636,618.29355,10096.86604,154747.99724,510153.1695,554922.93924,0.309,76.898,1921.53,2060.44
2026-03-10,1487,1773100880891000,1773186975520000,,,,,,0,,,,,,,,,,,,,binance_liquidations,ethusdt,0.0,0.0,836.0,651.0,6683978.84985,5006687.63743,11690666.48728,7861.914248338938,645.9765,11004.870239999998,152567.31633,417137.09315,1374493.70806,0.316,74.335,1983.66,2095.19
2026-03-11,1258,1773187454738000,1773272874409000,,,,,,0,,,,,,,,,,,,,binance_liquidations,ethusdt,0.0,0.0,672.0,586.0,7928955.47673,3817774.98632,11746730.46305,9337.623579531002,794.67696,10106.4,104517.3636,810983.5392400001,2346655.32709,0.389,50.188,1998.37,2093.15
2026-03-12,1188,1773273972429000,1773359804071000,,,,,,0,,,,,,,,,,,,,binance_liquidations,ethusdt,0.0,0.0,666.0,522.0,5225902.0302800005,4276009.76663,9501911.79691,7998.242253291247,604.317,10399.7,156567.97814000002,640921.33728,800188.1210400001,0.296,77.917,2008.94,2102.93
2026-03-13,1829,1773360562678000,1773444133780000,,,,,,0,,,,,,,,,,,,,binance_liquidations,ethusdt,0.0,0.0,998.0,831.0,9036184.94367,8359010.1874,17395195.13107,9510.76825099508,786.86588,14891.48864,172325.6,598657.8082499999,1251624.1936100002,0.371,80.0,2069.66,2214.23
2026-03-14,519,1773446570404000,1773532523615000,,,,,,0,,,,,,,,,,,,,binance_liquidations,ethusdt,0.0,0.0,251.0,268.0,1412604.7089,1306994.7121,2719599.421,5240.075955684008,455.9103,6513.843999999999,83162.25048999999,279848.91105,292767.97250000003,0.222,40.513,2052.19,2113.0
2026-03-15,943,1773533141401000,1773619085308000,,,,,,0,,,,,,,,,,,,,binance_liquidations,ethusdt,0.0,0.0,610.0,333.0,4548010.53667,1893856.39253,6441866.9292,6831.248069141039,595.25638,12449.1515,116591.2,305420.74649999995,458485.245,0.28,54.948,2074.27,2210.55
2026-03-16,2339,1773619207234000,1773705531324000,,,,,,0,,,,,,,,,,,,,binance_liquidations,ethusdt,0.0,0.0,1635.0,704.0,10974993.18018,5613737.56924,16588730.74942,7092.232043360411,790.6906799999999,11118.017789999998,126092.47623,545211.14256,764321.78733,0.34,54.291,2155.75,2419.17
2026-03-17,1658,1773705613929000,1773791884081000,,,,,,0,,,,,,,,,,,,,binance_liquidations,ethusdt,0.0,0.0,893.0,765.0,6702240.742000001,6202497.56853,12904738.31053,7783.316230717732,674.17636,12424.57308,135622.65237,346835.99999999994,791816.1138899999,0.288,58.292,2287.06,2384.61
2026-03-18,1935,1773792064781000,1773877746477000,,,,,,0,,,,,,,,,,,,,binance_liquidations,ethusdt,0.0,0.0,705.0,1230.0,7931899.19453,18263485.48034,26195384.67487,13537.666498640829,664.128,12630.98648,203540.19576000003,1760972.43742,4375373.728,0.302,90.0,2143.8,2357.34
2026-03-19,2238,1773878429910000,1773964601805000,,,,,,0,,,,,,,,,,,,,binance_liquidations,ethusdt,0.0,0.0,776.0,1462.0,6870755.22229,10280596.74584,17151351.96813,7663.696143042895,504.65051000000005,10665.32922,177442.89145,511879.5,811028.25531,0.236,82.659,2090.89,2241.43
2026-03-20,1367,1773964918168000,1774048601186000,,,,,,0,,,,,,,,,,,,,binance_liquidations,ethusdt,0.0,0.0,636.0,731.0,5384444.62701,4325659.4557,9710104.08271,7103.221713760058,428.79933,10573.6,156888.47032,378673.94175,749262.3266400001,0.2,72.427,2108.17,2183.18
2026-03-21,569,1774052203420000,1774137569715000,,,,,,0,,,,,,,,,,,,,binance_liquidations,ethusdt,0.0,0.0,213.0,356.0,894860.20427,2787077.62528,3681937.82955,6470.892494815465,367.3411,9928.186000000002,64465.85466,389391.28441,656234.0657599999,0.172,30.062,2061.92,2175.56
2026-03-22,1505,1774137615531000,1774223676441000,,,,,,0,,,,,,,,,,,,,binance_liquidations,ethusdt,0.0,0.0,554.0,951.0,3203478.0729,4700018.06401,7903496.13691,5251.492449774087,603.3596,10710.55769,88428.37023999999,199529.6682,367382.0848499999,0.29,43.156,2016.83,2134.09
2026-03-23,2113,1774224021664000,1774310175311000,,,,,,0,,,,,,,,,,,,,binance_liquidations,ethusdt,0.0,0.0,1026.0,1087.0,8635750.64822,7298490.52357,15934241.17179,7541.051193464269,716.5976,13005.1842,151528.69290000002,333739.32625,1303531.6195,0.342,72.566,2014.36,2206.26
2026-03-24,1183,1774310433199000,1774396617094000,,,,,,0,,,,,,,,,,,,,binance_liquidations,ethusdt,0.0,0.0,588.0,595.0,6130682.33639,2558232.51216,8688914.84855,7344.813904099746,475.4751600000001,8488.68,107691.5,404311.49598,2557062.15632,0.222,50.228,2094.19,2182.73
2026-03-25,977,1774397455119000,1774482306383000,,,,,,0,,,,,,,,,,,,,binance_liquidations,ethusdt,0.0,0.0,533.0,444.0,20410304.346570004,2496215.25103,22906519.5976,23445.77236192426,674.22001,11910.085,131676.43304,4415126.26461,12002386.08293,0.311,61.469,2137.69,2238.76
2026-03-26,1055,1774483214405000,1774569176112000,,,,,,0,,,,,,,,,,,,,binance_liquidations,ethusdt,0.0,0.0,264.0,791.0,2716662.41274,5393399.87669,8110062.28943,7687.262833582939,555.9996,13215.29555,131518.21752,590806.68036,693475.2195,0.268,63.144,2025.62,2179.8
2026-03-27,1267,1774569681461000,1774655414286000,,,,,,0,,,,,,,,,,,,,binance_liquidations,ethusdt,0.0,0.0,414.0,853.0,2673194.43004,4138168.08171,6811362.51175,5375.976725927388,585.89944,9470.59554,100478.74652,295828.29240000003,568395.16016,0.291,50.067,1962.82,2098.0
2026-03-28,619,1774656108683000,1774741696118000,,,,,,0,,,,,,,,,,,,,binance_liquidations,ethusdt,0.0,0.0,231.0,388.0,1091088.0083,1793541.5711,2884629.5794,4660.14471631664,576.9927,7735.84695,83902.92325,225822.30115,269066.7083,0.29,41.575,1973.92,2045.59
2026-03-29,723,1774742413497000,1774828475631000,,,,,,0,,,,,,,,,,,,,binance_liquidations,ethusdt,0.0,0.0,282.0,441.0,2373336.38388,2474250.39134,4847586.77522,6704.822648990318,559.8419200000001,10582.832,124246.8527,443518.22,803673.77736,0.283,62.626,1929.99,2026.62
2026-03-30,1192,1774829106507000,1774913813523000,,,,,,0,,,,,,,,,,,,,binance_liquidations,ethusdt,0.0,0.0,587.0,605.0,5524170.52287,4760693.43023,10284863.9531,8628.241571392617,703.5316200000001,12143.34,129889.54748,456361.59591,1512133.9233,0.346,64.526,1971.28,2091.55
2026-03-31,1509,1774915606120000,1775001563502000,,,,,,0,,,,,,,,,,,,,binance_liquidations,ethusdt,0.0,0.0,870.0,639.0,6607723.31834,16936769.34912,23544492.66746,15602.712171941685,741.4775999999999,15442.089569999998,120715.27611,461635.43355,11658347.9103,0.358,57.369,2004.08,2130.04
2026-04-01,1316,1775001676540000,1775086871678000,,,,,,0,,,,,,,,,,,,,binance_liquidations,ethusdt,0.0,0.0,807.0,509.0,8353508.369209999,4947051.64529,13300560.0145,10106.808521656534,651.761,11996.495530000002,149198.69999999998,761401.81446,2573381.30652,0.307,70.0,2073.54,2199.24
2026-04-02,1679,1775088217657000,1775173361161000,,,,,,0,,,,,,,,,,,,,binance_liquidations,ethusdt,0.0,0.0,604.0,1075.0,5457547.72633,6228686.2971,11686234.02343,6960.234677444908,577.1420999999999,11545.3284,136549.75467999998,302558.72000000003,589450.8112000001,0.281,65.258,2008.4,2166.62
2026-04-03,614,1775174453362000,1775259890575000,,,,,,0,,,,,,,,,,,,,binance_liquidations,ethusdt,0.0,0.0,289.0,325.0,913784.16292,1059882.68577,1973666.84869,3214.441121644951,483.31296,5992.504800000001,53713.69875,102067.5,210926.1072,0.234,26.205,2032.83,2084.73
2026-04-04,443,1775261192475000,1775347003293000,,,,,,0,,,,,,,,,,,,,binance_liquidations,ethusdt,0.0,0.0,246.0,197.0,1437877.97295,832559.27925,2270437.2522,5125.1405241534985,548.03052,8637.66144,60413.7963,288031.8,288031.8,0.268,29.37,2035.37,2090.94
2026-04-05,773,1775348356241000,1775433234261000,,,,,,0,,,,,,,,,,,,,binance_liquidations,ethusdt,0.0,0.0,382.0,391.0,2260131.51401,13063127.90967,15323259.423679998,19823.10404098318,625.5184,12684.86928,195999.01412000004,306593.8,10089388.333919998,0.305,95.0,2010.54,2129.92
2026-04-06,1068,1775433608728000,1775519885369000,,,,,,0,,,,,,,,,,,,,binance_liquidations,ethusdt,0.0,0.0,556.0,512.0,4340221.1744,3412576.7918,7752797.9662,7259.1741256554305,638.74305,11407.92696,129711.94508,449827.95,886035.8521600001,0.3,59.714,2078.91,2181.02
2026-04-07,1620,1775520021123000,1775606239369000,,,,,,0,,,,,,,,,,,,,binance_liquidations,ethusdt,0.0,0.0,1025.0,595.0,9308999.57169,4342364.63129,13651364.20298,8426.768026530865,614.6112,12960.56784,158252.12106,777882.2946,1047577.1733,0.291,75.471,2052.36,2281.79
2026-04-08,1226,1775606442634000,1775692212721000,,,,,,0,,,,,,,,,,,,,binance_liquidations,ethusdt,0.0,0.0,606.0,620.0,4907282.00879,4595037.62817,9502319.63696,7750.668545644372,575.7645,11138.2822,144956.46582,363734.5004000001,609647.6931200001,0.257,65.301,2171.1,2278.8
2026-04-09,1266,1775692900733000,1775779086193000,,,,,,0,,,,,,,,,,,,,binance_liquidations,ethusdt,0.0,0.0,653.0,613.0,4484623.03542,6206701.09396,10691324.12938,8444.963767282781,627.7809299999999,11867.788800000002,154052.93199999997,494128.3894,732852.51567,0.283,70.66,2148.61,2538.01
2026-04-10,966,1775779274140000,1775865041085000,,,,,,0,,,,,,,,,,,,,binance_liquidations,ethusdt,0.0,0.0,612.0,354.0,3757202.26873,2256607.81838,6013810.08711,6225.476280652174,652.31057,11186.6182,127280.62144,301383.05184000003,309131.61822,0.289,57.008,2167.03,2265.04
2026-04-11,714,1775866523605000,1775951850456000,,,,,,0,,,,,,,,,,,,,binance_liquidations,ethusdt,0.0,0.0,457.0,257.0,3798902.05419,1714589.10961,5513491.1638,7721.976419887956,659.21484,11289.0764,84289.83080000001,820424.19205,1052266.5,0.294,36.58,2219.19,2338.37
2026-04-12,1095,1775952104533000,1776037964622000,,,,,,0,,,,,,,,,,,,,binance_liquidations,ethusdt,0.0,0.0,379.0,716.0,2035440.87599,11384909.59648,13420350.47247,12256.027828739723,700.371,12040.8337,115075.4304,1964788.46256,2914571.90115,0.316,52.269,2167.14,2295.57
2026-04-13,1589,1776038483617000,1776124744367000,,,,,,0,,,,,,,,,,,,,binance_liquidations,ethusdt,0.0,0.0,1075.0,514.0,11657483.14717,2891598.92583,14549082.073,9156.124652611705,831.2690000000001,13369.234060000004,158375.7,693644.4390400001,807071.2490999999,0.377,69.189,2166.21,2403.29
2026-04-14,1560,1776124814599000,1776210842228000,,,,,,0,,,,,,,,,,,,,binance_liquidations,ethusdt,0.0,0.0,892.0,668.0,26615953.47025,12959233.02572,39575186.49597,25368.709292288466,1590.1311,35446.05,297084.21666000003,1910952.46408,10047264.66644,0.675,124.379,2292.82,2431.06
2026-04-15,1091,1776211273262000,1776297080601000,,,,,,0,,,,,,,,,,,,,binance_liquidations,ethusdt,0.0,0.0,656.0,435.0,16712988.12711,4133531.38376,20846519.51087,19107.717241860675,1387.58336,32948.949440000004,300364.68878,1013245.311,2614887.0,0.591,125.982,2299.71,2393.74
2026-04-16,1219,1776298137124000,1776383712611000,,,,,,0,,,,,,,,,,,,,binance_liquidations,ethusdt,0.0,0.0,660.0,559.0,19445929.23677,21510505.33499,40956434.57176,33598.387671665296,1923.40435,44704.23985,637618.39884,1999234.4734,6889385.0,0.823,275.839,2271.47,2377.91
2026-04-17,1554,1776384015510000,1776469538611000,,,,,,0,,,,,,,,,,,,,binance_liquidations,ethusdt,0.0,0.0,1011.0,543.0,59111870.78388,9043460.32934,68155331.11322,43857.9994293565,2420.74,65836.26000000001,549373.6974,2382460.0,12087584.08,1.0,225.852,2307.73,2472.91
2026-04-18,1052,1776470453651000,1776556686598000,,,,,,0,,,,,,,,,,,,,binance_liquidations,ethusdt,0.0,0.0,389.0,663.0,2850759.30547,17626901.628680002,20477660.93415,19465.45716173954,1549.19945,32474.708420000003,314508.642,781818.82811,2049058.4793,0.649,133.35,2329.04,2435.89
2026-04-19,1259,1776557659441000,1776643185166000,,,,,,0,,,,,,,,,,,,,binance_liquidations,ethusdt,0.0,0.0,404.0,855.0,7848113.37403,40040887.55576,47889000.92979,38037.33195376489,1732.6133,57779.72325,566000.75994,3358890.0000000005,6378997.84704,0.737,247.625,2239.26,2361.16
2026-04-20,1287,1776643224342000,1776729418193000,,,,,,0,,,,,,,,,,,,,binance_liquidations,ethusdt,0.0,0.0,707.0,580.0,31315312.13391,10628660.94394,41943973.07785,32590.49967198912,1633.0275,48542.9627,504861.5176,3065350.00395,5809994.38176,0.708,221.38,2250.96,2355.0
2026-04-21,1037,1776729671390000,1776815526392000,,,,,,0,,,,,,,,,,,,,binance_liquidations,ethusdt,0.0,0.0,510.0,527.0,8282578.43958,6779332.65048,15061911.09006,14524.504426287367,1512.1684,26837.17092,255226.17866000003,563280.43395,810886.13767,0.652,109.313,2276.04,2345.86
2026-04-22,1132,1776816093728000,1776902384599000,,,,,,0,,,,,,,,,,,,,binance_liquidations,ethusdt,0.0,0.0,752.0,380.0,36593217.39636,7967861.2879,44561078.68426,39364.910498462894,2273.33932,60044.75,787766.5917400001,3076237.44246,3315383.8617899995,0.958,330.797,2304.16,2431.58
2026-04-23,1078,1776902422560000,1776988355651000,,,,,,0,,,,,,,,,,,,,binance_liquidations,ethusdt,0.0,0.0,406.0,672.0,5748504.97578,31685259.79606,37433764.77184,34725.19923176252,2223.0095,53632.61685,310484.90062,1069289.0181600002,10252260.0,0.95,135.251,2276.5,2389.72
2026-04-24,718,1776989597321000,1777072815783000,,,,,,0,,,,,,,,,,,,,binance_liquidations,ethusdt,0.0,0.0,294.0,424.0,3723420.84701,5389300.67457,9112721.52158,12691.812704150418,1310.7036799999998,22177.28522,170848.65962999998,689952.0945,1093878.5616,0.572,74.091,2289.99,2435.78
2026-04-25,288,1777075205759000,1777161330359000,,,,,,0,,,,,,,,,,,,,binance_liquidations,ethusdt,0.0,0.0,107.0,181.0,1494969.63607,1220636.34503,2715605.9811,9429.187434375,1347.67035,22147.297560000003,120730.0001,301650.80568000005,301650.80568000005,0.585,51.791,2290.79,2331.23
2026-04-26,402,1777161844422000,1777247988658000,,,,,,0,,,,,,,,,,,,,binance_liquidations,ethusdt,0.0,0.0,255.0,147.0,16128196.28487,1570112.2166,17698308.50147,44025.64303848259,2272.64148,72539.352,804039.2271,3031954.90352,3031954.90352,0.975,343.22,2295.97,2391.16
2026-04-27,960,1777248170210000,1777334103359000,,,,,,0,,,,,,,,,,,,,binance_liquidations,ethusdt,0.0,0.0,366.0,594.0,21429298.54751,28890302.39271,50319600.94022,52416.25097939583,2292.01637,81282.18390000002,603579.1095,3710720.0,12086030.2816,0.994,260.525,2204.1,2412.93
2026-04-28,692,1777334458637000,1777420705164000,,,,,,0,,,,,,,,,,,,,binance_liquidations,ethusdt,0.0,0.0,290.0,402.0,5309079.68485,6432696.36867,11741776.05352,16967.884470404624,1385.6455,28603.60425,225925.0,921160.0,1075192.93348,0.61,100.0,2246.83,2318.55
2025-11-01,1492868,1761955200015000,1762041599843000,,,,,,0,,,,,,,,,,,,,binance_trades,btcusdt,0.0,0.0,743358.0,749510.0,2325832045.6377,2253836724.5522,4579668770.1899,3067.698396770445,220.4076,5951.8476,47118.0409,127750.898,6624000.0,0.002,0.428,109351.5,110557.0
2025-11-02,2070234,1762041601372000,1762127999927000,,,,,,0,,,,,,,,,,,,,binance_trades,btcusdt,0.0,0.0,1013156.0,1057078.0,3237150613.2456,3506905283.9843,6744055897.2299,3257.629764186029,220.828,5958.8892000000005,53235.2522,182458.552,8488943.0,0.002,0.482,109368.9,111216.0
2025-11-03,5811943,1762128000033000,1762214399857000,,,,,,0,,,,,,,,,,,,,binance_trades,btcusdt,0.0,0.0,2893929.0,2918014.0,9132874748.491,9556985178.7757,18689859927.2667,3215.7679329041425,215.198,5815.0872,53172.3,161297.55,63913098.108,0.002,0.498,105300.0,110711.0
2025-11-04,8565627,1762214400014000,1762300799991000,,,,,,0,,,,,,,,,,,,,binance_trades,btcusdt,0.0,0.0,4254661.0,4310966.0,13963724893.1536,15009433303.0438,28973158196.1974,3382.491228744539,209.0424,6815.408800000001,52280.074,153164.95,24362257.6,0.002,0.51,98888.8,107271.9
2025-11-05,6085360,1762300800016000,1762387199882000,,,,,,0,,,,,,,,,,,,,binance_trades,btcusdt,0.0,0.0,2995547.0,3089813.0,8703540506.55,8421881088.1473,17125421594.6973,2814.200243649891,207.68,5196.75,42645.34559999999,125530.848,35282812.6,0.002,0.417,98909.7,104497.6
2025-11-06,5320897,1762387200018000,1762473598986000,,,,,,0,,,,,,,,,,,,,binance_trades,btcusdt,0.0,0.0,2693093.0,2627804.0,7459083203.6572,7363173954.4173,14822257158.0745,2785.668874641719,206.7604,5081.794900000001,44260.3007,122092.4232,24402866.8,0.002,0.433,100238.4,104210.2
2025-11-07,5603055,1762473600016000,1762559999884000,,,,,,0,,,,,,,,,,,,,binance_trades,btcusdt,0.0,0.0,2804590.0,2798465.0,8177204667.1575,8441021745.8417,16618226412.9992,2965.922414289919,207.5378,5681.2413,46240.2304,130087.104,28441700.0,0.002,0.454,99200.0,104070.7
2025-11-08,2558975,1762560000059000,1762646399931000,,,,,,0,,,,,,,,,,,,,binance_trades,btcusdt,0.0,0.0,1242081.0,1316894.0,3377826350.2901,3850684211.1129,7228510561.403,2824.767948652488,206.3924,5514.9174,44456.5296,110628.6016,8586111.303000001,0.002,0.434,101400.1,103373.8
2025-11-09,3231981,1762646400017000,1762732799847000,,,,,,0,,,,,,,,,,,,,binance_trades,btcusdt,0.0,0.0,1652741.0,1579240.0,4969753127.3583,4569573472.6052,9539326599.9635,2951.541670561646,209.9362,5965.3977,44421.47,119668.3376,6225093.507,0.002,0.43,101300.0,105440.0
2025-11-10,4212641,1762732800063000,1762819199742000,,,,,,0,,,,,,,,,,,,,binance_trades,btcusdt,0.0,0.0,2090779.0,2121862.0,6193440756.4273,6543071946.7885,12736512703.2158,3023.403300498618,212.4592,5291.64,51333.1275,138238.141,14088645.4,0.002,0.486,104205.9,106666.0
2025-11-11,4760167,1762819200791000,1762905599899000,,,,,,0,,,,,,,,,,,,,binance_trades,btcusdt,0.0,0.0,2338785.0,2421382.0,6747030483.4863,7130769816.0814,13877800299.5677,2915.4019805539806,212.416,5265.22,48964.5618,131844.5268,14056161.6,0.002,0.468,102400.0,107473.7
2025-11-12,4703497,1762905600018000,1762991999795000,,,,,,0,,,,,,,,,,,,,binance_trades,btcusdt,0.0,0.0,2351703.0,2351794.0,7165597312.5987,7351223939.9557,14516821252.5544,3086.3889681559062,209.2236,5274.644399999999,53521.248,167040.4622,17667476.335,0.002,0.52,100711.0,105297.0
2025-11-13,7282317,1762992000011000,1763078399924000,,,,,,0,,,,,,,,,,,,,binance_trades,btcusdt,0.0,0.0,3686549.0,3595768.0,11901843043.0196,11943007362.065,23844850405.0846,3274.3494144905526,295.4955,7042.809300000001,49751.5044,149955.232,76746970.3,0.003,0.493,97959.0,104024.6
2025-11-14,9131130,1763078400017000,1763164799796000,,,,,,0,,,,,,,,,,,,,binance_trades,btcusdt,0.0,0.0,4554388.0,4576742.0,13095740788.0603,14602403433.7355,27698144221.7958,3033.375302048684,289.29,5989.6216,47138.314,145768.25079999998,24898370.0,0.003,0.492,93955.0,99862.8
2025-11-15,3291285,1763164800013000,1763251199852000,,,,,,0,,,,,,,,,,,,,binance_trades,btcusdt,0.0,0.0,1703570.0,1587715.0,4524763875.4526005,4124067091.5045,8648830966.9571,2627.7976434605634,287.8242,5397.7461,39288.82399999999,103309.008,8109734.12,0.003,0.41,94523.9,96800.0
2025-11-16,4603647,1763251200013000,1763337599597000,,,,,,0,,,,,,,,,,,,,binance_trades,btcusdt,0.0,0.0,2293277.0,2310370.0,6173742022.8218,6685082215.4251,12858824238.2469,2793.182065924451,283.2081,4993.554,44899.6044,140034.609,50445407.99999999,0.003,0.474,92922.8,96600.0
2025-11-17,6449711,1763337600012000,1763423999836000,,,,,,0,,,,,,,,,,,,,binance_trades,btcusdt,0.0,0.0,3194158.0,3255553.0,9200410209.0584,10050983394.9034,19251393603.9618,2984.845926268913,282.2922,5929.1631,47314.55820000001,134182.5668,25388219.2,0.003,0.5,91250.0,96012.2
2025-11-18,7177879,1763424000115000,1763510399526000,,,,,,0,,,,,,,,,,,,,binance_trades,btcusdt,0.0,0.0,3508578.0,3669301.0,10415476230.4553,10871960922.2137,21287437152.669,2965.700195373731,274.5138,5977.312,45795.7044,124369.2472,14355681.96,0.003,0.5,89012.0,93799.1
2025-11-19,6320421,1763510400072000,1763596799891000,,,,,,0,,,,,,,,,,,,,binance_trades,btcusdt,0.0,0.0,3139165.0,3181256.0,10117791410.3861,10413707054.108,20531498464.4941,3248.4384291005454,272.18730000000005,5911.3152,54419.2099,164556.8704,25424000.0,0.003,0.601,88564.4,92944.8
2025-11-20,7702463,1763596800039000,1763683199895000,,,,,,0,,,,,,,,,,,,,binance_trades,btcusdt,0.0,0.0,3827349.0,3875114.0,11927416882.025,12782685402.9055,24710102284.9305,3208.078024513782,266.2524,5772.988,55024.6644,138154.1725,24937895.0,0.003,0.616,86066.6,93150.0
2025-11-21,12106305,1763683200009000,1763769599697000,,,,,,0,,,,,,,,,,,,,binance_trades,btcusdt,0.0,0.0,5960745.0,6145560.0,17962177742.726,19803979679.0963,37766157421.8223,3119.5445201341204,252.27390000000003,5914.993,48212.96599999999,149967.9507,37095044.3,0.003,0.574,80600.0,87465.4
2025-11-22,3300917,1763769600008000,1763855999425000,,,,,,0,,,,,,,,,,,,,binance_trades,btcusdt,0.0,0.0,1630158.0,1670759.0,3954507260.5794,3990398085.0731,7944905345.6525,2406.8782540283505,253.2111,4581.0144,40673.79289999999,106019.7765,6417561.2,0.003,0.483,83456.0,85599.9
2025-11-23,3866414,1763856000883000,1763942399921000,,,,,,0,,,,,,,,,,,,,binance_trades,btcusdt,0.0,0.0,1889026.0,1977388.0,5987784063.7055,6033678726.6723,12021462790.3778,3109.202167791085,260.2962,5721.315600000001,50974.16,154071.028,11999955.648,0.003,0.589,84622.0,88100.0
2025-11-24,5760743,1763942400183000,1764028799901000,,,,,,0,,,,,,,,,,,,,binance_trades,btcusdt,0.0,0.0,2855626.0,2905117.0,9011124358.8684,9378974239.586,18390098598.4544,3192.3136648266377,261.3465,5961.152,51932.0494,149989.4064,16281061.35,0.003,0.596,85226.4,89177.3
2025-11-25,3934906,1764028801009000,1764115199878000,,,,,,0,,,,,,,,,,,,,binance_trades,btcusdt,0.0,0.0,1970967.0,1963939.0,6347967246.0369,6710152692.844,13058119938.8809,3318.534150213728,262.4997,5999.826000000001,53175.4215,149341.99,24753040.200000003,0.003,0.609,86061.1,88477.6
2025-11-26,3774838,1764115200979000,1764201599962000,,,,,,0,,,,,,,,,,,,,binance_trades,btcusdt,0.0,0.0,1852989.0,1921849.0,6867895385.2314005,7168035988.9912,14035931374.2226,3718.2870825774776,263.8362,7252.54,60521.81639999999,166702.4439,17462244.8387,0.003,0.691,86260.9,90655.4
2025-11-27,2798297,1764201600036000,1764287997479000,,,,,,0,,,,,,,,,,,,,binance_trades,btcusdt,0.0,0.0,1380487.0,1417810.0,5097905207.2563,5265463267.89,10363368475.1463,3703.4555213925823,274.1358,6841.7175,63299.59019999999,169366.5,28667074.700000003,0.003,0.694,90024.4,91931.9
2025-11-28,3370293,1764288001028000,1764374399996000,,,,,,0,,,,,,,,,,,,,binance_trades,btcusdt,0.0,0.0,1692045.0,1678248.0,6816775836.8546,6622383248.7383,13439159085.5929,3987.534343629144,275.5224,8004.611999999999,65885.8494,171124.8704,4351519.0,0.003,0.718,90155.0,93080.0
2025-11-29,1422235,1764374400902000,1764460799889000,,,,,,0,,,,,,,,,,,,,binance_trades,btcusdt,0.0,0.0,709227.0,713008.0,2398679795.777,2513975518.9582,4912655314.7352,3454.179734527135,272.34540000000004,6693.892,54614.4,168388.01280000003,2577479.4000000004,0.003,0.603,90092.7,91130.0
2025-11-30,1670685,1764460800906000,1764547199972000,,,,,,0,,,,,,,,,,,,,binance_trades,btcusdt,0.0,0.0,837872.0,832813.0,3060585262.4636,2969892649.4327,6030477911.8963,3609.5840400172974,274.2174,6649.1612,59380.7722,168596.8128,23472737.055,0.003,0.65,90300.0,91934.4
2025-12-01,6767867,1764547200047000,1764633599685000,,,,,,0,,,,,,,,,,,,,binance_trades,btcusdt,0.0,0.0,3391195.0,3376672.0,12724316623.1197,12853168786.2162,25577485409.3359,3779.2535534956432,258.9828,6577.925200000001,67494.6153,166500.6464,29869243.593,0.003,0.785,83786.0,90396.9
2025-12-02,5320364,1764633600114000,1764719999613000,,,,,,0,,,,,,,,,,,,,binance_trades,btcusdt,0.0,0.0,2692076.0,2628288.0,10368493910.7984,10029524098.8774,20398018009.6758,3833.951588589766,272.0556,7998.8204,61877.47170000001,174980.1159,26799864.0,0.003,0.696,86140.1,92273.2
2025-12-03,5434899,1764720000975000,1764806399673000,,,,,,0,,,,,,,,,,,,,binance_trades,btcusdt,0.0,0.0,2728280.0,2706619.0,9440028361.8846,9235639865.4466,18675668227.3312,3436.2493631125803,278.5986,6410.0931,57925.7795,167675.508,17266605.3,0.003,0.625,90954.8,94185.0
2025-12-04,4163902,1764806400080000,1764892799920000,,,,,,0,,,,,,,,,,,,,binance_trades,btcusdt,0.0,0.0,2069849.0,2094053.0,6667329541.1233,6930111868.5686,13597441409.6919,3265.5526978521348,278.2239,5684.9908,58597.70359999999,144117.915,18134255.0,0.003,0.631,90822.5,94040.0
2025-12-05,4515266,1764892800045000,1764979199713000,,,,,,0,,,,,,,,,,,,,binance_trades,btcusdt,0.0,0.0,2239362.0,2275904.0,7995869958.2317,8170417148.5763,16166287106.808,3580.3620665555472,271.3014,5998.9800000000005,65782.78199999999,167076.0,22750000.0,0.003,0.73,87976.3,92665.5
2025-12-06,1591698,1764979201046000,1765065599716000,,,,,,0,,,,,,,,,,,,,binance_trades,btcusdt,0.0,0.0,784967.0,806731.0,2486142149.2287,2601030967.2647,5087173116.4934,3196.066789361675,268.8603,5461.33,56943.37100000001,145614.4984,6630781.3440000005,0.003,0.637,88870.1,90257.3
2025-12-07,3338858,1765065600882000,1765151999961000,,,,,,0,,,,,,,,,,,,,binance_trades,btcusdt,0.0,0.0,1670309.0,1668549.0,5924783029.4539,5690939837.3228,11615722866.7767,3478.9508468993595,269.9676,5972.712,63525.3152,147985.2088,10618852.0,0.003,0.707,87688.0,91722.0
2025-12-08,4053713,1765152000091000,1765238399975000,,,,,,0,,,,,,,,,,,,,binance_trades,btcusdt,0.0,0.0,2029607.0,2024106.0,6898485431.323,6952688077.0772,13851173508.4002,3416.9102520085166,272.9805,6363.738900000001,59768.8638,151732.4392,10205886.6,0.003,0.657,89553.8,92262.6
2025-12-09,4479556,1765238400030000,1765324799985000,,,,,,0,,,,,,,,,,,,,binance_trades,btcusdt,0.0,0.0,2254597.0,2224959.0,8446337566.9607,8300429917.5071,16746767484.4678,3738.488252958061,278.3412,6860.2844,67841.433,161017.5128,30304440.0,0.003,0.734,89368.9,94555.0
2025-12-10,4231885,1765324800067000,1765411199688000,,,,,,0,,,,,,,,,,,,,binance_trades,btcusdt,0.0,0.0,2080805.0,2151080.0,7218696857.8186,7628238628.0788,14846935485.8974,3508.350412616931,277.245,6284.6756000000005,60329.94500000001,177400.6,26344508.85,0.003,0.652,91520.0,94443.7
2025-12-11,4805321,1765411200068000,1765497599954000,,,,,,0,,,,,,,,,,,,,binance_trades,btcusdt,0.0,0.0,2410833.0,2394488.0,8539381998.8038,8819839857.1483,17359221855.9521,3612.499946611704,271.01430000000005,6465.767000000001,64756.9492,191753.6328,46612097.7,0.003,0.712,89200.0,93547.3
2025-12-12,3756330,1765497600184000,1765583999745000,,,,,,0,,,,,,,,,,,,,binance_trades,btcusdt,0.0,0.0,1850211.0,1906119.0,6394111063.2565,6805167200.4388,13199278263.6953,3513.8761141048044,275.7459,6925.4339,61354.628,150084.432,27966400.5,0.003,0.672,89429.0,92719.0
2025-12-13,932723,1765584001378000,1765670399831000,,,,,,0,,,,,,,,,,,,,binance_trades,btcusdt,0.0,0.0,468016.0,464707.0,1577183376.2897,1692387726.0444,3269571102.3341,3505.404179305217,271.2819,6505.2792,54710.3804,180893.5339,23706746.5,0.003,0.606,89711.9,90599.0
2025-12-14,2328825,1765670401290000,1765756799945000,,,,,,0,,,,,,,,,,,,,binance_trades,btcusdt,0.0,0.0,1131988.0,1196837.0,3805643895.5552,4396821232.5547,8202465128.1099,3522.147489875753,267.7341,6231.232000000001,61769.304,177721.81399999998,12692892.6718,0.003,0.692,87504.3,90440.0
2025-12-15,4934205,1765756800060000,1765843199914000,,,,,,0,,,,,,,,,,,,,binance_trades,btcusdt,0.0,0.0,2489310.0,2444895.0,8272115557.2746,8738489743.888,17010605301.1626,3447.486535553873,263.6115,5707.156,63116.29379999999,181608.6831,18479457.6,0.003,0.726,85073.0,89972.4
2025-12-16,4227432,1765843200013000,1765929598893000,,,,,,0,,,,,,,,,,,,,binance_trades,btcusdt,0.0,0.0,2087309.0,2140123.0,6113438681.8917,6248084361.9047,12361523043.7964,2924.121084335928,261.3561,5190.468,50972.0445,127799.1,13993335.378,0.003,0.586,85226.0,88143.9
2025-12-17,5781931,1765929600057000,1766015999686000,,,,,,0,,,,,,,,,,,,,binance_trades,btcusdt,0.0,0.0,2898930.0,2883001.0,9233349207.3885,8995116597.2328,18228465804.6213,3152.660556589364,260.4312,5935.0604,52331.4675,145894.17500000002,35761581.6,0.003,0.598,85261.3,90363.2
2025-12-18,6086801,1766016001242000,1766102399349000,,,,,,0,,,,,,,,,,,,,binance_trades,btcusdt,0.0,0.0,3053208.0,3033593.0,9969623749.2985,9974459235.0983,19944082984.3968,3276.611636292496,257.6037,6867.6,49241.2608,149865.95839999997,14607127.6,0.003,0.566,84408.6,89447.9
2025-12-19,5033784,1766102400013000,1766188799182000,,,,,,0,,,,,,,,,,,,,binance_trades,btcusdt,0.0,0.0,2556468.0,2477316.0,7929873631.6499,7684647749.8009,15614521381.4508,3101.945053949633,261.3081,6243.9580000000005,48239.345,135737.16609999997,9497387.9,0.003,0.55,85062.7,89374.6
2025-12-20,923867,1766188800009000,1766275199911000,,,,,,0,,,,,,,,,,,,,binance_trades,btcusdt,0.0,0.0,459876.0,463991.0,1610228535.3512,1561548785.1192,3171777320.4704,3433.153603787558,264.705,6690.2572,55921.3994,149871.8226,2772528.0,0.003,0.634,87698.5,88551.8
2025-12-21,1874833,1766275200122000,1766361599811000,,,,,,0,,,,,,,,,,,,,binance_trades,btcusdt,0.0,0.0,939804.0,935029.0,2887327965.8015,3080523522.8923,5967851488.6938,3183.137638762386,264.6132,5982.402,53092.6405,132174.15000000002,5398361.136,0.003,0.601,87548.5,89050.0
2025-12-22,4177410,1766361600026000,1766447999941000,,,,,,0,,,,,,,,,,,,,binance_trades,btcusdt,0.0,0.0,2092745.0,2084665.0,6948060364.615,6840858470.2502,13788918834.8652,3300.829661169289,266.2839,5814.1314,56066.0625,150317.09699999998,22430776.807,0.003,0.627,87845.0,90599.0
2025-12-23,3475721,1766448001336000,1766534399930000,,,,,,0,,,,,,,,,,,,,binance_trades,btcusdt,0.0,0.0,1738952.0,1736769.0,5685103084.1159,6029156747.7684,11714259831.8843,3370.3107447014017,262.6326,5659.0235,59974.82070000001,162380.943,5568749.48,0.003,0.685,86536.0,88904.9
2025-12-24,2265486,1766534400171000,1766620799499000,,,,,,0,,,,,,,,,,,,,binance_trades,btcusdt,0.0,0.0,1130488.0,1134998.0,3557644789.4852,3549908275.0263,7107553064.5115,3137.319349804633,261.1416,5387.335,53371.584,138773.64,5063044.0,0.003,0.612,86355.0,88033.3
2025-12-25,1544627,1766620800012000,1766707199875000,,,,,,0,,,,,,,,,,,,,binance_trades,btcusdt,0.0,0.0,755650.0,788977.0,2442856595.0364,2629743953.9269,5072600548.9633,3284.0294446253365,263.0475,5971.3316,56536.116,137636.5412,5824852.8,0.003,0.645,86902.1,88594.0
2025-12-26,3606962,1766707200013000,1766793599720000,,,,,,0,,,,,,,,,,,,,binance_trades,btcusdt,0.0,0.0,1807625.0,1799337.0,6707583096.6394005,6497095374.9183,13204678471.5577,3660.8864943843873,262.8321,6991.264,59986.8204,171205.89119999998,40471112.0,0.003,0.682,86619.9,89557.6
2025-12-27,702865,1766793600058000,1766879999826000,,,,,,0,,,,,,,,,,,,,binance_trades,btcusdt,0.0,0.0,336349.0,366516.0,1185724776.1208,1202950518.5592,2388675294.68,3398.4837695432266,349.438,5958.2212,56882.475,147218.3112,2576102.1,0.004,0.65,87203.0,87956.9
2025-12-28,886145,1766880000100000,1766966399853000,,,,,,0,,,,,,,,,,,,,binance_trades,btcusdt,0.0,0.0,453109.0,433036.0,1687448428.5795,1590757075.3775,3278205503.957,3699.400779733565,263.63280000000003,6646.177199999999,64909.326,181903.8843,4381000.0,0.003,0.74,87402.6,88078.3
2025-12-29,3903584,1766966401523000,1767052799988000,,,,,,0,,,,,,,,,,,,,binance_trades,btcusdt,0.0,0.0,1947840.0,1955744.0,8415996448.9303,8371706930.1471,16787703379.0774,4300.587198604513,264.132,8690.0,74029.9872,200029.9452,14354675.8,0.003,0.832,86760.0,90373.4
2025-12-30,2751658,1767052800013000,1767139199662000,,,,,,0,,,,,,,,,,,,,binance_trades,btcusdt,0.0,0.0,1340529.0,1411129.0,5540336721.5843,5631942348.4908,11172279070.0751,4060.199003682543,264.45,7803.62,70598.48000000001,207343.4,20824020.0,0.003,0.8,86789.0,89355.0
2025-12-31,2109520,1767139200127000,1767225599990000,,,,,,0,,,,,,,,,,,,,binance_trades,btcusdt,0.0,0.0,1062970.0,1046550.0,4263273599.7587,4253984834.6228,8517258434.3815,4037.5338628605086,265.7271,6766.914,74555.481,213981.1518,4375000.0,0.003,0.843,87189.2,89192.8
2026-01-01,1056983,1767225601807000,1767311999948000,,,,,,0,,,,,,,,,,,,,binance_trades,btcusdt,0.0,0.0,535406.0,521577.0,2140634699.0434,2081049372.4782,4221684071.5216,3994.088903531656,266.25780000000003,7565.075999999999,70586.56,151819.0436,6302094.603,0.003,0.8,87508.4,88881.4
2026-01-02,3761809,1767312000049000,1767398399818000,,,,,,0,,,,,,,,,,,,,binance_trades,btcusdt,0.0,0.0,1858204.0,1903605.0,7886432757.1752,7931703548.3808,15818136305.556,4204.928082620888,268.7499,7747.74,74167.5,224063.433,28280091.5232,0.003,0.828,88324.4,90945.1
2026-01-03,1281323,1767398401296000,1767484798713000,,,,,,0,,,,,,,,,,,,,binance_trades,btcusdt,0.0,0.0,644877.0,636446.0,2611863035.041,2508841129.6191,5120704164.6601,3996.419454470185,270.9504,7650.000000000001,68424.0645,179804.82080000002,13712220.0,0.003,0.76,89261.2,90716.9
2026-01-04,1754310,1767484800015000,1767571199974000,,,,,,0,,,,,,,,,,,,,binance_trades,btcusdt,0.0,0.0,888837.0,865473.0,3413859398.8546,3319363761.3474,6733223160.202,3838.1033911919785,273.9708,6940.677199999999,69189.8,160084.22100000002,26666691.7,0.003,0.758,90595.7,91779.7
2026-01-05,4065751,1767571200033000,1767657599778000,,,,,,0,,,,,,,,,,,,,binance_trades,btcusdt,0.0,0.0,1985653.0,2080098.0,9029680803.4514,8601068089.3268,17630748892.7782,4336.406457940538,279.9396,7943.983399999999,74654.54100000001,199965.69680000003,54155481.0,0.003,0.8,91476.5,94760.3
2026-01-06,3600127,1767657600011000,1767743999492000,,,,,,0,,,,,,,,,,,,,binance_trades,btcusdt,0.0,0.0,1809106.0,1791021.0,8745499873.4111,8582893246.9072,17328393120.3183,4813.272731855931,280.44,8962.5024,87443.366,244581.624,17328568.0,0.003,0.939,91209.0,94415.4
2026-01-07,3128471,1767744000027000,1767830399806000,,,,,,0,,,,,,,,,,,,,binance_trades,btcusdt,0.0,0.0,1593347.0,1535124.0,6727559354.1921,6952269764.8141,13679829119.0062,4372.688485527339,274.61490000000003,8336.027699999999,79174.7,212678.976,36176953.1695,0.003,0.86,90634.1,93708.1
2026-01-08,3683212,1767830400024000,1767916799973000,,,,,,0,,,,,,,,,,,,,binance_trades,btcusdt,0.0,0.0,1820180.0,1863032.0,7635312098.7002,7599081778.0129,15234393876.7131,4136.170786995997,271.8963,7521.1695,68715.7965,176986.043,36940755.95,0.003,0.76,89242.0,91666.0
2026-01-09,3326504,1767916800013000,1768003199977000,,,,,,0,,,,,,,,,,,,,binance_trades,btcusdt,0.0,0.0,1628255.0,1698249.0,6347083319.3995,6380862361.0883,12727945680.4878,3826.2228695614976,271.6101,7124.22,67496.17499999999,166814.4,21317304.0,0.003,0.745,89632.8,91999.0
2026-01-10,599776,1768003200015000,1768089599817000,,,,,,0,,,,,,,,,,,,,binance_trades,btcusdt,0.0,0.0,297638.0,302138.0,1088925764.7121,1200297388.1469,2289223152.859,3816.796858925666,272.1039,7340.6412,66386.7838,161646.456,5928842.58,0.003,0.733,90351.6,90800.0
2026-01-11,1038353,1768089600081000,1768175999999000,,,,,,0,,,,,,,,,,,,,binance_trades,btcusdt,0.0,0.0,509129.0,529224.0,1932531694.1763,2019058060.3968,3951589754.5731,3805.632337531745,272.5593,7001.617700000001,66834.8352,189582.8081,10392599.25,0.003,0.736,90175.3,91252.5
2026-01-12,3781259,1768176000120000,1768262399462000,,,,,,0,,,,,,,,,,,,,binance_trades,btcusdt,0.0,0.0,1834917.0,1946342.0,7572611004.4148,7887933722.219,15460544726.6338,4088.729369406804,273.6801,7368.1569,72687.966,214918.4331,10379096.0,0.003,0.8,90066.0,92488.0
2026-01-13,4315548,1768262400015000,1768348799949000,,,,,,0,,,,,,,,,,,,,binance_trades,btcusdt,0.0,0.0,2167583.0,2147965.0,9852416532.9226,8836063183.5959,18688479716.5185,4330.4997920353335,278.0283,8401.2618,74739.76,197844.124,11529523.3235,0.003,0.8,91011.0,96863.7
2026-01-14,4348837,1768348800015000,1768435199698000,,,,,,0,,,,,,,,,,,,,binance_trades,btcusdt,0.0,0.0,2163505.0,2185332.0,8882328810.851,8635536097.5487,17517864908.3997,4028.172338581488,286.25640000000004,7046.790599999999,71842.5275,206961.3,14535334.8,0.003,0.744,94413.4,97932.1
2026-01-15,3798583,1768435200049000,1768521599561000,,,,,,0,,,,,,,,,,,,,binance_trades,btcusdt,0.0,0.0,1916494.0,1882089.0,7310209064.203,7044695832.003,14354904896.206,3779.015726708091,287.5446,6477.734200000001,66335.55540000001,189198.997,30476352.4,0.003,0.69,95080.0,97155.0
2026-01-16,2400862,1768521600017000,1768607999337000,,,,,,0,,,,,,,,,,,,,binance_trades,btcusdt,0.0,0.0,1157365.0,1243497.0,4600451592.3218,5031190040.0935,9631641632.4153,4011.7431290991735,284.8992,6790.347699999999,74607.45030000001,189638.1707,5783535.5917,0.003,0.782,94234.5,95825.0
2026-01-17,818622,1768608001400000,1768694399998000,,,,,,0,,,,,,,,,,,,,binance_trades,btcusdt,0.0,0.0,392926.0,425696.0,1801057681.6183,1912608955.8004,3713666637.4187,4536.485261107935,286.104,7631.208,76236.40000000001,207193.377,25239547.2,0.003,0.8,94977.5,95621.9
2026-01-18,1329656,1768694400047000,1768780799938000,,,,,,0,,,,,,,,,,,,,binance_trades,btcusdt,0.0,0.0,659635.0,670021.0,2897470488.1819,3035915421.6926,5933385909.8745,4462.346584285334,285.1845,8209.018199999999,76359.6,234516.649,27720430.452000003,0.003,0.806,93550.3,95490.0
2026-01-19,2825417,1768780800055000,1768867199953000,,,,,,0,,,,,,,,,,,,,binance_trades,btcusdt,0.0,0.0,1430265.0,1395152.0,4986797574.4837,5051363257.0582,10038160831.5419,3552.806835784558,277.6299,6105.3894,63182.54000000001,166677.552,9516748.272,0.003,0.681,91800.0,93614.1
2026-01-20,4631076,1768867200062000,1768953599814000,,,,,,0,,,,,,,,,,,,,binance_trades,btcusdt,0.0,0.0,2314768.0,2316308.0,8067561667.46,8950502562.5944,17018064230.0544,3674.7538218017594,268.9236,6013.853,65721.9025,180778.0,26708437.8,0.003,0.726,87787.2,92845.0
2026-01-21,5516112,1768953600117000,1769039999964000,,,,,,0,,,,,,,,,,,,,binance_trades,btcusdt,0.0,0.0,2727362.0,2788750.0,9142938545.2811,9407585140.3769,18550523685.658,3362.970818151988,180.6524,5217.1694,61729.8408,225110.01600000003,14803972.739999998,0.002,0.693,87205.5,90599.5
2026-01-22,3188220,1769040000028000,1769126399643000,,,,,,0,,,,,,,,,,,,,binance_trades,btcusdt,0.0,0.0,1600939.0,1587281.0,4697693421.0406,4781385150.3602,9479078571.4008,2973.1569877238085,266.1069,4925.6625,55048.1033,168436.16129999998,7394356.304800001,0.003,0.615,88465.6,90327.7
2026-01-23,3316204,1769126401765000,1769212799880000,,,,,,0,,,,,,,,,,,,,binance_trades,btcusdt,0.0,0.0,1638748.0,1677456.0,5543499334.5202,5659030685.2121,11202530019.7323,3378.11848117073,266.7951,5547.9561,63478.00889999999,175654.7764,25698600.0,0.003,0.707,88530.0,91195.0
2026-01-24,704903,1769212800013000,1769299199988000,,,,,,0,,,,,,,,,,,,,binance_trades,btcusdt,0.0,0.0,352726.0,352177.0,1340050881.4053,1409511568.2038,2749562449.6091,3900.62526277956,268.767,6986.2962,67380.2298,215317.2,6924420.96,0.003,0.754,89116.9,89893.9
2026-01-25,2890811,1769299201633000,1769385599996000,,,,,,0,,,,,,,,,,,,,binance_trades,btcusdt,0.0,0.0,1420582.0,1470229.0,5197048472.4734,5729541454.411,10926589926.8844,3779.766275583011,259.5735,6414.5246,67879.4768,199966.343,22264951.78,0.003,0.776,86021.7,89281.6
2026-01-26,3655855,1769385600006000,1769471999884000,,,,,,0,,,,,,,,,,,,,binance_trades,btcusdt,0.0,0.0,1832768.0,1823087.0,5834082697.1586,5980774717.1331,11814857414.2917,3231.763134558592,262.16700000000003,5970.026000000001,56068.672000000006,151093.422,30710698.3,0.003,0.639,86463.2,88834.1
2026-01-27,3132674,1769472000016000,1769558399892000,,,,,,0,,,,,,,,,,,,,binance_trades,btcusdt,0.0,0.0,1585481.0,1547193.0,5275991529.7027,5142700533.2781,10418692062.9808,3325.814324433631,263.229,5915.899,59906.105200000005,185300.027,30940000.0,0.003,0.676,87265.4,89499.0
2026-01-28,3491626,1769558400009000,1769644799999000,,,,,,0,,,,,,,,,,,,,binance_trades,btcusdt,0.0,0.0,1749774.0,1741852.0,5528470878.4096,5562321401.909,11090792280.3186,3176.3975524064144,267.2058,5512.2898,57215.72410000001,170585.0575,9038600.0,0.003,0.64,88786.0,90592.7
2026-01-29,5246035,1769644801777000,1769731199972000,,,,,,0,,,,,,,,,,,,,binance_trades,btcusdt,0.0,0.0,2590780.0,2655255.0,9231015455.0504,10220760851.7853,19451776306.8357,3707.9005967050734,253.2765,7182.806400000001,59400.9317,190463.6625,47463565.49999999,0.003,0.693,83338.3,89316.8
2026-01-30,7256125,1769731200022000,1769817599864000,,,,,,0,,,,,,,,,,,,,binance_trades,btcusdt,0.0,0.0,3607059.0,3649066.0,10412956100.5153,10712087666.7338,21125043767.2491,2911.3395603368326,168.642,4968.186000000001,50628.9,142844.1538,16349284.04,0.002,0.61,81000.0,84697.2
2026-01-31,7436381,1769817600012000,1769903999758000,,,,,,0,,,,,,,,,,,,,binance_trades,btcusdt,0.0,0.0,3616916.0,3819465.0,10038238601.4113,11654275660.6774,21692514262.0887,2917.079458689476,233.5947,5270.265,45816.00000000001,179904.2805,26912676.0,0.003,0.57,75500.0,84239.5
2026-02-01,6759515,1769904000021000,1769990399820000,,,,,,0,,,,,,,,,,,,,binance_trades,btcusdt,0.0,0.0,3358117.0,3401398.0,6957140573.8166,7562336542.0843,14519477115.9009,2148.0057542443355,231.88530000000003,3975.66,36693.552,102886.3,11999831.2,0.003,0.473,75644.0,79396.8
2026-02-02,10355996,1769990400010000,1770076799947000,,,,,,0,,,,,,,,,,,,,binance_trades,btcusdt,0.0,0.0,5222584.0,5133412.0,10052607195.3346,9980240136.8093,20032847332.1439,1934.4201496547407,228.9831,3711.073,31509.28,100274.755,9967872.8,0.003,0.407,74555.0,79311.0
2026-02-03,8903914,1770076800015000,1770163199731000,,,,,,0,,,,,,,,,,,,,binance_trades,btcusdt,0.0,0.0,4407050.0,4496864.0,11504148629.4233,12001900411.0137,23506049040.437,2639.9681129486426,227.37930000000003,4975.56,44214.49799999999,126319.4112,18261898.929,0.003,0.578,72889.2,79163.0
2026-02-04,9145452,1770163200016000,1770249599895000,,,,,,0,,,,,,,,,,,,,binance_trades,btcusdt,0.0,0.0,4570034.0,4575418.0,10736472264.8357,11031117194.6094,21767589459.4451,2380.154579505212,220.9131,4573.704,38716.4691,118401.8413,16636445.334,0.003,0.518,71838.0,76952.5
2026-02-05,19580992,1770249600012000,1770335999951000,,,,,,0,,,,,,,,,,,,,binance_trades,btcusdt,0.0,0.0,9684138.0,9896854.0,21807975067.5631,23573425248.5966,45381400316.1597,2317.6251906011557,205.9893,4344.642400000001,34600.8234,125642.349,51140966.400000006,0.003,0.505,62233.3,73316.3
2026-02-06,16332895,1770336000012000,1770422399969000,,,,,,0,,,,,,,,,,,,,binance_trades,btcusdt,0.0,0.0,8042993.0,8289902.0,18863948158.4512,18283203735.0597,37147151893.5109,2274.376458889309,210.678,4324.9245,31082.8,131649.6864,25400023.934999995,0.003,0.469,59800.0,71714.4
2026-02-07,8784245,1770422400015000,1770508799374000,,,,,,0,,,,,,,,,,,,,binance_trades,btcusdt,0.0,0.0,4345449.0,4438796.0,9110082591.6801,9326776740.3177,18436859331.9978,2098.855317901288,208.2207,4028.5118000000007,28095.9447,125119.566,23877568.9,0.003,0.407,67250.0,71690.0
2026-02-08,5758737,1770508800013000,1770595199950000,,,,,,0,,,,,,,,,,,,,binance_trades,btcusdt,0.0,0.0,2876343.0,2882394.0,5930510155.4559,5546984872.8013,11477495028.2572,1993.0576840472488,212.7093,3791.1672,28193.193200000005,124844.1856,18549625.9,0.003,0.4,68843.7,72300.0
2026-02-09,7998760,1770595200014000,1770681599980000,,,,,,0,,,,,,,,,,,,,binance_trades,btcusdt,0.0,0.0,4029804.0,3968956.0,7787171643.4646,7744842501.172,15532014144.6366,1941.8027475054384,211.0431,3719.2697,27090.7924,99843.3672,15498500.0,0.003,0.388,68271.7,71434.9
2026-02-10,6232152,1770681600006000,1770767999448000,,,,,,0,,,,,,,,,,,,,binance_trades,btcusdt,0.0,0.0,3123239.0,3108913.0,6208848444.6571,6419398523.2799,12628246967.937,2026.305996377656,207.66780000000003,3817.264,32203.0232,96040.0,12132184.4,0.003,0.467,67883.0,70499.9
2026-02-11,8361305,1770768000012000,1770854399987000,,,,,,0,,,,,,,,,,,,,binance_trades,btcusdt,0.0,0.0,4172359.0,4188946.0,8552918456.5458,8691726896.3242,17244645352.87,2062.434674117258,203.6778,4047.0938,32836.6904,99776.83590000002,9221155.3,0.003,0.49,65718.5,69262.7
2026-02-12,6480831,1770854400007000,1770940799906000,,,,,,0,,,,,,,,,,,,,binance_trades,btcusdt,0.0,0.0,3251774.0,3229057.0,6521965405.6907,6836325299.0986,13358290704.7893,2061.2002850852464,202.713,4014.8431,33827.75,95893.9448,21274598.2745,0.003,0.503,65081.0,68385.0
2026-02-13,5506415,1770940800006000,1771027199966000,,,,,,0,,,,,,,,,,,,,binance_trades,btcusdt,0.0,0.0,2765711.0,2740704.0,6296335285.8271,6114763786.4371,12411099072.2642,2253.934560374436,206.7615,4238.4,36769.5464,109930.7726,25714879.0668,0.003,0.544,65833.9,69473.7
2026-02-14,3100721,1771027200005000,1771113599836000,,,,,,0,,,,,,,,,,,,,binance_trades,btcusdt,0.0,0.0,1571776.0,1528945.0,4116526274.0885,3856144597.1361,7972670871.2246,2571.231294664886,275.2216,4959.094399999999,38606.6996,130046.2623,20779042.03,0.004,0.555,68689.1,70557.7
2026-02-15,4131070,1771113600006000,1771199999873000,,,,,,0,,,,,,,,,,,,,binance_trades,btcusdt,0.0,0.0,2064700.0,2066370.0,5239469410.7689,5264510717.1409,10503980127.9098,2542.677835986754,211.1925,4847.031000000001,38888.179200000006,121173.7681,17314772.152200002,0.003,0.555,68029.6,70938.5
2026-02-16,4281078,1771200000056000,1771286399293000,,,,,,0,,,,,,,,,,,,,binance_trades,btcusdt,0.0,0.0,2165225.0,2115853.0,5112811714.8358,5133540245.3904,10246351960.2262,2393.4046425284005,207.5145,4664.9658,36556.55,123603.76979999998,11697136.45,0.003,0.534,67250.0,70110.9
2026-02-17,4735651,1771286400005000,1771372799860000,,,,,,0,,,,,,,,,,,,,binance_trades,btcusdt,0.0,0.0,2379223.0,2356428.0,4913522362.5158,5197091420.7313,10110613783.2471,2134.99976734922,205.176,4084.476,35128.1964,99723.974,8915622.736,0.003,0.518,66588.0,69228.6
2026-02-18,4414934,1771372800009000,1771459199835000,,,,,,0,,,,,,,,,,,,,binance_trades,btcusdt,0.0,0.0,2223734.0,2191200.0,5442262907.7837,5573639351.7718,11015902259.5555,2495.145399581398,204.39,4746.562999999999,40927.7641,114679.2,8216942.600000001,0.003,0.609,65826.1,68438.0
2026-02-19,4243601,1771459200013000,1771545599909000,,,,,,0,,,,,,,,,,,,,binance_trades,btcusdt,0.0,0.0,2157198.0,2086403.0,4863653042.4106,4948411305.7756,9812064348.1862,2312.2023838212403,200.9076,4412.5396,38210.0466,99252.0,13427425.896,0.003,0.574,65595.7,67299.4
2026-02-20,5164151,1771545600004000,1771631999719000,,,,,,0,,,,,,,,,,,,,binance_trades,btcusdt,0.0,0.0,2581086.0,2583065.0,7672390279.2523,7515720940.0946,15188111219.3469,2941.066444290049,267.5996,5461.0605000000005,46919.6702,132128.9944,16726958.0,0.004,0.696,66408.1,68283.7
2026-02-21,1846628,1771632000008000,1771718399692000,,,,,,0,,,,,,,,,,,,,binance_trades,btcusdt,0.0,0.0,923136.0,923492.0,3077317662.5977,2885354430.4431,5962672093.0408,3228.951414708756,271.9288,5955.15,48812.1816,145696.30949999997,49437501.75,0.004,0.715,67488.9,68687.0
2026-02-22,1863180,1771718400003000,1771804799832000,,,,,,0,,,,,,,,,,,,,binance_trades,btcusdt,0.0,0.0,989811.0,873369.0,2880410900.8071,2827701837.0314,5708112737.8385,3063.6399799474552,270.15240000000006,5518.9608,47796.6185,141358.77,16999947.6245,0.004,0.705,67150.0,68220.0
2026-02-23,6626614,1771804800061000,1771891199997000,,,,,,0,,,,,,,,,,,,,binance_trades,btcusdt,0.0,0.0,3260435.0,3366179.0,8941598791.9789,9154054747.6304,18095653539.6093,2730.754128671037,202.4007,5038.176,45153.3855,129785.0,12543476.275199998,0.003,0.689,63860.0,67655.8
2026-02-24,5758443,1771891200010000,1771977599700000,,,,,,0,,,,,,,,,,,,,binance_trades,btcusdt,0.0,0.0,2843937.0,2914506.0,6952711932.567,7245110060.0103,14197821992.5773,2465.566124832233,192.9501,4844.3768,40056.5347,108791.826,7973461.775700001,0.003,0.631,62401.7,64980.0
2026-02-25,6996826,1771977600062000,1772063999976000,,,,,,0,,,,,,,,,,,,,binance_trades,btcusdt,0.0,0.0,3497521.0,3499305.0,10552957659.5202,9511582706.1544,20064540365.6746,2867.663189805577,208.3854,5252.286,48085.521,134145.4,8451916.0,0.003,0.717,63876.0,69999.0
2026-02-26,5337518,1772064000003000,1772150399089000,,,,,,0,,,,,,,,,,,,,binance_trades,btcusdt,0.0,0.0,2656398.0,2681120.0,5941190909.0053,6093120492.0875,12034311401.0928,2254.664321711477,204.46230000000003,4530.0684,36027.508,100676.2506,10647745.13,0.003,0.533,66462.0,68850.0
2026-02-27,5402230,1772150400065000,1772236799724000,,,,,,0,,,,,,,,,,,,,binance_trades,btcusdt,0.0,0.0,2722571.0,2679659.0,6738694625.7883,6937074673.3894,13675769299.1777,2531.504452638577,202.2537,4358.0592,45053.121300000006,122726.3296,24934940.1466,0.003,0.681,64875.6,68188.8
2026-02-28,6409196,1772236800005000,1772323199992000,,,,,,0,,,,,,,,,,,,,binance_trades,btcusdt,0.0,0.0,3193278.0,3215918.0,8345000759.3927,8393464498.3655,16738465257.7582,2611.6326069226466,253.792,4985.714,38974.284,131754.8608,33814679.64,0.004,0.599,62979.5,67735.0
2026-03-01,5961363,1772323200008000,1772409599851000,,,,,,0,,,,,,,,,,,,,binance_trades,btcusdt,0.0,0.0,2963066.0,2998297.0,7263217121.6953,7332322919.8706,14595540041.5659,2448.3561966560164,201.8247,4638.0253,36265.403000000006,124857.1584,22561472.772,0.003,0.545,65011.0,68189.0
2026-03-02,7594297,1772409600060000,1772495999978000,,,,,,0,,,,,,,,,,,,,binance_trades,btcusdt,0.0,0.0,3802249.0,3792048.0,9641663229.7869,9155666174.4305,18797329404.2174,2475.190186032677,207.2724,4412.8813,42091.586,122333.017,10153200.0,0.003,0.617,65234.4,70100.0
2026-03-03,7256084,1772496002507000,1772582399308000,,,,,,0,,,,,,,,,,,,,binance_trades,btcusdt,0.0,0.0,3661491.0,3594593.0,8780068484.0133,8647002912.115,17427071396.1283,2401.718529737018,205.3212,4415.4792,40645.412,108985.599,10233300.0,0.003,0.601,66080.0,69221.6
2026-03-04,9113262,1772582400007000,1772668799909000,,,,,,0,,,,,,,,,,,,,binance_trades,btcusdt,0.0,0.0,4594521.0,4518741.0,13562195847.1092,11889200246.2099,25451396093.3191,2792.786610691002,217.6914,5020.5875,43865.90809999999,142087.12,14497800.0,0.003,0.612,67350.0,74046.5
2026-03-05,6208035,1772668800083000,1772755199983000,,,,,,0,,,,,,,,,,,,,binance_trades,btcusdt,0.0,0.0,3141134.0,3066901.0,8079656887.7121,8202310996.0082,16281967883.7203,2622.7248853655465,213.3315,4929.9932,44875.0,117201.8085,14177600.0,0.003,0.62,70612.8,73539.1
2026-03-06,5538480,1772755200742000,1772841599952000,,,,,,0,,,,,,,,,,,,,binance_trades,btcusdt,0.0,0.0,2779731.0,2758749.0,7149516917.4993,7679042505.9944,14828559423.4937,2677.369860231273,206.01,5187.7828,43062.523,120109.6749,6900010.000000001,0.003,0.621,67712.3,71387.5
2026-03-07,2310757,1772841600040000,1772927999976000,,,,,,0,,,,,,,,,,,,,binance_trades,btcusdt,0.0,0.0,1144662.0,1166095.0,3107174130.075,3299760096.5855,6406934226.6605,2772.655985315851,269.3616,5225.997700000001,44106.0625,126232.52,6945968.98,0.004,0.648,66850.1,68524.9
2026-03-08,3935887,1772928000071000,1773014399808000,,,,,,0,,,,,,,,,,,,,binance_trades,btcusdt,0.0,0.0,1990827.0,1945060.0,5147101666.756,5279751704.1604,10426853370.9164,2649.174981628385,263.7376,4972.9702,43333.1898,122163.5,16101497.3,0.004,0.647,65569.2,68171.6
2026-03-09,6399767,1773014400078000,1773100799393000,,,,,,0,,,,,,,,,,,,,binance_trades,btcusdt,0.0,0.0,3236923.0,3162844.0,8295062473.8407,7833230440.1427,16128292913.9834,2520.137516566369,206.7597,4852.548,41822.286,122087.4368,10717178.08,0.003,0.611,65770.5,69498.0
2026-03-10,6447532,1773100800075000,1773187199938000,,,,,,0,,,,,,,,,,,,,binance_trades,btcusdt,0.0,0.0,3260564.0,3186968.0,9550989193.7951,9118665779.865,18669654973.6601,2895.6281215293075,212.3325,5378.3653,46951.674,133273.13999999998,8999932.68,0.003,0.67,68345.0,71748.1
2026-03-11,5153968,1773187200102000,1773273599130000,,,,,,0,,,,,,,,,,,,,binance_trades,btcusdt,0.0,0.0,2598513.0,2555455.0,7003370883.6328,6714489451.1602,13717860334.793,2661.6114680558744,211.0992,5057.712,43083.1016,120144.0075,17582558.75,0.003,0.614,68932.9,71286.0
2026-03-12,5019164,1773273600145000,1773359999827000,,,,,,0,,,,,,,,,,,,,binance_trades,btcusdt,0.0,0.0,2547575.0,2471589.0,6514228964.3651,6484750031.0808,12998978995.4459,2589.8693478527302,208.6728,4961.352199999999,42608.5,116309.35259999998,7058800.0,0.003,0.61,69150.0,70756.5
2026-03-13,6397853,1773360000020000,1773446399902000,,,,,,0,,,,,,,,,,,,,binance_trades,btcusdt,0.0,0.0,3250031.0,3147822.0,11238469757.9185,10229616968.0179,21468086725.9364,3355.5142210889185,214.2705,6439.932,52691.148,166421.656,26809834.0,0.003,0.732,70342.7,73870.0
2026-03-14,1880758,1773446400060000,1773532799921000,,,,,,0,,,,,,,,,,,,,binance_trades,btcusdt,0.0,0.0,960526.0,920232.0,2791193885.8775,2789929734.3011,5581123620.1786,2967.486311465165,211.98480000000004,5646.416,45457.5772,132090.3896,9704268.083,0.003,0.643,70256.0,71272.3
2026-03-15,3029463,1773532800921000,1773619199753000,,,,,,0,,,,,,,,,,,,,binance_trades,btcusdt,0.0,0.0,1528776.0,1500687.0,4680364988.7001,4246107622.1082,8926472610.8083,2946.5527754616246,214.6125,5700.8,44988.048,136728.4674,11980873.07,0.003,0.629,70815.7,73199.9
2026-03-16,6238655,1773619200174000,1773705599824000,,,,,,0,,,,,,,,,,,,,binance_trades,btcusdt,0.0,0.0,3121546.0,3117109.0,10366235175.9021,9254452515.76,19620687691.6621,3145.018868916794,219.7494,5561.3475,46588.686100000006,157386.88,29107921.135,0.003,0.632,72235.6,74880.0
2026-03-17,5468262,1773705600288000,1773791999759000,,,,,,0,,,,,,,,,,,,,binance_trades,btcusdt,0.0,0.0,2740217.0,2728045.0,8301051016.9713,7836644433.563,16137695450.5343,2951.156226701336,221.3439,5364.0,44974.5138,143723.5157,42699132.0275,0.003,0.606,73330.3,75998.9
2026-03-18,5350378,1773792000130000,1773878399614000,,,,,,0,,,,,,,,,,,,,binance_trades,btcusdt,0.0,0.0,2698252.0,2652126.0,7913467113.6168,8444056674.0409,16357523787.6577,3057.265073170101,213.504,5054.717199999999,49204.14660000001,161684.764,14306641.608,0.003,0.68,70456.0,74633.0
2026-03-19,5568439,1773878400032000,1773964799462000,,,,,,0,,,,,,,,,,,,,binance_trades,btcusdt,0.0,0.0,2759346.0,2809093.0,7330507642.9831,7953746765.8211,15284254408.8042,2744.800546222056,207.63,4845.2076,46517.262,128726.58329999998,29519660.9169,0.003,0.666,68750.0,71598.3
2026-03-20,4888481,1773964800068000,1774051199237000,,,,,,0,,,,,,,,,,,,,binance_trades,btcusdt,0.0,0.0,2456153.0,2432328.0,6719491077.2738,6361112492.5145,13080603569.7883,2675.8012498746134,208.9941,4579.744000000001,45212.4247,125611.2,16284940.0,0.003,0.644,69350.0,71342.2
2026-03-21,1878597,1774051200094000,1774137599981000,,,,,,0,,,,,,,,,,,,,binance_trades,btcusdt,0.0,0.0,921328.0,957269.0,2440331893.1537,2765273382.7716,5205605275.9253,2771.006914162697,211.8267,5363.783600000001,43488.12,121564.59,7780146.236,0.003,0.619,68511.3,71077.7
2026-03-22,3656404,1774137600086000,1774223999927000,,,,,,0,,,,,,,,,,,,,binance_trades,btcusdt,0.0,0.0,1835932.0,1820472.0,4533941495.7399,4714502093.5848,9248443589.3247,2529.382308225431,204.8487,4744.3848,41920.6272,112447.265,4871938.24,0.003,0.61,67300.0,69555.8
2026-03-23,7413829,1774224000073000,1774310399994000,,,,,,0,,,,,,,,,,,,,binance_trades,btcusdt,0.0,0.0,3714927.0,3698902.0,10412876788.7742,9886121488.6655,20298998277.4397,2737.9911618462875,205.8216,4839.374199999999,46522.2828,132168.9222,42775157.0,0.003,0.666,67400.1,71789.8
2026-03-24,4919959,1774310400052000,1774396799627000,,,,,,0,,,,,,,,,,,,,binance_trades,btcusdt,0.0,0.0,2456264.0,2463695.0,6883602593.0523,6886364582.9502,13769967176.0025,2798.7971395701675,209.4987,4779.9512,46531.518,149407.435,14044400.0,0.003,0.664,68884.5,71377.5
2026-03-25,4275833,1774396800021000,1774483199948000,,,,,,0,,,,,,,,,,,,,binance_trades,btcusdt,0.0,0.0,2162389.0,2113444.0,6089225739.1249,5759216132.6202,11848441871.7451,2771.025405282456,213.3927,4994.514,45949.8753,123024.548,8723237.4528,0.003,0.645,70375.0,71999.9
2026-03-26,4272945,1774483200031000,1774569599851000,,,,,,0,,,,,,,,,,,,,binance_trades,btcusdt,0.0,0.0,2122299.0,2150646.0,6169884725.2499,6712835179.5031,12882719904.753,3014.9510243527598,208.1037,5756.7306,48415.19589999999,138038.29170000003,6866800.0,0.003,0.701,68115.8,71408.1
2026-03-27,4879078,1774569600052000,1774655999196000,,,,,,0,,,,,,,,,,,,,binance_trades,btcusdt,0.0,0.0,2460411.0,2418667.0,6638965752.1264,7552482449.9204,14191448202.0468,2908.6331889030675,263.2496,5251.744000000001,48383.5674,132670.36719999998,19396411.290000003,0.004,0.719,65501.0,69142.7
2026-03-28,1936169,1774656000239000,1774742399791000,,,,,,0,,,,,,,,,,,,,binance_trades,btcusdt,0.0,0.0,958789.0,977380.0,3054447129.5053,2895870515.7996,5950317645.3049,3073.2429066392965,265.01320000000004,5694.481399999999,49158.1322,142683.07559999998,13284944.6,0.004,0.74,65888.0,67284.0
2026-03-29,2569247,1774742400371000,1774828799774000,,,,,,0,,,,,,,,,,,,,binance_trades,btcusdt,0.0,0.0,1272732.0,1296515.0,3460384461.2651,3851706923.6815,7312091384.9466,2846.0056136862668,260.1888,5311.616,46146.2463,137062.8,13654674.0,0.004,0.697,64918.2,67100.0
2026-03-30,4757162,1774828800094000,1774915199996000,,,,,,0,,,,,,,,,,,,,binance_trades,btcusdt,0.0,0.0,2395454.0,2361708.0,6430140319.8674,6133566224.6067,12563706544.4741,2641.008766250571,202.4622,4756.353899999999,43527.825,125768.8944,30501867.6,0.003,0.647,65754.2,68148.4
2026-03-31,5859805,1774915200057000,1775001599843000,,,,,,0,,,,,,,,,,,,,binance_trades,btcusdt,0.0,0.0,2928675.0,2931130.0,8388765186.1743,7989166980.143,16377932166.3173,2794.961976775217,203.3889,5138.903,43671.7245,136000.0,37770351.8784,0.003,0.647,65938.0,68600.0
2026-04-01,4104211,1775001600049000,1775087998769000,,,,,,0,,,,,,,,,,,,,binance_trades,btcusdt,0.0,0.0,2071075.0,2033136.0,5474967517.5777,5276788477.8619,10751755995.4396,2619.6888988991063,205.8225,4637.226000000001,47284.5676,119318.1762,13799800.0,0.003,0.69,67534.9,69288.0
2026-04-02,4636901,1775088000308000,1775174399551000,,,,,,0,,,,,,,,,,,,,binance_trades,btcusdt,0.0,0.0,2336502.0,2300399.0,6041581456.9653,6525585834.8875,12567167291.8528,2710.25137087309,201.2232,4915.279799999999,45699.530000000006,125193.5676,16550765.8608,0.003,0.684,65676.1,68639.1
2026-04-03,1992736,1775174400121000,1775260799828000,,,,,,0,,,,,,,,,,,,,binance_trades,btcusdt,0.0,0.0,999214.0,993522.0,2641787466.7005,2651824353.4141,5293611820.1146,2656.4541515356777,201.0591,4956.882599999999,44606.471,115210.5,13709127.782,0.003,0.668,66240.0,67350.0
2026-04-04,974715,1775260801255000,1775347199129000,,,,,,0,,,,,,,,,,,,,binance_trades,btcusdt,0.0,0.0,498456.0,476259.0,1722274572.8037,1687640617.9568,3409915190.7605,3498.3715145047527,267.9228,6024.995999999999,58332.0535,162374.5488,33171049.976400003,0.004,0.87,66745.5,67554.5
2026-04-05,2067627,1775347202730000,1775433599911000,,,,,,0,,,,,,,,,,,,,binance_trades,btcusdt,0.0,0.0,1045402.0,1022225.0,3694852028.9557,3186439053.1478,6881291082.1035,3328.110477423394,267.3996,6062.895,57684.5,154098.0,11918136.6,0.004,0.85,66575.5,69108.0
2026-04-06,4097295,1775433600035000,1775519999901000,,,,,,0,,,,,,,,,,,,,binance_trades,btcusdt,0.0,0.0,2029778.0,2067517.0,5696329872.594,5770117399.2624,11466447271.8564,2798.540810914616,209.3496,5221.71,45498.516,122958.0,13826000.0,0.003,0.656,68227.5,70332.5
2026-04-07,5361653,1775520000206000,1775606399962000,,,,,,0,,,,,,,,,,,,,binance_trades,btcusdt,0.0,0.0,2733727.0,2627926.0,8569338495.3851,7554456959.1238,16123795454.5089,3007.243373360585,211.635,5620.247200000001,48634.7351,140289.408,12974114.348,0.003,0.701,67711.0,72743.4
2026-04-08,4082843,1775606400118000,1775692799854000,,,,,,0,,,,,,,,,,,,,binance_trades,btcusdt,0.0,0.0,2037996.0,2044847.0,6690242118.4608,6439474942.6785,13129717061.1393,3215.827074697533,214.53930000000005,5735.3921,53030.74,145492.5129,28142759.57,0.003,0.74,70671.6,72858.5
2026-04-09,4240779,1775692800367000,1775779199942000,,,,,,0,,,,,,,,,,,,,binance_trades,btcusdt,0.0,0.0,2136146.0,2104633.0,6478553823.7703,6111461310.79,12590015134.5603,2968.797745546349,212.505,5692.544000000001,48086.0832,131043.0,16868165.2224,0.003,0.671,70428.0,73128.0
2026-04-10,3530080,1775779200083000,1775865599716000,,,,,,0,,,,,,,,,,,,,binance_trades,btcusdt,0.0,0.0,1775792.0,1754288.0,5805856161.7965,5529696212.6179,11335552374.4144,3211.131865117618,215.67,5615.3214,56283.950500000006,146355.0,16208950.0936,0.003,0.779,71382.1,73450.0
2026-04-11,1752196,1775865600557000,1775951999132000,,,,,,0,,,,,,,,,,,,,binance_trades,btcusdt,0.0,0.0,880483.0,871713.0,3016298430.4943,2795128965.6639,5811427396.1582,3316.653728326169,218.7957,6652.5732,49909.416000000005,137385.4224,11552320.8,0.003,0.68,72451.9,73773.4
2026-04-12,2699360,1775952000089000,1776038399725000,,,,,,0,,,,,,,,,,,,,binance_trades,btcusdt,0.0,0.0,1378651.0,1320709.0,4634507543.0731,4982525585.1683,9617033128.2414,3562.708615464925,213.3765,6968.084199999999,57193.04000000001,169153.87620000003,22771049.0,0.003,0.801,70458.2,73094.4
2026-04-13,4357102,1776038401628000,1776124799989000,,,,,,0,,,,,,,,,,,,,binance_trades,btcusdt,0.0,0.0,2234515.0,2122587.0,8123328701.9414,7306470089.7739,15429798791.7153,3541.298503389477,214.227,6097.313999999999,55134.1511,177280.64,32346354.3,0.003,0.762,70517.3,74870.0
2026-04-14,4203808,1776124800014000,1776211198959000,,,,,,0,,,,,,,,,,,,,binance_trades,btcusdt,0.0,0.0,2117420.0,2086388.0,7072028897.8012,6523518329.9383,13595547227.7395,3234.1028010174346,222.9483,6084.318,52169.9232,147033.516,32999974.6075,0.003,0.699,73766.8,76006.4
2026-04-15,3436152,1776211200143000,1776297598905000,,,,,,0,,,,,,,,,,,,,binance_trades,btcusdt,0.0,0.0,1726654.0,1709498.0,4951583672.6201,4775935595.0597,9727519267.6798,2830.933924832138,148.347,4962.7235,51922.7982,129445.2,9356878.3,0.002,0.7,73449.0,75425.6
2026-04-16,4062130,1776297600119000,1776383999811000,,,,,,0,,,,,,,,,,,,,binance_trades,btcusdt,0.0,0.0,2053715.0,2008415.0,5888816686.0686,5780384558.8993,11669201244.9679,2872.680402884176,148.23,5010.561500000001,50495.872,137843.5,18124601.6,0.002,0.679,73256.8,75500.0
2026-04-17,5519245,1776384000091000,1776470399749000,,,,,,0,,,,,,,,,,,,,binance_trades,btcusdt,0.0,0.0,2799189.0,2720056.0,9408231694.9879,8696195478.7405,18104427173.7284,3280.2361869655,151.0008,6194.3066,51659.350600000005,157457.79,46224479.436100006,0.002,0.676,74480.0,78300.0
2026-04-18,2441654,1776470400114000,1776556798560000,,,,,,0,,,,,,,,,,,,,binance_trades,btcusdt,0.0,0.0,1241421.0,1200233.0,3815515989.6291,4216755222.5937,8032271212.2228,3289.6844566112973,152.06820000000002,6131.624000000001,53332.2096,160588.80000000002,16378920.4392,0.002,0.7,75395.9,77380.0
2026-04-19,3524315,1776556800094000,1776643199951000,,,,,,0,,,,,,,,,,,,,binance_trades,btcusdt,0.0,0.0,1742733.0,1781582.0,4724057761.5373,4865372064.4254,9589429825.9627,2720.9343733357264,148.17020000000002,5064.3089,46905.38280000001,130047.365,13782037.5,0.002,0.625,73700.2,76200.0
2026-04-20,4395127,1776643200013000,1776729599941000,,,,,,0,,,,,,,,,,,,,binance_trades,btcusdt,0.0,0.0,2250437.0,2144690.0,6462149732.3619,5913750112.9266,12375899845.2885,2815.823034303332,76.28139999999999,4536.318,49148.5204,152548.2339,24177726.6,0.001,0.652,73669.0,76531.0
2026-04-21,4513521,1776729600494000,1776815999899000,,,,,,0,,,,,,,,,,,,,binance_trades,btcusdt,0.0,0.0,2260855.0,2252666.0,6165450242.1504,6173639529.1724,12339089771.3228,2733.8057741002644,76.5007,4553.04,49333.103,135224.991,17319624.868699998,0.001,0.65,74777.9,76999.0
2026-04-22,4610409,1776816000116000,1776902399925000,,,,,,0,,,,,,,,,,,,,binance_trades,btcusdt,0.0,0.0,2309667.0,2300742.0,7731827723.2699,6895481445.1264,14627309168.3963,3172.6706173782627,79.2598,5133.726,55002.29819999999,167980.0941,35805580.713,0.001,0.703,76078.6,79444.0
2026-04-23,4351842,1776902400620000,1776988799998000,,,,,,0,,,,,,,,,,,,,binance_trades,btcusdt,0.0,0.0,2186423.0,2165419.0,6532507019.2846,6468982399.6331,13001489418.9177,2987.583055386133,78.366,4989.939200000001,55224.702,152563.58250000002,17660119.68,0.001,0.71,76900.1,78648.0
2026-04-24,3111461,1776988800002000,1777075199972000,,,,,,0,,,,,,,,,,,,,binance_trades,btcusdt,0.0,0.0,1555042.0,1556419.0,4973658205.9026,4971850398.6054,9945508604.508,3196.411140781774,154.77120000000002,5405.4531,54971.1097,172608.2311,21194662.5,0.002,0.705,77206.8,78546.0
2026-04-25,1073572,1777075200049000,1777161599358000,,,,,,0,,,,,,,,,,,,,binance_trades,btcusdt,0.0,0.0,548444.0,525128.0,1788432110.7034,1820361552.9728,3608793663.6762,3361.4826613177315,155.0946,6031.389,55553.5695,147893.3912,8242575.0,0.002,0.716,77100.0,77847.0
2026-04-26,1936531,1777161600114000,1777247999999000,,,,,,0,,,,,,,,,,,,,binance_trades,btcusdt,0.0,0.0,980121.0,956410.0,3060948480.5862,3028852154.437,6089800635.0232,3144.695661997252,155.9224,5484.696000000001,52960.70990000001,152802.0,10284716.0,0.002,0.678,77280.0,78935.7
2026-04-27,3742280,1777248000004000,1777334399992000,,,,,,0,,,,,,,,,,,,,binance_trades,btcusdt,0.0,0.0,1854561.0,1887719.0,6145447498.01,6912936066.5504,13058383564.5604,3489.419168143592,153.667,5645.5488,61838.8,176790.0465,41191712.895,0.002,0.798,76400.0,79455.0
2026-04-28,2751555,1777334400206000,1777420799378000,,,,,,0,,,,,,,,,,,,,binance_trades,btcusdt,0.0,0.0,1392613.0,1358942.0,3917606931.0687,4007560330.2005,7925167261.2692,2880.250353443489,152.03920000000002,5063.1504,49971.6784,140010.3146,10485302.7345,0.002,0.655,75635.6,77450.0
2025-11-01,2478182,1761955200058000,1762041599894000,,,,,,0,,,,,,,,,,,,,binance_trades,ethusdt,0.0,0.0,1268344.0,1209838.0,2483659052.02197,2432890569.8228,4916549621.84477,1983.9340378732356,57.59715,3814.83623,34421.8248,102019.42479,7725197.25,0.015,8.89,3828.8,3907.61
2025-11-02,3238845,1762041600057000,1762127999980000,,,,,,0,,,,,,,,,,,,,binance_trades,ethusdt,0.0,0.0,1669678.0,1569167.0,3518676285.7631702,3520275175.07705,7038951460.84022,2173.290620835582,57.98205,4071.855,35766.8711,108650.84776,7784000.0,0.015,9.23,3837.04,3917.0
2025-11-03,10070803,1762128000064000,1762214399625000,,,,,,0,,,,,,,,,,,,,binance_trades,ethusdt,0.0,0.0,4977917.0,5092886.0,11440222878.74338,12900536970.65445,24340759849.39783,2416.963160673268,74.36,4997.58624,37306.1565,112168.755,27040746.96,0.02,10.042,3556.0,3913.34
2025-11-04,15897417,1762214400055000,1762300799998000,,,,,,0,,,,,,,,,,,,,binance_trades,ethusdt,0.0,0.0,7889562.0,8007855.0,17567179279.15232,18604066622.10809,36171245901.26041,2275.290753287808,72.7012,4806.24208,33375.282479999994,120299.97980000002,18212789.1036,0.021,9.988,3055.0,3653.65
2025-11-05,10503612,1762300800011000,1762387199535000,,,,,,0,,,,,,,,,,,,,binance_trades,ethusdt,0.0,0.0,5303393.0,5200219.0,9357965619.25024,9086420702.58491,18444386321.83515,1756.0041556975973,44.65539,3375.1,27974.2731,90184.17072,19222206.51,0.013,8.348,3165.41,3479.0
2025-11-06,8995145,1762387200062000,1762473599621000,,,,,,0,,,,,,,,,,,,,binance_trades,ethusdt,0.0,0.0,4486629.0,4508516.0,8026786981.26105,8458054736.55164,16484841717.81269,1832.6376859753443,43.26322,3380.67,30400.14516,94117.60125,15047552.13,0.013,9.079,3245.0,3455.0
2025-11-07,10160525,1762473600019000,1762559999844000,,,,,,0,,,,,,,,,,,,,binance_trades,ethusdt,0.0,0.0,5093416.0,5067109.0,8390658919.14615,8211182463.71843,16601841382.86458,1633.9550744537885,43.62657,3004.09137,27425.38695,88049.25356,12188023.12,0.013,8.295,3192.92,3472.23
2025-11-08,5441778,1762560000032000,1762646399428000,,,,,,0,,,,,,,,,,,,,binance_trades,ethusdt,0.0,0.0,2703073.0,2738705.0,4485594330.11613,4601445824.98919,9087040155.10532,1669.8660171556648,41.36352,3212.36605,29870.11512,81959.00328,11482789.90132,0.012,8.76,3353.31,3490.0
2025-11-09,6039399,1762646400006000,1762732799969000,,,,,,0,,,,,,,,,,,,,binance_trades,ethusdt,0.0,0.0,3022926.0,3016473.0,5847009990.89904,5454863165.05972,11301873155.95876,1871.3572585548263,43.72849,3508.9,30541.79088,101384.4,22706485.15,0.013,8.759,3356.74,3624.4
2025-11-10,7309288,1762732800024000,1762819199914000,,,,,,0,,,,,,,,,,,,,binance_trades,ethusdt,0.0,0.0,3685324.0,3623964.0,6705024005.42631,6655104949.50325,13360128954.92956,1827.829051876128,43.48404,3331.8269400000004,30969.06296,98602.2234,17376503.76,0.012,8.646,3505.55,3658.0
2025-11-11,8880427,1762819200076000,1762905599822000,,,,,,0,,,,,,,,,,,,,binance_trades,ethusdt,0.0,0.0,4327426.0,4553001.0,7900512781.10824,7999704948.46586,15900217729.5741,1790.478963407289,43.29648,3238.2579600000004,30326.67458,92942.4606,24968064.18,0.012,8.601,3403.02,3647.54
2025-11-12,8920698,1762905600029000,1762991999944000,,,,,,0,,,,,,,,,,,,,binance_trades,ethusdt,0.0,0.0,4465205.0,4455493.0,8566691746.81926,8341173847.60362,16907865594.42288,1895.3523137340687,42.66168,3556.67363,30432.64637,101239.86033,17111489.164,0.012,8.794,3370.0,3587.24
2025-11-13,13806780,1762992000050000,1763078399985000,,,,,,0,,,,,,,,,,,,,binance_trades,ethusdt,0.0,0.0,6881515.0,6925265.0,12798797481.15736,13284884581.42608,26083682062.58344,1889.1937195047244,46.0551,3998.09632,27263.87136,101547.4005,13262730.992,0.014,8.036,3152.49,3565.0
2025-11-14,16785213,1763078400004000,1763164799859000,,,,,,0,,,,,,,,,,,,,binance_trades,ethusdt,0.0,0.0,8338261.0,8446952.0,12528110652.46908,13161883780.42539,25689994432.89447,1530.513460442502,41.83257,3118.45,24734.127,82840.49024,8962586.879999999,0.013,7.838,3068.0,3255.95
2025-11-15,5233555,1763164800035000,1763251199795000,,,,,,0,,,,,,,,,,,,,binance_trades,ethusdt,0.0,0.0,2664003.0,2569552.0,3808043905.33567,3754719627.96219,7562763533.29786,1445.052843296356,41.30009,2910.21264,23976.388,75453.75,10692270.92,0.013,7.519,3109.16,3230.56
2025-11-16,9769730,1763251200014000,1763337599847000,,,,,,0,,,,,,,,,,,,,binance_trades,ethusdt,0.0,0.0,4891401.0,4878329.0,8387683061.91501,8825283751.40587,17212966813.32088,1761.8671972839454,43.22388,3154.06,26310.571980000004,96236.4,26335520.85,0.014,8.511,3001.01,3248.5
2025-11-17,12972195,1763337600006000,1763423999889000,,,,,,0,,,,,,,,,,,,,binance_trades,ethusdt,0.0,0.0,6507767.0,6464428.0,10211871276.37618,10636188646.17805,20848059922.55423,1607.1343302004195,43.82182,3006.58,26210.03226,86438.17611,16331515.587,0.014,8.522,2958.0,3223.22
2025-11-18,13026264,1763424000019000,1763510399903000,,,,,,0,,,,,,,,,,,,,binance_trades,ethusdt,0.0,0.0,6508419.0,6517845.0,9506798200.23924,9472897658.65335,18979695858.89259,1457.0329496540674,42.8953,2954.4342,23495.27568,74844.92658,13891703.807999998,0.014,7.677,2943.31,3169.28
2025-11-19,13129414,1763510400025000,1763596799875000,,,,,,0,,,,,,,,,,,,,binance_trades,ethusdt,0.0,0.0,6480914.0,6648500.0,11273063743.30269,11999459012.32174,23272522755.62443,1772.5484744120668,43.13106,3320.0085,26883.12117,92096.85264,13466610.906,0.014,8.962,2873.0,3125.05
2025-11-20,12951567,1763596800052000,1763683199836000,,,,,,0,,,,,,,,,,,,,binance_trades,ethusdt,0.0,0.0,6343714.0,6607853.0,11324603017.68012,12130699695.71188,23455302713.392,1811.001148617152,43.02435,3395.44152,28576.1472,91569.61893,14968865.94,0.015,9.802,2788.01,3063.0
2025-11-21,18266440,1763683200049000,1763769599727000,,,,,,0,,,,,,,,,,,,,binance_trades,ethusdt,0.0,0.0,8981537.0,9284903.0,14434274406.91914,14970253306.68217,29404527713.60131,1609.7568937133517,43.2624,2877.97189,25215.72372,83576.09999999999,25877610.576,0.016,9.181,2620.0,2885.84
2025-11-22,5561786,1763769600009000,1763855999832000,,,,,,0,,,,,,,,,,,,,binance_trades,ethusdt,0.0,0.0,2809935.0,2751851.0,3733795714.90006,3699521716.09591,7433317430.99597,1336.498281486553,41.8845,2675.64876,22095.2646,65424.46776,5144009.079,0.015,8.054,2702.87,2798.0
2025-11-23,6044937,1763856000016000,1763942399924000,,,,,,0,,,,,,,,,,,,,binance_trades,ethusdt,0.0,0.0,2991061.0,3053876.0,4616234637.25819,4645953169.49668,9262187806.75487,1532.222388215935,64.75627,2999.416,23231.581120000003,72092.68632,13613737.64,0.023,8.248,2766.87,2857.0
2025-11-24,10158522,1763942400057000,1764028799866000,,,,,,0,,,,,,,,,,,,,binance_trades,ethusdt,0.0,0.0,5170951.0,4987571.0,8946853440.01284,8682635443.34615,17629488883.35899,1735.438372172545,57.5414,3288.7044,27001.20852,87894.0411,19635000.0,0.02,9.432,2761.38,2986.98
2025-11-25,8125337,1764028800064000,1764115199876000,,,,,,0,,,,,,,,,,,,,binance_trades,ethusdt,0.0,0.0,4020821.0,4104516.0,6873883202.1706,7026972932.6627,13900856134.8333,1710.8036423391793,58.2838,3166.4391,26408.904,84085.6905,13161307.239999998,0.02,9.069,2855.0,2979.31
2025-11-26,6624184,1764115200029000,1764201599965000,,,,,,0,,,,,,,,,,,,,binance_trades,ethusdt,0.0,0.0,3334144.0,3290040.0,6376375635.59037,6266318142.0111,12642693777.60147,1908.566213982201,52.68978,3587.6827300000004,30902.5872,90869.7,11785351.578,0.018,10.507,2887.09,3044.46
2025-11-27,4596712,1764201600034000,1764287999667000,,,,,,0,,,,,,,,,,,,,binance_trades,ethusdt,0.0,0.0,2270485.0,2326227.0,4463432537.2798,4484576898.12402,8948009435.40382,1946.610846057752,62.985510000000005,3836.29616,29144.293880000005,93601.81802,11737114.95,0.021,9.64,2983.81,3070.0
2025-11-28,5794744,1764288000053000,1764374398894000,,,,,,0,,,,,,,,,,,,,binance_trades,ethusdt,0.0,0.0,2922409.0,2872335.0,5927214938.49761,5869676925.41876,11796891863.91637,2035.7917215870743,64.52901,4251.01008,29216.237370000003,92958.59433,14219202.179999998,0.021,9.606,2992.1,3099.0
2025-11-29,3177059,1764374400061000,1764460798863000,,,,,,0,,,,,,,,,,,,,binance_trades,ethusdt,0.0,0.0,1581834.0,1595225.0,3276297970.18338,3499628280.69729,6775926250.88067,2132.766892550837,101.59642,4287.31178,30106.5336,112894.5532,7223660.316,0.034,10.031,2960.01,3051.46
2025-11-30,3026486,1764460800063000,1764547199978000,,,,,,0,,,,,,,,,,,,,binance_trades,ethusdt,0.0,0.0,1535548.0,1490938.0,2995373850.33185,2974983859.34493,5970357709.67678,1972.702900220513,76.105,3796.8375,30387.9331,91240.908,7867076.485,0.025,10.0,2974.0,3052.21
2025-12-01,10475188,1764547200016000,1764633599997000,,,,,,0,,,,,,,,,,,,,binance_trades,ethusdt,0.0,0.0,5218998.0,5256190.0,9325568980.03802,9639678215.59318,18965247195.6312,1810.4922981459808,70.2365,3372.63632,28488.651,94143.63858,21970602.332,0.025,10.0,2718.07,2998.84
2025-12-02,8158010,1764633600036000,1764719999873000,,,,,,0,,,,,,,,,,,,,binance_trades,ethusdt,0.0,0.0,4140757.0,4017253.0,7514419689.43378,7300684213.86954,14815103903.30332,1816.019336002692,71.71392,3812.1792,28007.2084,90461.4,15374180.885,0.025,9.634,2780.6,3034.94
2025-12-03,8723233,1764720000058000,1764806399986000,,,,,,0,,,,,,,,,,,,,binance_trades,ethusdt,0.0,0.0,4413742.0,4309491.0,8782454083.09166,8091031095.48705,16873485178.57871,1934.3155431683083,53.08131,3888.166150000001,30048.5472,99923.76738,10413101.5,0.017,9.788,2983.76,3216.53
2025-12-04,7753902,1764806400003000,1764892799747000,,,,,,0,,,,,,,,,,,,,binance_trades,ethusdt,0.0,0.0,3872585.0,3881317.0,7721985985.18098,8137166733.83338,15859152719.01436,2045.3125044673457,50.10912,3864.522,33398.697349999995,105255.36,15845000.0,0.016,10.556,3064.81,3239.27
2025-12-05,8369439,1764892800867000,1764979199861000,,,,,,0,,,,,,,,,,,,,binance_trades,ethusdt,0.0,0.0,4169950.0,4199489.0,8074499578.29628,8548937763.44811,16623437341.74439,1986.2068821750645,51.6817,4000.83602,30040.69948,94745.1,9211919.706,0.017,9.856,2978.0,3192.72
2025-12-06,2879276,1764979200056000,1765065599725000,,,,,,0,,,,,,,,,,,,,binance_trades,ethusdt,0.0,0.0,1440505.0,1438771.0,2487210526.48184,2427998839.61753,4915209366.09937,1707.0990645215568,72.81936,3220.8692599999995,27426.77734,82892.90000000001,10084765.28,0.024,9.034,3011.0,3068.58
2025-12-07,6493338,1765065600052000,1765151999929000,,,,,,0,,,,,,,,,,,,,binance_trades,ethusdt,0.0,0.0,3173099.0,3320239.0,6437585537.06868,6664577644.34545,13102163181.41413,2017.785487435604,96.98040000000002,3998.622100000001,30490.0,104543.136,20156736.951,0.032,10.0,2903.75,3150.0
2025-12-08,7567418,1765152000010000,1765238399870000,,,,,,0,,,,,,,,,,,,,binance_trades,ethusdt,0.0,0.0,3762608.0,3804810.0,6695764515.63766,6733866315.8304,13429630831.46806,1774.6648634274015,47.0181,3519.7543399999995,29181.66884,92863.5,10540926.24,0.015,9.355,3038.76,3179.99
2025-12-09,8904592,1765238400021000,1765324799949000,,,,,,0,,,,,,,,,,,,,binance_trades,ethusdt,0.0,0.0,4482115.0,4422477.0,9074961271.09343,9024848757.68042,18099810028.77385,2032.6377703519545,56.1474,3998.86568,32408.95086,110143.4128,15323296.8,0.017,10.0,3089.01,3397.5
2025-12-10,9398690,1765324800050000,1765411199819000,,,,,,0,,,,,,,,,,,,,binance_trades,ethusdt,0.0,0.0,4679466.0,4719224.0,7968670703.24112,8162182713.41588,16130853416.657,1716.2874205508426,44.62276,3332.38,28852.86768,92162.3524,13244888.328,0.013,8.604,3286.58,3446.12
2025-12-11,9099788,1765411200008000,1765497599614000,,,,,,0,,,,,,,,,,,,,binance_trades,ethusdt,0.0,0.0,4443406.0,4656382.0,7955252964.21677,8667586557.04189,16622839521.25866,1826.728218422084,43.19991,3430.57988,29999.35356,99394.5,10625478.336,0.013,9.313,3142.92,3326.74
2025-12-12,8017905,1765497600079000,1765583999814000,,,,,,0,,,,,,,,,,,,,binance_trades,ethusdt,0.0,0.0,3982814.0,4035091.0,7034355412.25194,7489299928.78009,14523655341.03203,1811.402771800368,43.24838,3571.443,30551.20884,96445.96703,25274648.34,0.014,9.758,3041.1,3264.78
2025-12-13,2455782,1765584000009000,1765670399969000,,,,,,0,,,,,,,,,,,,,binance_trades,ethusdt,0.0,0.0,1249666.0,1206116.0,2213440347.6542,2290121735.48272,4503562083.13692,1833.860694123876,70.95316,3673.53,29749.30768,94770.66504,15460750.0,0.023,9.59,3075.0,3135.0
2025-12-14,4452072,1765670400052000,1765756799945000,,,,,,0,,,,,,,,,,,,,binance_trades,ethusdt,0.0,0.0,2269197.0,2182875.0,4117470566.30954,4184258035.21447,8301728601.52401,1864.6887564989984,46.34355,3716.62423,29988.58807,99999.8,12695675.174,0.015,9.729,3022.51,3128.65
2025-12-15,10128218,1765756800095000,1765843199810000,,,,,,0,,,,,,,,,,,,,binance_trades,ethusdt,0.0,0.0,4978643.0,5149575.0,9129004606.00497,9320286975.43175,18449291581.43672,1821.573309484129,43.632540000000006,3373.942,29253.4344,99962.22675,18976756.16,0.014,9.617,2890.51,3177.0
2025-12-16,8979194,1765843200013000,1765929599864000,,,,,,0,,,,,,,,,,,,,binance_trades,ethusdt,0.0,0.0,4466622.0,4512572.0,6277543083.12337,6940332015.13798,13217875098.26135,1472.0558547082678,41.23238,2908.48,24999.80925,78746.68362,5511747.55,0.014,8.502,2870.0,2982.1
2025-12-17,10384645,1765929600011000,1766015999950000,,,,,,0,,,,,,,,,,,,,binance_trades,ethusdt,0.0,0.0,5197147.0,5187498.0,8387273599.50242,8721939690.26544,17109213289.76786,1647.5491737818538,40.68022,3049.27638,27681.27026,87744.3,7633808.324999999,0.014,9.526,2789.52,3030.0
2025-12-18,11498172,1766016000065000,1766102399997000,,,,,,0,,,,,,,,,,,,,binance_trades,ethusdt,0.0,0.0,5758166.0,5740006.0,9201599881.04937,9083866028.34815,18285465909.39752,1590.2933013523818,38.81435999999999,2845.2925599999994,28116.881180000004,88812.29999999999,19999997.925,0.013,9.792,2772.97,2997.05
2025-12-19,9817492,1766102400000000,1766188799879000,,,,,,0,,,,,,,,,,,,,binance_trades,ethusdt,0.0,0.0,4970737.0,4846755.0,7558680536.96466,7213866966.97441,14772547503.93907,1504.7170401502815,38.4579,2980.03563,25030.008,79808.3015,9434254.05,0.013,8.478,2806.15,3017.99
2025-12-20,1794126,1766188801328000,1766275199774000,,,,,,0,,,,,,,,,,,,,binance_trades,ethusdt,0.0,0.0,911630.0,882496.0,1478898822.8943,1612678050.90297,3091576873.79727,1723.1659726224746,41.79252,3483.50667,26943.10436,89475.3,5499324.565,0.014,9.039,2965.28,2992.97
2025-12-21,3361696,1766275201349000,1766361599960000,,,,,,0,,,,,,,,,,,,,binance_trades,ethusdt,0.0,0.0,1698096.0,1663600.0,2809248140.87981,2794466897.21611,5603715038.09592,1666.9309295355438,41.5898,3176.3922,27270.2247,89984.925,6710242.539,0.014,9.168,2943.0,3011.99
2025-12-22,7619042,1766361600025000,1766447999934000,,,,,,0,,,,,,,,,,,,,binance_trades,ethusdt,0.0,0.0,3806162.0,3812880.0,6196002245.62194,5931153635.1867,12127155880.80864,1591.6903832277917,38.51003,2970.1623,28513.358140000004,85460.80606999999,14993368.535999998,0.013,9.385,2961.0,3077.99
2025-12-23,6846282,1766448000012000,1766534399693000,,,,,,0,,,,,,,,,,,,,binance_trades,ethusdt,0.0,0.0,3485811.0,3360471.0,5922913270.45921,5967370973.05809,11890284243.5173,1736.7505813399594,40.761140000000005,3000.23151,30030.0,88870.8,7980535.92,0.014,10.197,2899.3,3035.0
2025-12-24,4466930,1766534400082000,1766620799791000,,,,,,0,,,,,,,,,,,,,binance_trades,ethusdt,0.0,0.0,2214889.0,2252041.0,3927472790.65745,3760359211.27738,7687832001.93483,1721.054953163544,38.12886999999999,2971.5545999999995,29734.063550000003,88823.09502000001,20976088.978,0.013,10.129,2886.75,2976.48
2025-12-25,2958944,1766620800041000,1766707199935000,,,,,,0,,,,,,,,,,,,,binance_trades,ethusdt,0.0,0.0,1463355.0,1495589.0,2677647300.18663,2703907916.57134,5381555216.75797,1818.7418270700528,40.93796,3308.3235,30565.46534,92599.94356,3175980.936,0.014,10.428,2888.88,2969.99
2025-12-26,5553722,1766707200001000,1766793597886000,,,,,,0,,,,,,,,,,,,,binance_trades,ethusdt,0.0,0.0,2798363.0,2755359.0,5202145696.88883,5136356982.76363,10338502679.65246,1861.5448666052173,40.74784,3214.255000000001,32803.491,93769.31928,3028372.53352,0.014,11.132,2892.72,2994.0
2025-12-27,1352404,1766793600005000,1766879999960000,,,,,,0,,,,,,,,,,,,,binance_trades,ethusdt,0.0,0.0,678987.0,673417.0,1311245258.39815,1325262611.21715,2636507869.6153,1949.497243142804,43.88025,3513.648,32428.055440000004,90065.6772,2190750.0,0.015,11.064,2914.63,2959.84
2025-12-28,1882393,1766880000092000,1766966399877000,,,,,,0,,,,,,,,,,,,,binance_trades,ethusdt,0.0,0.0,961358.0,921035.0,1656078988.37126,1744464819.60424,3400543807.9755,1806.5004533992103,41.2258,3346.41402,30152.64,85170.47888,5421788.45598,0.014,10.254,2922.84,2959.99
2025-12-29,7102902,1766966400019000,1767052799978000,,,,,,0,,,,,,,,,,,,,binance_trades,ethusdt,0.0,0.0,3552666.0,3550236.0,7437437095.79113,7340319527.55444,14777756623.34557,2080.5237948299964,41.05052,3576.4708800000003,36420.0902,101654.0064,14744612.394,0.014,12.307,2908.58,3056.0
2025-12-30,4897271,1767052800010000,1767139199882000,,,,,,0,,,,,,,,,,,,,binance_trades,ethusdt,0.0,0.0,2448373.0,2448898.0,4662351122.13001,4724077757.64354,9386428879.77355,1916.665195733205,41.34928,3405.3625799999995,34382.5068,90048.94755,5916000.0,0.014,11.56,2917.48,3008.67
2025-12-31,3582875,1767139201775000,1767225599936000,,,,,,0,,,,,,,,,,,,,binance_trades,ethusdt,0.0,0.0,1770836.0,1812039.0,3653634146.89986,3537111510.25838,7190745657.15824,2006.976424563581,41.64272,3296.7432000000003,37306.51197,102082.43068,7240484.57496,0.014,12.51,2957.59,3027.73
2026-01-01,1630690,1767225601703000,1767311999988000,,,,,,0,,,,,,,,,,,,,binance_trades,ethusdt,0.0,0.0,829010.0,801680.0,1645834079.99837,1574649477.50872,3220483557.50709,1974.9207743391387,41.9048,3584.208,36604.674,89988.05799000002,3001000.0,0.014,12.256,2970.0,3008.56
2026-01-02,6758826,1767312001280000,1767398399737000,,,,,,0,,,,,,,,,,,,,binance_trades,ethusdt,0.0,0.0,3438981.0,3319845.0,7473042346.72697,6755352918.29997,14228395265.02694,2105.157798858402,42.161,3886.91352,39054.2306,100942.82880000002,3036415.0145,0.014,12.711,2990.67,3149.0
2026-01-03,2161378,1767398400031000,1767484799707000,,,,,,0,,,,,,,,,,,,,binance_trades,ethusdt,0.0,0.0,1101950.0,1059428.0,2273579378.51877,2280598378.65811,4554177757.17688,2107.0713948124207,40.63748,4000.85505,38982.10104,99864.72824,1800031.5929599998,0.013,12.554,3074.52,3135.0
2026-01-04,2979127,1767484800020000,1767571199937000,,,,,,0,,,,,,,,,,,,,binance_trades,ethusdt,0.0,0.0,1492442.0,1486685.0,3019537463.90454,2910028255.78876,5929565719.6933,1990.370239232265,40.83456,3677.2672,36100.6191,94031.86842,3563026.11,0.013,11.506,3115.0,3165.99
2026-01-05,6669638,1767571200043000,1767657599898000,,,,,,0,,,,,,,,,,,,,binance_trades,ethusdt,0.0,0.0,3306499.0,3363139.0,7107649128.24741,7315973962.57635,14423623090.82376,2162.579601894999,41.23548,3998.90502,38153.11224,96276.03981,22668649.1,0.013,11.998,3131.47,3266.0
2026-01-06,6393549,1767657600014000,1767743999947000,,,,,,0,,,,,,,,,,,,,binance_trades,ethusdt,0.0,0.0,3230128.0,3163421.0,7517345164.34443,7382176013.8102,14899521178.15463,2330.399153608525,42.03901,3899.952,42762.55299999999,101833.8384,14001883.613339998,0.013,13.148,3180.71,3308.0
2026-01-07,6023222,1767744000017000,1767830399997000,,,,,,0,,,,,,,,,,,,,binance_trades,ethusdt,0.0,0.0,3066677.0,2956545.0,7143571999.83326,7364281568.62601,14507853568.45927,2408.6533035739462,41.48105,4003.0281,40802.75818,109622.24629999998,27914039.96,0.013,12.778,3123.01,3295.79
2026-01-08,6088874,1767830400036000,1767916799991000,,,,,,0,,,,,,,,,,,,,binance_trades,ethusdt,0.0,0.0,3017161.0,3071713.0,6498434022.07349,6686369237.92378,13184803259.99727,2165.3926916532137,40.55506,3715.56,38369.60928,97912.91475,25790475.858,0.013,12.381,3052.43,3183.68
2026-01-09,5800879,1767916800013000,1768003199995000,,,,,,0,,,,,,,,,,,,,binance_trades,ethusdt,0.0,0.0,2939732.0,2861147.0,5728596815.35123,5701794945.60315,11430391760.95438,1970.458573770351,42.95368,3291.53495,36003.8086,93635.1,8008405.53,0.014,11.617,3056.79,3148.0
2026-01-10,1071409,1768003200013000,1768089599720000,,,,,,0,,,,,,,,,,,,,binance_trades,ethusdt,0.0,0.0,541889.0,529520.0,1060704957.45155,1072634754.20763,2133339711.65918,1991.1534359513316,52.56400000000001,3391.9050000000007,36199.96861,98706.92337,2444133.9706200003,0.017,11.71,3077.08,3102.75
2026-01-11,2132705,1768089601406000,1768175999993000,,,,,,0,,,,,,,,,,,,,binance_trades,ethusdt,0.0,0.0,1074207.0,1058498.0,2381095592.41884,2334879096.69024,4715974689.10908,2211.264421994172,43.58606,3780.24165,40737.84096,100362.69243,5965311.832,0.014,13.075,3083.23,3147.0
2026-01-12,5697939,1768176000070000,1768262399837000,,,,,,0,,,,,,,,,,,,,binance_trades,ethusdt,0.0,0.0,2808737.0,2889202.0,5843073884.49119,6254723630.67987,12097797515.17106,2123.188316893365,43.351,3528.72636,40846.47632,103001.5728,6107123.3336000005,0.014,13.105,3061.35,3170.88
2026-01-13,6714779,1768262400015000,1768348799949000,,,,,,0,,,,,,,,,,,,,binance_trades,ethusdt,0.0,0.0,3427836.0,3286943.0,8006840269.31368,7057505161.30114,15064345430.61482,2243.4610924074823,43.21018,3960.85836,40012.93344,116133.5857,9719253.64,0.013,12.597,3090.18,3383.63
2026-01-14,7698663,1768348800030000,1768435199839000,,,,,,0,,,,,,,,,,,,,binance_trades,ethusdt,0.0,0.0,3729331.0,3969332.0,8108771379.77599,8204555329.73554,16313326709.51153,2118.9817906708645,43.08837,3348.27,38189.59875,105343.6755,9910801.416,0.013,11.394,3280.0,3403.77
2026-01-15,6747184,1768435200049000,1768521599930000,,,,,,0,,,,,,,,,,,,,binance_trades,ethusdt,0.0,0.0,3354557.0,3392627.0,6781589674.07457,6950834092.03163,13732423766.1062,2035.2822401325056,42.77221,3321.41,38090.14012,100044.1024,11950695.24,0.013,11.484,3266.0,3383.07
2026-01-16,4174819,1768521600011000,1768607999875000,,,,,,0,,,,,,,,,,,,,binance_trades,ethusdt,0.0,0.0,2072311.0,2102508.0,4062407960.21787,4327922174.74304,8390330134.96091,2009.7470417186728,42.63688,3306.5,36351.04962,95803.71778,10815344.98144,0.013,11.016,3251.42,3325.34
2026-01-17,1576756,1768608000119000,1768694399753000,,,,,,0,,,,,,,,,,,,,binance_trades,ethusdt,0.0,0.0,807918.0,768838.0,1978355245.1791,1819828770.94349,3798184016.12259,2408.859719653891,75.86504,4002.03783,42184.43592,112028.11347,16626873.12,0.023,12.74,3282.39,3328.36
2026-01-18,2658487,1768694400051000,1768780799922000,,,,,,0,,,,,,,,,,,,,binance_trades,ethusdt,0.0,0.0,1302407.0,1356080.0,3008560818.66779,3029814747.923,6038375566.59079,2271.3579440451617,43.32874,3885.28192,40186.29715,119474.77716,4287017.745999999,0.013,12.072,3277.42,3367.98
2026-01-19,5321605,1768780800057000,1768867199962000,,,,,,0,,,,,,,,,,,,,binance_trades,ethusdt,0.0,0.0,2605099.0,2716506.0,5377666877.37394,6070937644.3873,11448604521.76124,2151.344288379397,41.7885,3911.25375,34048.58919,107596.908,11249108.91,0.013,10.627,3165.0,3283.2
2026-01-20,8125895,1768867201341000,1768953599964000,,,,,,0,,,,,,,,,,,,,binance_trades,ethusdt,0.0,0.0,4001350.0,4124545.0,8510978137.5548,9443650541.88393,17954628679.43873,2209.5570616453606,39.88608,3905.35953,37012.9138,118080.80556,26588277.3765,0.013,12.126,2910.0,3199.73
2026-01-21,9669745,1768953600039000,1769039999937000,,,,,,0,,,,,,,,,,,,,binance_trades,ethusdt,0.0,0.0,4810789.0,4858956.0,9500315865.1384,9835754195.506,19336070060.6444,1999.6463257970504,40.39672,3304.8162,34447.18648,137564.04869999998,7622655.64844,0.014,11.642,2864.29,3069.34
2026-01-22,6462617,1769040000073000,1769126399629000,,,,,,0,,,,,,,,,,,,,binance_trades,ethusdt,0.0,0.0,3204570.0,3258047.0,5093717578.52435,5330668843.55162,10424386422.07597,1613.028657287902,40.75302,2884.78932,30056.90706,90671.1,7214228.89885,0.014,10.106,2904.11,3037.49
2026-01-23,6484605,1769126400031000,1769212799851000,,,,,,0,,,,,,,,,,,,,binance_trades,ethusdt,0.0,0.0,3235162.0,3249443.0,5023856039.566,5047605131.97634,10071461171.54234,1553.1341032402652,35.59872,2657.31606,29343.800000000003,86668.19039999999,5931884.326,0.012,10.0,2890.2,3020.45
2026-01-24,1450204,1769212800013000,1769299199993000,,,,,,0,,,,,,,,,,,,,binance_trades,ethusdt,0.0,0.0,702425.0,747779.0,1116878452.98185,1197620726.90633,2314499179.88818,1595.9817928292707,41.41242,2886.3714,29525.2,87387.31365999999,5234342.912,0.014,10.0,2942.0,2968.75
2026-01-25,5810665,1769299200077000,1769385599964000,,,,,,0,,,,,,,,,,,,,binance_trades,ethusdt,0.0,0.0,2856087.0,2954578.0,4836294975.52802,5588759736.98739,10425054712.51541,1794.124203084399,36.37179,2999.5734,31491.36865,100818.83517999998,16249998.8,0.013,10.997,2784.15,2959.27
2026-01-26,8044766,1769385600071000,1769471999922000,,,,,,0,,,,,,,,,,,,,binance_trades,ethusdt,0.0,0.0,4107690.0,3937076.0,8116393860.55911,6978350728.82101,15094744589.38012,1876.3435243958768,36.80105,2971.2501,30773.7672,111105.38096,24546906.18702,0.013,10.615,2810.72,2950.0
2026-01-27,6647131,1769472000022000,1769558399587000,,,,,,0,,,,,,,,,,,,,binance_trades,ethusdt,0.0,0.0,3366760.0,3280371.0,5977328793.62834,5527219132.08111,11504547925.70945,1730.753903557708,39.15392,3003.66,30070.94284,99773.86632,8213184.288000001,0.013,10.191,2898.89,3034.99
2026-01-28,5683929,1769558401726000,1769644799887000,,,,,,0,,,,,,,,,,,,,binance_trades,ethusdt,0.0,0.0,2825907.0,2858022.0,4469728318.61226,4494908538.51251,8964636857.12477,1577.190154402838,30.3907,2497.52559,30397.00864,90544.5,14457364.32,0.01,10.066,2981.7,3045.0
2026-01-29,8707125,1769644801810000,1769731199951000,,,,,,0,,,,,,,,,,,,,binance_trades,ethusdt,0.0,0.0,4254159.0,4452966.0,7836648694.73838,8628082089.66785,16464730784.406227,1890.9491691466733,31.54921,2924.65902,34904.5308,108742.9944,18035901.75,0.011,12.191,2752.5,3012.04
2026-01-30,13376998,1769731200015000,1769817599987000,,,,,,0,,,,,,,,,,,,,binance_trades,ethusdt,0.0,0.0,6664820.0,6712178.0,9396447200.61439,9906467811.71608,19302915012.33047,1442.9930401671938,25.43706,2281.8294,27370.7,80332.8,22024669.455,0.009,10.0,2634.63,2827.27
2026-01-31,15242016,1769817600015000,1769903999891000,,,,,,0,,,,,,,,,,,,,binance_trades,ethusdt,0.0,0.0,7419508.0,7822508.0,11299329904.33204,12573673045.54822,23873002949.88026,1566.2628191625215,26.0183,2668.03,27474.5262,91145.91952,9518527.56,0.01,11.034,2202.4,2713.43
2026-02-01,15342731,1769904000020000,1769990399951000,,,,,,0,,,,,,,,,,,,,binance_trades,ethusdt,0.0,0.0,7549405.0,7793326.0,8511524716.31335,9074882059.68615,17586406775.9995,1146.2370536249057,25.51615,2251.53,18202.88808,69215.4,8412316.424999999,0.011,7.657,2218.0,2474.98
2026-02-02,21221430,1769990400088000,1770076799549000,,,,,,0,,,,,,,,,,,,,binance_trades,ethusdt,0.0,0.0,10645467.0,10575963.0,11150389969.06246,11114312171.10832,22264702140.17078,1049.1612553994137,25.25083,1895.80251,17741.84,68473.8,10608230.656,0.011,7.787,2156.0,2395.4
2026-02-03,18297860,1770076800015000,1770163199925000,,,,,,0,,,,,,,,,,,,,binance_trades,ethusdt,0.0,0.0,9118802.0,9179058.0,12012181475.22439,12423036744.27966,24435218219.50405,1335.413989368377,28.95555,2332.55,21892.7566,69830.1,11979271.36,0.013,9.728,2103.4,2358.6
2026-02-04,18759982,1770163200009000,1770249599954000,,,,,,0,,,,,,,,,,,,,binance_trades,ethusdt,0.0,0.0,9271803.0,9488179.0,11497263950.72021,11522392465.58104,23019656416.30125,1227.0617539132634,25.71468,2071.7398000000003,21675.60604,66522.16158,14493822.24888,0.012,10.0,2073.68,2295.0
2026-02-05,30864956,1770249600011000,1770335999918000,,,,,,0,,,,,,,,,,,,,binance_trades,ethusdt,0.0,0.0,15167549.0,15697407.0,16112557729.98877,17201287924.30725,33313845654.29602,1079.3420750153027,25.60571,1941.11425,19960.0,60282.7273,16051719.3,0.013,9.924,1813.44,2173.0
2026-02-06,24473366,1770336000012000,1770422399884000,,,,,,0,,,,,,,,,,,,,binance_trades,ethusdt,0.0,0.0,12396465.0,12076901.0,12924914998.8719,12333583570.23196,25258498569.10386,1032.0811027426248,30.8019,1806.88,17802.9696,59973.5604,14656725.03078,0.016,9.128,1736.02,2095.1
2026-02-07,14846160,1770422400012000,1770508799976000,,,,,,0,,,,,,,,,,,,,binance_trades,ethusdt,0.0,0.0,7408378.0,7437782.0,9376401605.46093,9606423997.34004,18982825602.80097,1278.6353914278825,38.76684,2020.17114,18033.0472,93982.432,9626706.2,0.019,8.79,1993.34,2125.0
2026-02-08,8396008,1770508800005000,1770595199680000,,,,,,0,,,,,,,,,,,,,binance_trades,ethusdt,0.0,0.0,4200673.0,4195335.0,4844401866.70309,4744461360.51545,9588863227.21854,1142.074093690542,35.43854,2101.37,18800.40408,60219.67149000001,9046685.505,0.017,8.928,2065.28,2152.0
2026-02-09,11520000,1770595200065000,1770681599717000,,,,,,0,,,,,,,,,,,,,binance_trades,ethusdt,0.0,0.0,5760908.0,5759092.0,6315158095.37894,6348778528.25409,12663936623.63303,1099.3000541348115,30.78,2031.4517,18133.5988,55661.55,9446207.134,0.015,8.688,2008.0,2148.0
2026-02-10,9802469,1770681600009000,1770767999835000,,,,,,0,,,,,,,,,,,,,binance_trades,ethusdt,0.0,0.0,4854682.0,4947787.0,5659678420.05026,5941835628.00481,11601514048.05507,1183.529787041925,36.288,2207.10864,19446.249440000003,60087.9,11660112.827,0.018,9.555,1983.77,2123.7
2026-02-11,12639918,1770768000009000,1770854399973000,,,,,,0,,,,,,,,,,,,,binance_trades,ethusdt,0.0,0.0,6329223.0,6310695.0,6884507809.99491,6810990962.49251,13695498772.48742,1083.511678832681,31.00704,1956.43232,19150.0,61745.460640000005,9700000.0,0.016,9.8,1901.22,2031.0
2026-02-12,10345169,1770854400008000,1770940799862000,,,,,,0,,,,,,,,,,,,,binance_trades,ethusdt,0.0,0.0,5171990.0,5173179.0,5087473991.00445,5144297321.19434,10231771312.19879,989.0385852757736,30.62768,1606.8213,18659.92052,55036.977600000006,11305545.76369,0.016,9.575,1893.77,2000.9
2026-02-13,8579828,1770940800070000,1771027199859000,,,,,,0,,,,,,,,,,,,,binance_trades,ethusdt,0.0,0.0,4330745.0,4249083.0,4802449578.41267,4696507688.57867,9498957266.99134,1107.1267707221334,34.937999999999995,2000.54124,19398.75201,58092.5275,14652140.745,0.017,9.656,1923.29,2073.0
2026-02-14,4298604,1771027200049000,1771113599877000,,,,,,0,,,,,,,,,,,,,binance_trades,ethusdt,0.0,0.0,2175221.0,2123383.0,2698897339.05689,2584314325.71698,5283211664.77387,1229.0528889783452,39.52988,2189.79054,20691.0,61630.8,10450000.0,0.019,10.0,2041.0,2107.02
2026-02-15,8339584,1771113600005000,1771199999871000,,,,,,0,,,,,,,,,,,,,binance_trades,ethusdt,0.0,0.0,4106639.0,4232945.0,5196457064.32553,5420688797.43026,10617145861.75579,1273.1025746315154,38.991,2296.85274,21244.111200000003,69002.81124,11826675.6,0.02,10.449,1926.83,2102.73
2026-02-16,7420286,1771200000005000,1771286399989000,,,,,,0,,,,,,,,,,,,,binance_trades,ethusdt,0.0,0.0,3748061.0,3672225.0,4157956430.59132,4183030255.73995,8340986686.33127,1124.078867894212,30.231,1999.42032,19719.8,59400.0,10974218.79884,0.015,10.0,1935.39,2023.3
2026-02-17,7923955,1771286400005000,1771372799865000,,,,,,0,,,,,,,,,,,,,binance_trades,ethusdt,0.0,0.0,3962160.0,3961795.0,4389362758.35195,4351432169.51737,8740794927.86932,1103.0848771692065,31.4736,2000.70342,19994.50515,58085.87748,3690549.295,0.016,10.074,1940.01,2014.91
2026-02-18,7403537,1771372800006000,1771459199816000,,,,,,0,,,,,,,,,,,,,binance_trades,ethusdt,0.0,0.0,3728858.0,3674679.0,4957648733.26881,4828620719.11361,9786269452.38242,1321.8370425355367,31.70976,2415.80906,22442.365,64816.28999999999,10735800.75,0.016,11.319,1921.64,2038.27
2026-02-19,7059258,1771459200005000,1771545599813000,,,,,,0,,,,,,,,,,,,,binance_trades,ethusdt,0.0,0.0,3518922.0,3540336.0,3924376545.08418,4173187796.76182,8097564341.846,1147.0843453867246,30.61712,1988.1951,21163.80636,59244.76554,10179083.175,0.016,10.907,1905.5,1986.91
2026-02-20,7103706,1771545600002000,1771631999851000,,,,,,0,,,,,,,,,,,,,binance_trades,ethusdt,0.0,0.0,3570454.0,3533252.0,4501055968.76875,4518893229.49288,9019949198.26163,1269.752604944747,31.31952,2183.3035200000004,22595.89,59320.422,3047797.53,0.016,11.573,1921.53,1980.73
2026-02-21,2752416,1771632000047000,1771718398876000,,,,,,0,,,,,,,,,,,,,binance_trades,ethusdt,0.0,0.0,1380929.0,1371487.0,1983340121.73334,1876812363.33809,3860152485.07143,1402.4596881690231,41.34165,2510.31354,22921.368,65481.44876,10700567.856,0.021,11.6,1955.07,1996.64
2026-02-22,2900224,1771718400118000,1771804799861000,,,,,,0,,,,,,,,,,,,,binance_trades,ethusdt,0.0,0.0,1458683.0,1441541.0,2117118643.687,2145837981.3572,4262956625.0442,1469.871508215986,40.935300000000005,2608.22203,24187.625,78722.94888,6856215.58188,0.021,12.364,1933.0,1982.83
2026-02-23,9337217,1771804800011000,1771891199887000,,,,,,0,,,,,,,,,,,,,binance_trades,ethusdt,0.0,0.0,4649141.0,4688076.0,6124290129.44097,6294007356.32461,12418297485.76558,1329.9784599378572,37.128800000000005,2503.1688,23260.875,67976.94456,10714653.0796,0.02,12.357,1836.06,1957.58
2026-02-24,8649923,1771891201398000,1771977599970000,,,,,,0,,,,,,,,,,,,,binance_trades,ethusdt,0.0,0.0,4348222.0,4301701.0,4842637937.65961,5156882637.08952,9999520574.74913,1156.0242298976684,27.75405,2095.093,20664.9162,59657.413640000006,4468310.103999999,0.015,11.27,1796.0,1868.94
2026-02-25,11251053,1771977600072000,1772063999934000,,,,,,0,,,,,,,,,,,,,binance_trades,ethusdt,0.0,0.0,5673024.0,5578029.0,8837338041.73735,8085958830.07821,16923296871.81556,1504.1522666203384,35.15991,2685.2160000000003,27982.6052,77183.235,10937266.6,0.018,14.074,1845.7,2149.95
2026-02-26,8529524,1772064000010000,1772150399968000,,,,,,0,,,,,,,,,,,,,binance_trades,ethusdt,0.0,0.0,4315962.0,4213562.0,5523311564.92348,5303300092.177,10826611657.10048,1269.3101815647017,30.81615,2127.10624,23742.7407,62190.5193,3142646.174,0.015,11.709,1973.49,2083.09
2026-02-27,8776781,1772150400007000,1772236799810000,,,,,,0,,,,,,,,,,,,,binance_trades,ethusdt,0.0,0.0,4453404.0,4323377.0,5626967505.6537,5723720165.55231,11350687671.20601,1293.2631760102036,30.21405,2000.93217,25975.27756,65098.67427,16226213.329679998,0.015,13.207,1885.0,2063.71
2026-02-28,10063275,1772236800005000,1772323199999000,,,,,,0,,,,,,,,,,,,,binance_trades,ethusdt,0.0,0.0,5054106.0,5009169.0,6083581929.13568,6080333548.78655,12163915477.92223,1208.7432250358088,28.9527,2075.4984600000003,20897.9329,63903.13552,11473510.45698,0.015,10.94,1834.06,1984.22
2026-03-01,10492396,1772323200006000,1772409599594000,,,,,,0,,,,,,,,,,,,,binance_trades,ethusdt,0.0,0.0,5235061.0,5257335.0,6792131900.58323,6726916581.61606,13519048482.19929,1288.4615184367126,30.4785,2029.56216,22648.05378,71866.53065,11601598.68,0.015,11.403,1905.91,2054.67
2026-03-02,12411024,1772409600007000,1772495999620000,,,,,,0,,,,,,,,,,,,,binance_trades,ethusdt,0.0,0.0,6224044.0,6186980.0,7215432083.32031,7002603127.053,14218035210.37331,1145.5972698443989,25.59414,1933.67,21858.18856,64915.9587,8520068.275,0.013,11.026,1916.0,2089.0
2026-03-03,12022290,1772496000065000,1772582399765000,,,,,,0,,,,,,,,,,,,,binance_trades,ethusdt,0.0,0.0,6049737.0,5972553.0,6629058145.81446,6682781652.10317,13311839797.91763,1107.2632416883664,24.15876,1591.048,22974.344,65324.8938,8059144.889999999,0.012,11.636,1926.32,2041.22
2026-03-04,13863057,1772582400009000,1772668799972000,,,,,,0,,,,,,,,,,,,,binance_trades,ethusdt,0.0,0.0,6945179.0,6917878.0,8816914401.0746,8388195916.46974,17205110317.54434,1241.076215552193,30.89685,2019.44787,23726.73678,68025.37,10734242.764880002,0.015,11.313,1943.4,2199.47
2026-03-05,10037289,1772668800010000,1772755199986000,,,,,,0,,,,,,,,,,,,,binance_trades,ethusdt,0.0,0.0,5029588.0,5007701.0,5944437738.57469,5917243752.23535,11861681490.81004,1181.7614787030682,25.39992,1999.40784,23073.097650000003,63507.3,15690562.026,0.012,10.962,2053.3,2163.0
2026-03-06,9002347,1772755200099000,1772841599787000,,,,,,0,,,,,,,,,,,,,binance_trades,ethusdt,0.0,0.0,4499828.0,4502519.0,5095590608.93175,5242205073.97365,10337795682.9054,1148.3445020399013,27.61486,1868.4474,22748.544,63970.3138,6560971.550000001,0.014,11.253,1954.25,2092.39
2026-03-07,3350036,1772841601813000,1772927999852000,,,,,,0,,,,,,,,,,,,,binance_trades,ethusdt,0.0,0.0,1709840.0,1640196.0,2162160323.22245,2139116838.81685,4301277162.0393,1283.9495342853927,35.51832,2102.97542,23063.12,63215.31078,3669498.37364,0.018,11.672,1946.87,1995.74
2026-03-08,6546372,1772928000254000,1773014399995000,,,,,,0,,,,,,,,,,,,,binance_trades,ethusdt,0.0,0.0,3284525.0,3261847.0,3804110372.14858,4178022225.94942,7982132598.098,1219.321572024627,29.0121,1924.53191,22350.870810000004,66624.14052,9999999.66,0.015,11.461,1906.63,1979.03
2026-03-09,10994822,1773014400103000,1773100799939000,,,,,,0,,,,,,,,,,,,,binance_trades,ethusdt,0.0,0.0,5554931.0,5439891.0,6384130648.75011,6149507856.45757,12533638505.20768,1139.958291749305,26.0039,1716.7492,20967.66681,64178.69472,9941932.35,0.013,10.469,1928.2,2052.83
2026-03-10,9612546,1773100800081000,1773187199791000,,,,,,0,,,,,,,,,,,,,binance_trades,ethusdt,0.0,0.0,4839575.0,4772971.0,6159534175.8239,6122939031.46141,12282473207.28531,1277.7544271086256,28.58604,1997.70824,24459.89425,71296.97684,8499831.165,0.014,11.97,1990.23,2088.0
2026-03-11,7516060,1773187200084000,1773273599904000,,,,,,0,,,,,,,,,,,,,binance_trades,ethusdt,0.0,0.0,3746682.0,3769378.0,4696620674.53521,4694364714.1667,9390985388.70191,1249.4558836281124,30.1875,1999.13596,23013.71409,62425.72512,12024820.88424,0.015,11.272,2005.9,2084.98
2026-03-12,7412180,1773273600038000,1773359999913000,,,,,,0,,,,,,,,,,,,,binance_trades,ethusdt,0.0,0.0,3692693.0,3719487.0,5538685511.90167,5358601124.59099,10897286636.49266,1470.1864547936857,31.1166,2418.7962500000003,26109.08304,74026.02852,10415000.0,0.015,12.642,2016.17,2094.57
2026-03-13,10307679,1773360000021000,1773446399975000,,,,,,0,,,,,,,,,,,,,binance_trades,ethusdt,0.0,0.0,5157395.0,5150284.0,8597498863.51643,7829525840.96716,16427024704.48359,1593.6686333056732,40.32978,2617.51,26819.72418,83694.59999999999,15331325.412,0.019,12.596,2069.1,2207.49
2026-03-14,2636878,1773446400026000,1773532799877000,,,,,,0,,,,,,,,,,,,,binance_trades,ethusdt,0.0,0.0,1322779.0,1314099.0,2198350927.17264,2239910594.43002,4438261521.60266,1683.1501198017731,41.4632,3000.68802,28256.298,81814.39878,6062400.3,0.02,13.572,2060.09,2105.75
2026-03-15,4959823,1773532800029000,1773619199979000,,,,,,0,,,,,,,,,,,,,binance_trades,ethusdt,0.0,0.0,2503031.0,2456792.0,4365068418.06047,3857468306.78846,8222536724.84893,1657.828661395564,41.668,2958.3971,27988.59273,88129.2315,16841585.904,0.019,13.238,2081.59,2202.87
2026-03-16,11711264,1773619200094000,1773705599944000,,,,,,0,,,,,,,,,,,,,binance_trades,ethusdt,0.0,0.0,5944974.0,5766290.0,10964870409.47464,9698126395.74114,20662996805.21578,1764.3694826805868,40.4235,2945.10816,31006.49472,93958.23141,20203535.055,0.018,13.636,2163.32,2385.78
2026-03-17,8867270,1773705600059000,1773791999897000,,,,,,0,,,,,,,,,,,,,binance_trades,ethusdt,0.0,0.0,4387389.0,4479881.0,6399309351.29836,6346400446.39724,12745709797.6956,1437.388260163004,30.37476,2398.045,23687.04298,73177.45920000001,19996889.22,0.013,10.156,2292.57,2377.0
2026-03-18,9048823,1773792001236000,1773878398692000,,,,,,0,,,,,,,,,,,,,binance_trades,ethusdt,0.0,0.0,4545567.0,4503256.0,7740210236.42066,8124820840.63667,15865031077.05733,1753.2701299447815,32.7699,2766.96777,32647.89472,90714.13,18998067.696,0.015,14.596,2150.7,2349.99
2026-03-19,9087010,1773878400198000,1773964799709000,,,,,,0,,,,,,,,,,,,,binance_trades,ethusdt,0.0,0.0,4586282.0,4500728.0,6548193800.69984,6774185688.3381,13322379489.03794,1466.0905500310816,30.629200000000004,2168.99,28296.2862,77504.51213999999,6491274.066,0.014,13.115,2098.02,2232.64
2026-03-20,7053550,1773964801437000,1774051199335000,,,,,,0,,,,,,,,,,,,,binance_trades,ethusdt,0.0,0.0,3618073.0,3435477.0,4825611587.09103,4689419855.0562,9515031442.14723,1348.970581075803,27.81155,2019.1602,27184.69338,70672.71211000001,6025751.892,0.013,12.695,2114.2,2175.64
2026-03-21,2411471,1774051200097000,1774137599861000,,,,,,0,,,,,,,,,,,,,binance_trades,ethusdt,0.0,0.0,1199974.0,1211497.0,1900816521.21902,2136416606.82983,4037233128.04885,1674.1785939158506,40.83347,3101.2956,29993.84784,80940.33315,5740200.0,0.019,13.953,2068.78,2168.0
2026-03-22,6323630,1774137600002000,1774223999852000,,,,,,0,,,,,,,,,,,,,binance_trades,ethusdt,0.0,0.0,3202592.0,3121038.0,4367009229.66785,4388060367.26555,8755069596.9334,1384.5006107146369,30.99855,2532.95745,22417.63776,64200.80940000001,9746389.288,0.015,10.73,2024.11,2126.38
2026-03-23,12323849,1774224000067000,1774310399648000,,,,,,0,,,,,,,,,,,,,binance_trades,ethusdt,0.0,0.0,6194000.0,6129849.0,9024415905.23188,8550452867.3295,17574868772.56138,1426.0860200868558,32.445899999999995,2496.79844,23832.165,69943.54784,15533553.51834,0.015,11.161,2021.58,2199.0
2026-03-24,7700055,1774310400076000,1774396799919000,,,,,,0,,,,,,,,,,,,,binance_trades,ethusdt,0.0,0.0,3903235.0,3796820.0,5068496790.1731,5007161711.30913,10075658501.48223,1308.5177315593498,27.91243,2001.74346,25917.24,72409.83636,8009239.188999999,0.013,12.096,2102.0,2174.71
2026-03-25,6062134,1774396800028000,1774483199973000,,,,,,0,,,,,,,,,,,,,binance_trades,ethusdt,0.0,0.0,3075029.0,2987105.0,4647264615.26953,4609812163.05532,9257076778.32485,1527.032688212575,30.59126,2416.46832,28280.80272,90213.11996,8168341.002,0.014,12.991,2142.66,2200.11
2026-03-26,6605692,1774483200031000,1774569599645000,,,,,,0,,,,,,,,,,,,,binance_trades,ethusdt,0.0,0.0,3360558.0,3245134.0,5518201235.34827,5809245108.37432,11327446343.72259,1714.8008632135118,38.82251,3003.9748199999995,31308.23365,91050.02385,7095598.676,0.019,15.065,2033.22,2171.32
2026-03-27,6614019,1774569600051000,1774655999798000,,,,,,0,,,,,,,,,,,,,binance_trades,ethusdt,0.0,0.0,3350420.0,3263599.0,4877729450.60642,5161346408.70953,10039075859.31595,1517.8480526463486,38.90478,2729.2014,26634.20001,75560.23176,9330548.9135,0.019,13.213,1966.2,2076.43
2026-03-28,2884649,1774656000142000,1774742399812000,,,,,,0,,,,,,,,,,,,,binance_trades,ethusdt,0.0,0.0,1442841.0,1441808.0,2483428844.76272,2495205896.44723,4978634741.20995,1725.9065977212308,41.72847,3264.704,28123.1561,83856.65308,10453246.758,0.021,13.997,1981.52,2049.36
2026-03-29,3674189,1774742400089000,1774828799765000,,,,,,0,,,,,,,,,,,,,binance_trades,ethusdt,0.0,0.0,1846670.0,1827519.0,2675431003.75247,2957358975.19234,5632789978.94481,1533.0702854275623,39.828,3064.37985,24152.62332,69788.80953,4382280.84,0.02,12.145,1936.54,2019.0
2026-03-30,7021728,1774828800096000,1774915199909000,,,,,,0,,,,,,,,,,,,,binance_trades,ethusdt,0.0,0.0,3513459.0,3508269.0,5792424648.90356,5361930878.80628,11154355527.70984,1588.5485065371147,39.19548,2838.80107,27477.97221,82628.16580999999,7647534.17064,0.019,13.465,1978.7,2086.99
2026-03-31,8920994,1774915200491000,1775001599830000,,,,,,0,,,,,,,,,,,,,binance_trades,ethusdt,0.0,0.0,4496197.0,4424797.0,6818175353.45674,6478536133.71667,13296711487.17341,1490.4966293188193,35.70425,2729.57606,24537.94165,72431.93,10544556.71708,0.017,11.871,2011.25,2124.51
2026-04-01,6569019,1775001600001000,1775087999528000,,,,,,0,,,,,,,,,,,,,binance_trades,ethusdt,0.0,0.0,3378859.0,3190160.0,5120087983.50055,4883313213.78296,10003401197.28351,1522.8150804988554,40.42915,2694.72417,26880.049800000004,73634.3321,2773272.492,0.019,12.574,2081.19,2167.2
2026-04-02,7332273,1775088000307000,1775174399729000,,,,,,0,,,,,,,,,,,,,binance_trades,ethusdt,0.0,0.0,3688327.0,3643946.0,5805264668.55719,6043827781.28295,11849092449.84014,1616.01899572481,38.48336,2899.33787,27678.91885,82341.70524,13575150.666,0.019,13.342,2015.55,2158.42
2026-04-03,3010724,1775174400019000,1775260799900000,,,,,,0,,,,,,,,,,,,,binance_trades,ethusdt,0.0,0.0,1530744.0,1479980.0,2258361516.29526,2133084485.86611,4391446002.16137,1458.6013205333236,40.91,2521.2429,25071.22332,71288.1516,15122816.676,0.02,12.205,2038.35,2084.02
2026-04-04,1494414,1775260801266000,1775347199105000,,,,,,0,,,,,,,,,,,,,binance_trades,ethusdt,0.0,0.0,763889.0,730525.0,1383168278.93984,1297082430.87702,2680250709.81686,1793.5128483919852,41.093,3166.06524,32000.9694,88254.15774000001,16643437.584,0.02,15.536,2043.0,2083.36
2026-04-05,3525005,1775347200603000,1775433599984000,,,,,,0,,,,,,,,,,,,,binance_trades,ethusdt,0.0,0.0,1795742.0,1729263.0,3177433031.74007,3121653197.45261,6299086229.19268,1786.9722820797929,40.791,3285.8619,31346.63573,88423.16865,6180000.0,0.02,15.316,2020.61,2123.23
2026-04-06,6567508,1775433600073000,1775519999885000,,,,,,0,,,,,,,,,,,,,binance_trades,ethusdt,0.0,0.0,3300182.0,3267326.0,5574106738.94779,5296023273.82614,10870130012.77393,1655.1376888728464,38.28276,2978.58091,27924.36416,83434.1403,13928752.022,0.018,13.051,2086.29,2174.41
2026-04-07,8829740,1775520000213000,1775606399991000,,,,,,0,,,,,,,,,,,,,binance_trades,ethusdt,0.0,0.0,4482279.0,4347461.0,7464023140.9172,7016604427.30093,14480627568.21813,1639.9834613723767,31.64056,2885.32902,28021.25634,84060.72564,9646480.308,0.015,13.196,2058.01,2273.0
2026-04-08,7003966,1775606400098000,1775692799925000,,,,,,0,,,,,,,,,,,,,binance_trades,ethusdt,0.0,0.0,3494416.0,3509550.0,5607514424.88813,5648040485.86613,11255554910.75426,1607.0259208503096,32.8785,2501.25304,30480.480000000003,83774.99418,15590065.01309,0.015,13.66,2177.77,2269.65
2026-04-09,6117522,1775692800282000,1775779199941000,,,,,,0,,,,,,,,,,,,,binance_trades,ethusdt,0.0,0.0,3066602.0,3050920.0,4946616281.19414,4853810971.58565,9800427252.77979,1602.025665421357,37.01257,2739.594,29019.95877,74302.78164,7793070.42633,0.017,13.215,2156.0,2246.15
2026-04-10,4938656,1775779200079000,1775865599120000,,,,,,0,,,,,,,,,,,,,binance_trades,ethusdt,0.0,0.0,2480855.0,2457801.0,4206311584.91751,4132221563.78298,8338533148.70049,1688.4215358794963,39.93912,2998.827,29883.7406,81782.57598000001,9902652.22716,0.018,13.405,2173.81,2257.55
2026-04-11,3735546,1775865600125000,1775951999426000,,,,,,0,,,,,,,,,,,,,binance_trades,ethusdt,0.0,0.0,1884811.0,1850735.0,3342088012.54946,3055413067.30675,6397501079.85621,1712.6013385610054,40.3344,3342.18258,26717.82195,87381.73410000002,16798095.32,0.018,11.792,2227.03,2329.99
2026-04-12,4752274,1775952000102000,1776038399961000,,,,,,0,,,,,,,,,,,,,binance_trades,ethusdt,0.0,0.0,2404963.0,2347311.0,4029918175.90129,4104233498.45632,8134151674.35761,1711.6335620289592,37.40663,3208.7796900000003,28556.6978,82938.25357999999,14864622.564,0.017,12.865,2173.0,2288.12
2026-04-13,7781970,1776038400072000,1776124799833000,,,,,,0,,,,,,,,,,,,,binance_trades,ethusdt,0.0,0.0,3940158.0,3841812.0,6671577345.97445,6390455550.16964,13062032896.14409,1678.499518263896,31.5329,2639.24577,29317.75136,91258.2,12733320.654,0.014,12.984,2174.48,2395.85
2026-04-14,7448846,1776124800000000,1776211199880000,,,,,,0,,,,,,,,,,,,,binance_trades,ethusdt,0.0,0.0,3732823.0,3716023.0,6564034816.00003,6155520271.18969,12719555087.18972,1707.5873346273663,35.8239,2678.01084,29473.08416,90675.71094000002,15576861.82033,0.015,12.487,2301.6,2416.4
2026-04-15,5657685,1776211200385000,1776297599942000,,,,,,0,,,,,,,,,,,,,binance_trades,ethusdt,0.0,0.0,2790756.0,2866929.0,4304440019.6649,4224964546.28531,8529404565.95021,1507.5785530566318,23.34,2343.04,27799.6346,81238.04415999999,17316717.223,0.01,11.874,2306.8,2384.67
2026-04-16,6372298,1776297600122000,1776383999987000,,,,,,0,,,,,,,,,,,,,binance_trades,ethusdt,0.0,0.0,3226243.0,3146055.0,5183718815.33504,5284663454.0377,10468382269.37274,1642.7954670940908,23.295700000000004,2521.23546,29021.4,85463.29,11003166.15,0.01,12.448,2282.85,2368.45
2026-04-17,7784554,1776384001631000,1776470399978000,,,,,,0,,,,,,,,,,,,,binance_trades,ethusdt,0.0,0.0,3959402.0,3825152.0,6964491140.86409,6537404460.50105,13501895601.36514,1734.4469061895056,23.7968,2953.376,30847.7979,92354.34432,12039176.028,0.01,12.796,2314.08,2463.86
2026-04-18,3894959,1776470400111000,1776556799837000,,,,,,0,,,,,,,,,,,,,binance_trades,ethusdt,0.0,0.0,1900193.0,1994766.0,3401644815.02348,3669633904.85141,7071278719.87489,1815.4950334200928,28.17516,3001.25026,30481.36,94862.34456,12626485.526880002,0.012,12.814,2337.0,2426.62
2026-04-19,5399181,1776556800257000,1776643199965000,,,,,,0,,,,,,,,,,,,,binance_trades,ethusdt,0.0,0.0,2675287.0,2723894.0,4086401126.92171,4420656933.66552,8507058060.58723,1575.6200913781609,23.2689,2850.36206,26837.43426,77415.2245,9285703.35,0.01,11.557,2250.91,2353.99
2026-04-20,6444583,1776643200004000,1776729599873000,,,,,,0,,,,,,,,,,,,,binance_trades,ethusdt,0.0,0.0,3246554.0,3198029.0,5105602261.30937,5063877688.46786,10169479949.77723,1577.9888240677838,23.0937,2652.01776,28708.83188,79469.79960000001,15517392.25,0.01,12.441,2258.3,2346.84
2026-04-21,6045357,1776729600118000,1776815999934000,,,,,,0,,,,,,,,,,,,,binance_trades,ethusdt,0.0,0.0,3008438.0,3036919.0,4476849735.39254,4445198894.16289,8922048629.55543,1475.8514062205804,22.986500000000003,2500.18822,25998.14701,74990.5,16006357.95,0.01,11.264,2283.72,2337.99
2026-04-22,6806488,1776816000087000,1776902399948000,,,,,,0,,,,,,,,,,,,,binance_trades,ethusdt,0.0,0.0,3476214.0,3330274.0,5936292397.4907,5445177544.52198,11381469942.01268,1672.1501517394404,23.9632,2614.9100000000003,27348.144,91807.10396,21773587.2,0.01,11.482,2311.41,2423.0
2026-04-23,6266132,1776902400014000,1776988798877000,,,,,,0,,,,,,,,,,,,,binance_trades,ethusdt,0.0,0.0,3101308.0,3164824.0,5295343090.64489,5622909040.02001,10918252130.6649,1742.422938212106,23.363200000000003,2710.80852,31105.51426,95620.76228,15996108.678,0.01,13.32,2283.31,2381.85
2026-04-24,3875601,1776988800006000,1777075197642000,,,,,,0,,,,,,,,,,,,,binance_trades,ethusdt,0.0,0.0,1922619.0,1952982.0,3356081435.99324,3369455479.23073,6725536915.22397,1735.3532820390876,23.1468,2817.88788,32593.66188,84299.3843,10906609.4724,0.01,14.066,2298.44,2336.46
2026-04-25,1189496,1777075200055000,1777161598957000,,,,,,0,,,,,,,,,,,,,binance_trades,ethusdt,0.0,0.0,595367.0,594129.0,1109259972.11522,1151427886.50534,2260687858.62056,1900.5426320227728,30.1171,3099.89178,32921.99923,107283.14168,13316126.67,0.013,14.258,2298.98,2322.22
2026-04-26,2577100,1777161600139000,1777247999999000,,,,,,0,,,,,,,,,,,,,binance_trades,ethusdt,0.0,0.0,1274832.0,1302268.0,2771958340.15912,2638616094.30253,5410574434.46165,2099.481756416767,28.47648,3539.83392,36217.9776,103458.7998,18200152.44341,0.012,15.413,2305.07,2379.99
2026-04-27,5090276,1777248000001000,1777334399894000,,,,,,0,,,,,,,,,,,,,binance_trades,ethusdt,0.0,0.0,2588496.0,2501780.0,4971926377.8418,5223111888.87119,10195038266.71299,2002.8458705801,25.21552,3499.9848,34458.2465,108796.77371999998,8656118.438000001,0.011,14.853,2263.88,2403.99
2026-04-28,3597532,1777334400007000,1777420799990000,,,,,,0,,,,,,,,,,,,,binance_trades,ethusdt,0.0,0.0,1811711.0,1785821.0,3034808095.62071,3013410855.43965,6048218951.06036,1681.213384915092,25.0393,2857.24584,29463.2685,91296.77326,7765223.817,0.011,12.887,2256.03,2309.73
2025-11-01,175,1761958180841000,1762036739349000,,,,,,0,,,,,,,,,,,,,bybit_liquidations,btcusdt,0.0,0.0,121.0,54.0,838141.8983,177551.03280000002,1015692.9311,5803.9596062857145,997.6662,8283.0675,110671.7,150251.17320000002,150251.17320000002,0.009,1.0,108876.4,111072.0
2025-11-02,668,1762042314598000,1762127851820000,,,,,,0,,,,,,,,,,,,,bybit_liquidations,btcusdt,0.0,0.0,267.0,401.0,2227740.9916,2990568.3259,5218309.3175,7811.840295658682,983.0925,12045.2508,109296.068,499844.2176000001,500651.943,0.009,1.0,108886.2,111754.6
2025-11-03,4870,1762128372191000,1762214174232000,,,,,,0,,,,,,,,,,,,,bybit_liquidations,btcusdt,0.0,0.0,444.0,4426.0,3937642.7121,64708295.9471,68645938.6592,14095.67528936345,1284.0467999999998,17823.709600000002,210572.6,1955242.0368,1989922.2287,0.012,2.0,104729.6,111257.3
2025-11-04,11997,1762214410121000,1762300429613000,,,,,,0,,,,,,,,,,,,,bybit_liquidations,btcusdt,0.0,0.0,920.0,11077.0,12646205.0367,160236087.1609,172882292.1976,14410.460298207883,1246.1652,19285.646,223488.1374,1675320.5750000002,2055246.7585,0.012,2.203,98414.4,107736.9
2025-11-05,1798,1762300897012000,1762386271015000,,,,,,0,,,,,,,,,,,,,bybit_liquidations,btcusdt,0.0,0.0,902.0,896.0,12590671.2312,9754569.7351,22345240.9663,12427.831460678532,1031.29,14262.6384,225968.175,1144852.9301,1288935.0,0.01,2.25,98419.1,105020.1
2025-11-06,2067,1762387345521000,1762472357702000,,,,,,0,,,,,,,,,,,,,bybit_liquidations,btcusdt,0.0,0.0,399.0,1668.0,7976416.1029,19858980.7902,27835396.8931,13466.568404983069,1007.919,17707.1136,218199.8331,1068041.3706,1196367.816,0.01,2.187,99744.9,104683.7
2025-11-07,2449,1762473807888000,1762559954905000,,,,,,0,,,,,,,,,,,,,bybit_liquidations,btcusdt,0.0,0.0,1050.0,1399.0,19010145.4851,17028762.6475,36038908.1326,14715.764856104532,1024.992,14387.170000000002,214177.8814,1989707.72,2012748.4915,0.01,2.162,98720.5,104560.4
2025-11-08,520,1762560128015000,1762645811693000,,,,,,0,,,,,,,,,,,,,bybit_liquidations,btcusdt,0.0,0.0,112.0,408.0,609364.8522,2718537.8735,3327902.7257,6399.812934038461,920.7567,12738.8016,102487.1,200052.8841,203023.0785,0.009,1.0,100914.0,103857.7
2025-11-09,1154,1762646988045000,1762731748084000,,,,,,0,,,,,,,,,,,,,bybit_liquidations,btcusdt,0.0,0.0,914.0,240.0,16668981.763,2413005.2867,19081987.0497,16535.51737409012,1269.4416,15723.54,266533.6167,2010562.3424,2613826.2682,0.012,2.547,100861.4,105965.5
2025-11-10,1204,1762732897384000,1762816993058000,,,,,,0,,,,,,,,,,,,,bybit_liquidations,btcusdt,0.0,0.0,703.0,501.0,11434632.3274,8610847.5468,20045479.8742,16649.069662956812,1177.9063999999998,19690.1236,243653.5875,1771756.6118,2013202.935,0.011,2.279,103727.1,107143.9
2025-11-11,2080,1762820769847000,1762905486324000,,,,,,0,,,,,,,,,,,,,bybit_liquidations,btcusdt,0.0,0.0,511.0,1569.0,8278080.285,18291330.2233,26569410.5083,12773.755052067308,1227.9384,19646.6998,204329.0,1613355.0,1989760.7703,0.012,1.961,101935.4,108015.8
2025-11-12,2298,1762905740522000,1762991703124000,,,,,,0,,,,,,,,,,,,,bybit_liquidations,btcusdt,0.0,0.0,419.0,1879.0,5715650.5987,31683880.1877,37399530.7864,16274.817574586596,1226.2176,20783.14,266927.01,1739972.3835,1989738.7794,0.012,2.527,100251.3,105821.3
2025-11-13,5032,1762993479226000,1763078288546000,,,,,,0,,,,,,,,,,,,,bybit_liquidations,btcusdt,0.0,0.0,775.0,4257.0,11050432.4341,60574158.6245,71624591.0586,14233.821752503973,1177.4124,15933.7365,204707.5168,1939692.9,2013477.6275,0.012,2.038,97453.0,104513.9
2025-11-14,11267,1763078417150000,1763164705817000,,,,,,0,,,,,,,,,,,,,bybit_liquidations,btcusdt,0.0,0.0,889.0,10378.0,13740164.9086,138030779.4439,151770944.3525,13470.39534503417,1341.3806,17834.5072,191862.9184,1986473.026,2820419.5572,0.014,2.0,93496.4,100279.3
2025-11-15,790,1763164887113000,1763250938904000,,,,,,0,,,,,,,,,,,,,bybit_liquidations,btcusdt,0.0,0.0,305.0,485.0,3297840.7028,3664051.8243,6961892.5271,8812.522186202532,775.9552,10445.0904,214950.725,475111.0,494353.5034,0.008,2.247,94185.4,97263.4
2025-11-16,3976,1763251398815000,1763337148854000,,,,,,0,,,,,,,,,,,,,bybit_liquidations,btcusdt,0.0,0.0,473.0,3503.0,4920567.2943,32983136.1193,37903703.4136,9533.124601006037,1132.4652,14112.645,138973.32,842684.9568,1988240.9435,0.012,1.485,92470.8,97068.4
2025-11-17,5232,1763338222402000,1763423519360000,,,,,,0,,,,,,,,,,,,,bybit_liquidations,btcusdt,0.0,0.0,710.0,4522.0,7339536.2642,56110990.561,63450526.8252,12127.39427087156,1228.0215999999998,14499.8084,208660.05,1237069.176,1988096.0353,0.013,2.25,90802.6,96474.2
2025-11-18,6332,1763424327323000,1763508049628000,,,,,,0,,,,,,,,,,,,,bybit_liquidations,btcusdt,0.0,0.0,1336.0,4996.0,13261872.7166,63203465.0837,76465337.8003,12076.016708828174,1360.797,16855.776,178738.0,1386493.0415,3360222.9492,0.015,2.0,88725.0,94259.4
2025-11-19,4473,1763510535181000,1763596579930000,,,,,,0,,,,,,,,,,,,,bybit_liquidations,btcusdt,0.0,0.0,800.0,3673.0,8045928.9602,36585636.453,44631565.4132,9977.99360903197,986.0796,12659.6568,136275.0,1345984.5,1809386.1785,0.011,1.5,88125.8,93299.2
2025-11-20,7666,1763597846793000,1763683142778000,,,,,,0,,,,,,,,,,,,,bybit_liquidations,btcusdt,0.0,0.0,914.0,6752.0,9265433.3409,79667069.372,88932502.7129,11600.90043215497,1299.444,17333.255100000002,179774.4,1166624.577,1989905.844,0.015,2.0,85630.1,93614.6
2025-11-21,10573,1763683371789000,1763768961597000,,,,,,0,,,,,,,,,,,,,bybit_liquidations,btcusdt,0.0,0.0,1830.0,8743.0,23431523.217,108852273.0988,132283796.3158,12511.472270481414,1279.914,18013.6917,168243.411,1339552.6324,3452043.7570000007,0.015,2.0,80203.6,87790.3
2025-11-22,962,1763769791450000,1763855846920000,,,,,,0,,,,,,,,,,,,,bybit_liquidations,btcusdt,0.0,0.0,519.0,443.0,2799664.3913,3352106.1734,6151770.5647,6394.771896777546,837.54,9035.8746,85222.242,368795.6896,1265262.0,0.01,1.005,83046.2,86009.3
2025-11-23,1988,1763856057681000,1763942000777000,,,,,,0,,,,,,,,,,,,,bybit_liquidations,btcusdt,0.0,0.0,1551.0,437.0,18899379.0546,3979833.0509,22879212.1055,11508.658000754527,1023.1476,14901.374799999998,213546.7043,1446724.032,1844077.686,0.012,2.491,84910.5,88522.1
2025-11-24,2599,1763942474889000,1764028429715000,,,,,,0,,,,,,,,,,,,,bybit_liquidations,btcusdt,0.0,0.0,1450.0,1149.0,17315519.5454,9725815.3467,27041334.8921,10404.515156637168,970.8424,14228.1829,161257.26080000002,877938.0,2010724.2304,0.011,1.84,84804.6,89615.4
2025-11-25,1603,1764028866456000,1764114763143000,,,,,,0,,,,,,,,,,,,,bybit_liquidations,btcusdt,0.0,0.0,450.0,1153.0,3017327.2176,11781885.617,14799212.8346,9232.19765102932,879.6750000000001,13015.6715,115949.5166,663087.323,1987138.5885,0.01,1.333,85635.0,88906.9
2025-11-26,1973,1764116590252000,1764199017920000,,,,,,0,,,,,,,,,,,,,bybit_liquidations,btcusdt,0.0,0.0,1508.0,465.0,17601887.462,5465269.1851,23067156.6471,11691.412390826154,1087.2216,15792.168,162305.00160000002,1079913.6,2013149.429,0.012,1.821,85835.6,91051.5
2025-11-27,1223,1764201695366000,1764285126560000,,,,,,0,,,,,,,,,,,,,bybit_liquidations,btcusdt,0.0,0.0,924.0,299.0,11429669.1391,2829361.9622000004,14259031.1013,11659.06058977923,1086.942,15580.617,195654.2962,1052286.8106000002,2272006.594,0.012,2.134,89597.3,92348.2
2025-11-28,2017,1764288158253000,1764372694924000,,,,,,0,,,,,,,,,,,,,bybit_liquidations,btcusdt,0.0,0.0,1064.0,953.0,9211219.3492,13701494.2568,22912713.606,11359.798515617253,1115.1864,16499.603199999998,185123.6,701824.6374,1566795.0026000002,0.012,2.0,89706.5,93509.4
2025-11-29,416,1764376298227000,1764459079889000,,,,,,0,,,,,,,,,,,,,bybit_liquidations,btcusdt,0.0,0.0,106.0,310.0,265583.5465,3955865.9548,4221449.5013,10147.715147355768,901.473,10330.956,188705.656,873185.1813,873185.1813,0.01,2.104,89666.2,91584.4
2025-11-30,798,1764462446141000,1764547116742000,,,,,,0,,,,,,,,,,,,,bybit_liquidations,btcusdt,0.0,0.0,363.0,435.0,3546324.5307,4044710.8571,7591035.3878,9512.575673934836,910.931,10328.9424,180144.7578,630774.9,993482.7775,0.01,1.962,89847.6,92389.4
2025-12-01,7042,1764547202915000,1764633577663000,,,,,,0,,,,,,,,,,,,,bybit_liquidations,btcusdt,0.0,0.0,1016.0,6026.0,11225621.7256,82198219.4453,93423841.1709,13266.66304613746,1201.8552,17253.88,216648.2286,1335557.6023,1989940.734,0.014,2.477,83371.8,89970.9
2025-12-02,3025,1764633819558000,1764719705119000,,,,,,0,,,,,,,,,,,,,bybit_liquidations,btcusdt,0.0,0.0,2629.0,396.0,33093013.554,3142204.7061,36235218.2601,11978.584548793388,1369.335,18064.960000000003,199968.6549,847880.3510000001,2010053.654,0.015,2.205,85741.6,92711.5
2025-12-03,2702,1764720298267000,1764806327490000,,,,,,0,,,,,,,,,,,,,bybit_liquidations,btcusdt,0.0,0.0,1888.0,814.0,33094056.5463,8419639.2222,41513695.7685,15364.062090488527,1039.72,16658.0273,279132.0817,2011608.5224,2027319.3558000005,0.011,2.987,90503.7,94609.7
2025-12-04,1555,1764806459235000,1764891921430000,,,,,,0,,,,,,,,,,,,,bybit_liquidations,btcusdt,0.0,0.0,344.0,1211.0,5277552.7351,15319938.6468,20597491.3819,13245.975165209004,1099.98,15864.9876,207503.9304,922561.8984,1862429.656,0.012,2.257,90389.1,94492.1
2025-12-05,2640,1764892952717000,1764976111961000,,,,,,0,,,,,,,,,,,,,bybit_liquidations,btcusdt,0.0,0.0,400.0,2240.0,3177725.5898,31510337.6264,34688063.2162,13139.417884924243,1266.363,16533.498799999998,191937.8466,1239489.974,1986976.7331,0.014,2.175,87598.0,93110.9
2025-12-06,551,1764980643099000,1765063605929000,,,,,,0,,,,,,,,,,,,,bybit_liquidations,btcusdt,0.0,0.0,213.0,338.0,1529098.281,2491647.5351,4020745.8161,7297.179339564428,896.7310000000001,13274.955,130241.5842,156568.062,769983.2792999999,0.01,1.442,88425.6,90679.2
2025-12-07,2311,1765066245363000,1765151963561000,,,,,,0,,,,,,,,,,,,,bybit_liquidations,btcusdt,0.0,0.0,908.0,1403.0,10713982.7921,17403082.3667,28117065.1588,12166.62274288187,1171.3988,14956.4174,229136.75,889180.0,1661099.3343000002,0.013,2.5,87245.4,92182.4
2025-12-08,1199,1765153200360000,1765238148561000,,,,,,0,,,,,,,,,,,,,bybit_liquidations,btcusdt,0.0,0.0,509.0,690.0,7116584.1835,11203340.602,18319924.7855,15279.336768557132,1011.7932,16471.5504,281513.6964,1225599.7842,1968948.9664,0.011,3.114,89120.9,92709.3
2025-12-09,2070,1765240328643000,1765322790309000,,,,,,0,,,,,,,,,,,,,bybit_liquidations,btcusdt,0.0,0.0,1496.0,574.0,20747856.6003,7001084.0208,27748940.6211,13405.2853242029,1367.3429999999998,16824.239999999998,264876.5298,1051040.4744,1814482.5444,0.015,2.861,89054.5,95021.7
2025-12-10,1555,1765325775992000,1765411139111000,,,,,,0,,,,,,,,,,,,,bybit_liquidations,btcusdt,0.0,0.0,676.0,879.0,8570870.4211,10240843.6955,18811714.1166,12097.56534829582,1109.6028,15628.7376,222497.7888,718556.9391,1119269.3505,0.012,2.401,91070.3,94910.8
2025-12-11,2689,1765412215096000,1765496367284000,,,,,,0,,,,,,,,,,,,,bybit_liquidations,btcusdt,0.0,0.0,995.0,1694.0,18708843.5818,20186648.0477,38895491.6295,14464.667768501302,1341.8775,17275.0826,230739.0355,1775871.1,1986664.4032,0.015,2.47,88792.7,93988.4
2025-12-12,1301,1765497904262000,1765581921148000,,,,,,0,,,,,,,,,,,,,bybit_liquidations,btcusdt,0.0,0.0,162.0,1139.0,3791106.7552,18799627.8313,22590734.5865,17364.131119523445,1341.417,21987.7812,281210.61000000004,1913266.0409,1980684.6324,0.015,3.1,88984.8,93162.3
2025-12-13,205,1765584348437000,1765668709951000,,,,,,0,,,,,,,,,,,,,bybit_liquidations,btcusdt,0.0,0.0,24.0,181.0,90456.4857,612737.7258,703194.2115,3430.2156658536583,803.7009,10098.6744,40130.2625,51178.556,51178.556,0.009,0.443,89276.7,91024.4
2025-12-14,2268,1765672360173000,1765756307210000,,,,,,0,,,,,,,,,,,,,bybit_liquidations,btcusdt,0.0,0.0,39.0,2229.0,220430.7252,32377383.9891,32597814.7143,14372.934177380952,1225.2716,15810.6762,213455.9622,1526949.1565999996,1988846.2198,0.014,2.418,87103.1,90869.2
2025-12-15,4277,1765756891657000,1765842504422000,,,,,,0,,,,,,,,,,,,,bybit_liquidations,btcusdt,0.0,0.0,496.0,3781.0,4179385.8948,41208358.3521,45387744.2469,10612.051495651158,1203.6178,14863.3988,160812.06,963946.0857,1996656.5256,0.014,1.835,84706.6,90427.4
2025-12-16,1560,1765843521556000,1765929293520000,,,,,,0,,,,,,,,,,,,,bybit_liquidations,btcusdt,0.0,0.0,715.0,845.0,6556900.5768,9416295.4953,15973196.0721,10239.228251346154,1061.9016,17254.174,132366.3309,679438.7972,1284402.534,0.012,1.557,84797.1,88572.6
2025-12-17,3247,1765929618537000,1766014337094000,,,,,,0,,,,,,,,,,,,,bybit_liquidations,btcusdt,0.0,0.0,1479.0,1768.0,27097794.1075,28921363.066,56019157.1735,17252.58921265784,1327.1084999999998,21674.1177,263645.49120000005,1951429.4877,2586102.9255,0.015,3.0,84847.1,90774.5
2025-12-18,3231,1766019884020000,1766100989809000,,,,,,0,,,,,,,,,,,,,bybit_liquidations,btcusdt,0.0,0.0,1217.0,2014.0,14177673.911,22560285.0208,36737958.9318,11370.460826926648,1244.7148,18818.1742,230305.1112,646387.5373999999,1111219.142,0.014,2.633,83987.8,89906.8
2025-12-19,1863,1766104291156000,1766187400559000,,,,,,0,,,,,,,,,,,,,bybit_liquidations,btcusdt,0.0,0.0,1451.0,412.0,19079897.9204,8974413.4814,28054311.4018,15058.6749338701,1207.7548,17480.7087,266860.79,1042144.8,1983358.2035,0.014,3.02,84650.9,89824.0
2025-12-20,145,1766189288617000,1766274454555000,,,,,,0,,,,,,,,,,,,,bybit_liquidations,btcusdt,0.0,0.0,83.0,62.0,296699.1122,491724.2743,788423.3865,5437.402665517242,797.5953,10073.9195,72434.1237,256657.8255,256657.8255,0.009,0.829,87375.3,88970.3
2025-12-21,696,1766277079585000,1766358384780000,,,,,,0,,,,,,,,,,,,,bybit_liquidations,btcusdt,0.0,0.0,395.0,301.0,2772892.7322,3386033.791,6158926.5232,8849.03236091954,890.321,15104.4224,160311.7402,446470.5608999999,559729.3520000001,0.01,1.831,87114.2,89465.8
2025-12-22,1759,1766361616101000,1766445831676000,,,,,,0,,,,,,,,,,,,,bybit_liquidations,btcusdt,0.0,0.0,1020.0,739.0,13161851.6328,16196640.2316,29358491.8644,16690.444493689596,1239.9716,22121.0818,287347.8888,1767866.0,1986692.7424,0.014,3.186,87417.9,91018.0
2025-12-23,1374,1766450119711000,1766532220594000,,,,,,0,,,,,,,,,,,,,bybit_liquidations,btcusdt,0.0,0.0,244.0,1130.0,1252349.5247,12007529.5296,13259879.0543,9650.566997307133,1057.194,14845.843800000002,152594.04439999998,622591.2000000001,1218127.4,0.012,1.757,86126.3,89329.0
2025-12-24,723,1766534807435000,1766619949605000,,,,,,0,,,,,,,,,,,,,bybit_liquidations,btcusdt,0.0,0.0,224.0,499.0,2024278.6854,4425884.6188,6450163.3042,8921.387695988935,950.5562,13763.459,144788.7325,495815.5545,535302.0,0.011,1.681,85945.4,88459.1
2025-12-25,610,1766620887815000,1766706827703000,,,,,,0,,,,,,,,,,,,,bybit_liquidations,btcusdt,0.0,0.0,270.0,340.0,3064642.9141,2284074.3593,5348717.2734,8768.388972786886,1057.7724,13666.4154,109184.125,277613.955,1070815.1784,0.012,1.25,86476.0,89007.3
2025-12-26,1179,1766707744510000,1766789670628000,,,,,,0,,,,,,,,,,,,,bybit_liquidations,btcusdt,0.0,0.0,550.0,629.0,10335622.444,4823369.9278,15158992.3718,12857.499891263782,1235.1766,18122.7051,179781.27959999998,1018962.4668,2013286.232,0.014,2.054,86188.5,89973.3
2025-12-27,95,1766794453535000,1766879459366000,,,,,,0,,,,,,,,,,,,,bybit_liquidations,btcusdt,0.0,0.0,76.0,19.0,1480411.1237,67211.7531,1547622.8768,16290.767124210526,1059.8952000000002,15542.7536,313091.3604,755314.2683999998,755314.2683999998,0.012,3.549,86773.5,88383.8
2025-12-28,136,1766880339895000,1766966201318000,,,,,,0,,,,,,,,,,,,,bybit_liquidations,btcusdt,0.0,0.0,57.0,79.0,724191.2143,455605.2224,1179796.4367,8674.973799264706,1217.6024000000002,13054.65,211637.2885,234043.7448,234043.7448,0.014,2.395,86959.4,88495.8
2025-12-29,1857,1766966686767000,1767052241227000,,,,,,0,,,,,,,,,,,,,bybit_liquidations,btcusdt,0.0,0.0,908.0,949.0,17773747.3035,14441622.5566,32215369.8601,17348.072084060314,1246.9002,20250.5854,346541.6,1732322.0,1989711.7192,0.014,3.877,86325.2,90831.3
2025-12-30,726,1767054983240000,1767136667229000,,,,,,0,,,,,,,,,,,,,bybit_liquidations,btcusdt,0.0,0.0,435.0,291.0,5654787.9487,3270077.4928,8924865.4415,12293.203087465565,1154.4702,16905.8157,298743.6399,666948.75,806761.7999999999,0.013,3.327,86355.6,89804.6
2025-12-31,712,1767143942198000,1767218555723000,,,,,,0,,,,,,,,,,,,,bybit_liquidations,btcusdt,0.0,0.0,148.0,564.0,1590563.0866,6422974.5216,8013537.6082,11254.968550842696,1217.9174,13562.484,219805.75,711276.1405999999,986502.0065999998,0.014,2.464,86772.2,89623.8
2026-01-01,266,1767226452770000,1767311584237000,,,,,,0,,,,,,,,,,,,,bybit_liquidations,btcusdt,0.0,0.0,195.0,71.0,1931511.5371,112009.0199,2043520.557,7682.408109022556,795.8772,10808.3732,262036.10680000004,340189.90880000003,340189.90880000003,0.009,2.938,87080.9,89335.0
2026-01-02,1636,1767317583868000,1767394062234000,,,,,,0,,,,,,,,,,,,,bybit_liquidations,btcusdt,0.0,0.0,1305.0,331.0,14400198.8444,5018709.6501,19418908.4945,11869.748468520782,1364.2995,19477.92,238365.2586,544726.342,731731.098,0.015,2.667,87920.4,91380.0
2026-01-03,403,1767398706321000,1767483052664000,,,,,,0,,,,,,,,,,,,,bybit_liquidations,btcusdt,0.0,0.0,289.0,114.0,2775827.0467,368240.5943,3144067.641,7801.656677419354,890.929,11661.1877,160938.7395,442296.9576,442296.9576,0.01,1.771,88822.1,91162.8
2026-01-04,955,1767484949923000,1767571190980000,,,,,,0,,,,,,,,,,,,,bybit_liquidations,btcusdt,0.0,0.0,849.0,106.0,13728554.84,544219.6231,14272774.4631,14945.313573926704,1278.2,19903.7952,239513.82,781449.2,3217689.2783000004,0.014,2.6,90370.0,92222.5
2026-01-05,3107,1767571259331000,1767656043459000,,,,,,0,,,,,,,,,,,,,bybit_liquidations,btcusdt,0.0,0.0,2833.0,274.0,47587108.3328,2215306.1564,49802414.4892,16029.100254007082,1510.5232,25229.132500000003,256921.5266,1627653.421,2138988.0512,0.016,2.746,91230.2,95221.0
2026-01-06,1858,1767657642577000,1767743835050000,,,,,,0,,,,,,,,,,,,,bybit_liquidations,btcusdt,0.0,0.0,545.0,1313.0,5591505.7808,22935587.5533,28527093.3341,15353.656261625403,1303.9502,22708.2,201895.8508,1330613.7834,1914032.646,0.014,2.177,90795.6,94874.8
2026-01-07,1146,1767745948187000,1767830277824000,,,,,,0,,,,,,,,,,,,,bybit_liquidations,btcusdt,0.0,0.0,87.0,1059.0,2681571.6617,17507191.6839,20188763.3456,17616.72194205934,1294.1152,21518.5098,246057.7691,1832366.3655,2000860.65,0.014,2.717,90183.8,93526.7
2026-01-08,1922,1767830409922000,1767911956196000,,,,,,0,,,,,,,,,,,,,bybit_liquidations,btcusdt,0.0,0.0,435.0,1487.0,5122202.5799,23851556.6191,28973759.199,15074.796669614983,1155.9873,19401.7464,237556.069,1309230.0355,1839417.768,0.013,2.628,88836.4,92070.5
2026-01-09,1148,1767919747257000,1768001177102000,,,,,,0,,,,,,,,,,,,,bybit_liquidations,btcusdt,0.0,0.0,487.0,661.0,7471611.9626,5437611.0893,12909223.0519,11244.967815243905,1073.952,15888.347199999998,156206.29559999998,1011660.1,2013522.604,0.012,1.724,89211.4,92440.2
2026-01-10,44,1768004055814000,1768085871785000,,,,,,0,,,,,,,,,,,,,bybit_liquidations,btcusdt,0.0,0.0,17.0,27.0,95339.7858,144386.889,239726.6748,5448.333518181818,912.023,10546.5438,76467.53,76467.53,76467.53,0.01,0.85,89961.8,91243.4
2026-01-11,289,1768092323112000,1768173605526000,,,,,,0,,,,,,,,,,,,,bybit_liquidations,btcusdt,0.0,0.0,90.0,199.0,2841317.7366,1592510.7366,4433828.4732,15341.967035294118,990.341,15937.7562,151786.843,2012587.4028,2012587.4028,0.011,1.69,89734.5,91708.2
2026-01-12,1270,1768176155491000,1768254873025000,,,,,,0,,,,,,,,,,,,,bybit_liquidations,btcusdt,0.0,0.0,677.0,593.0,9432266.9448,6862094.1911,16294361.1359,12830.205618818898,995.83,15347.6794,207264.7365,1974601.6413,2010115.4306,0.011,2.235,89625.0,92962.4
2026-01-13,3730,1768263977317000,1768348094832000,,,,,,0,,,,,,,,,,,,,bybit_liquidations,btcusdt,0.0,0.0,3584.0,146.0,90469659.4008,1131283.5841,91600942.9849,24557.89356163539,1912.9220000000005,31951.447600000003,432840.85,2012117.328,3439242.7979,0.02,4.615,90556.3,96976.2
2026-01-14,2091,1768348915094000,1768435062008000,,,,,,0,,,,,,,,,,,,,bybit_liquidations,btcusdt,0.0,0.0,1660.0,431.0,28427617.2473,3358866.0218,31786483.2691,15201.570190865614,1371.7676,16568.538699999997,229132.1035,2010107.6735,2613395.3615,0.014,2.377,94059.2,98384.6
2026-01-15,1211,1768436382066000,1768516393583000,,,,,,0,,,,,,,,,,,,,bybit_liquidations,btcusdt,0.0,0.0,337.0,874.0,4014922.4812,12287083.756,16302006.2372,13461.607132287369,952.678,17287.9254,185518.0412,1193115.6527000002,1571751.3636000005,0.01,1.95,94609.9,97632.5
2026-01-16,715,1768523587761000,1768606695753000,,,,,,0,,,,,,,,,,,,,bybit_liquidations,btcusdt,0.0,0.0,150.0,565.0,846654.8703000001,4239274.9119,5085929.7822,7113.188506573427,942.424,12099.7091,91726.3889,282600.30000000005,610568.3250000001,0.01,0.971,93778.2,96296.9
2026-01-17,95,1768610348765000,1768692202354000,,,,,,0,,,,,,,,,,,,,bybit_liquidations,btcusdt,0.0,0.0,49.0,46.0,247267.6762,778804.5286000001,1026072.2048,10800.760050526316,567.1212,7210.8876,109270.6034,702173.2968,702173.2968,0.006,1.141,94502.1,96072.3
2026-01-18,1137,1768696638732000,1768780709235000,,,,,,0,,,,,,,,,,,,,bybit_liquidations,btcusdt,0.0,0.0,52.0,1085.0,79814.6717,17098937.3312,17178752.0029,15108.84081169745,1223.0244,20114.4168,260681.7627,945020.2463,1811588.1664,0.013,2.781,93089.1,95962.4
2026-01-19,2456,1768780804764000,1768865506349000,,,,,,0,,,,,,,,,,,,,bybit_liquidations,btcusdt,0.0,0.0,211.0,2245.0,2706214.5335,37162841.4253,39869055.9588,16233.32897345277,1477.5264,21830.043,230824.882,1984481.791,1989956.0244,0.016,2.489,91394.2,93924.0
2026-01-20,5797,1768867504487000,1768952876109000,,,,,,0,,,,,,,,,,,,,bybit_liquidations,btcusdt,0.0,0.0,142.0,5655.0,2413442.5794,100700266.9191,103113709.4985,17787.426168449198,1416.968,20343.2691,334651.75800000003,1921523.6689,2586212.9832,0.016,3.813,87384.7,93274.0
2026-01-21,2888,1768953639788000,1769039401084000,,,,,,0,,,,,,,,,,,,,bybit_liquidations,btcusdt,0.0,0.0,937.0,1951.0,18610603.316400003,20100480.7595,38711084.0759,13404.114984729918,1051.7772,15027.813,177903.0,1803614.0,2579132.3064,0.012,2.0,86777.9,90973.3
2026-01-22,756,1769040814954000,1769123417586000,,,,,,0,,,,,,,,,,,,,bybit_liquidations,btcusdt,0.0,0.0,152.0,604.0,829130.7901,5529962.3252,6359093.1153,8411.498829761904,889.285,12604.4919,105973.8492,441307.0,1099164.8316,0.01,1.202,88027.1,90769.4
2026-01-23,1074,1769128442026000,1769206354421000,,,,,,0,,,,,,,,,,,,,bybit_liquidations,btcusdt,0.0,0.0,585.0,489.0,5951070.9238,4797127.6039,10748198.5277,10007.633638454376,909.42,18805.3866,182677.101,527142.9456,534762.7877000001,0.01,2.019,88079.6,91637.4
2026-01-24,87,1769213784977000,1769298735395000,,,,,,0,,,,,,,,,,,,,bybit_liquidations,btcusdt,0.0,0.0,19.0,68.0,123614.0514,217569.3092,341183.3606,3921.647822988506,977.3852,6271.909000000001,50991.8625,59771.1024,59771.1024,0.011,0.575,88677.3,90302.8
2026-01-25,3471,1769299273291000,1769385445830000,,,,,,0,,,,,,,,,,,,,bybit_liquidations,btcusdt,0.0,0.0,101.0,3370.0,817103.3019,40967606.895,41784710.1969,12038.233995073466,1206.9876,19009.21,174293.2058,1289371.5,1970756.824,0.014,2.009,85602.6,89710.3
2026-01-26,1021,1769385822424000,1769471497883000,,,,,,0,,,,,,,,,,,,,bybit_liquidations,btcusdt,0.0,0.0,667.0,354.0,9383189.8384,3769120.8676,13152310.706,12881.793051909892,889.2289999999999,14171.968,227246.226,1077679.4298,1104633.1949,0.01,2.595,86080.2,89257.8
2026-01-27,973,1769472873171000,1769557355666000,,,,,,0,,,,,,,,,,,,,bybit_liquidations,btcusdt,0.0,0.0,658.0,315.0,8211902.7403,2775760.3611,10987663.1014,11292.562283042138,1067.1936,16295.9304,211167.237,770702.6432,1513830.9732,0.012,2.37,86828.2,89935.4
2026-01-28,917,1769561158669000,1769643553623000,,,,,,0,,,,,,,,,,,,,bybit_liquidations,btcusdt,0.0,0.0,619.0,298.0,5630023.673,2711829.5891,8341853.2621,9096.895596619412,992.8699,14144.4888,183108.3716,447716.2088,921299.569,0.011,2.068,88385.3,91041.0
2026-01-29,5917,1769645692713000,1769729983022000,,,,,,0,,,,,,,,,,,,,bybit_liquidations,btcusdt,0.0,0.0,240.0,5677.0,2307486.5507,96565423.854,98872910.4047,16709.973027666045,1411.904,20815.7808,264746.44800000003,1870942.4715,1989910.839,0.017,3.179,82917.0,88957.3
2026-01-30,6483,1769732484697000,1769811422443000,,,,,,0,,,,,,,,,,,,,bybit_liquidations,btcusdt,0.0,0.0,845.0,5638.0,11259634.3873,86859099.23640001,98118733.6237,15134.773040829865,1557.0196,23054.9346,228386.7465,1746177.5936,2043443.8442,0.019,2.8,80690.6,85024.8
2026-01-31,14299,1769817668164000,1769903804395000,,,,,,0,,,,,,,,,,,,,bybit_liquidations,btcusdt,0.0,0.0,872.0,13427.0,12874237.2435,198378292.3296,211252529.5731,14773.937308420169,1345.6775,20073.108,240757.2,1542148.0,2606328.0768,0.017,3.04,75314.7,84601.8
2026-02-01,2706,1769904369521000,1769989925540000,,,,,,0,,,,,,,,,,,,,bybit_liquidations,btcusdt,0.0,0.0,679.0,2027.0,7594280.0983,16115889.1323,23710169.2306,8762.07288640059,829.9224999999999,11537.85,145350.357,1011556.0,1647517.694,0.011,1.905,75291.8,79780.4
2026-02-02,4028,1769990437885000,1770075404685000,,,,,,0,,,,,,,,,,,,,bybit_liquidations,btcusdt,0.0,0.0,1488.0,2540.0,14654746.7545,24980136.8954,39634883.6499,9839.842018346577,950.2368,13694.7555,148776.2,842482.41,1790736.0,0.012,2.0,74198.5,79677.9
2026-02-03,5925,1770077056732000,1770162403822000,,,,,,0,,,,,,,,,,,,,bybit_liquidations,btcusdt,0.0,0.0,796.0,5129.0,7443404.6703,58545799.7715,65989204.4418,11137.418471189872,1047.1762,14264.4096,160277.50079999998,1815803.0877,2313001.552,0.014,2.171,72543.0,79561.6
2026-02-04,4441,1770163903386000,1770248369660000,,,,,,0,,,,,,,,,,,,,bybit_liquidations,btcusdt,0.0,0.0,744.0,3697.0,7042609.9371,39490523.4338,46533133.3709,10478.075516978157,962.0338,13380.4432,150141.0,1438109.1692,1975946.8512,0.013,2.008,71469.1,77325.6
2026-02-05,24310,1770249894653000,1770335907918000,,,,,,0,,,,,,,,,,,,,bybit_liquidations,btcusdt,0.0,0.0,2887.0,21423.0,33116444.1689,244452297.1317,277568741.3006,11417.883229148498,1059.0,14792.7028,170519.9552,1445287.7621999998,3182409.054,0.016,2.534,62025.4,73639.6
2026-02-06,12364,1770336109647000,1770422110730000,,,,,,0,,,,,,,,,,,,,bybit_liquidations,btcusdt,0.0,0.0,5263.0,7101.0,45444999.5667,78932257.8491,124377257.4158,10059.629360708508,993.3408,13445.5206,144606.13439999998,1087653.7932000002,2268211.2674,0.015,2.313,59636.3,72066.6
2026-02-07,3000,1770422422701000,1770508315168000,,,,,,0,,,,,,,,,,,,,bybit_liquidations,btcusdt,0.0,0.0,1254.0,1746.0,17014096.0655,17553892.4867,34567988.5522,11522.662850733332,874.5736999999999,12678.644800000002,160487.2404,1181718.216,2012997.9072,0.013,2.334,65000.0,72004.6
2026-02-08,2536,1770510163763000,1770595110300000,,,,,,0,,,,,,,,,,,,,bybit_liquidations,btcusdt,0.0,0.0,1778.0,758.0,15031567.1033,6330222.9917,21361790.095,8423.418807176655,841.2456000000001,12566.088,106332.49839999998,743353.9796000001,1656783.4320000005,0.012,1.494,68507.2,72600.0
2026-02-09,2598,1770595549310000,1770681176215000,,,,,,0,,,,,,,,,,,,,bybit_liquidations,btcusdt,0.0,0.0,1165.0,1433.0,9990743.1743,14032272.3323,24023015.5066,9246.73422117013,782.9965,10661.8662,133948.29,855090.0,2604007.1587000005,0.011,1.9,67932.8,71752.0
2026-02-10,1923,1770682052685000,1770763692764000,,,,,,0,,,,,,,,,,,,,bybit_liquidations,btcusdt,0.0,0.0,590.0,1333.0,6579615.2651,10087724.3817,16667339.6468,8667.363310868435,820.596,12321.1428,139353.0,611353.7999999999,1031985.0,0.012,2.0,67548.9,70824.8
2026-02-11,3978,1770768340696000,1770852976807000,,,,,,0,,,,,,,,,,,,,bybit_liquidations,btcusdt,0.0,0.0,1463.0,2515.0,14975147.1947,21758511.1086,36733658.3033,9234.20269062343,929.908,13306.9839,117651.715,1141595.1554,1973281.9995,0.014,1.747,65384.8,69603.7
2026-02-12,2095,1770854504736000,1770938787378000,,,,,,0,,,,,,,,,,,,,bybit_liquidations,btcusdt,0.0,0.0,650.0,1445.0,4280777.609,10523672.0349,14804449.6439,7066.563075847255,913.1346,12785.088,97639.5867,522588.58470000006,1359093.948,0.014,1.479,64748.7,68729.3
2026-02-13,2087,1770941191948000,1771025350698000,,,,,,0,,,,,,,,,,,,,bybit_liquidations,btcusdt,0.0,0.0,1793.0,294.0,25377981.1223,2572118.2196,27950099.3419,13392.476924724484,1182.5914,16426.113,206445.0,1258906.7761999995,2440904.4,0.017,3.0,65526.6,69770.4
2026-02-14,1306,1771029087797000,1771111438568000,,,,,,0,,,,,,,,,,,,,bybit_liquidations,btcusdt,0.0,0.0,1074.0,232.0,11305215.6114,3821975.7688,15127191.3802,11582.841791883617,968.8014,13343.6352,159345.55199999997,1409636.0,2120781.0,0.014,2.28,68405.3,70868.9
2026-02-15,1798,1771113757579000,1771199895795000,,,,,,0,,,,,,,,,,,,,bybit_liquidations,btcusdt,0.0,0.0,553.0,1245.0,5066577.2694,9422389.8826,14488967.152,8058.37995105673,751.41,12373.9088,152818.84800000003,526717.2246000001,551224.5164,0.011,2.205,67719.3,71290.1
2026-02-16,1748,1771200485584000,1771286089564000,,,,,,0,,,,,,,,,,,,,bybit_liquidations,btcusdt,0.0,0.0,733.0,1015.0,4919366.4124,10525418.2739,15444784.6863,8835.689179805491,959.1666,12842.649,117298.885,695593.2984,1986995.9277,0.014,1.705,66923.4,70442.1
2026-02-17,1491,1771289339905000,1771369755830000,,,,,,0,,,,,,,,,,,,,bybit_liquidations,btcusdt,0.0,0.0,416.0,1075.0,4070045.1462,12932034.0261,17002079.1723,11403.138277867203,1005.2595,12671.518,132779.3457,1686943.933,1942933.3,0.015,1.941,66277.6,69552.8
2026-02-18,1781,1771373349078000,1771454730533000,,,,,,0,,,,,,,,,,,,,bybit_liquidations,btcusdt,0.0,0.0,375.0,1406.0,4346067.8191,12932097.82,17278165.6391,9701.384412745649,885.4209,13178.58,158777.70239999998,849535.0637999999,1344565.527,0.013,2.4,65499.8,68779.0
2026-02-19,1189,1771459671856000,1771543341518000,,,,,,0,,,,,,,,,,,,,bybit_liquidations,btcusdt,0.0,0.0,460.0,729.0,6345602.5368,6831954.7949,13177557.3317,11082.890943397811,793.8000000000001,11610.7052,164959.8642,917434.71,2166423.0196,0.012,2.466,65283.9,67631.3
2026-02-20,1504,1771546431446000,1771631842630000,,,,,,0,,,,,,,,,,,,,bybit_liquidations,btcusdt,0.0,0.0,964.0,540.0,15588962.6779,5428160.8762,21017123.5541,13974.151299268617,998.76,14648.853,194145.5534,1989731.8584,2028371.6708,0.015,2.887,66096.2,68633.5
2026-02-21,484,1771632127102000,1771715172231000,,,,,,0,,,,,,,,,,,,,bybit_liquidations,btcusdt,0.0,0.0,326.0,158.0,5157809.7895,1324975.3981,6482785.1876,13394.184271900824,823.2167999999999,15330.506600000002,206316.9,2009981.652,2009981.652,0.012,3.0,67204.6,69014.7
2026-02-22,447,1771718471256000,1771803741588000,,,,,,0,,,,,,,,,,,,,bybit_liquidations,btcusdt,0.0,0.0,49.0,398.0,233336.2391,2751797.9671,2985134.2062,6678.152586577181,612.3375,8513.9125,135878.30519999997,337352.0,337352.0,0.009,2.013,66820.0,68549.9
2026-02-23,4466,1771806389677000,1771890950403000,,,,,,0,,,,,,,,,,,,,bybit_liquidations,btcusdt,0.0,0.0,587.0,3879.0,7493625.790200001,45824122.8351,53317748.6253,11938.59127301836,1021.8704,15797.17,140053.1639,1862199.054,1989665.088,0.016,2.164,63521.5,67588.2
2026-02-24,3216,1771892227527000,1771976340996000,,,,,,0,,,,,,,,,,,,,bybit_liquidations,btcusdt,0.0,0.0,724.0,2492.0,7573730.4019,17861352.8439,25435083.2458,7908.91891971393,953.187,12156.1635,106180.7576,561361.5,2010533.844,0.015,1.706,61729.2,65278.3
2026-02-25,4511,1771978013807000,1772063886787000,,,,,,0,,,,,,,,,,,,,bybit_liquidations,btcusdt,0.0,0.0,3917.0,594.0,59756026.2172,8925234.3582,68681260.5754,15225.28498678785,1318.74,19408.4982,209533.667,1988704.0712,3217714.7273,0.02,3.022,63633.1,70326.9
2026-02-26,1469,1772064586197000,1772149328689000,,,,,,0,,,,,,,,,,,,,bybit_liquidations,btcusdt,0.0,0.0,577.0,892.0,4867079.4103,11403753.4529,16270832.8632,11076.128565827094,871.2886,14952.15,165595.1547,1987234.6704,1988042.0547,0.013,2.467,66139.5,69169.1
2026-02-27,2048,1772151100921000,1772235376585000,,,,,,0,,,,,,,,,,,,,bybit_liquidations,btcusdt,0.0,0.0,376.0,1672.0,5184919.0398,21141592.641,26326511.6808,12854.742031640624,974.82,16838.978000000003,197486.1252,1348172.991,1955632.5632,0.015,3.043,64566.7,68519.2
2026-02-28,4741,1772237249381000,1772323122271000,,,,,,0,,,,,,,,,,,,,bybit_liquidations,btcusdt,0.0,0.0,2420.0,2321.0,41347630.1557,31286056.8252,72633686.9809,15320.33051695845,1355.9112,19448.4213,221324.625,1709492.4504,2013117.0732,0.021,3.39,62675.5,68045.7
2026-03-01,2102,1772323200913000,1772407711686000,,,,,,0,,,,,,,,,,,,,bybit_liquidations,btcusdt,0.0,0.0,995.0,1107.0,13274191.1309,15126697.735,28400888.8659,13511.364826784014,1120.0365000000002,17791.9237,195964.5,1461335.7055999998,2013608.0951,0.017,3.0,64681.9,68508.9
2026-03-02,3453,1772410041902000,1772495123143000,,,,,,0,,,,,,,,,,,,,bybit_liquidations,btcusdt,0.0,0.0,2807.0,646.0,25832065.7171,5101797.8636,30933863.5807,8958.547228699681,1045.7804999999998,14074.875099999996,136923.2,1024103.15,1919877.1176,0.015,2.0,64938.7,70419.1
2026-03-03,2277,1772496832698000,1772582382479000,,,,,,0,,,,,,,,,,,,,bybit_liquidations,btcusdt,0.0,0.0,974.0,1303.0,14812468.614,18774669.7743,33587138.3883,14750.60974453228,998.28,16227.108399999996,228565.59,1879875.9144,1986949.595,0.015,3.3,65806.2,69531.2
2026-03-04,6012,1772582474567000,1772667915575000,,,,,,0,,,,,,,,,,,,,bybit_liquidations,btcusdt,0.0,0.0,5234.0,778.0,53749421.3054,10213775.3856,63963196.691,10639.25427328676,1080.9584,14292.2934,190105.872,849686.2529999999,2590461.216,0.015,2.65,67027.3,74383.0
2026-03-05,1866,1772669817742000,1772755078500000,,,,,,0,,,,,,,,,,,,,bybit_liquidations,btcusdt,0.0,0.0,683.0,1183.0,5866668.6696,13982960.6778,19849629.3474,10637.529125080386,933.2609,12671.4978,161588.035,1118485.08,1649504.502,0.013,2.251,70258.4,73880.6
2026-03-06,2674,1772756432089000,1772840252187000,,,,,,0,,,,,,,,,,,,,bybit_liquidations,btcusdt,0.0,0.0,352.0,2322.0,5531364.1826,23314477.4584,28845841.641,10787.52492183994,1018.155,12938.567,143188.4,1156679.9379,1987120.4144,0.015,2.074,67387.1,71716.8
2026-03-07,1145,1772842031675000,1772925416379000,,,,,,0,,,,,,,,,,,,,bybit_liquidations,btcusdt,0.0,0.0,90.0,1055.0,937738.7302,7275759.421399999,8213498.151599999,7173.360831091703,935.0516,12309.2136,100381.3263,496956.817,1170254.921,0.014,1.501,66559.5,68847.5
2026-03-08,3033,1772928346974000,1773013567392000,,,,,,0,,,,,,,,,,,,,bybit_liquidations,btcusdt,0.0,0.0,419.0,2614.0,4531752.4003,30515146.2183,35046898.6186,11555.192422881635,925.932,13792.056299999998,185544.4022,1720741.0304000005,1989656.6716,0.014,2.801,65253.2,68495.0
2026-03-09,2058,1773014740993000,1773100546989000,,,,,,0,,,,,,,,,,,,,bybit_liquidations,btcusdt,0.0,0.0,1528.0,530.0,15517355.7381,5020028.9406,20537384.6787,9979.292846793003,899.1489,16161.6812,167891.3764,504543.3778,1499130.4079999998,0.013,2.468,65464.0,69815.8
2026-03-10,2971,1773101920625000,1773185868959000,,,,,,0,,,,,,,,,,,,,bybit_liquidations,btcusdt,0.0,0.0,2059.0,912.0,22953636.7823,7557912.9137,30511549.696,10269.79121373275,1059.252,14639.3919,143752.0,716396.0,2613532.5874,0.015,2.032,68175.4,72111.3
2026-03-11,1539,1773187786657000,1773272892896000,,,,,,0,,,,,,,,,,,,,bybit_liquidations,btcusdt,0.0,0.0,933.0,606.0,9729979.0984,5738802.5065,15468781.6049,10051.190126640677,851.934,12219.6993,126377.2874,973999.0767,1989626.268,0.012,1.823,68598.4,71651.0
2026-03-12,974,1773276385770000,1773357746733000,,,,,,0,,,,,,,,,,,,,bybit_liquidations,btcusdt,0.0,0.0,472.0,502.0,4365732.8676,3276492.798,7642225.6656,7846.22758275154,900.1395,11816.343,119893.465,716355.3378,874541.3768,0.013,1.721,68829.9,71112.0
2026-03-13,3474,1773360653404000,1773445664449000,,,,,,0,,,,,,,,,,,,,bybit_liquidations,btcusdt,0.0,0.0,2660.0,814.0,31397375.8961,8456393.9876,39853769.8837,11472.012056332756,1176.9936,17197.071200000002,185439.2386,1006570.752,2013501.8508,0.016,2.586,70170.1,74229.5
2026-03-14,419,1773446750496000,1773532560828000,,,,,,0,,,,,,,,,,,,,bybit_liquidations,btcusdt,0.0,0.0,207.0,212.0,726687.5089,1278371.0235,2005058.5324,4785.342559427208,995.96,10878.427,44898.3974,242188.6665,242188.6665,0.014,0.629,69939.1,71617.9
2026-03-15,1191,1773533882124000,1773617615014000,,,,,,0,,,,,,,,,,,,,bybit_liquidations,btcusdt,0.0,0.0,1009.0,182.0,16160411.535999998,2623435.5272,18783847.0632,15771.492076574308,1025.0562,15143.793,216697.0042,2016272.7077,2020169.2234,0.014,3.0,70484.6,73529.0
2026-03-16,2948,1773619205886000,1773704980897000,,,,,,0,,,,,,,,,,,,,bybit_liquidations,btcusdt,0.0,0.0,2474.0,474.0,26224908.9545,5655820.9306,31880729.8851,10814.358848405698,1041.8506,14789.6604,179929.19139999998,1058839.0866,2020009.056,0.014,2.434,71892.2,75286.4
2026-03-17,2338,1773706039800000,1773791885484000,,,,,,0,,,,,,,,,,,,,bybit_liquidations,btcusdt,0.0,0.0,1622.0,716.0,24721942.5725,5761419.4788,30483362.0513,13038.22157882806,1211.4592,18407.2014,151197.2,1321341.7095,2013460.9014,0.016,2.016,73006.2,76376.0
2026-03-18,2780,1773792209668000,1773877028121000,,,,,,0,,,,,,,,,,,,,bybit_liquidations,btcusdt,0.0,0.0,275.0,2505.0,2066669.4633,33312417.141000003,35379086.6043,12726.290145431654,927.4395,14824.449899999998,205967.71640000003,1795543.7055,2148680.7027000003,0.013,2.894,70104.6,75006.2
2026-03-19,2722,1773881553878000,1773963598378000,,,,,,0,,,,,,,,,,,,,bybit_liquidations,btcusdt,0.0,0.0,689.0,2033.0,12496127.1093,23599686.7116,36095813.8209,13260.769221491551,966.2632,13717.1,217363.4375,1711211.8652,2011668.4510000004,0.014,3.125,68414.0,71933.5
2026-03-20,1355,1773965457447000,1774048597716000,,,,,,0,,,,,,,,,,,,,bybit_liquidations,btcusdt,0.0,0.0,713.0,642.0,5719377.5235,4460194.1374,10179571.6609,7512.599011734318,899.7885,12007.6359,114885.944,612952.5660999999,818686.915,0.013,1.615,69006.4,71693.7
2026-03-21,1335,1774052438467000,1774137471594000,,,,,,0,,,,,,,,,,,,,bybit_liquidations,btcusdt,0.0,0.0,150.0,1185.0,787180.5394,20015028.8855,20802209.4249,15582.17934449438,961.989,17851.341900000003,207336.0,1986664.3285,1989293.4708,0.014,3.0,68175.0,71418.6
2026-03-22,2295,1774137677924000,1774223591964000,,,,,,0,,,,,,,,,,,,,bybit_liquidations,btcusdt,0.0,0.0,336.0,1959.0,2425209.163,22698214.7781,25123423.9411,10947.025682396516,940.737,13270.2174,173732.48969999998,987040.2504,1987556.34,0.014,2.541,66974.1,69890.4
2026-03-23,3222,1774224341977000,1774310174153000,,,,,,0,,,,,,,,,,,,,bybit_liquidations,btcusdt,0.0,0.0,2366.0,856.0,30894768.5444,6989177.7082,37883946.2526,11757.8976575419,1116.4816,18616.754500000003,209193.0,716228.0,2011425.7632,0.016,3.0,67077.4,72141.5
2026-03-24,1430,1774310426948000,1774395099288000,,,,,,0,,,,,,,,,,,,,bybit_liquidations,btcusdt,0.0,0.0,588.0,842.0,5541107.428,10738627.2696,16279734.6976,11384.42985846154,906.6446999999998,14980.535,155619.78440000003,1392966.8688,1404798.5793,0.013,2.228,68547.8,71743.4
2026-03-25,1172,1774396857578000,1774478519645000,,,,,,0,,,,,,,,,,,,,bybit_liquidations,btcusdt,0.0,0.0,831.0,341.0,12900973.7478,2466911.0448,15367884.7926,13112.529686518772,722.389,12710.016,216860.7,1401844.2260000005,1755570.51,0.01,3.0,70072.2,72343.7
2026-03-26,2043,1774483801875000,1774568077662000,,,,,,0,,,,,,,,,,,,,bybit_liquidations,btcusdt,0.0,0.0,184.0,1859.0,1676162.5658,19342090.8629,21018253.4287,10287.93608844836,1091.1456,15295.0348,157273.7894,851835.27,1665368.4348,0.016,2.301,67778.6,71081.0
2026-03-27,3976,1774569686611000,1774655961074000,,,,,,0,,,,,,,,,,,,,bybit_liquidations,btcusdt,0.0,0.0,255.0,3721.0,2309743.8546,49692819.3477,52002563.2023,13079.115493536216,1011.5235,16524.6854,214838.4815,1346032.818,3182200.896,0.015,3.277,65214.3,69480.1
2026-03-28,737,1774656219711000,1774739838823000,,,,,,0,,,,,,,,,,,,,bybit_liquidations,btcusdt,0.0,0.0,426.0,311.0,7725325.7546,4469126.1973,12194451.9519,16546.06777734057,944.1208,16863.711,262820.1024,1540915.3404,2017335.0,0.014,3.936,65579.4,67594.2
2026-03-29,2022,1774742688597000,1774827473555000,,,,,,0,,,,,,,,,,,,,bybit_liquidations,btcusdt,0.0,0.0,256.0,1766.0,5047206.2835,24050622.1916,29097828.4751,14390.617445647871,1036.5056,16648.2688,227450.457,1141461.6,2586405.7296,0.016,3.51,64637.4,67426.3
2026-03-30,1554,1774829101471000,1774913778175000,,,,,,0,,,,,,,,,,,,,bybit_liquidations,btcusdt,0.0,0.0,975.0,579.0,11938303.8403,7530721.318200001,19469025.1585,12528.330217824969,887.4983000000001,14642.3188,136259.8,1453811.2902000002,2003181.0,0.013,2.0,65472.5,68458.6
2026-03-31,1766,1774915751716000,1775000790822000,,,,,,0,,,,,,,,,,,,,bybit_liquidations,btcusdt,0.0,0.0,1161.0,605.0,11574914.5751,8350034.9873,19924949.5624,11282.53089603624,1025.1,15220.7196,129375.97559999998,930082.5313,1987807.1808,0.015,1.884,65628.0,68909.1
2026-04-01,1318,1775002969710000,1775086360693000,,,,,,0,,,,,,,,,,,,,bybit_liquidations,btcusdt,0.0,0.0,870.0,448.0,11578993.6091,4624493.2707,16203486.8798,12293.996115174506,876.9618,11799.9405,120166.788,2011661.0149000003,2011898.0091,0.013,1.736,67219.2,69616.8
2026-04-02,1953,1775090228329000,1775164327346000,,,,,,0,,,,,,,,,,,,,bybit_liquidations,btcusdt,0.0,0.0,493.0,1460.0,6097024.5299,11426598.4688,17523622.9987,8972.669226164875,923.1194000000002,13124.920000000002,130705.7964,806631.6000000001,1934954.7524000003,0.014,1.977,65361.5,68961.6
2026-04-03,424,1775175197793000,1775259557477000,,,,,,0,,,,,,,,,,,,,bybit_liquidations,btcusdt,0.0,0.0,202.0,222.0,2482656.6148,2704426.7873,5187083.4021,12233.687269103772,663.081,10745.136,220417.4644,1766921.3352,1766921.3352,0.01,3.332,65920.2,67668.7
2026-04-04,235,1775261905503000,1775346350982000,,,,,,0,,,,,,,,,,,,,bybit_liquidations,btcusdt,0.0,0.0,208.0,27.0,1923863.0889,38772.262,1962635.3509,8351.63979106383,745.4293,10336.0833,194506.15020000003,485443.44,485443.44,0.011,2.869,66414.6,67846.2
2026-04-05,1516,1775350650678000,1775432408688000,,,,,,0,,,,,,,,,,,,,bybit_liquidations,btcusdt,0.0,0.0,1311.0,205.0,19170032.8196,1624128.6308,20794161.4504,13716.46533667546,1364.624,20270.4368,278681.5944,707978.8777,1454314.7025,0.02,4.068,66238.7,69440.8
2026-04-06,2117,1775433606213000,1775519641107000,,,,,,0,,,,,,,,,,,,,bybit_liquidations,btcusdt,0.0,0.0,1581.0,536.0,17305198.0922,9106469.4511,26411667.5433,12475.98844747284,1125.608,17536.7,218357.7864,927725.568,1987420.7038,0.016,3.137,67951.0,70671.6
2026-04-07,3739,1775520089912000,1775606192069000,,,,,,0,,,,,,,,,,,,,bybit_liquidations,btcusdt,0.0,0.0,3278.0,461.0,41181171.7365,8246787.7477,49427959.4842,13219.566591120622,1315.0584,18685.2848,222235.0965,1072465.5,2266210.1215,0.019,3.105,67358.7,73103.9
2026-04-08,1166,1775606631977000,1775692338549000,,,,,,0,,,,,,,,,,,,,bybit_liquidations,btcusdt,0.0,0.0,664.0,502.0,5697888.6173,4704319.6828,10402208.3001,8921.276415180104,868.032,13971.552,91447.1899,493325.8390999999,1886764.9005,0.012,1.297,70337.0,73200.3
2026-04-09,1838,1775692831227000,1775778639361000,,,,,,0,,,,,,,,,,,,,bybit_liquidations,btcusdt,0.0,0.0,1425.0,413.0,17303705.4657,5017739.893,22321445.3587,12144.420760990206,1024.8616,15447.8797,189448.884,1424334.466,2011528.5416,0.014,2.58,70073.6,73491.0
2026-04-10,1039,1775779272876000,1775864159468000,,,,,,0,,,,,,,,,,,,,bybit_liquidations,btcusdt,0.0,0.0,852.0,187.0,6792699.6974,926561.1882,7719260.8856,7429.509995765158,875.6904,11106.8654,130582.0384,376617.087,987388.0488,0.012,1.793,71041.9,73756.5
2026-04-11,805,1775869157331000,1775949010601000,,,,,,0,,,,,,,,,,,,,bybit_liquidations,btcusdt,0.0,0.0,688.0,117.0,7357307.0005,980543.9703,8337850.970799999,10357.578845714284,962.9217,14783.22,122517.1554,537259.4149999999,1347019.9016999998,0.013,1.662,72124.5,74142.2
2026-04-12,1351,1775952278603000,1776037962590000,,,,,,0,,,,,,,,,,,,,bybit_liquidations,btcusdt,0.0,0.0,246.0,1105.0,1466919.1796,16424764.0063,17891683.1859,13243.28881265729,925.2178,14235.06,160037.7702,1985058.7246,2586232.35,0.013,2.233,70124.8,72516.8
2026-04-13,3184,1776038461972000,1776124795954000,,,,,,0,,,,,,,,,,,,,bybit_liquidations,btcusdt,0.0,0.0,2997.0,187.0,55905540.0139,1420618.3118,57326158.3257,18004.446710332915,1479.302,20362.0728,262541.6558,2012066.6148,2613687.7294,0.02,3.518,70184.8,75242.1
2026-04-14,2022,1776125118876000,1776210376017000,,,,,,0,,,,,,,,,,,,,bybit_liquidations,btcusdt,0.0,0.0,1543.0,479.0,16381487.6305,7980585.7317,24362073.3622,12048.503146488623,1039.1612,15305.54,186982.5633,1081873.8896,1798914.3546000002,0.014,2.483,73412.3,76386.1
2026-04-15,1140,1776211274374000,1776296895078000,,,,,,0,,,,,,,,,,,,,bybit_liquidations,btcusdt,0.0,0.0,805.0,335.0,6414555.7501,6162686.5262,12577242.2763,11032.668663421053,818.1756,12105.4176,172949.7,920752.768,1989463.9131,0.011,2.318,73125.4,75759.6
2026-04-16,1184,1776298149834000,1776382324481000,,,,,,0,,,,,,,,,,,,,bybit_liquidations,btcusdt,0.0,0.0,579.0,605.0,6506738.6568,11962940.7698,18469679.4266,15599.391407601352,1051.211,16971.6825,323233.26450000005,1219501.9551,1245671.271,0.014,4.371,72899.1,75874.0
2026-04-17,3537,1776384976132000,1776468142854000,,,,,,0,,,,,,,,,,,,,bybit_liquidations,btcusdt,0.0,0.0,3190.0,347.0,40347290.9577,4102492.3071,44449783.2648,12567.086023409667,1189.4032,18090.797400000003,191685.97980000003,1274364.8325,2016181.845,0.016,2.472,74130.7,78659.9
2026-04-18,739,1776470708191000,1776547797642000,,,,,,0,,,,,,,,,,,,,bybit_liquidations,btcusdt,0.0,0.0,165.0,574.0,756967.2153,6274961.705,7031928.9203,9515.465386062247,910.2132,14628.201400000002,198068.25690000004,609199.7307999999,735813.7797000001,0.012,2.603,75029.8,77746.1
2026-04-19,1670,1776560068890000,1776642984842000,,,,,,0,,,,,,,,,,,,,bybit_liquidations,btcusdt,0.0,0.0,237.0,1433.0,1731453.7079,11739049.4247,13470503.1326,8066.169540479042,960.7377,14330.6536,146176.4145,324337.11360000004,754524.8916000001,0.013,1.977,73358.7,76582.0
2026-04-20,1053,1776643221462000,1776728842610000,,,,,,0,,,,,,,,,,,,,bybit_liquidations,btcusdt,0.0,0.0,809.0,244.0,8896741.2572,2989854.0275000003,11886595.2847,11288.314610351375,964.1307,15005.56,167332.3619,1309649.217,1971179.1414,0.013,2.251,73334.5,76895.3
2026-04-21,1274,1776729665643000,1776815524467000,,,,,,0,,,,,,,,,,,,,bybit_liquidations,btcusdt,0.0,0.0,652.0,622.0,8939768.1058,4779214.4326,13718982.5384,10768.432133751963,900.0563999999999,15348.392400000002,168307.7,1161671.2119999998,1538403.274,0.012,2.2,74406.1,77254.7
2026-04-22,2616,1776816421088000,1776902285378000,,,,,,0,,,,,,,,,,,,,bybit_liquidations,btcusdt,0.0,0.0,2438.0,178.0,39453979.1816,1979834.7932,41433813.9748,15838.61390474006,1181.5334999999998,15565.920000000002,288263.661,2013348.0144,2013690.5109,0.015,3.643,75947.8,79814.1
2026-04-23,1058,1776902999443000,1776986010229000,,,,,,0,,,,,,,,,,,,,bybit_liquidations,btcusdt,0.0,0.0,402.0,656.0,4205257.9314,6787789.7816,10993047.713,10390.404265595464,864.6616,15094.652200000002,148511.37699999998,996420.9024,1757277.2526,0.011,1.928,76527.1,79005.2
2026-04-24,494,1776989029032000,1777075052333000,,,,,,0,,,,,,,,,,,,,bybit_liquidations,btcusdt,0.0,0.0,204.0,290.0,573076.1037,3510146.145,4083222.2487,8265.632082388664,770.883,9507.1273,160489.888,926490.0,926490.0,0.01,2.08,76837.3,78919.1
2026-04-25,189,1777075910240000,1777160593717000,,,,,,0,,,,,,,,,,,,,bybit_liquidations,btcusdt,0.0,0.0,54.0,135.0,311031.67240000004,971428.2181,1282459.8905,6785.502066137566,781.898,14501.4342,98421.5758,239789.79,239789.79,0.01,1.282,76724.1,78236.4
2026-04-26,688,1777161774367000,1777247982372000,,,,,,0,,,,,,,,,,,,,bybit_liquidations,btcusdt,0.0,0.0,635.0,53.0,8425332.7577,396666.3166,8821999.0743,12822.673073110464,945.9324,13600.3496,171362.15999999997,1137585.1802,2011980.6348,0.012,2.182,77106.1,79285.7
2026-04-27,1414,1777249538583000,1777334101864000,,,,,,0,,,,,,,,,,,,,bybit_liquidations,btcusdt,0.0,0.0,500.0,914.0,3347364.7499,12747097.6681,16094462.418,11382.222360678925,954.7308,14270.1944,156838.2,1188209.1496,2586588.5568,0.012,2.0,76037.4,79839.7
2026-04-28,715,1777334975959000,1777409404270000,,,,,,0,,,,,,,,,,,,,bybit_liquidations,btcusdt,0.0,0.0,90.0,625.0,811203.1187,6086104.0432,6897307.1619,9646.583443216785,1055.8184,16038.0678,135569.9685,408153.6,789222.7035,0.014,1.769,75252.9,77822.8
2025-11-01,223,1761955329502000,1762035392484000,,,,,,0,,,,,,,,,,,,,bybit_liquidations,ethusdt,0.0,0.0,115.0,108.0,1135703.3102,616306.9741,1752010.2843000002,7856.548360089687,658.5137000000001,11661.5565,179256.5226,393309.0216,393309.0216,0.17,45.93,3809.89,3926.81
2025-11-02,513,1762042203592000,1762127851820000,,,,,,0,,,,,,,,,,,,,bybit_liquidations,ethusdt,0.0,0.0,220.0,293.0,1381627.0609,1828340.0535,3209967.1144,6257.245837037037,918.4368,11991.2703,92389.815,200834.5605,356291.397,0.24,24.14,3818.4,3935.66
2025-11-03,6920,1762129749892000,1762214174232000,,,,,,0,,,,,,,,,,,,,bybit_liquidations,ethusdt,0.0,0.0,393.0,6527.0,5704276.6526,66008208.0622,71712484.7148,10363.07582583815,998.7404,14096.775,187034.5,895373.436,1491820.7865,0.27,51.74,3539.76,3882.17
2025-11-04,15946,1762214410121000,1762299995956000,,,,,,0,,,,,,,,,,,,,bybit_liquidations,ethusdt,0.0,0.0,1099.0,14847.0,14189170.4144,149670061.9424,163859232.3568,10275.883127856516,964.8822,13924.05,165365.0466,895297.8345,2393560.0548,0.3,50.0,3041.88,3670.91
2025-11-05,1735,1762300808782000,1762384552807000,,,,,,0,,,,,,,,,,,,,bybit_liquidations,ethusdt,0.0,0.0,902.0,833.0,12915827.6481,6088477.5905,19004305.2386,10953.490051066285,774.3594,13034.9778,206702.6325,889767.5040000001,905954.1756,0.23,59.15,3150.62,3495.72
2025-11-06,2033,1762387342193000,1762472357702000,,,,,,0,,,,,,,,,,,,,bybit_liquidations,ethusdt,0.0,0.0,425.0,1608.0,5992407.2448,12926419.4446,18918826.6894,9305.866546679785,893.9349000000001,12956.3155,178410.972,595609.97,1295721.504,0.27,54.84,3227.79,3471.79
2025-11-07,1971,1762473689735000,1762559959521000,,,,,,0,,,,,,,,,,,,,bybit_liquidations,ethusdt,0.0,0.0,909.0,1062.0,13282078.1804,8891421.7952,22173499.9756,11249.873148452562,791.2968,13334.6,194321.547,895413.145,905614.6071,0.24,60.9,3178.39,3488.79
2025-11-08,698,1762560184588000,1762645811692000,,,,,,0,,,,,,,,,,,,,bybit_liquidations,ethusdt,0.0,0.0,257.0,441.0,2501430.3312,2075470.5752,4576900.9064,6557.16462234957,681.98,10295.7808,84190.3076,372895.5675,377020.6414,0.2,25.21,3337.58,3501.52
2025-11-09,1378,1762646760166000,1762732756745000,,,,,,0,,,,,,,,,,,,,bybit_liquidations,ethusdt,0.0,0.0,1094.0,284.0,12396511.475,1572174.5653,13968686.0403,10136.92746030479,1029.2303,15974.498400000002,180072.5,868082.9549,904582.4304,0.29,50.0,3340.26,3636.9
2025-11-10,1180,1762732926092000,1762816945385000,,,,,,0,,,,,,,,,,,,,bybit_liquidations,ethusdt,0.0,0.0,418.0,762.0,2438148.8351000003,6756996.7497,9195145.5848,7792.496258305085,850.3992,10863.99,107626.7632,732405.2512,778623.2064,0.24,30.32,3488.9,3675.86
2025-11-11,1817,1762819933704000,1762905508525000,,,,,,0,,,,,,,,,,,,,bybit_liquidations,ethusdt,0.0,0.0,352.0,1465.0,5055485.7225,15454325.3265,20509811.049,11287.733103467252,965.692,13895.1336,208208.4921,839155.7226,893878.2064,0.28,61.11,3386.48,3664.75
2025-11-12,1737,1762905620763000,1762988582676000,,,,,,0,,,,,,,,,,,,,bybit_liquidations,ethusdt,0.0,0.0,528.0,1209.0,6406040.0414,19567970.4057,25974010.4471,14953.37389009787,1117.6638,16401.9627,294840.999,904593.7784,1789461.0953,0.33,82.35,3353.29,3602.88
2025-11-13,4123,1762993095120000,1763078288708000,,,,,,0,,,,,,,,,,,,,bybit_liquidations,ethusdt,0.0,0.0,663.0,3460.0,8076628.340100001,36976019.3214,45052647.6615,10927.151991632309,938.2544,14645.5485,205850.5878,895373.4426,1141521.5,0.29,61.0,3136.6,3581.58
2025-11-14,5062,1763078418658000,1763164510443000,,,,,,0,,,,,,,,,,,,,bybit_liquidations,ethusdt,0.0,0.0,1011.0,4051.0,11457338.4981,37579814.1667,49037152.6648,9687.30791481628,930.333,13694.0505,178172.1207,894312.2536,1221443.2768,0.3,57.21,3053.29,3271.37
2025-11-15,576,1763164861929000,1763250906788000,,,,,,0,,,,,,,,,,,,,bybit_liquidations,ethusdt,0.0,0.0,259.0,317.0,2964797.8868,4133087.0451,7097884.9319,12322.716895659723,645.916,9462.3,293585.23960000003,893062.0669999999,895455.2200000001,0.2,90.94,3101.33,3244.95
2025-11-16,3538,1763251630967000,1763336225112000,,,,,,0,,,,,,,,,,,,,bybit_liquidations,ethusdt,0.0,0.0,478.0,3060.0,2990258.5328,32028829.2401,35019087.7729,9897.989760570945,814.1445,11869.9198,189610.6502,895050.7126,967986.3625,0.27,62.11,2987.4,3264.22
2025-11-17,3323,1763337919724000,1763423981447000,,,,,,0,,,,,,,,,,,,,bybit_liquidations,ethusdt,0.0,0.0,745.0,2578.0,7123455.1118,18774986.5458,25898441.6576,7793.692945410774,819.5742,12063.84,109510.7454,624937.6692,905395.866,0.27,36.54,2942.97,3237.28
2025-11-18,2161,1763424001631000,1763510310366000,,,,,,0,,,,,,,,,,,,,bybit_liquidations,ethusdt,0.0,0.0,892.0,1269.0,7430687.8941,10945045.1547,18375733.0488,8503.347084127718,918.57,12209.5701,122038.53270000004,800530.3940000001,929672.1,0.3,41.09,2930.36,3185.43
2025-11-19,4295,1763510717160000,1763596580573000,,,,,,0,,,,,,,,,,,,,bybit_liquidations,ethusdt,0.0,0.0,566.0,3729.0,4738264.9306,32864763.6298,37603028.5604,8755.070677625146,818.4672,11562.64,126700.6328,890368.7775000001,1439983.4336,0.28,42.58,2857.04,3139.59
2025-11-20,4285,1763597124628000,1763683109873000,,,,,,0,,,,,,,,,,,,,bybit_liquidations,ethusdt,0.0,0.0,507.0,3778.0,2981128.2906,38478174.7531,41459303.0437,9675.44995185531,841.503,12774.152799999998,189761.752,893744.6823,1193659.5728999998,0.29,63.94,2776.24,3078.25
2025-11-21,6798,1763683330686000,1763768960446000,,,,,,0,,,,,,,,,,,,,bybit_liquidations,ethusdt,0.0,0.0,882.0,5916.0,12442185.0423,49455204.9522,61897389.9945,9105.235362533098,882.0966000000001,12522.0844,157612.1516,894844.6692,1380584.1236,0.32,58.42,2609.35,2898.62
2025-11-22,632,1763769773017000,1763853637888000,,,,,,0,,,,,,,,,,,,,bybit_liquidations,ethusdt,0.0,0.0,315.0,317.0,3235882.3575,2761432.4168,5997314.7743,9489.422111234177,640.8559,9306.1969,132608.31639999998,644799.7204999999,852232.3961999998,0.23,47.48,2689.53,2812.33
2025-11-23,866,1763856694838000,1763942387675000,,,,,,0,,,,,,,,,,,,,bybit_liquidations,ethusdt,0.0,0.0,509.0,357.0,4250623.8147,2802447.5568,7053071.3715,8144.4242165127025,803.6856999999999,13475.4648,133711.029,415729.50000000006,574250.6756000001,0.29,46.65,2755.37,2871.39
2025-11-24,1746,1763942410387000,1764028395194000,,,,,,0,,,,,,,,,,,,,bybit_liquidations,ethusdt,0.0,0.0,1148.0,598.0,12745077.83,5139938.2758,17885016.1058,10243.422741008018,919.2348,12991.766,193304.978,905460.4276,908230.5281,0.32,65.3,2748.12,2999.4
2025-11-25,1261,1764028805209000,1764114784515000,,,,,,0,,,,,,,,,,,,,bybit_liquidations,ethusdt,0.0,0.0,473.0,788.0,4604305.6109,4958658.3292,9562963.9401,7583.635162648691,753.1368,11600.6176,136455.84,590402.0,617475.415,0.26,48.0,2841.02,2993.47
2025-11-26,1050,1764116423500000,1764201158876000,,,,,,0,,,,,,,,,,,,,bybit_liquidations,ethusdt,0.0,0.0,719.0,331.0,5196829.9337,1434086.8949,6630916.8286,6315.158884380952,722.825,10666.3236,91683.27,300290.0,888846.2308,0.24,31.5,2872.76,3058.65
2025-11-27,673,1764201906590000,1764286418971000,,,,,,0,,,,,,,,,,,,,bybit_liquidations,ethusdt,0.0,0.0,353.0,320.0,3263270.2021,3638341.7365,6901611.9386,10254.995451114411,776.386,10257.1436,265493.5608,595671.1104,893708.0099999999,0.26,86.32,2970.0,3085.0
2025-11-28,1010,1764289002886000,1764372012847000,,,,,,0,,,,,,,,,,,,,bybit_liquidations,ethusdt,0.0,0.0,563.0,447.0,4975609.9768,3838158.4048,8813768.3816,8726.503348118811,927.564,15136.9899,137746.94400000002,492820.3146,927361.681,0.31,45.0,2977.76,3112.56
2025-11-29,625,1764374478591000,1764458458476000,,,,,,0,,,,,,,,,,,,,bybit_liquidations,ethusdt,0.0,0.0,83.0,542.0,656593.1906,5418098.3267,6074691.5173,9719.50642768,888.78,14861.65,185079.375,472724.8000000001,592194.0,0.3,62.5,2946.96,3066.12
2025-11-30,563,1764461864519000,1764547118665000,,,,,,0,,,,,,,,,,,,,bybit_liquidations,ethusdt,0.0,0.0,274.0,289.0,2059428.7094,1720476.5312,3779905.2406,6713.863660035524,855.1256000000001,9767.3226,86312.512,269448.55,597674.0,0.28,28.6,2961.59,3067.75
2025-12-01,4696,1764547207779000,1764633299927000,,,,,,0,,,,,,,,,,,,,bybit_liquidations,ethusdt,0.0,0.0,393.0,4303.0,3879163.7934,50151694.8923,54030858.6857,11505.719481622657,908.5232,14313.15,196949.9816,893945.5264000001,1940272.4246,0.32,70.0,2704.95,2995.76
2025-12-02,1549,1764633763097000,1764719687141000,,,,,,0,,,,,,,,,,,,,bybit_liquidations,ethusdt,0.0,0.0,1286.0,263.0,12820731.795,2845898.3648,15666630.1598,10114.028508586183,919.2864,15253.92,190457.15,603192.0,1244628.7680000002,0.32,65.0,2767.72,3046.84
2025-12-03,2032,1764720329528000,1764806018715000,,,,,,0,,,,,,,,,,,,,bybit_liquidations,ethusdt,0.0,0.0,1562.0,470.0,11992274.8251,6159050.2942,18151325.1193,8932.738739812992,916.9568,15380.830800000002,133430.451,639145.7720000001,904767.6489,0.29,42.35,2969.4,3229.57
2025-12-04,1680,1764807090780000,1764891664840000,,,,,,0,,,,,,,,,,,,,bybit_liquidations,ethusdt,0.0,0.0,634.0,1046.0,7760213.735099999,11779206.6881,19539420.4232,11630.607394761904,1001.0496,16433.656199999998,194077.308,905275.7393999998,931072.9602,0.32,61.96,3050.59,3254.69
2025-12-05,1907,1764894254365000,1764977337823000,,,,,,0,,,,,,,,,,,,,bybit_liquidations,ethusdt,0.0,0.0,458.0,1449.0,3229488.7781,16379410.661,19608899.4391,10282.590162087048,1213.0209,15627.95,187941.1644,778292.5,893717.8077,0.4,60.0,2968.14,3207.02
2025-12-06,396,1764981813554000,1765065032884000,,,,,,0,,,,,,,,,,,,,bybit_liquidations,ethusdt,0.0,0.0,200.0,196.0,2260103.5297,1812054.4432,4072157.9729,10283.227204292927,888.6034999999999,11657.4849,144178.59840000002,635386.796,635386.796,0.29,47.68,2997.04,3081.8
2025-12-07,2311,1765067720144000,1765151962592000,,,,,,0,,,,,,,,,,,,,bybit_liquidations,ethusdt,0.0,0.0,650.0,1661.0,8367554.29,19373648.859,27741203.149,12003.982323236694,1290.6020999999998,21522.0353,191792.7,880350.0,946617.0,0.43,66.0,2900.45,3163.89
2025-12-08,1095,1765152668383000,1765236396652000,,,,,,0,,,,,,,,,,,,,bybit_liquidations,ethusdt,0.0,0.0,555.0,540.0,5316801.0781,6011855.1638,11328656.2419,10345.804787123288,968.8616,16133.034,208219.984,887397.1366000001,977100.4036,0.31,65.24,3026.68,3194.92
2025-12-09,2121,1765239424802000,1765322236572000,,,,,,0,,,,,,,,,,,,,bybit_liquidations,ethusdt,0.0,0.0,1714.0,407.0,27348803.9413,4342800.8699,31691604.8112,14941.82216463932,1048.641,20990.848,331157.4969,906102.0816,1813578.4848,0.32,100.0,3073.97,3412.51
2025-12-10,1825,1765324801997000,1765411139429000,,,,,,0,,,,,,,,,,,,,bybit_liquidations,ethusdt,0.0,0.0,1041.0,784.0,9546984.7373,9311660.8446,18858645.5819,10333.504428438357,1022.325,18374.001600000003,185140.3263,434057.1915,904484.168,0.3,54.08,3270.35,3462.91
2025-12-11,1993,1765412371524000,1765494632234000,,,,,,0,,,,,,,,,,,,,bybit_liquidations,ethusdt,0.0,0.0,445.0,1548.0,5268468.7321,20697188.3425,25965657.0746,13028.428035423984,1050.56,18891.4094,219835.535,886935.9552,1193547.9952,0.33,68.41,3129.34,3300.75
2025-12-12,2153,1765500492069000,1765581766695000,,,,,,0,,,,,,,,,,,,,bybit_liquidations,ethusdt,0.0,0.0,172.0,1981.0,1679059.1476,25961074.4168,27640133.5644,12837.962640222944,1156.7939,18060.3099,258837.592,894509.1761000002,1193541.224,0.37,85.28,3029.87,3280.46
2025-12-13,344,1765584190170000,1765669870059000,,,,,,0,,,,,,,,,,,,,bybit_liquidations,ethusdt,0.0,0.0,136.0,208.0,1364385.6181,1879580.3855,3243966.0036,9430.133731395348,809.4086000000001,15686.0,131685.39299999998,529013.5002,529013.5002,0.26,42.14,3062.08,3149.07
2025-12-14,1237,1765672226366000,1765755630806000,,,,,,0,,,,,,,,,,,,,bybit_liquidations,ethusdt,0.0,0.0,128.0,1109.0,1898859.981,12084936.5003,13983796.4813,11304.605077849636,975.344,18758.658000000003,164175.44879999998,893978.1404,901978.9506,0.32,53.73,3010.54,3143.52
2025-12-15,3895,1765756895359000,1765840271989000,,,,,,0,,,,,,,,,,,,,bybit_liquidations,ethusdt,0.0,0.0,610.0,3285.0,6604313.8618,36880903.3004,43485217.1622,11164.368976174585,1010.6592,15825.5484,190257.0,894695.0978,1193633.7495,0.34,64.0,2880.48,3190.93
2025-12-16,1741,1765843618343000,1765928734138000,,,,,,0,,,,,,,,,,,,,bybit_liquidations,ethusdt,0.0,0.0,386.0,1355.0,5594112.6672,11478078.8164,17072191.483599998,9805.96868673176,974.3278,15756.95,186493.45,805596.6785999999,970439.3016,0.34,65.0,2863.91,2993.68
2025-12-17,3554,1765930587199000,1766013336230000,,,,,,0,,,,,,,,,,,,,bybit_liquidations,ethusdt,0.0,0.0,551.0,3003.0,7511241.9883,33386561.2296,40897803.2179,11507.541704530107,1002.2904,15450.96,187660.031,894162.3028999999,1193768.7952,0.35,63.83,2775.41,3043.8
2025-12-18,2464,1766017730503000,1766099243498000,,,,,,0,,,,,,,,,,,,,bybit_liquidations,ethusdt,0.0,0.0,921.0,1543.0,10793724.1108,15510614.6705,26304338.7813,10675.46216773539,967.6854,15251.7275,174966.0,832934.3232000001,905533.2696,0.34,60.0,2760.3,3010.85
2025-12-19,1385,1766102552502000,1766186587219000,,,,,,0,,,,,,,,,,,,,bybit_liquidations,ethusdt,0.0,0.0,1053.0,332.0,9339765.1368,4299770.3659,13639535.5027,9848.040074151624,1030.8375,15561.8577,167988.20080000002,595625.6744,1406932.361,0.35,56.08,2793.59,3032.72
2025-12-20,115,1766188943551000,1766274454949000,,,,,,0,,,,,,,,,,,,,bybit_liquidations,ethusdt,0.0,0.0,47.0,68.0,490987.6568,213089.4406,704077.0974,6122.409542608695,419.6486,6067.302999999999,77957.6007,338034.5738,338034.5738,0.14,26.33,2951.78,3006.89
2025-12-21,643,1766278159004000,1766359829716000,,,,,,0,,,,,,,,,,,,,bybit_liquidations,ethusdt,0.0,0.0,314.0,329.0,2311027.3266,2466119.4877,4777146.8143,7429.466274183514,684.2684,11637.128,93381.7248,354349.4187,495117.15,0.23,31.08,2928.1,3027.81
2025-12-22,1318,1766361679501000,1766445831676000,,,,,,0,,,,,,,,,,,,,bybit_liquidations,ethusdt,0.0,0.0,710.0,608.0,6533096.319,8936079.6448,15469175.9638,11736.855814719273,1099.3752,18529.800000000003,154662.25499999998,715413.3466,926160.0,0.36,51.15,2947.8,3090.32
2025-12-23,1216,1766448997822000,1766533450225000,,,,,,0,,,,,,,,,,,,,bybit_liquidations,ethusdt,0.0,0.0,244.0,972.0,2737775.4402,10963467.4073,13701242.8475,11267.469446957237,955.8615,16568.6844,192535.4265,985167.0,1154644.0,0.33,65.55,2885.61,3048.21
2025-12-24,671,1766535573852000,1766616155200000,,,,,,0,,,,,,,,,,,,,bybit_liquidations,ethusdt,0.0,0.0,193.0,478.0,2873592.4789,5208175.6273,8081768.1062,12044.363794634874,879.132,14179.9125,204892.1898,897719.55,900499.7124,0.3,70.17,2873.2,2991.69
2025-12-25,546,1766620866900000,1766706624924000,,,,,,0,,,,,,,,,,,,,bybit_liquidations,ethusdt,0.0,0.0,127.0,419.0,1630758.2366000002,4141536.5308,5772294.7674,10571.96843846154,930.6592,13115.295000000002,175792.256,873417.0,878222.8184000001,0.32,60.8,2875.09,2984.17
2025-12-26,653,1766707814472000,1766789670628000,,,,,,0,,,,,,,,,,,,,bybit_liquidations,ethusdt,0.0,0.0,270.0,383.0,1534533.7642,3472921.8144,5007455.5786,7668.385265849923,891.495,12848.396800000002,87627.6,435580.132,576394.0,0.3,30.0,2878.69,3007.8
2025-12-27,140,1766796086994000,1766879336406000,,,,,,0,,,,,,,,,,,,,bybit_liquidations,ethusdt,0.0,0.0,101.0,39.0,1482955.9321,185959.938,1668915.8701,11920.827643571429,1002.3438,13814.234,392169.3314,559694.1618,559694.1618,0.34,131.98,2901.86,2973.82
2025-12-28,144,1766880805917000,1766962250758000,,,,,,0,,,,,,,,,,,,,bybit_liquidations,ethusdt,0.0,0.0,52.0,92.0,186934.0443,1054853.9453,1241787.9896,8623.527705555556,1018.822,18534.672,109119.736,338364.033,338364.033,0.35,37.4,2910.73,2972.92
2025-12-29,1227,1766967782009000,1767047764867000,,,,,,0,,,,,,,,,,,,,bybit_liquidations,ethusdt,0.0,0.0,598.0,629.0,9627348.0909,6940919.373199999,16568267.4641,13503.07046788916,1057.819,16258.442399999998,291596.0,915060.3462,974250.5136,0.36,100.0,2894.15,3070.1
2025-12-30,496,1767054509388000,1767136662511000,,,,,,0,,,,,,,,,,,,,bybit_liquidations,ethusdt,0.0,0.0,249.0,247.0,2333770.6902,2875213.2415,5208983.9317,10501.983733266128,781.5444,11617.108,128741.8416,874694.8,874694.8,0.26,43.32,2903.79,3022.54
2025-12-31,431,1767143942198000,1767218612394000,,,,,,0,,,,,,,,,,,,,bybit_liquidations,ethusdt,0.0,0.0,228.0,203.0,3501157.4383,2350404.1155,5851561.5538,13576.708941531322,974.3184,18301.2,249629.1665,887360.5364,887360.5364,0.33,83.65,2944.48,3041.71
2026-01-01,117,1767230133608000,1767311584237000,,,,,,0,,,,,,,,,,,,,bybit_liquidations,ethusdt,0.0,0.0,80.0,37.0,868900.3226000001,47880.0521,916780.3747,7835.729698290597,513.8641,5105.3379,183361.1305,479145.4122,479145.4122,0.17,60.85,2959.38,3023.42
2026-01-02,1518,1767312175524000,1767397743247000,,,,,,0,,,,,,,,,,,,,bybit_liquidations,ethusdt,0.0,0.0,1320.0,198.0,14591033.5758,1852855.9454,16443889.5212,10832.60179262187,1315.335,18651.422400000003,168603.7815,471478.5,950700.7584,0.42,55.65,2976.34,3163.77
2026-01-03,243,1767398675569000,1767482998396000,,,,,,0,,,,,,,,,,,,,bybit_liquidations,ethusdt,0.0,0.0,115.0,128.0,767866.7877,844932.3380999999,1612799.1258,6637.033439506173,597.4436000000001,14490.711,80204.04359999999,296714.922,296714.922,0.19,25.58,3059.65,3145.95
2026-01-04,522,1767484989217000,1767571190980000,,,,,,0,,,,,,,,,,,,,bybit_liquidations,ethusdt,0.0,0.0,397.0,125.0,3638445.4206,1115531.2124,4753976.633,9107.234929118777,1057.7468,12651.96,151188.444,354262.7025,460916.47060000006,0.34,47.79,3102.14,3181.27
2026-01-05,1676,1767571275597000,1767656256829000,,,,,,0,,,,,,,,,,,,,bybit_liquidations,ethusdt,0.0,0.0,1346.0,330.0,18139175.9713,2292674.345,20431850.3163,12190.841477505966,1001.2132,16264.0604,199034.4136,904988.9313,916520.7327,0.31,62.48,3118.06,3279.65
2026-01-06,1286,1767657970963000,1767743290901000,,,,,,0,,,,,,,,,,,,,bybit_liquidations,ethusdt,0.0,0.0,773.0,513.0,7913306.6465,7287249.585299999,15200556.2318,11820.028174027992,1031.0752,19785.6,194749.97670000003,986096.28,995709.0,0.32,59.88,3166.34,3323.82
2026-01-07,987,1767745900677000,1767830388726000,,,,,,0,,,,,,,,,,,,,bybit_liquidations,ethusdt,0.0,0.0,87.0,900.0,647506.0806,15450152.0299,16097658.1105,16309.68400253293,1070.5444,21125.328,296014.06,918994.4301,950784.0,0.34,94.96,3109.17,3297.29
2026-01-08,1239,1767830681146000,1767916375052000,,,,,,0,,,,,,,,,,,,,bybit_liquidations,ethusdt,0.0,0.0,167.0,1072.0,1826868.2328,14514194.0761,16341062.3089,13188.912275141243,930.687,17339.904,268229.7332,895393.5344,1205116.9032,0.3,87.89,3037.62,3198.6
2026-01-09,746,1767916920974000,1767996592631000,,,,,,0,,,,,,,,,,,,,bybit_liquidations,ethusdt,0.0,0.0,221.0,525.0,2979869.3719,4723622.6867,7703492.0586,10326.396861394102,945.582,14798.5086,194732.1675,494366.704,892055.1558999999,0.3,63.81,3042.28,3162.17
2026-01-10,59,1768004106542000,1768086138971000,,,,,,0,,,,,,,,,,,,,bybit_liquidations,ethusdt,0.0,0.0,12.0,47.0,66240.6693,65717.2009,131957.8702,2236.574071186441,307.665,4423.4136,15682.3856,55220.3304,55220.3304,0.1,5.11,3062.07,3117.55
2026-01-11,253,1768092323112000,1768173605709000,,,,,,0,,,,,,,,,,,,,bybit_liquidations,ethusdt,0.0,0.0,142.0,111.0,610265.0863,985452.8495,1595717.9358,6307.185516996047,785.04,8802.7569,63186.2,605794.233,605794.233,0.25,20.0,3073.54,3161.97
2026-01-12,840,1768176646350000,1768260701070000,,,,,,0,,,,,,,,,,,,,bybit_liquidations,ethusdt,0.0,0.0,256.0,584.0,3684933.8411,5974522.4775,9659456.3186,11499.352760238096,1009.7792,15340.55,194914.8022,884446.563,904448.433,0.32,61.37,3049.43,3186.16
2026-01-13,1895,1768264910397000,1768347523726000,,,,,,0,,,,,,,,,,,,,bybit_liquidations,ethusdt,0.0,0.0,1790.0,105.0,37219316.214,1357586.9323,38576903.1463,20357.204826543537,1520.7837,28617.4747,492187.9072,1206226.2801,1270586.0124,0.47,150.0,3075.27,3388.12
2026-01-14,998,1768348915094000,1768432568885000,,,,,,0,,,,,,,,,,,,,bybit_liquidations,ethusdt,0.0,0.0,703.0,295.0,7015230.8903,2711201.6653,9726432.5556,9745.924404408815,813.7728,12453.608000000002,142385.88,894274.2873000001,914133.84,0.24,42.45,3263.78,3418.63
2026-01-15,840,1768435360022000,1768521069336000,,,,,,0,,,,,,,,,,,,,bybit_liquidations,ethusdt,0.0,0.0,217.0,623.0,2834316.6751,7564734.8888,10399051.5639,12379.823290357142,982.218,15906.682399999998,275784.876,895352.0922,895361.5024,0.3,82.26,3256.58,3399.83
2026-01-16,460,1768521667187000,1768605937821000,,,,,,0,,,,,,,,,,,,,bybit_liquidations,ethusdt,0.0,0.0,102.0,358.0,432719.1325,2349270.3913000003,2781989.5238,6047.803312608696,859.7836000000001,9789.0,68491.8708,585413.5721,585413.5721,0.26,20.92,3234.9,3340.36
2026-01-17,128,1768608890170000,1768692202354000,,,,,,0,,,,,,,,,,,,,bybit_liquidations,ethusdt,0.0,0.0,92.0,36.0,290090.43210000003,88863.58870000001,378954.0208,2960.5782875,598.8042,6066.06,58795.72230000001,88468.6572,88468.6572,0.18,17.69,3272.21,3344.93
2026-01-18,649,1768694433486000,1768780710115000,,,,,,0,,,,,,,,,,,,,bybit_liquidations,ethusdt,0.0,0.0,252.0,397.0,2396726.1938,3711312.0087,6108038.2025,9411.461020801233,887.7087,17294.074,131610.0,602845.4328000001,947368.8,0.27,40.0,3260.72,3384.92
2026-01-19,1711,1768780804389000,1768865506092000,,,,,,0,,,,,,,,,,,,,bybit_liquidations,ethusdt,0.0,0.0,147.0,1564.0,947232.0153,21130155.1073,22077387.1226,12903.206968205728,996.2656,16179.744899999998,248736.5798,895702.8565000001,922012.6048,0.31,77.36,3148.8,3291.56
2026-01-20,4159,1768867501876000,1768952960979000,,,,,,0,,,,,,,,,,,,,bybit_liquidations,ethusdt,0.0,0.0,113.0,4046.0,1002022.5042,65379223.9144,66381246.4186,15960.86713599423,1105.1208,20592.979000000003,328408.9952,895470.4896,3031573.02,0.37,109.82,2902.32,3213.28
2026-01-21,2595,1768953615155000,1769039415748000,,,,,,0,,,,,,,,,,,,,bybit_liquidations,ethusdt,0.0,0.0,641.0,1954.0,6425710.6307,15816558.4583,22242269.089,8571.201961079,867.564,13891.4517,149012.0,581944.0,749039.2966000001,0.3,50.0,2850.24,3083.5
2026-01-22,780,1769040739945000,1769121710011000,,,,,,0,,,,,,,,,,,,,bybit_liquidations,ethusdt,0.0,0.0,113.0,667.0,762131.6339,6253263.3474,7015394.9813,8994.096129871796,879.555,14446.8306,192179.46,619321.5847000001,878343.0695,0.3,66.0,2890.79,3051.11
2026-01-23,962,1769126468672000,1769209143911000,,,,,,0,,,,,,,,,,,,,bybit_liquidations,ethusdt,0.0,0.0,335.0,627.0,3439498.3046,6275065.038,9714563.3426,10098.298692931392,954.9984,17321.440499999997,154130.098,892181.5680000001,905818.8048,0.33,52.6,2876.5,3032.95
2026-01-24,86,1769215276237000,1769298635757000,,,,,,0,,,,,,,,,,,,,bybit_liquidations,ethusdt,0.0,0.0,17.0,69.0,34234.081,395481.087,429715.168,4996.688,504.7708,10009.4392,63975.657900000006,146646.0,146646.0,0.17,21.79,2928.06,2983.49
2026-01-25,2736,1769299854546000,1769385151236000,,,,,,0,,,,,,,,,,,,,bybit_liquidations,ethusdt,0.0,0.0,53.0,2683.0,360501.5067,29447638.4058,29808139.9125,10894.787979714913,1013.2115,14802.554700000002,199903.36050000004,846939.0,1007416.556,0.36,72.01,2771.37,2957.01
2026-01-26,859,1769385830512000,1769471497883000,,,,,,0,,,,,,,,,,,,,bybit_liquidations,ethusdt,0.0,0.0,646.0,213.0,11794277.2323,1649619.9503,13443897.1826,15650.63699953434,1110.603,27435.9736,247715.23,963407.6599,1419376.9149,0.38,85.96,2811.86,2964.39
2026-01-27,874,1769472024963000,1769557212870000,,,,,,0,,,,,,,,,,,,,bybit_liquidations,ethusdt,0.0,0.0,707.0,167.0,6805066.0262,1037385.3192,7842451.3454,8973.056459267735,935.301,14932.3,105507.7056,598684.0,830759.5353999999,0.31,35.43,2886.55,3048.31
2026-01-28,493,1769558607378000,1769643876226000,,,,,,0,,,,,,,,,,,,,bybit_liquidations,ethusdt,0.0,0.0,240.0,253.0,2296433.1744,2838821.2665,5135254.4409,10416.33760831643,748.755,12277.762,298261.0,430634.687,430634.687,0.25,100.0,2967.94,3059.29
2026-01-29,2885,1769645043188000,1769730036154000,,,,,,0,,,,,,,,,,,,,bybit_liquidations,ethusdt,0.0,0.0,210.0,2675.0,2885757.6539000003,34830590.6532,37716348.3071,13073.25764544194,1041.2342,19602.9112,232300.4048,895279.3167,1193609.0124,0.37,84.64,2739.07,3011.75
2026-01-30,4510,1769731416582000,1769815717601000,,,,,,0,,,,,,,,,,,,,bybit_liquidations,ethusdt,0.0,0.0,319.0,4191.0,2615987.4553,41615315.3928,44231302.8481,9807.384223525498,968.8572,14218.578,161201.5646,806904.2688000001,1192792.1474,0.36,59.17,2622.16,2840.91
2026-01-31,14032,1769818044443000,1769903807853000,,,,,,0,,,,,,,,,,,,,bybit_liquidations,ethusdt,0.0,0.0,703.0,13329.0,9884198.9391,145499801.5766,155384000.5157,11073.546216911349,994.848,14523.846999999998,191575.37700000004,894697.8200999999,2385107.3015,0.41,78.87,2234.49,2720.67
2026-02-01,3011,1769904177342000,1769990080990000,,,,,,0,,,,,,,,,,,,,bybit_liquidations,ethusdt,0.0,0.0,539.0,2472.0,5882667.3723,20880477.7844,26763145.1567,8888.457375190967,846.9756,12751.142500000002,164161.9418,649033.8146,914090.9,0.37,72.2,2207.95,2485.41
2026-02-02,3478,1769990497835000,1770075723787000,,,,,,0,,,,,,,,,,,,,bybit_liquidations,ethusdt,0.0,0.0,1018.0,2460.0,7353251.8534,20713833.0843,28067084.9377,8069.892161500862,801.1055,10878.6,162913.0356,682735.6871999999,894347.9904000001,0.36,70.0,2145.8,2406.19
2026-02-03,4359,1770076945928000,1770162462330000,,,,,,0,,,,,,,,,,,,,bybit_liquidations,ethusdt,0.0,0.0,838.0,3521.0,7570530.5215,27874045.0219,35444575.5434,8131.354793163568,781.6031999999999,11506.0896,131265.0282,879054.0528000001,896394.2841,0.35,58.02,2098.49,2370.06
2026-02-04,3351,1770164088636000,1770249551802000,,,,,,0,,,,,,,,,,,,,bybit_liquidations,ethusdt,0.0,0.0,627.0,2724.0,8295568.8522,21097620.1427,29393188.9949,8771.46791850194,812.8185000000001,11105.8062,151429.47679999995,894949.075,904543.8738,0.38,71.32,2064.76,2306.02
2026-02-05,11600,1770249737252000,1770335907918000,,,,,,0,,,,,,,,,,,,,bybit_liquidations,ethusdt,0.0,0.0,1277.0,10323.0,9836305.3145,74105402.5973,83941707.9118,7236.354130327586,757.0089,10096.704,112006.8,740268.573,1789685.8302,0.39,58.39,1807.16,2311.79
2026-02-06,5935,1770336053095000,1770420706497000,,,,,,0,,,,,,,,,,,,,bybit_liquidations,ethusdt,0.0,0.0,2044.0,3891.0,15611168.8898,30741730.713,46352899.6028,7810.092603673126,652.3988,9167.3911,113098.05,665481.0264,3793962.705600001,0.36,60.0,1735.03,2103.1
2026-02-07,2212,1770422435608000,1770508314778000,,,,,,0,,,,,,,,,,,,,bybit_liquidations,ethusdt,0.0,0.0,1184.0,1028.0,11993311.6748,7742624.0237,19735935.6985,8922.213245253164,838.4544,11750.6532,141072.192,776201.4045000001,973598.7598,0.4,67.68,1983.6,2148.11
2026-02-08,1205,1770510111483000,1770594602183000,,,,,,0,,,,,,,,,,,,,bybit_liquidations,ethusdt,0.0,0.0,637.0,568.0,3210616.8421,6191554.2261,9402171.0682,7802.63159186722,631.839,9307.857,105477.5,798973.8672,860782.7,0.3,50.0,2055.24,2160.3
2026-02-09,1593,1770596202690000,1770681098784000,,,,,,0,,,,,,,,,,,,,bybit_liquidations,ethusdt,0.0,0.0,780.0,813.0,5011951.3723,4522867.9418,9534819.3141,5985.448408097928,671.4624000000001,8715.42,107998.3226,241165.02600000004,895041.7649999999,0.33,50.38,1998.45,2156.56
2026-02-10,1099,1770682061783000,1770767997985000,,,,,,0,,,,,,,,,,,,,bybit_liquidations,ethusdt,0.0,0.0,274.0,825.0,2508178.0559,6610788.181,9118966.2369,8297.51249945405,709.429,12857.481,180797.232,509170.9564,522150.75,0.35,88.94,1979.19,2133.83
2026-02-11,2454,1770768149506000,1770854071274000,,,,,,0,,,,,,,,,,,,,bybit_liquidations,ethusdt,0.0,0.0,675.0,1779.0,6921228.6788,11781843.6226,18703072.3014,7621.463855501222,780.0,11596.02,115218.6336,893716.902,1206446.8563,0.4,60.0,1891.89,2040.9
2026-02-12,1044,1770854512589000,1770938788132000,,,,,,0,,,,,,,,,,,,,bybit_liquidations,ethusdt,0.0,0.0,322.0,722.0,2465207.2069,6098413.6313,8563620.8382,8202.70195229885,888.6383999999999,12208.5576,190713.0,452670.9222,513465.9831,0.45,97.15,1887.16,2010.07
2026-02-13,1190,1770940928283000,1771025350698000,,,,,,0,,,,,,,,,,,,,bybit_liquidations,ethusdt,0.0,0.0,1029.0,161.0,9113162.2054,1499391.1296,10612553.335,8918.112046218488,910.6528,14037.7981,138020.4,780707.5305,818890.8152000001,0.44,70.0,1914.18,2082.02
2026-02-14,675,1771028031158000,1771111406986000,,,,,,0,,,,,,,,,,,,,bybit_liquidations,ethusdt,0.0,0.0,546.0,129.0,4166500.5523,1371627.4586,5538128.0109,8204.634090222222,855.5183,11871.91,104612.5,822573.686,903542.7012,0.41,50.0,2032.99,2117.22
2026-02-15,1940,1771113757579000,1771198217398000,,,,,,0,,,,,,,,,,,,,bybit_liquidations,ethusdt,0.0,0.0,216.0,1724.0,2485275.2454,14839646.9346,17324922.18,8930.372257731959,861.0008,14916.082,151112.5968,733596.5975,1162064.1726000002,0.43,76.0,1916.81,2112.62
2026-02-16,943,1771200498036000,1771286082203000,,,,,,0,,,,,,,,,,,,,bybit_liquidations,ethusdt,0.0,0.0,429.0,514.0,3065291.1814,2792995.6433,5858286.8247,6212.393239342524,666.4646,10160.2028,114005.01,254819.52,406759.7516,0.34,57.4,1927.42,2032.6
2026-02-17,933,1771289340098000,1771369755405000,,,,,,0,,,,,,,,,,,,,bybit_liquidations,ethusdt,0.0,0.0,412.0,521.0,3413206.0089,6290434.3177,9703640.3266,10400.47194705252,711.6156,16785.4363,180031.761,531400.581,929893.2,0.36,91.65,1931.28,2024.97
2026-02-18,1200,1771373941815000,1771457932835000,,,,,,0,,,,,,,,,,,,,bybit_liquidations,ethusdt,0.0,0.0,341.0,859.0,2175937.6409,6187120.0203,8363057.6612,6969.214717666667,631.6405,10439.424,112009.9191,609104.5005,737885.3716000001,0.32,57.57,1913.13,2047.94
2026-02-19,836,1771459503191000,1771543223874000,,,,,,0,,,,,,,,,,,,,bybit_liquidations,ethusdt,0.0,0.0,222.0,614.0,2538143.6466,4975964.7514,7514108.398,8988.167940191388,730.9414,10918.5706,190263.0,766712.0,904473.1535999998,0.38,100.0,1896.5,1996.26
2026-02-20,691,1771546418917000,1771628849653000,,,,,,0,,,,,,,,,,,,,bybit_liquidations,ethusdt,0.0,0.0,376.0,315.0,2411915.9177,2045477.3809,4457393.2986,6450.641531982635,765.5349000000001,12603.7538,114732.6,177843.06540000002,299296.231,0.39,60.0,1912.21,1990.0
2026-02-21,250,1771634081838000,1771717716687000,,,,,,0,,,,,,,,,,,,,bybit_liquidations,ethusdt,0.0,0.0,155.0,95.0,861633.7335,369825.4191,1231459.1526,4925.8366104,460.7567,9233.2768,88265.2485,202820.0573,202820.0573,0.23,44.85,1946.48,2004.73
2026-02-22,379,1771718485527000,1771804657440000,,,,,,0,,,,,,,,,,,,,bybit_liquidations,ethusdt,0.0,0.0,58.0,321.0,270555.2666,1445263.4502,1715818.7168,4527.226165699209,503.7916,9069.7114,74943.5736,233194.8,233194.8,0.26,38.92,1924.72,1992.14
2026-02-23,2819,1771806666905000,1771890556465000,,,,,,0,,,,,,,,,,,,,bybit_liquidations,ethusdt,0.0,0.0,308.0,2511.0,5339595.5596,20880152.4705,26219748.0301,9301.081245157857,863.3383,14640.1932,158938.8892,636688.814,1206212.3424000002,0.46,82.81,1826.68,1949.67
2026-02-24,1638,1771891949613000,1771971245428000,,,,,,0,,,,,,,,,,,,,bybit_liquidations,ethusdt,0.0,0.0,293.0,1345.0,2837452.2573,8856389.5563,11693841.8136,7139.097566300366,686.1888,10110.6786,108784.2,484385.4,906018.1564,0.38,60.0,1791.74,1875.89
2026-02-25,3146,1771977729177000,1772063886787000,,,,,,0,,,,,,,,,,,,,bybit_liquidations,ethusdt,0.0,0.0,2815.0,331.0,38379420.269,3220787.9399,41600208.2089,13223.206677972026,990.4848,17396.895,238781.52,933300.9009999998,1461912.4608,0.49,122.83,1836.45,2158.15
2026-02-26,1078,1772064435228000,1772147146984000,,,,,,0,,,,,,,,,,,,,bybit_liquidations,ethusdt,0.0,0.0,453.0,625.0,3679326.4159,6914851.8993,10594178.3152,9827.6236690167,845.994,14400.8865,159876.2434,759618.8448,893158.063,0.41,78.02,1965.24,2092.37
2026-02-27,1596,1772151498994000,1772234433843000,,,,,,0,,,,,,,,,,,,,bybit_liquidations,ethusdt,0.0,0.0,277.0,1319.0,2568420.288,12977053.1383,15545473.4263,9740.27157036341,888.651,13552.572,138317.26659999997,706908.8884999999,1124549.7025,0.45,71.99,1876.87,2072.61
2026-02-28,2443,1772237511361000,1772321662075000,,,,,,0,,,,,,,,,,,,,bybit_liquidations,ethusdt,0.0,0.0,1058.0,1385.0,13636073.5451,12236423.7641,25872497.3092,10590.461444617276,955.7451,15511.0602,191554.2864,894453.7488,905818.23,0.51,103.88,1825.67,1993.84
2026-03-01,1662,1772323200913000,1772406602478000,,,,,,0,,,,,,,,,,,,,bybit_liquidations,ethusdt,0.0,0.0,900.0,762.0,11370784.5051,7858053.1609,19228837.666,11569.697753309269,997.61,16747.5776,194475.8709,906234.849,949212.8336,0.5,100.09,1897.09,2064.08
2026-03-02,1724,1772410203044000,1772495054785000,,,,,,0,,,,,,,,,,,,,bybit_liquidations,ethusdt,0.0,0.0,1266.0,458.0,11844173.2747,2370835.0268,14215008.3015,8245.364444025523,710.3994,9957.897,130166.53,826221.9400000001,907370.7534,0.35,65.05,1911.16,2098.54
2026-03-03,1305,1772496239169000,1772579543626000,,,,,,0,,,,,,,,,,,,,bybit_liquidations,ethusdt,0.0,0.0,438.0,867.0,5190635.204,6082533.5501,11273168.7541,8638.4434897318,640.592,10521.2098,126036.625,773793.5696,902574.6975,0.33,64.1,1918.54,2050.3
2026-03-04,2538,1772582452628000,1772667884077000,,,,,,0,,,,,,,,,,,,,bybit_liquidations,ethusdt,0.0,0.0,2061.0,477.0,19753905.4111,4360312.2979,24114217.709,9501.26781284476,883.564,14523.7344,156587.8054,889966.0657,1134356.538,0.42,72.14,1934.2,2208.97
2026-03-05,1090,1772669451835000,1772755080972000,,,,,,0,,,,,,,,,,,,,bybit_liquidations,ethusdt,0.0,0.0,406.0,684.0,3078705.5372,5100103.3299,8178808.8671,7503.494373486239,734.3910000000001,12862.892,91215.906,694509.6431,907844.3976,0.35,42.36,2043.56,2173.52
2026-03-06,1347,1772757373688000,1772841358065000,,,,,,0,,,,,,,,,,,,,bybit_liquidations,ethusdt,0.0,0.0,163.0,1184.0,1708421.5235,10708604.9987,12417026.5222,9218.28249606533,866.1834,12998.766,181782.34560000003,701195.94,895902.9072,0.43,93.12,1945.26,2102.72
2026-03-07,506,1772842266340000,1772926553004000,,,,,,0,,,,,,,,,,,,,bybit_liquidations,ethusdt,0.0,0.0,95.0,411.0,1295667.5016,2406804.5751,3702472.0767,7317.138491501976,778.524,9804.35,120503.87440000002,227432.7015,451837.54,0.4,61.88,1937.95,2004.44
2026-03-08,1279,1772928622426000,1773013502436000,,,,,,0,,,,,,,,,,,,,bybit_liquidations,ethusdt,0.0,0.0,262.0,1017.0,4031948.6317,7847750.3485,11879698.9802,9288.27129022674,848.5972,14929.8219,114266.295,577281.8373,1810268.551,0.44,58.85,1902.36,1989.0
2026-03-09,1163,1773014734518000,1773100559728000,,,,,,0,,,,,,,,,,,,,bybit_liquidations,ethusdt,0.0,0.0,776.0,387.0,7358022.5669,2233620.6876,9591643.2545,8247.328679707653,713.7655,9866.597499999998,147383.3377,905334.6744,907145.826,0.35,73.27,1918.97,2062.81
2026-03-10,1103,1773101932784000,1773186649248000,,,,,,0,,,,,,,,,,,,,bybit_liquidations,ethusdt,0.0,0.0,657.0,446.0,7775948.6816,2468604.4328,10244553.1144,9287.899469084316,785.8666000000001,10329.719400000002,125201.6455,1133867.0852,1620019.88,0.38,60.67,1998.27,2097.76
2026-03-11,739,1773187690152000,1773272869726000,,,,,,0,,,,,,,,,,,,,bybit_liquidations,ethusdt,0.0,0.0,430.0,309.0,4170253.949,2143702.9310000003,6313956.88,8543.92,666.9184,9136.215,101888.4392,904557.9144,918768.276,0.33,50.32,1996.15,2095.49
2026-03-12,691,1773276385770000,1773359907434000,,,,,,0,,,,,,,,,,,,,bybit_liquidations,ethusdt,0.0,0.0,399.0,292.0,4382010.484,1759176.2239,6141186.7079,8887.390315340086,903.8213,16981.8093,121058.4648,353718.2616,868551.3218,0.44,57.72,2006.5,2104.75
2026-03-13,2294,1773360755040000,1773444446788000,,,,,,0,,,,,,,,,,,,,bybit_liquidations,ethusdt,0.0,0.0,1745.0,549.0,19170259.2377,4031613.4266,23201872.6643,10114.155477027029,1018.0674,15767.6088,170417.59999999998,904645.1117,907102.2,0.47,80.0,2067.75,2217.71
2026-03-14,273,1773446750496000,1773532625798000,,,,,,0,,,,,,,,,,,,,bybit_liquidations,ethusdt,0.0,0.0,101.0,172.0,415929.2089,1468602.8908,1884532.0997,6903.047984249084,843.9685999999999,9071.3863,37800.132000000005,914573.926,914573.926,0.41,18.14,2050.24,2114.26
2026-03-15,952,1773533137021000,1773618324335000,,,,,,0,,,,,,,,,,,,,bybit_liquidations,ethusdt,0.0,0.0,808.0,144.0,7900043.0911,573163.2434,8473206.3345,8900.42682195378,876.2669999999999,10312.7003,164039.26,873528.8128000001,904982.9334999998,0.41,77.0,2074.55,2212.46
2026-03-16,3772,1773619243920000,1773705106193000,,,,,,0,,,,,,,,,,,,,bybit_liquidations,ethusdt,0.0,0.0,3454.0,318.0,39903485.004,3069167.175,42972652.179,11392.537693266171,798.6396000000001,13996.063999999998,234652.8184,905538.8182,1206283.5008,0.34,100.24,2153.35,2396.23
2026-03-17,922,1773705634688000,1773791664855000,,,,,,0,,,,,,,,,,,,,bybit_liquidations,ethusdt,0.0,0.0,483.0,439.0,3841809.8663,2406466.6419,6248276.5082,6776.872568546638,691.9530000000001,9969.3798,117571.2864,416847.3569,680289.0560000001,0.3,49.44,2284.61,2386.74
2026-03-18,1820,1773792210217000,1773877757167000,,,,,,0,,,,,,,,,,,,,bybit_liquidations,ethusdt,0.0,0.0,270.0,1550.0,2419483.1503,16436845.1006,18856328.2509,10360.619918076924,987.9637,17275.76,195049.8,676254.0,894967.8742000001,0.45,89.43,2141.3,2359.34
2026-03-19,1538,1773878691026000,1773963844842000,,,,,,0,,,,,,,,,,,,,bybit_liquidations,ethusdt,0.0,0.0,432.0,1106.0,6845938.188800001,11262365.2967,18108303.4855,11773.929444408324,817.5414000000001,14673.5028,219193.7172,894088.4720000001,1193808.608,0.38,100.12,2087.86,2242.65
2026-03-20,722,1773965339315000,1774048597143000,,,,,,0,,,,,,,,,,,,,bybit_liquidations,ethusdt,0.0,0.0,369.0,353.0,4229576.5553,1595932.5984,5825509.1537,8068.572235041551,762.3791999999999,9027.128,144999.855,466087.5496,889678.6290000001,0.36,67.34,2105.39,2186.06
2026-03-21,983,1774051201218000,1774137564302000,,,,,,0,,,,,,,,,,,,,bybit_liquidations,ethusdt,0.0,0.0,51.0,932.0,994125.845,9997282.9164,10991408.7614,11181.494162156663,994.9994,14808.878,181366.9704,786811.1806,889110.4055999999,0.47,88.02,2059.18,2177.96
2026-03-22,1557,1774137667909000,1774223676258000,,,,,,0,,,,,,,,,,,,,bybit_liquidations,ethusdt,0.0,0.0,240.0,1317.0,1826277.3491,14157910.1992,15984187.5483,10266.01640867052,915.111,15498.056,199398.2949,491209.4988,957202.3461,0.45,96.29,2014.65,2137.22
2026-03-23,1879,1774224210514000,1774310169875000,,,,,,0,,,,,,,,,,,,,bybit_liquidations,ethusdt,0.0,0.0,1235.0,644.0,20865973.4124,7001560.9379,27867534.3503,14831.045423257052,1128.1930000000002,21273.428,259602.78280000004,905546.871,1605420.7278,0.53,119.26,2012.16,2208.19
2026-03-24,713,1774310464235000,1774395572075000,,,,,,0,,,,,,,,,,,,,bybit_liquidations,ethusdt,0.0,0.0,294.0,419.0,3291787.7141,2655251.9353,5947039.6494,8340.869073492287,901.6896,14626.174400000002,128883.6,440553.1232,588511.0,0.43,60.0,2092.22,2185.06
2026-03-25,588,1774396857578000,1774480654157000,,,,,,0,,,,,,,,,,,,,bybit_liquidations,ethusdt,0.0,0.0,372.0,216.0,4341798.6917,1437274.0138,5779072.7055,9828.35494132653,794.3256,13561.0948,113906.878,855003.61,906134.7988,0.37,52.6,2135.83,2209.14
2026-03-26,1499,1774484416672000,1774568340042000,,,,,,0,,,,,,,,,,,,,bybit_liquidations,ethusdt,0.0,0.0,122.0,1377.0,805284.4753,15887999.9832,16693284.4585,11136.280492661774,1102.5272,17489.388000000003,207426.00000000003,629374.4417999999,679657.3496,0.53,99.88,2022.86,2153.43
2026-03-27,1893,1774569686611000,1774655122728000,,,,,,0,,,,,,,,,,,,,bybit_liquidations,ethusdt,0.0,0.0,175.0,1718.0,1366921.9978,22020720.2106,23387642.2084,12354.803068357103,939.5408,16809.912,231013.15,896101.3324999999,1446568.353,0.47,115.0,1960.57,2086.66
2026-03-28,492,1774656646808000,1774739838823000,,,,,,0,,,,,,,,,,,,,bybit_liquidations,ethusdt,0.0,0.0,275.0,217.0,2062370.3815,1405677.2462000002,3468047.6277,7048.877292073171,905.3505,11856.0618,91867.05,512001.85560000007,512001.85560000007,0.45,45.0,1971.93,2052.72
2026-03-29,1309,1774745061498000,1774828236567000,,,,,,0,,,,,,,,,,,,,bybit_liquidations,ethusdt,0.0,0.0,139.0,1170.0,3299362.8688,10139628.9772,13438991.846,10266.609508021387,973.53,13598.76,164840.5,851496.2209999999,1412252.8679999998,0.5,85.0,1928.28,2028.53
2026-03-30,1024,1774829300950000,1774911954579000,,,,,,0,,,,,,,,,,,,,bybit_liquidations,ethusdt,0.0,0.0,712.0,312.0,8879009.5963,3687633.6689,12566643.2652,12272.112563671875,836.154,13389.4462,295925.5156,893864.5836,961305.1515,0.41,147.16,1982.78,2093.66
2026-03-31,1092,1774917055845000,1775001226817000,,,,,,0,,,,,,,,,,,,,bybit_liquidations,ethusdt,0.0,0.0,783.0,309.0,9746243.957,1685989.4485,11432233.4055,10469.078210164836,900.8296,12263.1948,154920.75,905337.0098,1508240.145,0.44,75.0,2001.52,2132.52
2026-04-01,1013,1775004659098000,1775086322485000,,,,,,0,,,,,,,,,,,,,bybit_liquidations,ethusdt,0.0,0.0,786.0,227.0,6353583.8667,2608691.6188000003,8962275.4855,8847.261091312932,750.6519999999999,14726.2394,184846.37500000003,818735.5108,1012764.3972,0.35,87.5,2071.81,2177.56
2026-04-02,1198,1775088925470000,1775173152821000,,,,,,0,,,,,,,,,,,,,bybit_liquidations,ethusdt,0.0,0.0,279.0,919.0,2425235.0175,9871095.9804,12296330.9979,10264.049246994991,823.656,15660.158400000002,238924.1313,530562.37,748685.144,0.4,116.73,2005.85,2168.82
2026-04-03,242,1775176885655000,1775257659285000,,,,,,0,,,,,,,,,,,,,bybit_liquidations,ethusdt,0.0,0.0,132.0,110.0,580785.5941,1027342.4477,1608128.0418,6645.157197520662,832.2040000000002,11643.3396,58682.3625,549182.2815,549182.2815,0.4,28.65,2030.62,2088.39
2026-04-04,170,1775261543188000,1775346350982000,,,,,,0,,,,,,,,,,,,,bybit_liquidations,ethusdt,0.0,0.0,144.0,26.0,1261051.446,25977.8167,1287029.2627,7570.7603688235295,699.9138000000002,10975.3547,108432.1836,308379.6738,308379.6738,0.34,52.26,2034.18,2092.97
2026-04-05,800,1775351054187000,1775432577140000,,,,,,0,,,,,,,,,,,,,bybit_liquidations,ethusdt,0.0,0.0,558.0,242.0,9380155.1916,1483733.326,10863888.5176,13579.860647,1096.7008,15975.15,226664.3115,1107297.3848,1124749.961,0.52,106.65,2010.97,2132.74
2026-04-06,1111,1775433643562000,1775519584176000,,,,,,0,,,,,,,,,,,,,bybit_liquidations,ethusdt,0.0,0.0,801.0,310.0,9591934.1196,3145066.1708,12737000.2904,11464.446706030603,868.756,18441.5274,210791.3056,895798.9691999998,1508264.0116,0.4,100.1,2077.01,2184.12
2026-04-07,2089,1775520086853000,1775606239175000,,,,,,0,,,,,,,,,,,,,bybit_liquidations,ethusdt,0.0,0.0,1743.0,346.0,19049864.3578,3716802.5111,22766666.8689,10898.356567209192,957.1086,17170.235999999997,181157.6,674229.0194,1079685.0,0.44,83.31,2049.74,2283.9
2026-04-08,682,1775608269158000,1775692339048000,,,,,,0,,,,,,,,,,,,,bybit_liquidations,ethusdt,0.0,0.0,315.0,367.0,3314138.8461,3536200.176,6850339.0221,10044.485369648091,827.1424,13935.2668,162746.7402,487403.6475,815370.4117,0.37,71.87,2168.28,2280.52
2026-04-09,818,1775693663445000,1775779064555000,,,,,,0,,,,,,,,,,,,,bybit_liquidations,ethusdt,0.0,0.0,456.0,362.0,6288712.850500001,4256277.6181,10544990.4686,12891.18639193154,893.1280000000002,13845.427400000002,233464.99320000003,905574.1968,1271512.664,0.41,104.76,2146.0,2256.47
2026-04-10,512,1775779275837000,1775864159468000,,,,,,0,,,,,,,,,,,,,bybit_liquidations,ethusdt,0.0,0.0,382.0,130.0,3844241.4863,892514.0893999999,4736755.5757,9251.475733789062,724.9952000000001,11285.1,147484.9035,331364.815,903990.4068,0.33,65.85,2164.33,2267.72
2026-04-11,1101,1775869226648000,1775949010103000,,,,,,0,,,,,,,,,,,,,bybit_liquidations,ethusdt,0.0,0.0,996.0,105.0,11709408.3029,898444.2365,12607852.5394,11451.273877747502,958.692,16938.1872,155530.2,906141.396,930900.0,0.42,70.0,2217.43,2340.03
2026-04-12,819,1775954247813000,1776037962590000,,,,,,0,,,,,,,,,,,,,bybit_liquidations,ethusdt,0.0,0.0,202.0,617.0,857370.6091,6716332.5339,7573703.143,9247.500785103784,884.4120000000001,10961.2032,185766.68,832841.4647,894672.3169999999,0.4,82.4,2164.64,2295.93
2026-04-13,1907,1776038556157000,1776124025932000,,,,,,0,,,,,,,,,,,,,bybit_liquidations,ethusdt,0.0,0.0,1697.0,210.0,18366228.2402,2002233.4927,20368461.7329,10680.892361248034,1069.452,17316.543599999997,177951.375,936103.7268,939696.753,0.47,75.0,2163.53,2404.6
2026-04-14,1070,1776125355408000,1776210502723000,,,,,,0,,,,,,,,,,,,,bybit_liquidations,ethusdt,0.0,0.0,664.0,406.0,3309641.8362,5153167.2968,8462809.133,7909.1674140186915,599.0825,12119.836199999998,123316.1484,797617.4206,895362.6782000001,0.25,51.96,2289.84,2426.06
2026-04-15,561,1776211315748000,1776296895078000,,,,,,0,,,,,,,,,,,,,bybit_liquidations,ethusdt,0.0,0.0,421.0,140.0,3718216.3447,1993915.9835,5712132.3282,10182.054060962568,599.0373999999999,11889.2,177486.0,770041.6713,905990.6311,0.26,75.0,2296.2,2395.99
2026-04-16,796,1776299554050000,1776382702288000,,,,,,0,,,,,,,,,,,,,bybit_liquidations,ethusdt,0.0,0.0,324.0,472.0,4718365.4003,8994424.1254,13712789.5257,17227.122519723616,876.7588000000001,18780.4607,535324.0956,894915.5824,895472.8927999999,0.38,225.96,2272.87,2379.9
2026-04-17,1390,1776384589852000,1776468402619000,,,,,,0,,,,,,,,,,,,,bybit_liquidations,ethusdt,0.0,0.0,1189.0,201.0,10715465.9776,1528934.0111,12244399.9887,8808.920855179857,790.3368,12100.537099999998,159487.25,527106.02,975134.988,0.33,65.0,2305.06,2475.18
2026-04-18,541,1776470804087000,1776555896449000,,,,,,0,,,,,,,,,,,,,bybit_liquidations,ethusdt,0.0,0.0,112.0,429.0,911153.8334,3029353.0099,3940506.8433,7283.746475600739,757.3792,14508.122,123608.3046,226020.6936,295091.8808,0.32,51.99,2326.34,2436.54
2026-04-19,1116,1776558077094000,1776640652675000,,,,,,0,,,,,,,,,,,,,bybit_liquidations,ethusdt,0.0,0.0,96.0,1020.0,440777.2825,12678792.3476,13119569.6301,11755.88676532258,871.815,19875.9847,185769.6,894539.3269999999,895466.2031,0.38,80.0,2240.1,2360.11
2026-04-20,595,1776643388155000,1776727713417000,,,,,,0,,,,,,,,,,,,,bybit_liquidations,ethusdt,0.0,0.0,381.0,214.0,2982505.7852,2606775.2275,5589281.0127,9393.74960117647,804.4364999999999,16838.108,117895.44,254927.5113,955185.0696,0.35,52.0,2251.69,2356.77
2026-04-21,493,1776730265158000,1776815285252000,,,,,,0,,,,,,,,,,,,,bybit_liquidations,ethusdt,0.0,0.0,202.0,291.0,1633824.1804,2275709.7928,3909533.9732,7930.089195131845,529.0552,10395.5661,172343.37,364579.2,364579.2,0.23,74.19,2273.93,2348.64
2026-04-22,822,1776816549151000,1776902285692000,,,,,,0,,,,,,,,,,,,,bybit_liquidations,ethusdt,0.0,0.0,696.0,126.0,6462223.289,928950.491,7391173.78,8991.695596107056,859.4172,9991.9568,175367.652,904699.5944,904937.3354,0.36,74.28,2300.78,2434.02
2026-04-23,746,1776902481073000,1776987182219000,,,,,,0,,,,,,,,,,,,,bybit_liquidations,ethusdt,0.0,0.0,112.0,634.0,1512424.9624,5595047.62,7107472.5824,9527.44313994638,820.316,14255.179399999995,206110.128,375206.2299,487799.3233,0.35,88.8,2272.36,2390.96
2026-04-24,243,1776989631501000,1777071904661000,,,,,,0,,,,,,,,,,,,,bybit_liquidations,ethusdt,0.0,0.0,86.0,157.0,937743.7995,922926.8496,1860670.6491,7657.0808604938275,489.6402,9838.8542,234338.71520000004,467138.0,467138.0,0.21,100.09,2287.34,2347.02
2026-04-25,86,1777078837154000,1777156373241000,,,,,,0,,,,,,,,,,,,,bybit_liquidations,ethusdt,0.0,0.0,20.0,66.0,47595.9102,450497.8556,498093.7658,5791.787974418605,802.3154999999999,9604.8208,38637.361,228824.0,228824.0,0.35,16.87,2288.24,2331.14
2026-04-26,409,1777164941109000,1777247782147000,,,,,,0,,,,,,,,,,,,,bybit_liquidations,ethusdt,0.0,0.0,377.0,32.0,3398935.2491,272777.1264,3671712.3755,8977.291871638143,819.9029999999999,13281.0328,164434.374,247906.3998,247906.3998,0.35,70.2,2294.45,2390.72
2026-04-27,1007,1777250456125000,1777334048305000,,,,,,0,,,,,,,,,,,,,bybit_liquidations,ethusdt,0.0,0.0,264.0,743.0,1721314.927,9460342.1222,11181657.0492,11103.92954240318,983.7454,19140.164,198245.6221,732227.5229999999,1119763.9208,0.43,86.33,2253.39,2415.36
2026-04-28,398,1777334975959000,1777417264721000,,,,,,0,,,,,,,,,,,,,bybit_liquidations,ethusdt,0.0,0.0,129.0,269.0,1267723.9018,3349242.7068,4616966.6086,11600.418614572864,702.2151,10074.0048,174906.84799999997,773567.4744,773567.4744,0.31,77.8,2245.77,2320.6
