date,symbol,trades,buy_trades,sell_trades,buy_closer_to_ask_share,sell_closer_to_bid_share,trade_above_ask_share,trade_below_bid_share,spread_bps_at_trade_mean,spread_bps_at_trade_p50,spread_bps_at_trade_p99,top_imbalance_at_trade_mean,microprice_offset_at_trade_mean,buy_price_minus_ask_bps_p50,sell_price_minus_bid_bps_p50,trade_vs_mid_bps_p01,trade_vs_mid_bps_p50,trade_vs_mid_bps_p99
2025-11-01,btcusdt,1492868,743358,749510,0.9958364554312396,0.9953316041990212,0.2107826226751916,0.2077582366791371,0.015837686891189,0.0090865434190272,0.1543020080588389,-0.021978630478243,-0.0004566896812645,0.0,0.0,-1.516120043925975,-0.0045262099240692,2.799038981493795
2025-11-02,btcusdt,2070234,1013156,1057078,0.9931313637781348,0.9925019724183078,0.2361505994008406,0.2433724883274064,0.0222826724792695,0.0090646340123441,0.2911126050845627,-0.0002213505340084,0.0010631738581543,0.0,0.0,-2.045957720486421,-0.0045033806881445,1.9883957405752388
2025-11-03,btcusdt,5811943,2893929,2918014,0.9840811574852044,0.9835497704945898,0.2833904255427144,0.2955362776269485,0.0454818127942874,0.0093225446623321,0.8674040858501021,0.0005609646705709,0.0003692029991099,0.0280396106235458,-0.0466858638938998,-3.182114202233433,-0.0045231185638655,2.691334562580637
2025-11-04,btcusdt,8565627,4254661,4310966,0.975748714174878,0.9743280276392808,0.3028134426119652,0.3138289818130068,0.0462689064122865,0.0097342595811465,0.8423019346146765,-0.0038937919469449,0.0027037550270995,0.0765602988916853,-0.0862811115303207,-3.609638554216587,-0.0046679849045171,3.0019327643910256
2025-11-05,btcusdt,6085360,2995547,3089813,0.9833355978056764,0.9810703754563788,0.2822845320572653,0.283073639028751,0.0314283578601615,0.009815088638183,0.5241456426019928,-0.0210135009208694,0.0012549708010315,0.0401206025306249,-0.0197374913645603,-2.7163848601586142,-0.0047979165529954,3.189081981249098
2025-11-06,btcusdt,5320897,2693093,2627804,0.9837012683928852,0.9826334079710664,0.2867279708665663,0.2854509305479884,0.0314170443041514,0.0097891466757595,0.5017173983288156,-0.0035857265742691,0.0023771420117877,0.0298276558050494,-0.0393206570083237,-2.622166903628644,0.0048217449112132,3.5988015063197563
2025-11-07,btcusdt,5603055,2804590,2798465,0.9812539444268146,0.9818990053475743,0.2884620979090871,0.2867517809480721,0.0302129421170619,0.009889890898805,0.4680027495150183,-0.0004341182177235,0.0022375406776794,0.0398563179731248,-0.0299193673054029,-2.6935915009613733,1.4613687284518509e-12,3.032478090972338
2025-11-08,btcusdt,2558975,1242081,1316894,0.9912558037680312,0.9921618596485366,0.2339217850897332,0.2534526519407185,0.0262872862973495,0.0097839651579127,0.4317768106407645,-0.015107094792737,-8.204063250583881e-05,0.0,0.0,-2.997104924179908,-0.004849312464761,1.882640586797066
2025-11-09,btcusdt,3231981,1652741,1579240,0.9897618562134056,0.987426230338644,0.2683289289138766,0.2540522360744076,0.0284935266461902,0.0096997961593483,0.4671310078646284,0.0086985596242973,0.0021683428333606,0.0096483839444929,-0.0095849202365527,-2.3163245731818702,0.0047737846663086,3.6430100406559744
2025-11-10,btcusdt,4212641,2090779,2121862,0.9885157637416484,0.9872253709242166,0.2781646952588649,0.2754179622711738,0.0218853400029428,0.0094456044163177,0.319401779255247,0.0037959282403704,0.0010527942014686,0.0095608784144305,-0.0094786370477603,-2.5764666950314377,-0.0046950472887895,2.48816811833539
2025-11-11,btcusdt,4760167,2338785,2421382,0.9891760037797404,0.988605680557632,0.2640728781154106,0.2815791966962503,0.0187478456312259,0.0095655380453321,0.2641903227087537,-0.0125755331234162,-0.0002415913114356,0.0095888217357321,-0.0097252708250453,-3.26538832228116,-0.0046779598858306,1.9774410490211731
2025-11-12,btcusdt,4703497,2351703,2351794,0.9858196379389744,0.9878854185358072,0.2688682484542883,0.2799508535882982,0.0221980082842454,0.0097060474990496,0.2998281791101796,-0.0076993575600269,0.0003357385395775,0.0097952402959797,-0.0098804710019305,-2.8257477916946128,-0.0047527252129135,2.2222137263035555
2025-11-13,btcusdt,7282317,3686549,3595768,0.9836006519918764,0.9846002300482122,0.2909985928928938,0.2965524571369249,0.0251617193400805,0.0098678254130864,0.3964606698933879,0.0037011001930017,0.000205862185083,0.0392534388460057,-0.0592195748329332,-3.013405831832876,0.0048221494830569,3.405051522655776
2025-11-14,btcusdt,9131130,4554388,4576742,0.980439742946802,0.9808783191187094,0.3047790361105361,0.3236409951451792,0.0392981657013429,0.0103874249839198,0.6558754656453639,0.0142313317059229,-0.00034462483828,0.0737163353290661,-0.1151973592567119,-3.66872528564647,-0.0050160513646579,2.553130168913535
2025-11-15,btcusdt,3291285,1703570,1587715,0.9928285893740793,0.9926504441918104,0.2751244574687394,0.2690636028177444,0.022834855005305,0.0104272949033226,0.321430219314516,0.0102330256922235,-0.0001109173929094,0.0104474321784902,-0.0208681135222338,-2.361697335712845,0.0051884873694483,3.265866712797079
2025-11-16,btcusdt,4603647,2293277,2310370,0.9888020505154852,0.9883858429602184,0.290589395755148,0.3063825267228351,0.0339878256682655,0.0105907914118498,0.5240370557082832,0.0007419863201155,0.0001877748107727,0.0520254008817265,-0.0637678510118649,-3.3918077427225697,-0.0051815673000521,2.346371087612628
2025-11-17,btcusdt,6449711,3194158,3255553,0.980186953807545,0.9822411123394396,0.2965911185788014,0.3038491182008,0.0301962133035901,0.0106410883270207,0.4593758613294216,0.0035542045923536,0.0005525265955795,0.0537331365267807,-0.0540231002776787,-2.413830459700294,-0.0052220411917648,2.471796641531399
2025-11-18,btcusdt,7177879,3508578,3669301,0.9827978742385092,0.9836663713333956,0.2922331234616799,0.3026405153945894,0.0379916680471907,0.0109496104408719,0.5284873559393813,-0.0068767058416043,0.0010142291198109,0.055844395177278,-0.0547986642277607,-3.633873515360787,-0.0053519667394917,3.2296606861327417
2025-11-19,btcusdt,6320421,3139165,3181256,0.9852358827904872,0.9862447410708224,0.2955466099489259,0.3105777289202728,0.0266339837477994,0.0110202248683298,0.3924455355676192,-0.0046089156302111,-0.0009260076473267,0.0552772041232372,-0.0764566911070043,-3.2245860582846677,-0.0053994339236617,2.553015216190919
2025-11-20,btcusdt,7702463,3827349,3875114,0.9788801596091709,0.9822464577816292,0.3022592903075289,0.3193787493688707,0.0326680541204446,0.0112858091661388,0.4925716190546072,-0.0017691385628365,5.965210431574386e-05,0.0758720407207021,-0.1028657835826008,-2.9780122511353784,-0.0053907483979138,2.535110413008996
2025-11-21,btcusdt,12106305,5960745,6145560,0.9737195602227574,0.97499105044943,0.3328341719459405,0.3460017734560627,0.0868925639250371,0.0119206490085084,1.4645155094607272,0.0013638891431727,0.0051912262691874,0.1551629270398086,-0.1701467759033354,-5.137139810415702,-0.0057657424936788,3.7707345724528096
2025-11-22,btcusdt,3300917,1630158,1670759,0.9913082044807928,0.9915732909414224,0.2963128124699894,0.3029173408480128,0.0209543132438806,0.0118561446551398,0.2482470507353454,0.0011864225754459,0.0005428357806741,0.0597031321457186,-0.0595757255131852,-2.544083546036094,-0.0058718940619778,2.106072923216389
2025-11-23,btcusdt,3866414,1889026,1977388,0.990318291013464,0.9905334714279646,0.2907890877697008,0.2931589840094723,0.0265206289328221,0.0115634942805015,0.3425380930904357,-0.0205457003882957,-0.0009287882425165,0.068969599924631,-0.0462390326796663,-2.759785716178462,-0.0057065574054463,3.1036514779912943
2025-11-24,btcusdt,5760743,2855626,2905117,0.984981926904994,0.9868621470322884,0.3000090439722793,0.3109668318826235,0.0271996157446081,0.0115198282153158,0.4185691214589715,-0.005892999514186,2.389560020440852e-05,0.0804828973839712,-0.0913325417849701,-3.730827847487504,-0.0056212302627824,2.9485301833684443
2025-11-25,btcusdt,3934906,1970967,1963939,0.9890505523430884,0.9887287741625376,0.2840924281291598,0.2927277042958586,0.0206394667013586,0.0114640970265306,0.2639011357505044,0.0010778006412901,-0.0001733943913127,0.0454975095794072,-0.0570168336499668,-2.7004900678817925,0.0056614498296934,2.526609244765605
2025-11-26,btcusdt,3774838,1852989,1921849,0.987677746602921,0.9868231062898282,0.2856040444649545,0.2879999088702614,0.0232377862040947,0.0114194554394313,0.3441172017306801,0.0018176899657744,0.0004192235999348,0.0556792253015308,-0.0441794170314669,-3.1039294254791128,-0.0055358172917796,2.66867479316274
2025-11-27,btcusdt,2798297,1380487,1417810,0.9894819726661678,0.9893765737299074,0.2723317074635037,0.2676470724873021,0.0229604634426797,0.0109618172507017,0.3167299489473623,-0.0088920756983634,0.0003986737481743,0.0219780219777021,-0.0109638904275172,-2.538947899472379,-0.0054488489309805,2.922959378020987
2025-11-28,btcusdt,3370293,1692045,1678248,0.9874914674255116,0.9864870984502886,0.2782425741619497,0.2756309317913902,0.0328129889352183,0.0109565086872317,0.4736785445143912,-0.0052677943966703,-0.0015173001554691,0.0220458310795117,-0.0219370406928912,-2.3023511587939067,0.0053906960885495,3.142015860939163
2025-11-29,btcusdt,1422235,709227,713008,0.995426006060119,0.992399804770774,0.2521341409823271,0.2587371285336108,0.024088870183493,0.0110338557302695,0.2985974215572565,0.016253803064944,0.0003043882619798,0.0,-0.0110191623239215,-3.444706634139196,0.0054867336254863,2.108587290559885
2025-11-30,btcusdt,1670685,837872,832813,0.9920632268413314,0.991806083718674,0.2545291302669264,0.2578642891987418,0.0204791213802054,0.0109657238891936,0.2625518950223638,-0.0019338771520066,0.0010469545718771,0.0108968309842476,-0.0109437567499744,-2.253514330925883,0.0054441738088322,3.699057368719615
2025-12-01,btcusdt,6767867,3391195,3376672,0.982475204168442,0.984124013229594,0.3022919924401587,0.314303753309573,0.0353881770859152,0.0116351654248573,0.5385502461532669,0.0017795073590737,0.0013279665221193,0.0811712783545294,-0.1016854935469626,-3.368283743770229,0.0055331340670538,3.22918865344654
2025-12-02,btcusdt,5320364,2692076,2628288,0.9823207071419976,0.9820483904351426,0.306435612300211,0.2902615309779556,0.0315465903951287,0.011242517402666,0.4114262204222628,0.0034627894643685,0.0003390512703197,0.0806656064897888,-0.0572791487860257,-4.313339509031959,0.005435178431789,4.7782509308032814
2025-12-03,btcusdt,5434899,2728280,2706619,0.9848805841042708,0.9840967642656762,0.3131333259366917,0.3052570066159463,0.0396599481734515,0.0107787135503865,0.5521760337186045,0.0021226659211517,-0.0008403140395696,0.0968524044679283,-0.0854189800976883,-3.258759459528169,0.0053263394947978,3.6437656622709618
2025-12-04,btcusdt,4163902,2069849,2094053,0.9876638344149742,0.9871349961056382,0.3006394002548571,0.3061916442798125,0.0220047314729088,0.0107985471640931,0.3315669372152143,0.0122974317809666,-0.0001983962082575,0.0650750749438476,-0.0753103593699631,-3.250170079615962,-0.0053258061942226,3.000702838419149
2025-12-05,btcusdt,4515266,2239362,2275904,0.9848371991665484,0.985560463007227,0.290500050273893,0.3099582615952194,0.0285850303903448,0.0110818243111143,0.4506190241466755,-0.0002364504638427,0.0009446999096703,0.0542927071863999,-0.0782405270278647,-3.6381139387566335,-0.005406738093596,2.757181672812682
2025-12-06,btcusdt,1591698,784967,806731,0.9937691648183936,0.99382569902483,0.2573767134217672,0.2660215694183193,0.0213195586902509,0.0111693343681277,0.290469040468065,0.0128661736178032,-0.0002373222048091,0.0111669333709086,-0.0111685422378431,-3.3511541129409594,-0.0055552407572858,2.513103242293567
2025-12-07,btcusdt,3338858,1670309,1668549,0.9846986395930334,0.9852308802438526,0.3064616704274335,0.3022779046009144,0.0383556602598236,0.0111833868541824,0.5359062789239125,0.0018769127363365,-0.0016460516446442,0.0873412027760211,-0.067136623028513,-3.5114655267659045,0.0,4.243898480087913
2025-12-08,btcusdt,4053713,2029607,2024106,0.98821939419799,0.9879487536719916,0.3022219382575924,0.3063482787261949,0.0249107124726431,0.0110123001893367,0.2998146146296306,0.002211461594056,-0.0005957896810416,0.0652395160104101,-0.0663581381903808,-2.790525642562976,0.0054258947574907,2.9574671398601367
2025-12-09,btcusdt,4479556,2254597,2224959,0.9853588024822174,0.98386577011082,0.3004474104129963,0.2911237185113882,0.0264244147366137,0.0109681052988365,0.4324149320647016,0.0138978314444724,0.0010166024667684,0.0638778315185805,-0.0537420596106925,-3.462148293679702,0.0052980413144345,3.3300579821857346
2025-12-10,btcusdt,4231885,2080805,2151080,0.9852441723275368,0.9858591963106904,0.2922985856184655,0.3073254589857711,0.0328110898522028,0.0108295371299691,0.5513045649630024,-0.0067484321974403,-0.0002913844056893,0.054367859461258,-0.0652415732359299,-4.253125263456609,-0.0053383271607584,2.8239740820728056
2025-12-11,btcusdt,4805321,2410833,2394488,0.9863719303659771,0.9878700582337436,0.2982939121028543,0.3017176167835614,0.0241750520929578,0.0110839492782764,0.3440312724423521,0.0037720388214381,-0.0002448690864423,0.0660538338752486,-0.0665435610793166,-3.0912263951614465,0.0053514168414343,2.8617470549010893
2025-12-12,btcusdt,3756330,1850211,1906119,0.9861053685228334,0.9867201365706968,0.28854174154028,0.2985544401051025,0.0265118783398716,0.0110496077671914,0.4096987883448049,0.0031130629645808,-0.0003133448279643,0.0555280383276731,-0.0555506794403602,-3.446988349504686,-0.0054035360743213,2.5698151620214325
2025-12-13,btcusdt,932723,468016,464707,0.9962714949916244,0.9969034251689776,0.2108793285895169,0.2101492082858469,0.0166042801099517,0.0110853868540912,0.1331893408567282,0.0179986228251022,-0.0004232896286494,0.0,0.0,-1.7686534725484009,0.0055210246125464,1.9595108439212616
2025-12-14,btcusdt,2328825,1131988,1196837,0.9880511100824392,0.9878220676666916,0.2682056401833542,0.2969106738376649,0.0549566596073987,0.0112420624003342,1.27888140506535,0.0063231559959624,0.0058581055724231,0.0224514389405229,-0.0454328099845618,-4.763593233318974,-0.0055411976969574,2.359885328722124
2025-12-15,btcusdt,4934205,2489310,2444895,0.9819235049069822,0.9830933434769182,0.2980123444404924,0.30657299402842,0.029717867439426,0.0115006178696909,0.4365879046771099,0.0064008303743293,0.0006777220780416,0.0576441969586921,-0.0780978052282117,-2.683061791861667,0.0055656541260877,2.607717915778452
2025-12-16,btcusdt,4227432,2087309,2140123,0.9852647595540478,0.9847933973888416,0.3067233251770815,0.3101684426857723,0.0305167939242359,0.0114887527972262,0.4824115062032479,0.0073971513565461,0.0004507605777708,0.0814863102995308,-0.0803495895854408,-2.483395563620968,-0.0056902306709021,2.32175006331946
2025-12-17,btcusdt,5781931,2898930,2883001,0.97481105097398,0.9748165193144228,0.3176179376751469,0.3163866881150951,0.0410071113334659,0.0115282612432271,0.683030663037042,0.0010467844556222,-0.0004098447007995,0.1048756087877002,-0.104088600215831,-2.9171154909898878,0.0055431081984688,3.0034496435064275
2025-12-18,btcusdt,6086801,3053208,3033593,0.9796941446504792,0.9802616896861248,0.3124979771804598,0.3104988975325462,0.0431685849522019,0.0115576939864533,0.6960555475932382,-0.0038925195870554,-0.0004375701216623,0.1053312844441117,-0.1010308514553192,-3.678942996163152,0.0056026991566716,3.433779477081477
2025-12-19,btcusdt,5033784,2556468,2477316,0.9835104527027132,0.9822844562421588,0.3176997662196074,0.301335138734598,0.0343552867206818,0.0113869472552354,0.5659149429840695,0.0089047233582616,0.0009751748310684,0.1055116965592152,-0.0905890439348835,-3.070906245751863,0.0056502729650158,3.646414604713768
2025-12-20,btcusdt,923867,459876,463991,0.9946181144482426,0.993965400190952,0.2340737357217002,0.2349775454692071,0.0226595152474151,0.0113408708531418,0.2611934154278899,-0.0105525765392354,-0.0020701304070981,0.0,0.0,-3.2308544900356915,-0.0056527259143465,2.9350588538676714
2025-12-21,btcusdt,1874833,939804,935029,0.9896116637086032,0.989758606417555,0.2735107606917523,0.2765456976701391,0.0266088552326114,0.0113360241266039,0.4088223871145793,0.0123936223273118,0.0004307675254753,0.0225420691370467,-0.022696039881151,-3.459549318678612,0.0056184067999476,2.3707703815522483
2025-12-22,btcusdt,4177410,2092745,2084665,0.9841347130204589,0.979431707252724,0.3094896119844593,0.3026683997979609,0.0292601919338562,0.0112106303687928,0.4710833346415716,0.0007556941088975,0.00015753171948,0.0888999519943493,-0.0777800247575642,-3.164556962024987,0.0055412038379386,4.813909473525056
2025-12-23,btcusdt,3475721,1738952,1736769,0.9866672570605745,0.9874992011027374,0.2965810546934003,0.3015831823095122,0.0310324979088707,0.0114110245337964,0.4773833934226899,0.0044350105555855,0.0015956384569211,0.0684070171924871,-0.0793387230769245,-3.313486631992302,-1.6521398046720285e-12,3.066893424036611
2025-12-24,btcusdt,2265486,1130488,1134998,0.9887101853358904,0.9891162803811108,0.2736410642131534,0.284999333476349,0.025675058446366,0.0114775444701786,0.3915593621260958,0.0089101440868638,0.0010446038706021,0.0228974947847923,-0.0345603804393267,-2.848156983508308,-0.0056844601625481,2.119454524776606
2025-12-25,btcusdt,1544627,755650,788977,0.9876040494938132,0.9906030213808514,0.2585808742175295,0.2733210024167647,0.0264906986198916,0.0114057534048535,0.4543492582748358,0.0068918826683272,-0.0016162553857067,0.0114164634542817,-0.0114264428445065,-2.89635252294443,-0.0056575613876991,2.8406525384678387
2025-12-26,btcusdt,3606962,1807625,1799337,0.9806049374178826,0.9817410523987448,0.2856123796147561,0.2894122533034726,0.0251141728436562,0.0113922659036053,0.3581669908820858,0.0063118372762442,-0.0003124028093048,0.0448426471521254,-0.0457223851075538,-2.666284403669725,0.005588521623992,2.8354411048001493
2025-12-27,btcusdt,702865,336349,366516,0.993643507190448,0.9946687184188412,0.1957715919842359,0.1955126517894617,0.0220269061839805,0.0114314390873848,0.2969127921457226,0.0153181754861165,0.0003462995476308,0.0,0.0,-2.108321913257304,-0.0057040249885246,1.984253329451674
2025-12-28,btcusdt,886145,453109,433036,0.993771918015312,0.9911647068603996,0.2282594834931078,0.2190860412235018,0.0205282184952437,0.0113940572022485,0.2284612449767083,0.034104822221737,0.0004454078461131,0.0,0.0,-2.187251578475409,0.0056852293197407,2.330763225228898
2025-12-29,btcusdt,3903584,1947840,1955744,0.9843395761458846,0.9856049667032086,0.2707163468238419,0.276608368104798,0.0264424217256897,0.0113767648924208,0.4001471652342438,-0.0092882125588251,0.000189842307411,0.0114847614432749,-0.0224875250451537,-2.917580918447261,-0.0055394971690854,2.8897369487780886
2025-12-30,btcusdt,2751658,1340529,1411129,0.9866679497422286,0.9855668758844868,0.273882873525707,0.2798429165252368,0.0222203808095427,0.0113552296216231,0.3396650675990095,0.0059705039679691,0.0005347565968428,0.0340528318321738,-0.0224908630865436,-2.888967174601323,-0.0056169361863149,2.814268511917148
2025-12-31,btcusdt,2109520,1062970,1046550,0.9898002765835348,0.9899183029955568,0.2530490348515302,0.2631717167886533,0.0214011530749345,0.0113283062093075,0.2492313478654569,-0.0020002402832117,-3.739252510084561e-05,0.0,-0.0113662131356571,-2.7427038422736056,0.0056169424946817,2.2202663183899274
2026-01-01,btcusdt,1056983,535406,521577,0.9944826916396156,0.9928831217634212,0.229227906219873,0.2115984836085348,0.0182339780479299,0.0113719908991399,0.2033661619046496,0.0063231105567829,0.000190512464456,0.0,0.0,-2.3492819047282265,0.0056334219661668,2.185948290622017
2026-01-02,btcusdt,3761809,1858204,1903605,0.9841185359626824,0.984830886659785,0.2875119390697401,0.2880736369124536,0.0272485265337785,0.0111764124041713,0.4019988275040698,-0.0086293337288067,-0.0003061232859877,0.0556173526140155,-0.0336880686970365,-2.612061872179517,-0.005516109244156,3.1064731063387723
2026-01-03,btcusdt,1281323,644877,636446,0.9926621665837052,0.9922648582911984,0.2354043437915342,0.2278434087267613,0.0194544822091756,0.0111114753212267,0.1788286944042566,0.0019989211526486,0.0007888879518697,0.0,0.0,-2.311973360745001,0.0055162492156346,2.7650024934889
2026-01-04,btcusdt,1754310,888837,865473,0.9910613532064936,0.9890637836188996,0.272524810324287,0.2604465573359326,0.0277794412816646,0.0109579494176475,0.4497628597887616,0.0115698092418483,0.0017536766251944,0.0109743343233575,-0.0109586759295774,-2.405661727629088,0.0054611981872,2.417538999871072
2026-01-05,btcusdt,4065751,1985653,2080098,0.9846690232381992,0.9840300793520306,0.2767663341901656,0.2681885831178545,0.0279376959454546,0.0107535843046942,0.4059226247387311,-0.0148120557984741,0.0012665362418676,0.0323107692874194,-0.0106783758623664,-2.3709711043969457,-0.0053014623541417,2.51171322608768
2026-01-06,btcusdt,3600127,1809106,1791021,0.9858184097559788,0.9865992637718932,0.271257930623003,0.2778988074587368,0.0237578579562731,0.0107093383830527,0.3656027983677696,-0.0164041455470226,-0.0001027655981824,0.0108489051275471,-0.0216213177541385,-2.7040555392339223,0.0053014679767912,2.508869307701543
2026-01-07,btcusdt,3128471,1593347,1535124,0.9857024238913432,0.9882087701058676,0.2745363469886727,0.2809701608229707,0.0260597542622004,0.0109144747224389,0.4080793085589219,0.0120057324306924,0.0004613583785854,0.0109730217294163,-0.0329851566798142,-3.2002118157290687,0.0053728257504879,2.7424615152185168
2026-01-08,btcusdt,3683212,1820180,1863032,0.986443648430375,0.986779078405524,0.2700211120076715,0.2876410589452901,0.0271407586282237,0.0110594939956149,0.4387677646098697,6.169353217454134e-05,-0.0010320599429445,0.0221519022389026,-0.0438503213141865,-3.3472812576503594,-0.005473124223819,2.507566404072975
2026-01-09,btcusdt,3326504,1628255,1698249,0.986006491612186,0.9873081038175204,0.2894771808481216,0.2975778775555358,0.030873193326621,0.0110373753127932,0.4800239139195731,-0.0174256855236009,-0.0013308659591781,0.0661896598519801,-0.0554687777343888,-2.8353856124436154,-0.0054569901848782,2.7891144534225165
2026-01-10,btcusdt,599776,297638,302138,0.9961765634764378,0.9973257253308092,0.1845405618097423,0.194686016112682,0.0142280122175733,0.0110389958052721,0.0883578581616606,0.0300504921205811,0.0003220872744899,0.0,0.0,-2.248427481861303,-0.0055084278949994,1.2288586713347205
2026-01-11,btcusdt,1038353,509129,529224,0.9930371281148784,0.9925645851284144,0.2363733720613317,0.247699963307276,0.0304434029418299,0.0110227272091357,0.4072335688130725,-0.0113817613293788,0.0014442459361979,0.0,0.0,-3.3584862516422347,-0.0054891128938065,2.2450866087442103
2026-01-12,btcusdt,3781259,1834917,1946342,0.9858195220819252,0.9862793897475368,0.2817101394006599,0.2990350568421787,0.0274015933053622,0.0109434872851255,0.4012551695489718,0.0013003835931911,0.0005520564154885,0.0547401103779585,-0.0551228412517294,-3.620340778824407,-0.0054237052805097,2.319391634981621
2026-01-13,btcusdt,4315548,2167583,2147965,0.9827466814419564,0.981434055024174,0.2992141438352673,0.2850527905146693,0.0760428048905814,0.010801556504921,1.63005384611205,0.0047435752218719,-0.0023195797619778,0.0758982832889425,-0.0534367869528741,-4.709804776234199,0.0052187981110988,4.693736318646592
2026-01-14,btcusdt,4348837,2163505,2185332,0.9886577567419534,0.9864254035542426,0.293520773484957,0.2892315807651563,0.0299484733950804,0.0103736861084227,0.4199789088646608,-0.0061895115955842,0.001615432314416,0.0719564971574191,-0.0525152990195013,-4.576579499242325,-0.0051185455144046,3.824296119963455
2026-01-15,btcusdt,3798583,1916494,1882089,0.9886975904959786,0.9879160868588044,0.297555430538177,0.2901684654514591,0.0255909123850305,0.0103914403633492,0.378344009291059,-0.026884081776574,-0.0018643808791132,0.0727956817606316,-0.0623115076898445,-2.936685069893105,0.0051551653212967,5.291740220646692
2026-01-16,btcusdt,2400862,1157365,1243497,0.9894942390689196,0.991910716310534,0.265773293092231,0.284733150010288,0.0228678862782809,0.0104962468036324,0.3150089147522875,-0.0189114442121356,0.0008579804040167,0.0314650109081757,-0.0314095342597307,-2.5509241993126928,-0.0052273642064506,2.1872611800669355
2026-01-17,btcusdt,818622,392926,425696,0.9953044593638496,0.9957504886115912,0.2172932073655484,0.2304482410685273,0.0169086795650079,0.0104958832528023,0.1259348035518956,-0.0057005769714535,-0.0009323766347731,0.0,0.0,-2.776745465350168,-0.0052366494244304,2.89204535315001
2026-01-18,btcusdt,1329656,659635,670021,0.9849644121370152,0.9875496439663832,0.242625160191809,0.2664741858044486,0.0718228125745771,0.010523430154765,1.2671578766900111,0.010844747838961,0.0078884419941334,0.0,-0.0105363086470242,-5.144526543624519,-0.0052392229187616,2.2651663662214725
2026-01-19,btcusdt,2825417,1430265,1395152,0.9854754188909048,0.9870687925043292,0.2877989337503101,0.298213679609063,0.0631954575562084,0.010791473657292,1.326548165292529,-0.0005839797113567,-0.0012822597861068,0.0535738585285832,-0.0754826441135984,-2.931007020329417,0.0053617347987696,2.794833381618837
2026-01-20,btcusdt,4631076,2314768,2316308,0.9854218651718012,0.9850969732867996,0.2949122406974103,0.3149622247615888,0.042379230030552,0.0110438357456738,0.6569892899405151,0.0110862490821255,0.0003497050968077,0.0670648830394946,-0.1096264041773362,-3.7158329442700713,0.0,2.7911396163673965
2026-01-21,btcusdt,5516112,2727362,2788750,0.9853961446995302,0.986245091887046,0.3159324901307297,0.3228799560269987,0.0288185347235567,0.0112123901402525,0.5017206230032215,0.0016277988799755,-7.875032207900225e-05,0.1129714368667958,-0.1137138311838943,-3.037163841183613,-0.0055396935666331,3.0570648377175043
2026-01-22,btcusdt,3188220,1600939,1587281,0.9900658301159508,0.9900969015568132,0.3050758730576936,0.3079768648336689,0.0225027558297211,0.0111763124769358,0.3149825972118314,0.0077189750129514,0.0003766534960036,0.0785899613670936,-0.0898101413614892,-2.735927802710397,0.0055421804271148,2.499326024442847
2026-01-23,btcusdt,3316204,1638748,1677456,0.9886437695118468,0.9888724354021804,0.2937189630071009,0.3048678549329293,0.0249393226086891,0.0111650694110951,0.3624682771611385,-0.0128257017856414,0.0001187705100227,0.0771375362267722,-0.0782056495758002,-3.234966592427941,-0.0054998058571733,2.816568337756182
2026-01-24,btcusdt,704903,352726,352177,0.9947863213939432,0.995130289598696,0.203569852873374,0.2163460788221925,0.015882300925796,0.0111788112346852,0.111422847477721,0.032235244574283,0.0003298092165167,0.0,0.0,-2.6922947754931665,0.005562112667084,1.7494147260602722
2026-01-25,btcusdt,2890811,1420582,1470229,0.988155558778022,0.9880113914226968,0.278975692288427,0.3117543831125591,0.0440774159479511,0.01143882715484,0.7514550903102448,-0.0020435457067686,-0.0026199523986643,0.0563433292033851,-0.1010780535954226,-4.997105722581487,-0.0056116722786655,3.2466016055299303
2026-01-26,btcusdt,3655855,1832768,1823087,0.9891290114187938,0.9888211588366326,0.2986234410281589,0.2977325413617334,0.0257318174746655,0.0113954335085936,0.4113237426353993,0.0109382918448062,0.0007610492906927,0.0795332986034879,-0.0792808546925873,-2.976928518289873,0.0056366100077909,2.695066043302619
2026-01-27,btcusdt,3132674,1585481,1547193,0.9901228712296142,0.9911181087298094,0.3025469614776386,0.2954214195284922,0.0232533840639011,0.0113336087390361,0.2954169469346879,0.0027839083952242,5.94194729799872e-06,0.079638033759369,-0.0783149311888195,-2.697135018011184,0.0055945495663564,3.272780347598933
2026-01-28,btcusdt,3491626,1749774,1741852,0.9876612636831956,0.9887516275780032,0.3087289417595126,0.3099532996947554,0.0321042064860813,0.011187515626584,0.4714630170935753,-0.0017623797510764,0.0008272455421572,0.0896382647827964,-0.0896843391528935,-3.618409205504116,0.0055237266156248,3.137678654724797
2026-01-29,btcusdt,5246035,2590780,2655255,0.9806062266962072,0.9830656565941878,0.3002789725954936,0.3258992744043835,0.0417459120683836,0.0117666508412061,0.736147715634657,-0.0027500970285527,-0.000247362946364,0.1053094078172932,-0.1363465930391757,-3.883704048747381,-0.0056355935072226,3.0827805858809825
2026-01-30,btcusdt,7256125,3607059,3649066,0.9822636668820776,0.9825511514453288,0.3360865475718789,0.3445143241054971,0.0509768423698707,0.0120723447337499,0.8076633996477731,0.0013413021442989,0.002098952278774,0.1691195034644347,-0.1705017378991481,-3.506380503291572,-0.0059210347130027,2.8664688427292795
2026-01-31,btcusdt,7436381,3616916,3819465,0.9685906446265272,0.9704314609506828,0.3337182427850321,0.3570841784464782,0.1166117279905048,0.01267942174303,2.067904994914092,-0.0026522255228178,0.0068163384412047,0.1929394065358459,-0.2047992135699023,-5.851010228245716,-0.0059662097746694,3.908553646937047
2026-02-01,btcusdt,6759515,3358117,3401398,0.9828677797706274,0.984842408915393,0.338070704776896,0.3523354856080651,0.0332297566184151,0.0128958626856047,0.5165369298077966,0.0136442231002202,-7.732903953686347e-05,0.1649515930521006,-0.1824502415839352,-3.5338281980175914,-0.0063278083133366,2.3045769792534907
2026-02-02,btcusdt,10355996,5222584,5133412,0.9784654492871728,0.98146710219246,0.3614429746786306,0.3584401732098004,0.036677313655001,0.0129546683774369,0.5908973547074379,-0.0011912891231911,0.0014129529149103,0.2073078612425345,-0.205195551361193,-2.630016006477163,0.0063236147809323,2.7177125469667924
2026-02-03,btcusdt,8903914,4407050,4496864,0.9762049443505292,0.9787216157749044,0.3434886051235445,0.3569060752383727,0.0363802601204197,0.0130854683899271,0.6005261130954929,0.0004989116513451,1.1704592053414014e-05,0.1922273511327316,-0.2037417512175285,-4.005495513449863,-0.0063424813059055,3.086703707112316
2026-02-04,btcusdt,9145452,4570034,4575418,0.97625860113951,0.9775992051436612,0.3518228514019865,0.3568765108602614,0.0353069688175796,0.0135527523953908,0.5519624334367803,-0.0007850686258568,8.69033648025256e-05,0.2050925856295727,-0.2092110390193322,-2.971933922033535,-0.0065112644879424,3.0075809712823247
2026-02-05,btcusdt,19580992,9684138,9896854,0.9602165933612264,0.9633994802792888,0.3619753279098424,0.3765239268776577,0.0561594070736069,0.0148435012562531,0.9087746663405906,0.0050059526931446,0.0010027513570807,0.2676162320271088,-0.2822105136947692,-4.6353436185137324,-0.0069155241052153,3.3563306859702173
2026-02-06,btcusdt,16332895,8042993,8289902,0.9611199462687584,0.9632491433553738,0.3425751527821614,0.3431950673778286,0.0568941505743253,0.0151687178552144,0.9735721521280526,-0.0132090455176764,0.0012791695885628,0.2499081220135376,-0.2223022510325939,-4.381218232436812,-0.0070621468930664,3.995363370050386
2026-02-07,btcusdt,8784245,4345449,4438796,0.977064970731448,0.9777004845458092,0.342853825229146,0.3528248585962709,0.0447345443350754,0.0144891943219485,0.7465740149187946,0.0011417505622488,-8.545058823242321e-07,0.24556218573415,-0.2580399144736106,-5.494425523243968,-0.0070439004052934,5.186242300672808
2026-02-08,btcusdt,5758737,2876343,2882394,0.9825796158524904,0.984328998742018,0.3293626710162315,0.3300039574649788,0.0319980520501268,0.0141696948472994,0.4415322307854532,-0.0068996551936268,-4.870206283649489e-05,0.2100810913012422,-0.1964228591303208,-3.653956186516464,-0.0069492799855052,4.445322532846411
2026-02-09,btcusdt,7998760,4029804,3968956,0.9797781728342124,0.980808303241457,0.3439833174141992,0.3463886902469882,0.030523557831654,0.0142925849342246,0.4375567676984049,0.0042121139108388,0.0003971017603805,0.2160088477224026,-0.2173783876614796,-3.281188654883972,0.0070299758172923,3.3469580344030847
2026-02-10,btcusdt,6232152,3123239,3108913,0.9819543108932746,0.983534116265074,0.3391942301792382,0.3493988914262682,0.0302788442386692,0.0144899501315714,0.4221039845879907,0.0048151986212342,-8.926284183528627e-05,0.1871712804391485,-0.2034963581411158,-3.060395704051276,0.0070995297275641,2.633278323886894
2026-02-11,btcusdt,8361305,4172359,4188946,0.9753158824540266,0.97786961206948,0.3337428786535116,0.3419658773361335,0.0392202488639673,0.0149258743772471,0.595427710610224,0.0008342703675926,0.0001644818192068,0.1940695336214883,-0.208911570715698,-3.303834808258729,-0.0072372411041074,3.4397627542196663
2026-02-12,btcusdt,6480831,3251774,3229057,0.979062198049434,0.981454337907321,0.3251593815669626,0.3308807157600622,0.0277647236695616,0.0149310447036703,0.3366034872127955,0.0076235931238241,0.0006306221958304,0.1629603073143727,-0.1776390877044277,-2.988316357099624,0.0073204941609335,2.5155395426591114
2026-02-13,btcusdt,5506415,2765711,2740704,0.9811643371270534,0.9799332580242156,0.3220024280770701,0.315802931671514,0.0272051515901071,0.0148313050296397,0.351631349692129,0.0051743014832011,0.0002594894455518,0.1487559539570571,-0.1337985558667216,-2.7447707256374785,0.0072217704607793,3.65157976197344
2026-02-14,btcusdt,3100721,1571776,1528945,0.9847382833177246,0.9842453456468347,0.2909784530759136,0.2903498895901953,0.0320100952751946,0.014355203724209,0.3622896998864584,0.0088247136458042,0.0006064604032787,0.085281300368027,-0.0993144465627397,-4.7733480220212,0.0071074518794107,3.6139678780776174
2026-02-15,btcusdt,4131070,2064700,2066370,0.982342228895239,0.9840043167486946,0.2942496738133219,0.3125488069676863,0.0417452697797533,0.0144392134370264,0.5964577682428819,0.0027409124041907,-0.0026234815221644,0.0875932868492211,-0.1304790320187105,-4.802052785923754,-0.0070542955020274,4.660537482321307
2026-02-16,btcusdt,4281078,2165225,2115853,0.9808597258945376,0.9810596482836944,0.3103522056827743,0.306385914949459,0.0396778872224942,0.0146082754406796,0.5757566586618056,-0.0024859411113265,0.0003813071696964,0.1170802526596111,-0.1169182113271693,-2.843467480674895,0.0071719239263859,2.8663425905039803
2026-02-17,btcusdt,4735651,2379223,2356428,0.980829455666829,0.9822039968969984,0.3103218543765155,0.3192587460520211,0.0299300815887055,0.0147521890413099,0.4185276198338609,0.0017417306751776,-0.0004174572854947,0.117247898698242,-0.1341801592262544,-3.264034612028473,0.0072431016703911,3.4092358765988577
2026-02-18,btcusdt,4414934,2223734,2191200,0.9819200497901278,0.981803121577218,0.3069173854014578,0.3097726942237415,0.0317305596457794,0.0148865902348167,0.4815042191802827,0.0136328250235428,-0.0002792746945434,0.1045778974609951,-0.1192216613840905,-3.78556093716012,0.0073253633384479,2.977693290165876
2026-02-19,btcusdt,4243601,2157198,2086403,0.985377327440504,0.9849113522171892,0.3011381135973905,0.2990476720125196,0.0263327832076476,0.0150222216222077,0.3294947198466786,0.015871983135205,0.0004517821527818,0.0897558640506553,-0.1046896475394327,-3.654920976521359,0.0074500215288276,3.3277945210843543
2026-02-20,btcusdt,5164151,2581086,2583065,0.9782738738654968,0.9802997601686368,0.3138238986427779,0.3136924152682599,0.0393229657779491,0.0148449335363854,0.5872559584457684,-0.0031439164999484,-0.0011760075835293,0.1348949168610748,-0.1332494355397237,-5.103291511600268,-0.0073286058943845,5.866156229081417
2026-02-21,btcusdt,1846628,923136,923492,0.9865036137687188,0.987113044834173,0.2676007295459616,0.2730300851064751,0.0471582985479668,0.0146747524561237,0.8830411938716941,0.0157510948212102,0.0037205796529135,0.0292417753847252,-0.029482001237815,-5.481181522017428,-0.007282822589409,4.823774379515958
2026-02-22,btcusdt,1863180,989811,873369,0.9878320204564306,0.98703755228317,0.2779559677540549,0.258635773247888,0.0321574222024056,0.0147839218944443,0.4267997889540063,0.0300424464848115,-0.0005578105821239,0.0148014825173504,-0.0296581453867629,-3.193121146867965,0.0073505738575897,3.4875987477078705
2026-02-23,btcusdt,6626614,3260435,3366179,0.9776612629909812,0.9804517228584696,0.2914198714456584,0.3101934109939103,0.0472734102495687,0.0153604286171766,0.7422137142543551,-0.0163910104301831,8.266109546325025e-05,0.0934124017427361,-0.1209306825310124,-4.238964992390536,-0.0075288732292708,3.483163674559929
2026-02-24,btcusdt,5758443,2843937,2914506,0.979858555235225,0.982688661474706,0.3020611647974982,0.3134236112087937,0.0421679429102907,0.015741821533166,0.5437091684123615,0.0026439379945624,0.002897986375321,0.1240735197645876,-0.1264272450715136,-4.659497648398495,-0.0077522264387565,3.17297467545202
2026-02-25,btcusdt,6996826,3497521,3499305,0.9785548106787636,0.9788195084452485,0.3235086880822819,0.3108625253793649,0.0437053730223478,0.0150350052518507,0.7045539346812618,-0.0038538046257237,0.0006391190338417,0.1810173173229182,-0.1443680577010253,-3.846981755561338,-0.0071597439106965,4.966927715610108
2026-02-26,btcusdt,5337518,2656398,2681120,0.9815223471783971,0.9842964880348511,0.3173398197439334,0.3236369413648816,0.0324377203177186,0.0147720197274149,0.4378935568342047,0.0066068993637364,0.0002401431090768,0.1470588235294117,-0.1488517206149935,-3.661763023768657,-0.0072872169102652,3.891374838354548
2026-02-27,btcusdt,5402230,2722571,2679659,0.9843225392469104,0.985569432528542,0.320102439177895,0.3265851324360495,0.0334279801037295,0.0151414323349558,0.4142489813917744,0.0069549058311124,-0.0011969370521029,0.1361509520746729,-0.1523883831287773,-4.811019260589558,0.0073568576216913,4.046855113441947
2026-02-28,btcusdt,6409196,3193278,3215918,0.9774939732776164,0.980126980849636,0.3253581260426424,0.3274349856050587,0.0488516203189822,0.0154581844514693,0.8025570702958332,0.0024726690134899,0.0012278214866155,0.1898773237226194,-0.1887798685155083,-4.927807999604819,-0.0074287250974887,4.520809634502201
2026-03-01,btcusdt,5961363,2963066,2998297,0.9830975752818196,0.9848764148448268,0.3170501444048953,0.3304386932988311,0.1035699446179328,0.015037695744681,1.0871764517576157,0.0081967069007834,-0.0102471129873091,0.1779525667429029,-0.2089402550256368,-5.331428195529333,-0.0073546392333098,5.157979855633426
2026-03-02,btcusdt,7594297,3802249,3792048,0.979028990473796,0.9782318156310258,0.3343239012116592,0.3262783902183441,0.0360131866874156,0.0149772458201608,0.5389536215424656,0.0071914603394916,0.0009971939538428,0.2016744743511457,-0.1870753928227677,-4.39583466195304,0.0071503343500503,4.196153148248957
2026-03-03,btcusdt,7256084,3661491,3594593,0.979954614117582,0.9799690813396676,0.3314411740547656,0.3283571414002373,0.0317174165690378,0.0147377527441063,0.4384363545390985,0.0030981730725713,0.0001567082948973,0.1797968295821356,-0.1792757260662557,-3.756646949870672,0.0072543566042807,4.03143190270191
2026-03-04,btcusdt,9113262,4594521,4518741,0.9761816302504656,0.9751481662702068,0.3363979878993932,0.3154740860078422,0.0401941241755438,0.0140096933055757,0.6535022273538211,-0.0052469976294652,0.0008457893757861,0.2188851359196348,-0.1673292439941548,-4.58438202530299,0.0067873180323986,6.370689559555493
2026-03-05,btcusdt,6208035,3141134,3066901,0.98091676445513,0.98250416299711,0.3306414992827843,0.3288795891131413,0.0348888545381211,0.0138517872602714,0.4462579873202891,0.0031000594080203,0.0002527863957576,0.1655648555487939,-0.166185651532459,-4.796576154924508,0.006826898526743,4.790179246736986
2026-03-06,btcusdt,5538480,2779731,2758749,0.97844143911767,0.9815126348935695,0.3148470338432205,0.3277336019991044,0.0333925901898513,0.0144925750902008,0.441617438589415,0.005904022933399,0.0006672410298385,0.1302409312507585,-0.1602246641095687,-3.9210791044683617,0.0070106561978281,2.8394948181061435
2026-03-07,btcusdt,2310757,1144662,1166095,0.9840459454406628,0.9856426791985216,0.2737219880757691,0.2933410999079522,0.0423021659521074,0.0147466851282288,0.5790761952925161,0.0124088430016209,0.0003092299679101,0.0441839880155878,-0.0739910944318741,-3.5957261389521733,-0.0073196904068006,2.1353253252523
2026-03-08,btcusdt,3935887,1990827,1945060,0.982672527547597,0.9835609184292516,0.3129947582336586,0.3182012085204682,0.0414617998002164,0.0149162564083326,0.6193367507617115,0.0140864234803662,0.0009052013197868,0.1210831493126125,-0.1511759219085657,-4.987026232507912,0.0073647247364769,3.0992728913474945
2026-03-09,btcusdt,6399767,3236923,3162844,0.9823072714426632,0.980110621959224,0.3315984785071081,0.317411555764452,0.0299415766832548,0.0147209171728803,0.4195113271666392,0.0031882629494972,0.0007341282068367,0.1651718613225792,-0.1487202252814795,-3.4212743702244404,0.0072254335264321,3.652257124902067
2026-03-10,btcusdt,6447532,3260564,3186968,0.9798228159300048,0.9804645041933272,0.3200660345695066,0.3109521596790834,0.0330877336495394,0.0142517239249847,0.4936861073203071,0.0051072835056876,0.0001437963459709,0.1437188399590113,-0.1410675000935274,-4.0154259867684905,0.0070029482416171,4.276686523909194
2026-03-11,btcusdt,5153968,2598513,2555455,0.981902341839352,0.9819045923328722,0.3179649155757272,0.3118985216827112,0.0327059184338893,0.0142682560540237,0.4650582696877007,-0.005409296696084,0.0001886236287254,0.143868538684092,-0.1416382445922518,-4.063182123719355,0.0070457267671261,4.165226879406704
2026-03-12,btcusdt,5019164,2547575,2471589,0.9828189552810024,0.9833629296780332,0.335411036579,0.3285762330141035,0.0231682110033576,0.01427112715586,0.1988893450728334,-0.0017886325932367,0.0002224139751095,0.1442289663686896,-0.1563650526958502,-3.700883683277126,0.0070926412432705,3.833285866755376
2026-03-13,btcusdt,6397853,3250031,3147822,0.977949133408266,0.9789654561153712,0.328731998062475,0.3186489280075675,0.0281188983682629,0.0139625900333385,0.2795701329635552,-0.0086468187515494,0.0002819863459686,0.1641193968608184,-0.1404055614643587,-4.341751233786412,0.0068064993905338,5.62700191414413
2026-03-14,btcusdt,1880758,960526,920232,0.9886478866787572,0.9894157125594416,0.2931089486260327,0.2849159753673784,0.0253272278433783,0.0141489044844625,0.2409602691947306,0.0049323729322141,0.0004936878255063,0.0706647860411608,-0.0706556990192969,-3.8999462076389273,0.007031320311566,4.542436102122749
2026-03-15,btcusdt,3029463,1528776,1500687,0.9855780048875702,0.9836668139325522,0.3161048674303003,0.3014474842571109,0.0276516791137259,0.0139714660756486,0.3295218637748623,-0.0121570267397425,0.0020484930434386,0.1379719503048673,-0.0986480982756438,-4.434195281118759,0.0068573654280313,5.425924636065624
2026-03-16,btcusdt,6238655,3121546,3117109,0.9799695407339823,0.97859298471757,0.33974710895217,0.3217683939887684,0.0272960383140654,0.0135639291726641,0.2823474365885735,-0.0309410148108404,-0.0014570640404509,0.2030902208000603,-0.136083675130164,-5.092733869054069,0.0066807050533332,6.236628587575966
2026-03-17,btcusdt,5468262,2740217,2728045,0.9843625523088136,0.983458850568814,0.323354477162945,0.3284871866051773,0.0262922554437688,0.0134701813969818,0.2555427560009414,0.0007426789492047,-0.0006144293163095,0.1453102439766685,-0.1614645914874642,-5.128598084605626,0.0065904459607629,4.74404526911474
2026-03-18,btcusdt,5350378,2698252,2652126,0.9811059159781964,0.9827055728121514,0.3149534481488971,0.3221871426654341,0.0339562020905657,0.0139076158808034,0.3152790390827242,0.0011929591054346,0.0013088598495664,0.1118241453473968,-0.1351077484293724,-4.381841971951582,0.0067207553037994,3.770697323012462
2026-03-19,btcusdt,5568439,2759346,2809093,0.9824487396651236,0.985159978683511,0.3185223004148919,0.3321754983757566,0.0257178360729389,0.0143052000104812,0.2008717835397309,-0.000728853373357,0.0001995469779197,0.1273818639355305,-0.1426995617696458,-4.695678094986851,-0.0070233005001093,3.2016350743088924
2026-03-20,btcusdt,4888481,2456153,2432328,0.9866445616376504,0.9856561286142328,0.3240933124215886,0.318977612882202,0.0230042723909167,0.0142450243918721,0.170533029405165,0.0042205337629547,0.0003065748525116,0.1287935053740851,-0.1277375759242925,-3.750657978717229,0.0070239418084557,3.6460693248753966
2026-03-21,btcusdt,1878597,921328,957269,0.9791485768369136,0.985258062258362,0.2754151103190306,0.3011619841828769,0.034865869828495,0.0141740933017941,0.4637116640868488,-0.0009613069991862,-0.0012849335395805,0.0425773488498777,-0.0710755291217765,-3.970954471731905,-0.0070596839807172,2.6098248234650963
2026-03-22,btcusdt,3656404,1835932,1820472,0.982226465903966,0.9859020078309362,0.3135624509764238,0.3260990853308332,0.026456799306237,0.0145695605464781,0.2943782583993476,0.0095989023708332,-0.0005900132632548,0.1165161666185421,-0.1464418296442196,-3.360527232608608,0.0071922887140559,3.000555066362213
2026-03-23,btcusdt,7413829,3714927,3698902,0.967138788999084,0.9635543196332316,0.342643861896464,0.3304753859308058,0.0361543478923081,0.014223749537667,0.4481099517278354,0.0059864659912199,0.0015543322231934,0.1748819910893384,-0.1460178024904796,-9.01432527704504,0.0069862259552767,9.774259797565064
2026-03-24,btcusdt,4919959,2456264,2463695,0.9834683893913684,0.9850537505657152,0.3189109909249243,0.3236909088063538,0.0254341048611948,0.0142394259810887,0.2420375001508591,0.0016008957609193,0.0004813889555258,0.1287583120635349,-0.1409264504854916,-4.268692454604642,-0.0070147478061951,3.962765544140456
2026-03-25,btcusdt,4275833,2162389,2113444,0.9844408198524872,0.9830016787764426,0.3075386714120968,0.2981942933692686,0.0306746592286251,0.0140643118797474,0.3651213607238701,0.0067419496257701,0.0011088996531494,0.1116725760075533,-0.0980368814744032,-3.884052885376872,0.0069632936940287,3.956569099405345
2026-03-26,btcusdt,4272945,2122299,2150646,0.9792465623364096,0.980171074179572,0.3013179434792631,0.3240727413996669,0.0499246439058612,0.0144220958053796,0.7381456645294167,0.003559091096646,-0.0004516973589291,0.087122306648923,-0.1442729760125287,-5.555375160765818,-0.0070159880339391,4.646139572642561
2026-03-27,btcusdt,4879078,2460411,2418667,0.9805134182866196,0.9817167886277854,0.2906975457248275,0.3029260856251939,0.0350055491581143,0.0150568735743992,0.4221171284582188,0.0056322864472697,-0.0037986289851002,0.0603600476835593,-0.1060397194487585,-5.657913613248848,0.0072525046529038,2.928995595550689
2026-03-28,btcusdt,1936169,958789,977380,0.9873809566025477,0.9863686590681208,0.2607628776207035,0.2651535067445042,0.0300859076751383,0.0150496223660367,0.4520373322564799,-0.0005206304510349,-0.0005432557702704,0.0150326885800075,-0.0150225488445059,-3.80630630630718,-0.0074460163816694,4.652031063320516
2026-03-29,btcusdt,2569247,1272732,1296515,0.9804035727867296,0.9833198998854622,0.2907610673477482,0.3026373096864567,0.0404413376205739,0.0150489202784683,0.5394123102888134,0.026868563993867,0.0015812814309768,0.0751874046059804,-0.0903911223874435,-5.146153846153399,-0.0074749030135685,3.765263974315475
2026-03-30,btcusdt,4757162,2395454,2361708,0.9818176429186284,0.9816268564953838,0.3098048794638484,0.3034643344077835,0.0292679222321548,0.0148755400759427,0.4436006174920596,0.0068118408820036,0.0011355669663502,0.1040123507232706,-0.0904186382961844,-3.320725915122111,0.0073628051681529,4.111811309053488
2026-03-31,btcusdt,5859805,2928675,2931130,0.9819570283489976,0.9805965617355764,0.3081681045700326,0.3048753328822375,0.0323688243577313,0.0148433249925625,0.3465778824547826,-0.0041543667805163,-0.0023553088144254,0.1172953452791348,-0.1036197333415868,-3.726812171605553,0.0072989184466894,4.457913279818095
2026-04-01,btcusdt,4104211,2071075,2033136,0.9833965452723828,0.984327659340054,0.2983581984454503,0.2936622897799358,0.0281666188266641,0.0146319158673354,0.320677737822203,0.0111988766874754,0.0009076412866473,0.0728560292006965,-0.0723216403705182,-3.1274102564472166,0.0072344870876499,3.944147969957896
2026-04-02,btcusdt,4636901,2336502,2300399,0.9807596997563024,0.9825943238542532,0.2955301396342082,0.3068896661800629,0.0268534437084449,0.0149757206138279,0.2978038455410574,0.0125967210908215,0.0002781191349289,0.0748643644876814,-0.1192531177241303,-4.372074731939126,0.0073125393967316,3.139786646557141
2026-04-03,btcusdt,1992736,999214,993522,0.9866985450564144,0.9876681140427692,0.271340508727699,0.269970532975768,0.0226816051892338,0.0149720434505572,0.1932934603600995,0.0043871195051665,0.0001059259543988,0.0297762833398681,-0.0150269282563084,-2.8050596357173854,0.0074383841432035,3.0495079033696824
2026-04-04,btcusdt,974715,498456,476259,0.9917585504036464,0.988214395948423,0.2450634287971355,0.2167484854547226,0.035315028213882,0.0148889618435019,0.2980137384333418,-0.000834630656959,0.0036859208252607,0.0,0.0,-2.333952262896383,0.0074165269891734,4.78957169459876
2026-04-05,btcusdt,2067627,1045402,1022225,0.9839315402113256,0.9763574555503926,0.2892378557641199,0.2637153606525741,0.0271972106602208,0.014854062547675,0.3079732063319028,-0.0139934406243816,0.0004231691441393,0.0587666640234495,-0.0148772552067894,-3.045965027256857,0.0072568940497692,6.821153291769375
2026-04-06,btcusdt,4097295,2029778,2067517,0.982729145748944,0.9824446425349828,0.2964184907359611,0.2953963529596966,0.0305061750554843,0.0144141962544452,0.3483738922790445,-0.0050580802790914,-0.001089758374197,0.0870538580458275,-0.0717286019234741,-3.5211570622510324,-0.0071327083162184,3.837939098040679
2026-04-07,btcusdt,5361653,2733727,2627926,0.9805935267127992,0.9773711284107696,0.3198026802555107,0.2953410077078841,0.0384369610316344,0.0145582552230755,0.5725048806041072,0.000701170177372,0.001105114140459,0.1322916590100437,-0.0883834013024576,-3.521341507685963,0.0069489902406099,5.315511088804596
2026-04-08,btcusdt,4082843,2037996,2044847,0.9846751416587668,0.9859549394160052,0.2898818298915731,0.2872564534075887,0.0247149592790996,0.0139780670138262,0.2905333847058064,-0.0002880586386872,-0.0001528833562772,0.0700577415906189,-0.0561503594316712,-3.763841052362364,-0.0068792539590671,4.119211525372213
2026-04-09,btcusdt,4240779,2136146,2104633,0.9841977093326018,0.9826696625967568,0.3070374570332479,0.2950573467752033,0.0282895656759695,0.0140008470520615,0.3908191010048114,-0.0004400006730918,0.0006839925375167,0.1112644087413367,-0.0844061115660035,-3.308443260553129,0.0068870523419986,3.7933425797511537
2026-04-10,btcusdt,3530080,1775792,1754288,0.9862517682251074,0.9846638636301452,0.3025421520192177,0.2841606989076735,0.0273470558307865,0.0138400163320248,0.3557521009886171,-0.0035073945589799,0.0002767943577106,0.1094950703274904,-0.0553989765031029,-3.313300074775951,0.0068296587496684,4.045351897539497
2026-04-11,btcusdt,1752196,880483,871713,0.9859792863689588,0.9841083017002156,0.2645851263214845,0.2630333592817241,0.0307748767044712,0.0137179950609484,0.3272126391327473,0.003355476723344,-0.0002965824665147,0.0136992494169282,-0.0137310580042825,-4.6039501754864895,0.0067890321831233,3.748357944111639
2026-04-12,btcusdt,2699360,1378651,1320709,0.9797374389892728,0.9849603508418584,0.2800619406081441,0.2899053849801434,0.0302089362438527,0.0140251962659066,0.3787822990818864,0.0076858076743173,0.0001857566525545,0.0282443190078744,-0.0835638302325331,-4.428126895238311,0.0068533237939055,4.155318108806481
2026-04-13,btcusdt,4357102,2234515,2122587,0.9836080760254462,0.9787839085041036,0.3164426722165329,0.2828421276343771,0.0330150434567095,0.0138995355458061,0.4698845466020685,-0.0010122807227856,0.0022632772782755,0.1266884758523571,-0.0687449644313554,-3.818764126965001,0.0067139237382738,5.101669955605265
2026-04-14,btcusdt,4203808,2117420,2086388,0.98375711951337,0.982643209220912,0.2825264617223241,0.2786368930265131,0.0233639093675175,0.0134204859699986,0.1733255914573029,0.0013732971008664,-0.0009997759244788,0.0401973421524155,-0.0402503032194138,-3.9905670214736384,0.0065999456168322,3.1973244147149407
2026-04-15,btcusdt,3436152,1726654,1709498,0.9876489441428334,0.9869031727442792,0.2942556091814332,0.2836920485473285,0.0247468784393092,0.0134827309818759,0.2441505595101198,-0.0116563963905265,-0.0002116790983493,0.0676600515434582,-0.0406393931187903,-2.839835950569709,0.0066544225296002,3.685281027852621
2026-04-16,btcusdt,4062130,2053715,2008415,0.984924880034474,0.984363291451219,0.2988917144453771,0.2910428765204462,0.0238243537456721,0.0134011161777964,0.2140917891792417,-0.0052606523681899,0.0008169206727872,0.0812127774777775,-0.0671949985418685,-3.21829974748764,0.0066456310277014,3.818452958131153
2026-04-17,btcusdt,5519245,2799189,2720056,0.9800631540063924,0.9752347010502724,0.3037159973873238,0.2843981377887736,0.0291676179650487,0.013023843402065,0.4067897139947892,0.0138986756463777,0.000942772918291,0.0896433730492436,-0.0647648259639596,-4.943927674429481,0.0064171260263115,4.050376811827077
2026-04-18,btcusdt,2441654,1241421,1200233,0.981592868172844,0.9849995792483626,0.2581233868516997,0.2818556601385782,0.024435296588244,0.0131336924530284,0.2242094802358801,0.0141212740653251,-0.0013540013507314,0.0,-0.0523724730274142,-4.759878220447942,0.0064729695269308,3.237735510639411
2026-04-19,btcusdt,3524315,1742733,1781582,0.9773952751224656,0.9804740954949028,0.2819915359438643,0.3038488330356395,0.0231089734638512,0.0133017726615078,0.2115459114132749,-0.0016324052621189,0.0003640158984412,0.0404906932145575,-0.0934775380155897,-4.434736474052576,-0.006579120503554,2.6528851645003098
2026-04-20,btcusdt,4395127,2250437,2144690,0.9809294816962216,0.9786300117965768,0.3128872043970515,0.2883830205589053,0.0264860807250536,0.0133037015561766,0.3513741431884529,-0.0216618779559502,0.0016762790967546,0.1071680703455112,-0.0662951486536118,-2.909492704865073,0.0065616797904081,4.25760826067808
2026-04-21,btcusdt,4513521,2260855,2252666,0.9801588337155632,0.9784877118933744,0.3045261116542938,0.2977265420942984,0.0243148392594556,0.0131930385620406,0.2903627290397163,-0.0011341397508489,-0.0001078906501042,0.0914846122897345,-0.0659944907799097,-3.4632708581259557,0.0065155069068165,4.716088842502747
2026-04-22,btcusdt,4610409,2309667,2300742,0.9826840838960768,0.9826916707740372,0.2908726752875938,0.2720023321141356,0.0277097932777399,0.012779234256248,0.3099637858988086,-0.0193989133265257,0.0014782381057772,0.051275477502138,-0.0128999966467517,-2.4574205846744923,0.0062999586726378,4.842171216574394
2026-04-23,btcusdt,4351842,2186423,2165419,0.9781135672282992,0.9822196073831438,0.2926609008323372,0.2952922004061728,0.0566937290528634,0.0128503569496682,0.2810255388341642,0.0096162043802347,-0.0056166461294129,0.0516953489687009,-0.0642746223223192,-3.3120877645143274,0.0063611208299016,2.8238431804498494
2026-04-24,btcusdt,3111461,1555042,1556419,0.9824133367458884,0.9838635997119028,0.278462111528957,0.2872965465419621,0.0232184443025405,0.0128581558950168,0.1676875181799597,0.0037910861291697,-0.0001334664701555,0.0257648289469256,-0.0386827741742079,-4.091247050758524,-0.0063751196932433,3.056541513625097
2026-04-25,btcusdt,1073572,548444,525128,0.9873715456819656,0.9882276321201688,0.2310566967096757,0.2311489122294545,0.0196711973657778,0.0129047827049158,0.1289013608116661,0.0108547426111344,-0.0012284834457296,0.0,0.0,-2.426515407402231,0.0064321587338885,2.937025545053563
2026-04-26,btcusdt,1936531,980121,956410,0.9786914064692012,0.9782781443104944,0.280027533770438,0.2684470323480492,0.0299096436160277,0.0128149186164015,0.3940238028515656,-0.0147390726702965,0.0015829433103006,0.0257719338482251,-0.012843763324283,-3.092537955622238,0.0063548470328469,3.9388357790888233
2026-04-27,btcusdt,3742280,1854561,1887719,0.976777253484787,0.978844308925216,0.2706716226471563,0.2887867823893455,0.0306456729237077,0.0128708328272934,0.4434127129025508,0.0063343083793819,-0.0004813616386357,0.0130592288252791,-0.0503964944191147,-4.1587712148761655,-0.0063074768834643,2.8470229270942853
2026-04-28,btcusdt,2751555,1392613,1358942,0.9819059566440927,0.9845122161210706,0.2701690498645311,0.2775005406034042,0.0221430256957676,0.0131102407375586,0.2245396771511844,0.0113164879402572,-0.0003680060102813,0.0131379975860007,-0.0262911242475269,-2.9245761664787056,0.0064666238148825,2.9154595353871278
2025-11-01,ethusdt,2478182,1268344,1209838,0.9920794296180134,0.9910748381188224,0.2402943933473786,0.2388033803826274,0.040068044505617,0.0258449689542951,0.4367580732804841,-0.0010136916700782,-0.0005172890905154,0.0,0.0,-2.90092621500738,0.0128446871807687,2.87828947368393
2025-11-02,ethusdt,3238845,1669678,1569167,0.9881420249892494,0.9874442936921308,0.2522312738028525,0.2523912073594136,0.0505852318238898,0.0258584019760047,0.5882766690752371,0.0146016717845629,0.001542745727757,0.0,-0.025709981129435,-3.3915484172769794,0.0128098379558294,3.630020138274172
2025-11-03,ethusdt,10070803,4977917,5092886,0.972436261994726,0.9730565341537196,0.2987817356768869,0.3185690356568388,0.1037517058751546,0.0270677383692453,1.6152044579640594,0.0127996647527482,0.0047769290079481,0.1328229390521413,-0.1662782222639484,-6.474926789974784,-0.0129274794250229,4.35614284850527
2025-11-04,ethusdt,15897417,7889562,8007855,0.963053335533709,0.9590833000847292,0.3210005122215766,0.3334878867428589,0.1106737134439256,0.0294117214539928,1.7772192231646102,0.0048738488572647,0.0045388630886726,0.2186850778665988,-0.2286321794074632,-6.374100719424879,-0.013712944195597,6.936265717704922
2025-11-05,ethusdt,10503612,5303393,5200219,0.9775294797123276,0.9713765901013016,0.3024112086394661,0.2945620992093006,0.0707585470093432,0.0300721581441216,1.1001999687777846,-0.0074550371403809,0.0043426598233672,0.1447559270319589,-0.1194778816570495,-4.044382968486288,0.0144589322949192,5.914910440045505
2025-11-06,ethusdt,8995145,4486629,4508516,0.9783235921668584,0.9736960010788472,0.2977034833790895,0.2977409480336337,0.0680843776410758,0.0299669913596721,1.0504248968705114,-0.0020832250288953,0.0031122125490949,0.1200012000118909,-0.1180930336918351,-3.967612525898089,0.0144920395230065,4.462407596610755
2025-11-07,ethusdt,10160525,5093416,5067109,0.974427574735698,0.9676576919896532,0.3027656543338066,0.2987203909246815,0.0645949445789731,0.0302221174528747,0.8902163686245339,-0.0043722022987335,0.0025468416117829,0.1194803798280188,-0.09385235772685,-3.145986028753057,0.0144421433299225,4.520701850077626
2025-11-08,ethusdt,5441778,2703073,2738705,0.985994088949873,0.9803604258216932,0.2717352674070864,0.2757508667203991,0.0627802056453021,0.0293215148074046,0.9034279261240762,-0.0086202094419309,0.0014365199303128,0.029469142861154,-0.0294647145317564,-4.562096990473685,-0.0143771943182892,4.789050292262862
2025-11-09,ethusdt,6039399,3022926,3016473,0.9812896511525588,0.9728209070659676,0.2845314575175444,0.2700404460774988,0.0744981887173938,0.0288839112275042,1.3843782799517494,0.0007122038641466,0.0036769521171242,0.056894391208742,-0.0289371109773459,-3.8361055970071374,0.0139236593607624,5.909863945578334
2025-11-10,ethusdt,7309288,3685324,3623964,0.982456087985751,0.9785135834682684,0.2810357178428323,0.2800223496460941,0.0490988224692303,0.027858140774884,0.5369059241918636,0.0036996180037292,0.0008603018660541,0.0282995507446628,-0.0550045928834557,-3.0465361848544914,0.0137318122137724,4.204008832552637
2025-11-11,ethusdt,8880427,4327426,4553001,0.9798653980449348,0.9778311052424544,0.2808991054146383,0.2922643246771805,0.049794383258491,0.0282785036718739,0.5183152450919608,0.0013573361381761,0.0008350307393446,0.0563920374442615,-0.0566899851471723,-4.919137276348086,-0.0138148642416306,3.5783779744378656
2025-11-12,ethusdt,8920698,4465205,4455493,0.976500071105358,0.9757598092960756,0.295419259793348,0.2936705177106096,0.0523638860657014,0.0290950987857692,0.6076380097830772,-0.0090979233142895,0.0005931522749619,0.0870564473997554,-0.084100516938405,-3.581313501993128,0.0139520217877817,5.586510263928872
2025-11-13,ethusdt,13806780,6881515,6925265,0.9693047243230596,0.9707436466330168,0.3057631830158806,0.3204300350986979,0.0531906130368062,0.0294796111632316,0.6398027081111124,0.0039400033058295,0.0002582623831949,0.1238459109175236,-0.1693580483176971,-4.883180504961175,-0.0140953862984645,4.798089516409807
2025-11-14,ethusdt,16785213,8338261,8446952,0.9676099129063004,0.9685822767786534,0.3255607182345556,0.3398905929880068,0.0668936571671786,0.031490855843422,0.8148018151284199,0.0061406973308823,0.0013290315220215,0.1883002761735671,-0.2216799859402294,-4.9228022299814045,-0.0154370062091008,4.121568912315868
2025-11-15,ethusdt,5233555,2664003,2569552,0.9879819955157708,0.9877935920347204,0.2794536409763535,0.2732559417069277,0.0439389960555765,0.0315395229654036,0.4027018194381354,0.008984882709203,0.0002375829304192,0.0316933101753385,-0.0317624675632733,-3.0295419583717247,0.0155654136512075,4.105155377753776
2025-11-16,ethusdt,9769730,4891401,4878329,0.9751032475153848,0.9739806396821534,0.304000212902506,0.3166102850334656,0.0674526374521211,0.0322467781444825,0.8887031023966407,0.0067440148510913,0.0005294301345247,0.1283540518164139,-0.1615665492622286,-6.637241015843317,0.0154236252926143,5.951048973727939
2025-11-17,ethusdt,12972195,6507767,6464428,0.9712709443961346,0.9716344586094856,0.3130719974530139,0.3176831677291314,0.0587208567754269,0.0321330049347243,0.674361885066373,-0.0042207128112049,0.0004238371722035,0.1335983033014265,-0.1574889954566898,-3.72897363664336,0.0155698244349995,4.445949951305551
2025-11-18,ethusdt,13026264,6508419,6517845,0.9732773811888878,0.9729932209188772,0.3074174606011363,0.3115494204631504,0.0562745624809095,0.0328918696224294,0.6167259318649454,0.0044503286178695,0.0005341032183154,0.1312831284768322,-0.1319426577208344,-4.170287258264779,0.0,3.848862538283005
2025-11-19,ethusdt,13129414,6480914,6648500,0.9713588237708448,0.9715015417011356,0.3020456967843348,0.3147837367303674,0.057880403993478,0.0332715037880057,0.6306352654561388,0.0052382796357067,0.0011039806057427,0.132237962212882,-0.1381969444654321,-5.040014661859724,-0.0160861703979369,4.196327962256819
2025-11-20,ethusdt,12951567,6343714,6607853,0.969822567663044,0.972355619896508,0.3054851200630781,0.3267842416288314,0.0666588085586969,0.0344723574790995,0.7603695395971241,0.0108135169974568,0.0014312083713136,0.1647829232171482,-0.1979002780497107,-6.196296028454372,-0.0164366629618024,4.971191680720976
2025-11-21,ethusdt,18266440,8981537,9284903,0.9653325483155054,0.9664110653606182,0.3322937036444978,0.3478322541228614,0.0960831148377214,0.0365479042509361,1.255279558142133,0.0089810080674914,0.0012718880835889,0.2207700459216419,-0.2533349739794716,-5.959741113301987,-0.0175638886453293,4.458421977615123
2025-11-22,ethusdt,5561786,2809935,2751851,0.9845597851907606,0.9850457019656952,0.2876994907750855,0.2872544898347401,0.0499119827222704,0.0364440119762978,0.3617277564556071,0.0024337355200031,0.0001496344368413,0.0727410273942047,-0.0729708627344437,-2.877059754882972,0.0179882644566613,3.533090227436351
2025-11-23,ethusdt,6044937,2991061,3053876,0.983993639715138,0.9844250388686376,0.285105866281154,0.2925034619881067,0.0558704039047461,0.035509030835042,0.5378127156856339,-0.0065812636620853,0.0001906663071134,0.071578374741358,-0.0716378563087226,-4.305416607117076,-0.0175898401087373,3.701782936031956
2025-11-24,ethusdt,10158522,5170951,4987571,0.9774057035156588,0.9764975776785936,0.3117404283812153,0.3038758984820823,0.060932515538045,0.0352606200587733,0.6726366116109631,0.0032267183617407,-0.0003751468406602,0.1424156543285943,-0.1418329066541559,-4.585548823212775,0.0168423321917908,5.401480536960617
2025-11-25,ethusdt,8125337,4020821,4104516,0.9782522027217824,0.9785302335281432,0.2947768197183698,0.3027678728894568,0.0518662227933493,0.0343129097183365,0.4768619757068548,-0.0084592778208228,-0.0007076709672226,0.1038051508122756,-0.1040083067969874,-4.73719524324975,-0.0168602788693805,4.477960419709679
2025-11-26,ethusdt,6624184,3334144,3290040,0.9805050411739864,0.9793269990638412,0.299865462674346,0.2957913004831991,0.0574307484813458,0.0340007106140478,0.6906458920391764,-0.0032704670753943,0.001135592926253,0.1317228025342269,-0.1024779160082301,-4.012481745791074,0.0164695806848352,4.908149842343196
2025-11-27,ethusdt,4596712,2270485,2326227,0.9832916755671144,0.9835991930280236,0.2734337065276223,0.2841866099072554,0.0511668434174948,0.0330511317525975,0.4963953424882675,-0.0167130904171987,-0.0017668051190044,0.0333954488689571,-0.0658431878637237,-4.319189779571842,-0.0163367193910623,4.6376792321731335
2025-11-28,ethusdt,5794744,2922409,2872335,0.9787815463201762,0.9784708260004492,0.2906009307745087,0.2877783729531451,0.0649184376148693,0.0329500691134891,0.6867020154705343,-0.0054847305756953,0.0007386035518907,0.066684004507778,-0.0972983491705164,-4.932523726579718,0.0162190216689669,5.997743167261112
2025-11-29,ethusdt,3177059,1581834,1595225,0.9835595896914594,0.9853663276340328,0.2522880437536728,0.2700547896655366,0.0750974995719574,0.0333523997877571,1.0524619387012084,0.0133562051537881,0.0059731542069587,0.0,-0.0333918804310834,-7.728782051714048,-0.0164333136137157,6.137595868578641
2025-11-30,ethusdt,3026486,1535548,1490938,0.98462828905381,0.9842837193766608,0.2616926032368892,0.2606630263612652,0.0506570071587799,0.0332116127732469,0.4974357188695307,0.0202853094924843,0.0014600822361453,0.0328511874068858,-0.0330380829989932,-4.250744293747451,0.0164127612504854,4.339873628201833
2025-12-01,ethusdt,10475188,5218998,5256190,0.9708894312663082,0.9725455130046669,0.3064385097432142,0.3152422658190001,0.0781154477820652,0.035534519121012,1.1325669630214388,-0.0039808781638368,0.0007309018874877,0.1457216134295713,-0.1714665880217391,-5.68589897055226,-0.0168788905831129,6.1378341758856605
2025-12-02,ethusdt,8158010,4140757,4017253,0.9720138129332392,0.970883586371085,0.3052949187363095,0.296508217077449,0.0675410575367016,0.0344711691766329,0.867056842246405,0.0091419133252896,0.0004938602582667,0.1072980561159725,-0.1070262749495918,-4.518745289499897,0.0165468673459301,6.655172413794107
2025-12-03,ethusdt,8723233,4413742,4309491,0.9734332002187712,0.9720653784866936,0.315018411178516,0.2998635941513886,0.0798848940302701,0.0325319097361939,1.015402384925428,-0.0153926880139665,-0.0015674528148478,0.1666555562953375,-0.1299798531226477,-5.618764494389924,0.0156862252984591,9.976890588891893
2025-12-04,ethusdt,7753902,3872585,3881317,0.9783619985100392,0.9775609670634994,0.2979418620457158,0.3000631166089022,0.0565828076178567,0.0314658854743034,0.5987995644522782,0.0095233206983374,0.0006194674884127,0.1258772067846669,-0.1255630719004398,-5.466240929602645,-1.4203752838782613e-12,5.404843243788829
2025-12-05,ethusdt,8369439,4169950,4199489,0.9717955850789578,0.9737620458108116,0.3118578198610444,0.315507287883931,0.0593393062527325,0.0322655063982935,0.6176642214735838,-0.0054597492324059,-0.0005594132368524,0.1889966169603845,-0.1652936275991667,-6.912922835100967,-0.0157086979063734,6.973277119636369
2025-12-06,ethusdt,2879276,1440505,1438771,0.986136111988504,0.9872154776541924,0.269734822226143,0.2735809279832847,0.0462239337170533,0.0329489834422075,0.3616832739559193,0.0109667740027773,-0.000234640530531,0.0329924117460187,-0.0330570862815192,-3.454203159532753,-0.0163007687446097,3.2633650377169263
2025-12-07,ethusdt,6493338,3173099,3320239,0.9713771930847416,0.9729582719798184,0.3078832489545439,0.3258912442260052,0.2306214154978182,0.032945184154564,2.8623575856492094,-0.0017212816466015,0.0390773496161261,0.1909022357831778,-0.1971777294325403,-9.692671394798689,-0.0159573619292742,7.46814957308476
2025-12-08,ethusdt,7567418,3762608,3804810,0.9767868457197774,0.9771252703814384,0.3064506282063446,0.3151935045744797,0.0613019115490051,0.0320276206192653,0.7302850810696396,0.0075933657587911,0.0015190503562589,0.1584640397560348,-0.1606327645853816,-5.212866694086723,-0.0157759561810484,4.923990902645657
2025-12-09,ethusdt,8904592,4482115,4422477,0.9701576153222308,0.9681303034475928,0.3124368864963156,0.2993253368599033,0.0660923715194961,0.0311718269035256,0.8641617710834887,0.016757998109765,8.56285176395839e-05,0.1595914458990804,-0.1201767800433346,-3.872402073785481,0.0147711796549286,4.712277654476328
2025-12-10,ethusdt,9398690,4679466,4719224,0.9722506798852688,0.9725147609013686,0.3145208534380855,0.321721963380003,0.0762621890023023,0.0299585523421252,1.1351788952309176,0.0040997887069245,-0.001076158924847,0.1768106887953458,-0.1801823445325031,-5.1900615586442775,-0.0145688070189864,4.825129629247717
2025-12-11,ethusdt,9099788,4443406,4656382,0.9767738982213194,0.977522892236934,0.2992142234522387,0.3236240228893244,0.0548247850251349,0.031271645841617,0.6028176968241171,-0.002133267589425,-0.0011774420756227,0.125982267995665,-0.1850618106463475,-4.9611197511672,-0.015300673535983,3.7316840444539614
2025-12-12,ethusdt,8017905,3982814,4035091,0.974675191962266,0.9746015641282936,0.3095886020101261,0.3273482287455388,0.0561380946380003,0.0322629039509588,0.6425207373576747,0.0015380701711708,0.0004373935898767,0.1543629133830396,-0.1861498319996073,-5.754434011477334,-0.0153423177949687,3.574691823093588
2025-12-13,ethusdt,2455782,1249666,1206116,0.988621759734201,0.9891801451933312,0.2515076663970987,0.2551948829334199,0.042746352394875,0.0321898946270825,0.2590237395254919,0.0175726880556447,0.0010236278970578,0.0,-0.0320945891739118,-3.037510848253556,0.0159909427289323,3.082116623419979
2025-12-14,ethusdt,4452072,2269197,2182875,0.9850625573716164,0.9830086468533472,0.3069662844626052,0.297321112506716,0.0699946428460501,0.0324004698075194,0.6926635386862031,0.0111710551208143,0.0040147083966834,0.1294812656792542,-0.128631012293792,-4.447340555509593,0.0160352004709679,4.077317544068462
2025-12-15,ethusdt,10128218,4978643,5149575,0.9741435567884662,0.9750196860905996,0.3130479616453753,0.3259300895774558,0.0575706024681044,0.03324849425803,0.6395895854619759,-0.0047433350629288,0.001702064443596,0.1597801425244684,-0.1637663643530644,-3.955881076533598,-0.0158489154590611,3.668552223617669
2025-12-16,ethusdt,8979194,4466622,4512572,0.9803585349286328,0.980603079574132,0.3188812937998667,0.3361844058609269,0.0698036972698061,0.0340545519860224,0.7986430013699095,0.0165491351847806,-0.0015352170982549,0.1687222662765599,-0.2036549270913508,-4.332221453571163,-0.0168343366601657,3.300844000419492
2025-12-17,ethusdt,10384645,5197147,5187498,0.9718622544253608,0.972773387093354,0.333869188595277,0.3426644820309216,0.0727805842159926,0.034381924735279,0.9183314258115136,0.0073587609248825,0.0008797959900203,0.2036258984990919,-0.2108266512995545,-4.173978227166326,0.0,3.587434436542606
2025-12-18,ethusdt,11498172,5758166,5740006,0.9717712202114354,0.9716111795005092,0.3409026234778884,0.3416155194060412,0.0711268694183132,0.0352082302766778,0.888151525755506,-0.0059121788839715,5.7466605546014646e-05,0.2151717608579093,-0.2126709342632207,-4.487350522715948,0.0167293459498559,4.62800028155154
2025-12-19,ethusdt,9817492,4970737,4846755,0.9761900498859626,0.9746931709979152,0.3406605271488889,0.3319353863491816,0.0661076415414289,0.0338349362641773,0.8781380770809957,-0.0089857567938217,-8.516359743782953e-05,0.2110246300912168,-0.202258553851156,-4.266326709567119,0.0167209540311181,5.393835616437733
2025-12-20,ethusdt,1794126,911630,882496,0.9918508605464936,0.9918685183842192,0.2346423829764464,0.2477546170112912,0.0440856394051843,0.0335813314654172,0.3349735873323341,0.0310485494650938,0.0006916366808534,0.0,0.0,-4.528634776548927,0.0167235825931223,3.317494253028425
2025-12-21,ethusdt,3361696,1698096,1663600,0.9873010713175226,0.9872054580427988,0.2879127083472152,0.2900259273890322,0.0606034578182712,0.0336008521168151,0.6719843024476115,0.0016723660503161,-0.0012794032294081,0.067352766851601,-0.100241247267575,-3.1144781144787266,0.016641150235154,2.605453634692173
2025-12-22,ethusdt,7619042,3806162,3812880,0.9810347010978512,0.967622899225782,0.3305483812794312,0.3207446552991833,0.0981616345930906,0.033008583881458,2.11715957838316,0.0018101860993802,0.0127447185079066,0.1679543164265431,-0.1648108959770555,-3.750652646606628,0.0163386946025265,43.18089801545277
2025-12-23,ethusdt,6846282,3485811,3360471,0.9827710108207244,0.9826622518093446,0.3188751208320078,0.3159377600864235,0.0732549069661964,0.0338579624608763,0.920156017564694,-0.0031036655112619,-0.0001845256731895,0.1691343366388335,-0.1692797822375643,-4.3001907041090535,0.016559691062765,4.835983791819151
2025-12-24,ethusdt,4466930,2214889,2252041,0.9851206990508328,0.9843084561959572,0.3092459474404121,0.3127371595256698,0.0570703803885737,0.0341168262488661,0.6523168405894012,-0.0071465622712268,0.0019419104367116,0.1368536657963809,-0.1363154612402785,-3.9275123102430847,-0.0168350735191335,3.717675921452657
2025-12-25,ethusdt,2958944,1463355,1495589,0.9867270757950052,0.9869924156970932,0.2856786069624839,0.3009201931499886,0.0633036900931439,0.0340655728203178,0.6881578358806119,-0.0050678924881294,-0.0020694960352833,0.1015984827966678,-0.1027428927610785,-4.567931423292035,-0.0168679007226517,4.446337308348522
2025-12-26,ethusdt,5553722,2798363,2755359,0.9789534095469388,0.9803270644587512,0.314601271003482,0.3148328274263638,0.0597433072977484,0.0341225305943071,0.7747381469274667,0.0038397996014026,9.83702604022316e-05,0.1376505122318434,-0.1671659355949164,-3.959936367918557,0.0167409966908218,4.180817788605966
2025-12-27,ethusdt,1352404,678987,673417,0.9904637349463244,0.9903848581191148,0.2412134243909364,0.2423787566437248,0.0510649619108255,0.0341466496168516,0.7095517491281186,0.0254038819411283,0.0013477204355926,0.0,0.0,-3.8053958123574056,0.016934858374149,3.270323950414106
2025-12-28,ethusdt,1882393,961358,921035,0.992282791634334,0.9928374057446242,0.2608966352934802,0.2685358477214907,0.0497018933054187,0.0340004794059556,0.5116965298450104,0.0179931894682688,-0.0006624545725651,0.0339199218476979,-0.0677447108316402,-4.904540887123599,0.0169376693770634,3.05389875387276
2025-12-29,ethusdt,7102902,3552666,3550236,0.980398945467995,0.9798979560795396,0.3127424537182126,0.318521218510406,0.0719157302955135,0.0338278399747586,0.8979870124470372,-0.0076495952421864,0.0014312060929281,0.1370729107949408,-0.1674458480133618,-4.465462694437181,0.0163757246261721,4.142126940259889
2025-12-30,ethusdt,4897271,2448373,2448898,0.982862496849949,0.9809126390727584,0.309129717346661,0.3058180770474005,0.0608049248484634,0.0336323812558786,0.7428642820716455,0.0066854005778844,6.595166971144585e-05,0.1356815283166115,-0.1344185390047773,-4.0837249038862335,0.0166573940510087,3.8604441027922713
2025-12-31,ethusdt,3582875,1770836,1812039,0.9854458572109444,0.985882754179132,0.2838795659909988,0.293500331437742,0.0650612572689376,0.0335818953293234,0.606142241378759,-0.0164702058818201,-0.000346042861411,0.0672924867937882,-0.099549042835108,-2.946961430168802,-0.0165954170100008,3.5032904110418106
2026-01-01,ethusdt,1630690,829010,801680,0.9925356750823272,0.9925768386388584,0.2519215792088012,0.2423697943815194,0.0506183481467039,0.0335032506521023,0.3693264325238008,0.030668159851588,0.0015923392041086,0.0,0.0,-2.9682547668151247,0.0166475774448936,3.3107908252429232
2026-01-02,ethusdt,6758826,3438981,3319845,0.9794215205027303,0.9754753610484826,0.3229318227751387,0.3051402714021636,0.0751100091106327,0.0326525814321692,1.0593475382205442,-0.0017344217580333,0.0008915822635976,0.1604739759359063,-0.128958626848424,-3.4831789495107643,0.0159582277419567,4.32795346891066
2026-01-03,ethusdt,2161378,1101950,1059428,0.9906865102772358,0.990620410259121,0.2565659500559365,0.2561726824275994,0.0437953029077765,0.0322096980172145,0.3558943382068015,-0.0022499864682316,0.0002414930977336,0.0,-0.0321452450745883,-2.7377820401491686,0.0159853701895517,3.1896955203207358
2026-01-04,ethusdt,2979127,1492442,1486685,0.9889791362076382,0.989210895381335,0.2775618494948352,0.2819349426862299,0.0648902366832209,0.0318488073424822,0.8896740615533711,-0.0101740418304093,-0.0013030330701028,0.0635279618323427,-0.0637165886137876,-3.3447572910948176,0.0158227347385265,3.1969002854846487
2026-01-05,ethusdt,6669638,3306499,3363139,0.9824345932056836,0.9821853928725516,0.2996389009418502,0.2957193478866469,0.0742395369322322,0.0315061350313991,1.1190341491911018,0.00409777276745,0.0019539473095759,0.1239606672801592,-0.0940955069401712,-3.725241058648362,-0.0154080830807202,3.860955773375087
2026-01-06,ethusdt,6393549,3230128,3163421,0.9808948747541892,0.9812895596254814,0.3009750922375038,0.2936578729591342,0.0566545872689142,0.0308724397092542,0.6810133478624064,-0.0066436457674793,0.0001625007513924,0.1215598560730198,-0.0928301116119495,-3.9757373393338766,0.0151540867544466,5.0951503990173554
2026-01-07,ethusdt,6023222,3066677,2956545,0.9823962549691408,0.9820259796485424,0.2917069966871551,0.2947349441876789,0.0728478037385903,0.0313516479216781,1.0308102949847393,-6.02052648233511e-05,0.0027418137735335,0.0638908233609825,-0.0953816218682886,-5.421744554264494,0.0152766447589021,5.821793799244061
2026-01-08,ethusdt,6088874,3017161,3071713,0.983421832643336,0.9835935193164204,0.2880020181071245,0.3150948763268874,0.0654959656243772,0.0321725995613701,0.9107053412859984,0.0023715175903096,0.0009789087140761,0.0957906399764525,-0.1304150785912681,-4.503472031663062,-0.0157586530753149,2.994462646079962
2026-01-09,ethusdt,5800879,2939732,2861147,0.9830977789812132,0.9825178503586148,0.3229741561580581,0.3188361625884628,0.0569001875678989,0.0323051153527267,0.7070476582253744,0.004282153649213,-6.88994818202683e-05,0.1603119028387451,-0.1606528933577327,-3.9883610903878,0.0159618957627843,4.564874257002654
2026-01-10,ethusdt,1071409,541889,529520,0.9942276001173672,0.9953221785768244,0.2172270346805001,0.224142227664692,0.0405349617550971,0.0323702640287651,0.2269967198979283,0.0235364975606752,-7.266580600199778e-06,0.0,0.0,-3.2300370723849388,0.0161334559479506,2.374276410998964
2026-01-11,ethusdt,2132705,1074207,1058498,0.9875964316002408,0.9887444284259392,0.2748551721874333,0.275639621982412,0.0539611046001731,0.0321304238170566,0.6124221780635357,0.0191908874711996,-0.000969589005504,0.0323381797492441,-0.0640395508265322,-3.474893490473355,0.0159185479740754,4.721102849625382
2026-01-12,ethusdt,5697939,2808737,2889202,0.9832600916354932,0.9842838956916132,0.2979819545277687,0.3133250461263274,0.0658924977360576,0.0320982463130133,0.8013937840692533,0.0090152565387414,-0.0011244925043852,0.0969421223222165,-0.1283989612522867,-3.8007562696310906,-0.0158091269240636,3.264043426248288
2026-01-13,ethusdt,6714779,3427836,3286943,0.9792058313174844,0.9748343673741832,0.3247484392263692,0.3088564791186724,0.1304483012279041,0.0316673659869167,2.2505281609223884,0.0104736641977135,0.0010873144232726,0.1612008820903471,-0.1557792545642609,-5.5759395850875535,0.0150215108024322,8.61788717621569
2026-01-14,ethusdt,7698663,3729331,3969332,0.9830546014821424,0.9836007670812116,0.3082094904011255,0.3195621109795298,0.0592400265508077,0.0299607962973355,0.7580914895133204,-0.0034597429169812,-0.0001439888266893,0.1501740517251309,-0.1488121811690897,-4.881102862195582,-0.0148219732792701,5.688282138794622
2026-01-15,ethusdt,6747184,3354557,3392627,0.9861015925500743,0.985043153874564,0.3095744832214447,0.317744261902447,0.0538675754511822,0.0301186221941665,0.5961802729904048,0.0031561582733593,-0.0015835312441563,0.1209160600709886,-0.1498908794389499,-5.519253761378192,-0.0148077509681437,2.7875333162402747
2026-01-16,ethusdt,4174819,2072311,2102508,0.9872166870706184,0.987339881703185,0.2948297878303227,0.2982917343242904,0.0487160724304805,0.0303697978441035,0.5752598887919688,0.0045350108454757,-0.001141633247127,0.0914913083263192,-0.0914393003066032,-3.926397614217865,-0.0150596512790437,3.8211169231334656
2026-01-17,ethusdt,1576756,807918,768838,0.9931948539331962,0.9914806500199002,0.2290627084977003,0.2329421927045148,0.0409488494692915,0.0302726200807924,0.3635493321292504,0.003326156983557,0.0003932242735632,0.0,0.0,-4.021169121037164,0.0150452863121269,2.948451987105161
2026-01-18,ethusdt,2658487,1302407,1356080,0.9869196034726472,0.988566308772344,0.2785279747465382,0.2837109980225594,0.0662817875686794,0.0301154475675407,1.020157104193118,-0.0109074045513232,-0.0021865184779697,0.0608768704417889,-0.0599832346870647,-3.8544790558178033,-0.0148849394186214,3.532973922141455
2026-01-19,ethusdt,5321605,2605099,2716506,0.9797992321980854,0.9816724130187822,0.2931104431839642,0.3182955142292598,0.0824932200313706,0.0311635697875993,1.3561286226358042,-0.0007027516804899,0.0018382065985786,0.1233623646096926,-0.1555514766507337,-5.2656249999998295,-0.0154933548990124,4.653261952190895
2026-01-20,ethusdt,8125895,4001350,4124545,0.97797368388169,0.9790796318139334,0.30474981525112,0.3325820724978602,0.1032746316059549,0.0328521047514443,1.4982242637421368,-0.0006979314839405,0.0041817860886989,0.1297664852111125,-0.167198916551629,-6.841563786007856,-0.0156847982938363,3.939053336819128
2026-01-21,ethusdt,9669745,4810789,4858956,0.9790917872307432,0.9786102199731794,0.3259186255687197,0.3336377536325932,0.0588569187144162,0.0337538500492579,0.7234282230020423,0.0020725349038618,0.0005360852415111,0.1713525887955349,-0.2000953787970446,-3.742350195923101,-0.0163757246261721,3.203506443154712
2026-01-22,ethusdt,6462617,3204570,3258047,0.9849564840212572,0.985119920001154,0.320275826340939,0.3334926083349825,0.055377988979849,0.0338363100819127,0.6418235897195217,0.002162832295383,5.208195466431436e-05,0.1675462846617471,-0.1715589562359344,-4.063367966256869,-0.0165180591944774,3.006774378959043
2026-01-23,ethusdt,6484605,3235162,3249443,0.9852245420785728,0.9844770319097764,0.3229835895941233,0.3305683229741827,0.0574153995794028,0.0339334463309072,0.7222240373356686,0.0050122125201868,0.0007742934379493,0.1687649778908669,-0.170451833719897,-3.5407301997315184,-0.0166029114869206,3.550795240904662
2026-01-24,ethusdt,1450204,702425,747779,0.9939182119087449,0.9938243785931404,0.2336802270577105,0.2534546863751583,0.0410144774823821,0.03380645466559,0.135603333129805,0.02366244991329,0.0002840547679199,0.0,0.0,-3.5952401046503657,-0.0168718280966861,2.25002706799468
2026-01-25,ethusdt,5810665,2856087,2954578,0.981826533995638,0.9816190332426492,0.3107904172758196,0.347561939984494,0.0955078936307348,0.035156119538605,1.6110152309501893,-0.010551422033819,-0.0036519194122476,0.1427429484982143,-0.2390400152975671,-6.454988931845645,-0.0169737212835337,3.492179222044989
2026-01-26,ethusdt,8044766,4107690,3937076,0.9833052153400086,0.9805411427160664,0.3380089613545005,0.3229533338819302,0.0593635292342007,0.0345137615003072,0.7256956743355526,-0.0026802810658496,0.0014750569636976,0.2072374215518125,-0.175981979445945,-5.009915093285476,0.0170675842203668,5.039862325713483
2026-01-27,ethusdt,6647131,3366760,3280371,0.9855095106274282,0.9839670573846676,0.3196063083456607,0.3095631784600002,0.0561418830830066,0.0340215322284895,0.6180915393579781,-0.0110870221183776,0.0005596488224671,0.1694719930590437,-0.136425182724355,-2.945116491979186,0.0165474697267653,4.130435503829829
2026-01-28,ethusdt,5683929,2825907,2858022,0.9894947002856074,0.9901071440317816,0.3046936370950446,0.3124530584389777,0.0536347939489137,0.0332122745931688,0.6314085894817293,-0.0033654340976904,0.0010899477939294,0.1326981515146287,-0.1329751868300165,-2.646030953569888,-0.0164555420623702,2.789496966215065
2026-01-29,ethusdt,8707125,4254159,4452966,0.9768304381665096,0.9787424831000282,0.3211616922922319,0.3484092625292505,0.0727278285404024,0.0353588659712224,1.0123872815239323,-0.0025471719291646,0.0009960493746131,0.2029296273871979,-0.2387900847546768,-5.549932523616673,-0.016792611251416,3.8374766181666953
2026-01-30,ethusdt,13376998,6664820,6712178,0.9770082312800644,0.9777088748242374,0.3550785460235547,0.3699059385371815,0.077379625870665,0.0366533309622178,1.0177599104378552,-0.0035765138194174,-0.0004244259641236,0.286841161706444,-0.2980792518208068,-5.6097270057107735,-0.0177930244230937,4.847676064645713
2026-01-31,ethusdt,15242016,7419508,7822508,0.9581306469377754,0.9604452945270238,0.3607476202623065,0.386588690105036,0.218495863456125,0.041322399427347,3.541858426234,-0.0053094675675289,0.0059017057102376,0.3716947048368968,-0.4087004144218484,-10.138766735071911,-0.0186819509939139,7.4719849850559585
2026-02-01,ethusdt,15342731,7549405,7793326,0.9692476426950204,0.971668963931446,0.3528549773831008,0.3763301331425285,0.0780101913979528,0.0429674156593179,0.968745327383348,0.013904242059746,0.0001810548238439,0.326825422115162,-0.3878524609244917,-5.876068376068376,-0.0204204989140751,4.438536019261474
2026-02-02,ethusdt,21221430,10645467,10575963,0.96324661003599,0.9645102767473752,0.3749382110442133,0.3780445992565063,0.0882799144183461,0.0438918942633888,1.1691068024039457,-0.0002233222639669,0.0014686330782799,0.385483546277923,-0.3910934974194153,-5.158733584865307,0.0209753539595559,5.290006497269071
2026-02-03,ethusdt,18297860,9118802,9179058,0.9661992880205096,0.9673749746433676,0.3584066661347283,0.3688165173413721,0.0898093151083454,0.0440815067068614,1.138318878141929,0.0061191874699998,0.000141195251714,0.3542754402976233,-0.3839492163176093,-8.652578376794025,-0.0212861971768303,7.751338770007647
2026-02-04,ethusdt,18759982,9271803,9488179,0.9651929619298426,0.9672267987355636,0.3634913935418488,0.3777552665029209,0.0868011368093641,0.0463092671800123,1.0256362441191411,-0.0034124329634277,0.0010589358721487,0.3770596885483543,-0.3963552928851825,-6.336057315571313,-0.0219490781391972,6.836523711064904
2026-02-05,ethusdt,30864956,15167549,15697407,0.9562259531846576,0.9581646191628974,0.3760067242603553,0.393294583021599,0.1063443699651768,0.0504295335519835,1.3358661355262913,0.0067291740565498,0.0021900748779018,0.437111759761875,-0.4618795418162413,-6.507522481749041,-0.0233923600557165,5.337290739148968
2026-02-06,ethusdt,24473366,12396465,12076901,0.9610981840387562,0.9602309400399986,0.3749476063080166,0.3649819971637739,0.1045144164347152,0.0519333487401795,1.345148218519379,0.0016725708114675,0.0015603207488482,0.3898844479963704,-0.3634475597089114,-4.927394180880403,0.0241494561547745,6.869288752263778
2026-02-07,ethusdt,14846160,7408378,7437782,0.9550328020519472,0.9550048656978654,0.3629085231467261,0.3631506733054204,0.394136332322492,0.0489046579240995,6.969914825690405,0.001112730294088,0.0028252276648355,0.3964478274666717,-0.3907642860977167,-17.673874357036638,-0.0236944365468161,15.932619590195044
2026-02-08,ethusdt,8396008,4200673,4195335,0.9799817791101568,0.9806849750973402,0.3312671926944329,0.3346091380570385,0.0725071991435484,0.0475783794338566,0.71629646077745,-0.0023940591483443,-0.0004421696755112,0.2403788370480608,-0.2800440602652271,-4.787428549432681,0.0,4.718246440957864
2026-02-09,ethusdt,11520000,5760908,5759092,0.9770977075141628,0.9770946531154564,0.3466580729166666,0.3476056423611111,0.0745384608675034,0.048242175723178,0.7311313282467274,0.0076945167049589,0.000619575656212,0.2948171151171053,-0.2942806554619608,-4.766645690294229,0.0,5.424221270492406
2026-02-10,ethusdt,9802469,4854682,4947787,0.9762975206203002,0.9769967866442107,0.3228410107698377,0.3418908032251874,0.0797188451253368,0.0495538910953684,0.832727156946269,0.0051487077176276,0.0002994406498811,0.2468428795700714,-0.2951332526633092,-9.3311750350228,-0.0236680788625553,4.425063162213196
2026-02-11,ethusdt,12639918,6329223,6310695,0.9732968802015666,0.9734523693507608,0.3490840684251274,0.353240187159442,0.0814605658865814,0.051316393791696,0.8609709219724611,-0.0067630714014498,0.0003715565389324,0.3049059365183067,-0.3066857493352352,-5.093682809459869,0.0246471756806768,4.655540344661891
2026-02-12,ethusdt,10345169,5171990,5173179,0.9790979874284368,0.979574068478976,0.3462131938105602,0.3470934114271115,0.0668846551843835,0.0511201707413237,0.5054819517664524,0.0011403453730637,0.0011158103175697,0.253607567649588,-0.252204265278305,-3.7387575820941774,-0.0250097538033921,3.9849561394375215
2026-02-13,ethusdt,8579828,4330745,4249083,0.9780917601936848,0.9773800605918972,0.3361283000078789,0.3264364973283846,0.073175099369089,0.0507090391397257,0.6072474988999622,0.0078692090268683,0.0017063637939292,0.2044780697268358,-0.2008092613229496,-3.681131155534418,0.0242485378136991,4.252545161010064
2026-02-14,ethusdt,4298604,2175221,2123383,0.983609481519349,0.9814381107883032,0.308887722618785,0.3029653347924116,0.0771161998951608,0.0481200691955216,0.5848665773115187,0.0135813157707196,0.0020079805558037,0.144900236186155,-0.1448400724210022,-3.8252970018336057,0.0238348341317417,3.753317448325734
2026-02-15,ethusdt,8339584,4106639,4232945,0.9755780822224696,0.9756887934995612,0.3232254750356852,0.3460245738876183,0.1516189335699142,0.0497796008173357,1.4054779715558574,0.0010253361511719,-0.0073443085614281,0.2391097465923604,-0.2866123377055031,-7.066507167802512,-0.023922872659071,6.111082460935204
2026-02-16,ethusdt,7420286,3748061,3672225,0.97910172753325,0.9810798630258222,0.3400061668782039,0.3400748973826615,0.0746737163600477,0.0507319349920523,0.7529836979033969,0.0006003044534709,0.0012874295704964,0.2045146611445848,-0.2054273916882208,-3.8614910908074944,0.0248632521139191,4.50109094238206
2026-02-17,ethusdt,7923955,3962160,3961795,0.9786558341914512,0.9788600874098736,0.337797476134077,0.341857191263706,0.0720253419891119,0.0504567598182088,0.6694595144364265,0.0093090113389934,0.0007730939943925,0.2037749305889789,-0.2050714161204775,-4.477987421384151,0.0,4.499649179894403
2026-02-18,ethusdt,7403537,3728858,3674679,0.97904398612122,0.979894298250269,0.3341381288430111,0.3345070065834749,0.085519114101413,0.0506448353662553,0.9993004896574672,0.0031324462545403,-0.001427822775788,0.203717850776489,-0.2046800083916942,-4.125057573656596,0.024678196320526,4.532186203717883
2026-02-19,ethusdt,7059258,3518922,3540336,0.9810802853828532,0.9825892231697784,0.3301337052704406,0.3392921748999682,0.0705679227419351,0.0515973241627219,0.5729808285818462,0.0021409667455434,0.001418243169743,0.2052418775525091,-0.2067931551463765,-3.846491431875233,-0.0252209353946024,4.1721301704616485
2026-02-20,ethusdt,7103706,3570454,3533252,0.9810060569328158,0.9816050482671488,0.3336386669155508,0.3396957869596517,0.0758973881931467,0.05112487506354,0.8137275843472098,0.0079382025661859,0.0017676760179553,0.2042066571368369,-0.2056555269921008,-5.179798271339527,0.0253186350223013,3.9406712869982807
2026-02-21,ethusdt,2752416,1380929,1371487,0.9885258402133636,0.9874873039263224,0.2932747084743003,0.2983331734737772,0.0720990688432896,0.0505933333164228,0.6051071039579967,-0.0133557141261335,-0.002549756491223,0.1014301653310772,-0.1019627835838991,-4.539207084206003,0.0250875555694831,5.400855008597156
2026-02-22,ethusdt,2900224,1458683,1441541,0.9854786817972102,0.9872178453474442,0.291917451893371,0.3039065258407626,0.0781433605781272,0.0511256592014218,0.6097375080022502,0.0034988359520517,-0.0023818050370541,0.1022850479715944,-0.1520049452285652,-4.097004860423397,0.0252423263321979,3.823669799168124
2026-02-23,ethusdt,9337217,4649141,4688076,0.9764177941688584,0.9773533961480146,0.3296241267606825,0.3417907070168766,0.0904145704139851,0.0533448558221424,0.9673830675720496,-0.0012875906735494,-0.0010532270830675,0.2136980446626969,-0.2578555699379317,-4.769737690210342,-0.0257265168359941,4.319480589167982
2026-02-24,ethusdt,8649923,4348222,4301701,0.9804458006053968,0.9804844641689416,0.338920589235303,0.3415529826103654,0.0820196253930005,0.05457725820223,0.8107779414352982,0.0049023270903536,0.0012643610227546,0.2188782489738091,-0.2193860481440687,-4.670122017060842,0.0268264809564667,3.9663001258269546
2026-02-25,ethusdt,11251053,5673024,5578029,0.9747654866258276,0.9738362780114624,0.3423384460103423,0.3397707752332159,0.1080027371732894,0.0507190696093409,1.5066764600644278,0.0147644209627418,0.0028188560799121,0.2614379084964943,-0.2613818736895856,-4.864759680871526,0.0237339143400744,6.5488664507525245
2026-02-26,ethusdt,8529524,4315962,4213562,0.978190957195638,0.9794321289208512,0.340024953326821,0.3457191749504427,0.0778257722228439,0.0489058537861244,0.8269870187342625,0.0045795958722241,0.0015775252409208,0.2470795200736391,-0.2510430840138501,-5.417063498062683,0.0241103288654119,6.520907186593985
2026-02-27,ethusdt,8776781,4453404,4323377,0.9806981356283868,0.9815736633654664,0.3413295831353203,0.3488509055882789,0.0846370822975844,0.0511340248357493,0.9045771604321048,0.0029280695184467,0.0006900214574769,0.2523353637916645,-0.2597618503365573,-5.040941658137807,0.0244366138667117,4.317744637723314
2026-02-28,ethusdt,10063275,5054106,5009169,0.9762957088751204,0.977813086362229,0.3559754652436707,0.361068439449384,0.1057212408563503,0.0527822862646815,1.2289289883866676,0.001767075342486,-0.0012028469286043,0.3212782590999145,-0.320422102716354,-6.394167245945433,0.0253300505593338,6.42481394263249
2026-03-01,ethusdt,10492396,5235061,5257335,0.9777683583820704,0.979048510319392,0.3472563368748186,0.3654024304839428,0.118860802634986,0.0504575235951535,1.374364038492281,0.0213257037663388,-0.0036539883970198,0.3045051537506042,-0.3586892470084616,-7.461279884389194,-0.0244324345460411,7.48011662875737
2026-03-02,ethusdt,12411024,6224044,6186980,0.9775716559844372,0.9761757755803316,0.3575576842007557,0.3598808607573396,0.0798385275483805,0.0507453219167435,0.8374858674263457,-0.0038292130699214,0.0002106344709055,0.305511426128217,-0.2956975999219989,-4.913337612956847,0.0241479399397708,5.584723080089607
2026-03-03,ethusdt,12022290,6049737,5972553,0.9801579804212976,0.981150104486306,0.3529181212564328,0.3603385877399397,0.07194422641711,0.0506764032929066,0.6558319859343298,-0.0102025611457775,0.0005861546512455,0.2547121752417449,-0.2553287101812554,-4.136278972985047,0.0246062992131355,4.007826463603776
2026-03-04,ethusdt,13863057,6945179,6917878,0.9756802524456172,0.97347900613454,0.3485597729274286,0.3526888044967282,0.0997664784407226,0.0482328682891477,1.0909559749676545,0.002084276707794,-0.0005429091077962,0.2800218417033982,-0.2813533094180461,-5.016435759371866,0.0229115020306665,5.9923843621532775
2026-03-05,ethusdt,10037289,5029588,5007701,0.98012819340272,0.980814948815834,0.3418704990959212,0.3501728404950779,0.0689265919803964,0.0473865152182434,0.649016508197879,-0.0104807470975799,-0.0003817662732325,0.2403176037437981,-0.2399520095989533,-4.400223136998248,0.0231659516114659,4.662804350662918
2026-03-06,ethusdt,9002347,4499828,4502519,0.9783600617623608,0.9799201291543688,0.3324507486769839,0.3498989763447243,0.0764912202337186,0.0499023162159617,0.7585584355495425,-0.0001716882113748,0.000442043966106,0.2021805168743075,-0.2424595092628353,-4.63587930380212,-0.0239440666608042,3.2557012629102897
2026-03-07,ethusdt,3350036,1709840,1640196,0.9855372432508304,0.9858681523427688,0.3010481081397334,0.3101289060774272,0.0659270648166459,0.0506033180595191,0.4568423563924587,0.0217975781763341,-0.0023220321622497,0.1016105268504893,-0.1517565824427755,-4.156904240041408,0.025157485862042,3.950242046678686
2026-03-08,ethusdt,6546372,3284525,3261847,0.9796530700786262,0.9808038206574372,0.3384375345611279,0.3541106432692795,0.0812983617308261,0.0514401969130269,0.8769418458597912,0.016306252951038,0.0010165441447094,0.2069857697281429,-0.2577625182364637,-5.450135101940835,0.0253010828857492,4.2023306177171005
2026-03-09,ethusdt,10994822,5554931,5439891,0.9798092901604,0.9791082211022244,0.3505444653856152,0.3508359662393807,0.077314492065174,0.0499936258126634,0.7404975649976229,-0.0019887945719239,0.0015801673327984,0.2534661495966436,-0.2515875172335161,-4.783211686220991,0.0246061781186203,6.026081866166424
2026-03-10,ethusdt,9612546,4839575,4772971,0.9780627431127732,0.9781662197402834,0.336563590957068,0.3365991694604114,0.0763460888946569,0.0489221233179517,0.6842385646634769,0.0033358295546449,0.0007519211946809,0.2437039094990027,-0.242070965522932,-3.888344145024567,0.0240297969487403,4.439408209715414
2026-03-11,ethusdt,7516060,3746682,3769378,0.97928887479642,0.9789087218103358,0.3307070459788772,0.3367990675965865,0.0691091253354081,0.0488420764719947,0.5910078160789499,-0.0074034715456999,-4.336413351372644e-05,0.2403187588025487,-0.1983910485957069,-3.637642026727591,-0.0240123711741527,3.570179887822038
2026-03-12,ethusdt,7412180,3692693,3719487,0.9779063680625496,0.9769352601581884,0.3266238812333213,0.3311610079625697,0.0615357514015326,0.0485730453609986,0.2912791036368401,-0.0046117500365693,-0.0012904962090652,0.1977163758586507,-0.195155270411844,-4.36338249411208,-0.0239261924819555,5.21515548440437
2026-03-13,ethusdt,10307679,5157395,5150284,0.9701184415775794,0.9692834414568208,0.3371086740283627,0.3433930179626276,0.0844843755115883,0.0471252424014942,0.6196539947429943,-0.0107993843721261,-0.0041397623982623,0.2390743042946442,-0.237964357699635,-5.82272512965428,0.0227197339069724,7.629945291165241
2026-03-14,ethusdt,2636878,1322779,1314099,0.9837916991424872,0.9837904145730269,0.2969678536511738,0.3066471031272588,0.0614356219059084,0.0481133550633943,0.2408089253428849,0.0070184542801329,0.0005612934512156,0.1435221287211704,-0.1447059334243952,-5.665025818054712,0.023775445671248,4.092505145902674
2026-03-15,ethusdt,4959823,2503031,2456792,0.9794920638218224,0.9748134966248668,0.3237292943719967,0.314421300921424,0.0647227835570041,0.0473611548554337,0.3218339015241764,-0.0058233337849498,6.737242169488828e-05,0.2299749327331688,-0.1869552008598238,-4.268490432856058,0.0228007533373879,8.821858043702257
2026-03-16,ethusdt,11711264,5944974,5766290,0.9736241066823842,0.9699964795388368,0.348294001398995,0.3327220699661454,0.0678352460883885,0.0439366345865596,0.4640243992452119,-0.0336939712568411,-0.0015139181779545,0.3121182125422874,-0.2213839151310677,-5.3652569803525205,0.0212195287571685,9.254064941890658
2026-03-17,ethusdt,8867270,4387389,4479881,0.9781667410845036,0.977812803509736,0.3361708846127387,0.346627879832237,0.0589029727747039,0.0429731396380524,0.3017742168427248,-0.0013845868907816,0.0004345587642222,0.257407987369614,-0.2585137184610912,-7.637716906832284,-0.0211521133081022,6.886549988629762
2026-03-18,ethusdt,9048823,4545567,4503256,0.9722745259282284,0.9746001559760316,0.3285009553176142,0.3421733412179683,0.0647358061730142,0.0450210135590609,0.3199802526480135,0.0003234641562803,-0.0031754971223041,0.2161984528846577,-0.2295736816739682,-6.709534408691459,0.0213511886211365,4.679204923300009
2026-03-19,ethusdt,9087010,4586282,4500728,0.974956838676732,0.9771492522987392,0.3330473940272983,0.3487586125689308,0.0635373863842896,0.0466218941087095,0.1892425095447469,0.0094793024500644,-0.0022200425564144,0.2287136230969981,-0.2728128367530972,-5.229070819910033,0.0225426281081973,4.178552586734061
2026-03-20,ethusdt,7053550,3618073,3435477,0.9810960143700804,0.98042717212195,0.3449020705885688,0.3365886681174728,0.0611071515909952,0.0467725753691795,0.1880238226181547,0.0039687086116447,-0.0013437126117843,0.2337814143784074,-0.2328418817336808,-3.58260564063965,0.0231802356044206,4.777180309708312
2026-03-21,ethusdt,2411471,1199974,1211497,0.970605196445923,0.9761741052598562,0.2937758737301837,0.3217148371263846,0.0674629434393114,0.0464879514840745,0.3864099616484598,-0.0023135055100223,0.0007616430937385,0.0951782688975587,-0.1846824385467506,-7.747191937268854,-0.0231267345055926,3.4579751582793934
2026-03-22,ethusdt,6323630,3202592,3121038,0.970214751051648,0.9690224854679758,0.3400940598991402,0.3503150880111581,0.0769840679991998,0.0481126606071253,0.5823461756836058,0.0027662073650505,0.0008533651124568,0.2414642391448647,-0.2883326205107593,-5.752427184465755,0.0236255817783182,5.232057121753133
2026-03-23,ethusdt,12323849,6194000,6129849,0.946217952857604,0.9553512655858244,0.3516743835468935,0.3650078802491007,0.086090085237175,0.0468056325908475,0.9275921562798828,-0.0004788883475284,-0.0018423705080344,0.2916925948970589,-0.2939101810484042,-43.52401889704774,-0.0228613232138866,13.707093821509796
2026-03-24,ethusdt,7700055,3903235,3796820,0.9793973460475732,0.9782770845075616,0.3403438027390713,0.3398995201982323,0.0612155789349042,0.0467474306432377,0.277105540263183,0.003319493463279,0.0010837786582204,0.2322988292147458,-0.2323463261407363,-5.117803825381648,0.023110059345035,4.154906038772849
2026-03-25,ethusdt,6062134,3075029,2987105,0.978591096214052,0.977643571283902,0.3295286775251091,0.3296639434232236,0.0675030696878006,0.046074137896293,0.3226453229090115,0.0011312085690375,0.0014900607180716,0.1852023335492342,-0.1849317601803252,-5.387183589667537,0.022825109446898,5.8384467442077606
2026-03-26,ethusdt,6605692,3360558,3245134,0.9706623126278432,0.971400872814497,0.3175340297428339,0.3303876414461952,0.0863583367440039,0.0482182163588184,0.8130450689993951,0.0187050531977814,0.0051243186010243,0.1454051958110961,-0.2308935580705698,-9.24003725117477,0.0231135847788221,5.860430849307555
2026-03-27,ethusdt,6614019,3350420,3263599,0.9744769312504103,0.9741074194470584,0.3218796317337462,0.3375409112069378,0.0831052087415154,0.0502135330492464,0.5948427136730459,0.0153671898678513,-6.730036308758101e-05,0.1512439817497553,-0.2014260967660586,-8.204849418361153,0.0241625268209321,4.300358943256324
2026-03-28,ethusdt,2884649,1442841,1441808,0.9762628037323586,0.9772237357539978,0.2934287672434323,0.3114739436236436,0.0843623543060929,0.049914023095173,0.6973465962019517,0.0090286549678792,-0.00498658245217,0.1001743032876295,-0.1487003588633974,-6.643840388577751,-0.0245180968077886,9.096138811994656
2026-03-29,ethusdt,3674189,1846670,1827519,0.9742162920283536,0.9761271975831716,0.3195192190712018,0.3309669154199743,0.0703283852403651,0.0501636589372372,0.6005825650875893,0.0157235166823287,0.0023500495996718,0.153488800433722,-0.2005213555241809,-5.42929292929201,0.0248172211666532,4.856861008214615
2026-03-30,ethusdt,7021728,3513459,3508269,0.9756308526725372,0.9748009630960454,0.3239124329509773,0.3274571444521918,0.0735214655377292,0.0489173370379618,0.627136182622583,-0.0029252788132379,0.0026541488677091,0.1987597392270413,-0.1945392823444105,-4.460694698354485,0.0240496770133626,7.066636672176212
2026-03-31,ethusdt,8920994,4496197,4424797,0.9748204983011198,0.9714081798554828,0.3326241447982141,0.3288475477060067,0.0619709045563024,0.0484117320980121,0.3306245734338855,3.42378475465231e-05,-0.0002625876440032,0.2413197293366694,-0.1965688900244414,-4.463603727466896,0.0237109539870402,5.754626575299715
2026-04-01,ethusdt,6569019,3378859,3190160,0.9790378941530262,0.9757193996539358,0.324487872542308,0.3085150157123917,0.0620159634495021,0.0469332632473513,0.3768323472883485,0.010585585872986,0.002631210233017,0.1874247372537759,-0.1422832670144706,-3.758450677921022,0.0232633880803477,4.972790392193401
2026-04-02,ethusdt,7332273,3688327,3643946,0.9730614991566636,0.9747570353677032,0.3164001122162254,0.3289049657589127,0.0647010894340451,0.0486068073822246,0.3826176788495032,0.011441087079704,-0.00040367960303,0.1893007231285902,-0.2320497886034867,-6.894649751791288,0.0232429492518519,4.842580355821701
2026-04-03,ethusdt,3010724,1530744,1479980,0.9829056981441704,0.9828903093285044,0.2934852214948962,0.2920852260120821,0.058913725574383,0.0487014963523238,0.2439137423428264,-0.0037042175140943,0.0011750305813133,0.0974193611237411,-0.0973686132274375,-2.8826960717827887,0.0241916364679685,4.864472410455514
2026-04-04,ethusdt,1494414,763889,730525,0.9873253836617624,0.9847753328085964,0.2652725416116284,0.2555175473463177,0.0549319449727564,0.0486846621394646,0.1453315861256783,0.0112876204275162,0.0008816858741463,0.0483610442127222,-0.048449142935719,-2.9834093334638423,0.0241542393110686,4.311961918310313
2026-04-05,ethusdt,3525005,1795742,1729263,0.9753606030264926,0.9717104916950168,0.3073955923466775,0.3004713468491534,0.0639778634185556,0.0486434556321498,0.3912056959545773,0.0261862637452836,-0.0003445943457435,0.1456515723096945,-0.1455907831315866,-4.54632583148591,0.0236783906276627,5.451505827054007
2026-04-06,ethusdt,6567508,3300182,3267326,0.976125256122238,0.9753670126580574,0.323077337705565,0.3243795058947777,0.0587436317946605,0.0467828596947583,0.2873508170338951,-0.0120097301842309,0.000126873775046,0.1888373520291116,-0.1871782873185007,-4.672023920762038,0.0230886094659103,6.561802370654244
2026-04-07,ethusdt,8829740,4482279,4347461,0.9708213165668624,0.9660585799389576,0.3425390781608518,0.3331839895625466,0.0631781472205448,0.0474384426918388,0.3967475517356197,-0.0041283971597391,0.001249913128591,0.2406680946315703,-0.2366012700743266,-5.02300390192917,0.0222633847473958,6.63739889819437
2026-04-08,ethusdt,7003966,3494416,3509550,0.9775842372516608,0.9800475844481488,0.312490523226412,0.3245976636665569,0.0568734027231788,0.0447829036796691,0.1804940121109841,0.0027053548093114,0.0006711255945377,0.17845352178009,-0.1791167751814167,-4.618843982207925,-0.0221053096938608,4.564961385279694
2026-04-09,ethusdt,6117522,3066602,3050920,0.9778614896879348,0.9788077039057071,0.3141394505814609,0.3173629780162621,0.0602848525597755,0.0457110467590343,0.2294319952102946,0.0056947571468487,0.0031400981347054,0.1809095226248326,-0.1803841280024639,-4.402123855447386,0.0223511636000321,4.920043673813481
2026-04-10,ethusdt,4938656,2480855,2457801,0.9792769025194944,0.9766673542731896,0.3124765118283192,0.3105792345123855,0.0585244385125149,0.0450429146379035,0.2255885040086046,-0.0018547421763981,0.0001577205253887,0.1781189745689014,-0.1368681822545843,-4.020179001341592,0.0221973611761688,4.39502581241105
2026-04-11,ethusdt,3735546,1884811,1850735,0.9744324497257284,0.965630411701297,0.3181419797801981,0.3092597440909575,0.0626466823314522,0.0442036817256157,0.4023991934138229,0.0105625610244358,0.0034204791794743,0.1784503372709751,-0.1739047262955407,-5.2015321667979615,0.0215762764529858,9.592931803781182
2026-04-12,ethusdt,4752274,2404963,2347311,0.971912249793448,0.9768322135413672,0.3160840473423881,0.3287788119961096,0.0612672260686029,0.0453505484024964,0.3198048276809762,0.0074693526051251,-0.0003849133180178,0.1822165735082777,-0.2276307283281064,-5.726612880970836,0.0218971708859995,4.656931786172279
2026-04-13,ethusdt,7781970,3940158,3841812,0.976221511929217,0.971716991877791,0.3387743720420407,0.326378025101613,0.058498064290619,0.0449766683542734,0.3158894657639615,-0.0105600636470177,1.299579948850539e-05,0.2708497912197062,-0.2236601082076757,-3.6802685950433593,0.0210646051444363,9.216485507245718
2026-04-14,ethusdt,7448846,3732823,3716023,0.9754271766971004,0.975440948562482,0.3132009978458408,0.3192644874118756,0.0733652445498595,0.0422878576769092,0.4174337010920443,-0.0228547733518162,-0.007128942250284,0.1727361843438988,-0.1714956997451729,-4.415934551201906,0.0207798252817926,5.9684242938066046
2026-04-15,ethusdt,5657685,2790756,2866929,0.9833242318568876,0.9810211553896172,0.3218339303089514,0.3279457940836225,0.0533801015631571,0.0428264607579781,0.2121192194868916,-0.0196178298118888,0.0002904000527823,0.2123750968969026,-0.1723216901329391,-3.7006578947369206,-0.0210607898643227,3.860838230878516
2026-04-16,ethusdt,6372298,3226243,3146055,0.9771573312983554,0.9799428172743324,0.3223756955497059,0.3273381125615908,0.0511427746252229,0.042777912051879,0.2127021468035415,-0.0061411931153034,-0.0003384636703174,0.1737234583147016,-0.2121817803756547,-5.807773415399465,0.0211866202260575,4.304458825624349
2026-04-17,ethusdt,7784554,3959402,3825152,0.9756622338423832,0.9701180502108152,0.337985708622485,0.3255420927133398,0.0540460629432226,0.0413711217168116,0.3289054437959275,-0.0134269422360036,-0.0001357917294031,0.2468617697536738,-0.2058028162046139,-4.680479281078383,0.0204325572372322,5.794240974906488
2026-04-18,ethusdt,3894959,1900193,1994766,0.9797462678791048,0.9831007747274616,0.2790360566054738,0.3135442504016088,0.0504943108562102,0.0423650725405202,0.2123552533512075,0.0401749452329283,0.0004549603098092,0.0849660985266105,-0.169695015632999,-9.71459477450506,-0.0206793582786052,3.476161635118422
2026-04-19,ethusdt,5399181,2675287,2723894,0.9729501918859548,0.9783677338398632,0.3135634830541891,0.3412123060886456,0.0573421519809446,0.04324576786002,0.2633161153848822,0.0151220998099037,-0.001317056169379,0.1768784491295971,-0.2562722636526717,-6.6979384497030034,-0.0213205069168378,4.394426580922148
2026-04-20,ethusdt,6444583,3246554,3198029,0.9784349805978894,0.9770680628599678,0.3356930929433293,0.3385328422335471,0.0523255053171903,0.0433546999736123,0.2181305773269925,-0.0051065993783488,0.0010541950258989,0.2197309614116479,-0.2172297987156587,-3.908135328261856,0.0214189634939861,5.493813488290696
2026-04-21,ethusdt,6045357,3008438,3036919,0.9806856581388748,0.9810110180745684,0.3283387565035447,0.338242886234841,0.0512557314078723,0.0432605474612051,0.1731624220226393,-0.0054214278413621,-1.6407421420798944e-05,0.2155321056632435,-0.2147821679241181,-3.898542075940907,-0.0214450534844314,4.1357910932637845
2026-04-22,ethusdt,6806488,3476214,3330274,0.9808958827045746,0.9762262804802248,0.3206026367783209,0.3106511023012161,0.0575897682437859,0.0417945754810598,0.2486253092293866,-0.0273410929945126,-0.0014857007735626,0.1691982961730036,-0.1269669293460582,-3.318681043441819,0.0207370787248123,8.77920815314063
2026-04-23,ethusdt,6266132,3101308,3164824,0.9745449339440004,0.9822369269191588,0.3062281484015977,0.3235903744127956,0.0520516156082771,0.0429305233864607,0.1723595592764502,0.0295904997325109,0.0013738845183008,0.1312875810734713,-0.172528316209741,-7.228844565087804,-0.0211206623444321,3.625255805771235
2026-04-24,ethusdt,3875601,1922619,1952982,0.9846173370803056,0.9852323267700368,0.3005146814648876,0.312503789734805,0.0478243926379813,0.04320130295224,0.0864778854426665,-0.0031609881257597,-0.0001889411838316,0.1295051607815208,-0.1298212361586765,-4.615584640721394,-0.0214432140809401,3.224773183738014
2026-04-25,ethusdt,1189496,595367,594129,0.987108791720065,0.9844293074399668,0.2439251582182706,0.2492366514893703,0.0478154807914976,0.0432100765908039,0.0866990632165431,0.010277971329407,0.0002018144612353,0.0,0.0,-3.300885413969316,0.0215416961074548,3.3961807027708266
2026-04-26,ethusdt,2577100,1274832,1302268,0.9790364534307264,0.9745950910258104,0.2913340576617128,0.2900539365953979,0.058124981362688,0.0426225665168349,0.2150089121201895,-0.0033822878752349,0.0014026766624611,0.1268692063051684,-0.0846465899066194,-4.917187628614841,-0.0210565325791268,6.340118744698434
2026-04-27,ethusdt,5090276,2588496,2501780,0.9738284316452488,0.9782318988879918,0.2880093338750197,0.3093504163624919,0.0530758318947077,0.0431561843900554,0.1670174032132629,0.000722547441499,0.0001101320567673,0.0861552776568427,-0.1311595818641278,-5.08883097415857,0.0208708138369703,2.945551173208361
2026-04-28,ethusdt,3597532,1811711,1785821,0.9864636247171872,0.9849005023459798,0.2895865832465145,0.2949013379172165,0.0477328149419445,0.0438211134516281,0.088239835873825,0.0019158824815428,-2.595109584329416e-05,0.0878726900465804,-0.0878630390945793,-2.6600422089343043,0.0216899978748536,3.460985653442268
